/*--------------------------------*- C++ -*----------------------------------*\
  =========                 |
  \\      /  F ield         | OpenFOAM: The Open Source CFD Toolbox
   \\    /   O peration     |
    \\  /    A nd           | Version: 13
     \\/     M anipulation  |
\*---------------------------------------------------------------------------*/
FoamFile
{
    version     2.0;
    format      ascii;
    class       faceList;
    location    "constant/polyMesh";
    object      faces;
}
// * * * * * * * * * * * * * * * * * * * * * * * * * * * * * * * * * * * * //
10914
(
3(198 1766 4359)
3(199 198 4359)
3(1767 199 4359)
3(196 1764 4169)
3(381 196 4169)
3(1907 381 4169)
3(4626 1766 198)
3(4626 198 380)
3(4626 380 1906)
3(3114 1906 380)
3(3114 380 381)
3(3114 381 1907)
3(2937 1678 67)
3(2937 67 199)
3(2937 199 1767)
3(67 1678 3354)
3(196 67 3354)
3(1764 196 3354)
6(196 381 380 198 199 67)
3(198 1766 3303)
3(200 198 3303)
3(1768 200 3303)
3(3558 1767 199)
3(3558 199 699)
3(3558 699 2178)
3(200 1768 3826)
3(391 200 3826)
3(1915 391 3826)
3(4092 2178 699)
3(4092 699 700)
3(4092 700 2179)
3(391 1915 4591)
3(700 391 4591)
3(2179 700 4591)
6(198 200 391 700 699 199)
3(378 1904 4268)
3(381 378 4268)
3(1907 381 4268)
3(196 1764 3198)
3(554 196 3198)
3(2055 554 3198)
3(197 1765 3448)
3(378 197 3448)
3(1904 378 3448)
3(3732 2054 553)
3(3732 553 554)
3(3732 554 2055)
3(4234 1765 197)
3(4234 197 553)
3(4234 553 2054)
6(196 554 553 197 378 381)
3(4464 1905 379)
3(4464 379 380)
3(4464 380 1906)
3(3201 1768 200)
3(3201 200 320)
3(3201 320 1857)
3(3738 1858 321)
3(3738 321 379)
3(3738 379 1905)
3(2943 1857 320)
3(2943 320 321)
3(2943 321 1858)
6(380 379 321 320 200 198)
3(378 1904 4798)
3(564 378 4798)
3(2064 564 4798)
3(3556 1905 379)
3(3556 379 565)
3(3556 565 2065)
3(564 2064 3886)
3(565 564 3886)
3(2065 565 3886)
6(564 565 379 380 381 378)
3(4580 1678 67)
3(4580 67 68)
3(4580 68 1679)
3(3308 2177 698)
3(3308 698 699)
3(3308 699 2178)
3(4026 1679 68)
3(4026 68 388)
3(4026 388 1912)
3(3037 1912 388)
3(3037 388 698)
3(3037 698 2177)
6(199 699 698 388 68 67)
3(3974 2055 554)
3(3974 554 797)
3(3974 797 2263)
3(68 1679 4225)
3(796 68 4225)
3(2262 796 4225)
3(796 2262 3044)
3(797 796 3044)
3(2263 797 3044)
6(67 68 796 797 554 196)
3(3869 1915 391)
3(3869 391 398)
3(3869 398 1920)
3(4136 1853 316)
3(4136 316 320)
3(4136 320 1857)
3(397 1919 4644)
3(398 397 4644)
3(1920 398 4644)
3(316 1853 3179)
3(397 316 3179)
3(1919 397 3179)
6(320 316 397 398 391 200)
3(197 1765 3874)
3(562 197 3874)
3(2062 562 3874)
3(4138 2064 564)
3(4138 564 1495)
3(4138 1495 2812)
3(562 2062 3313)
3(1494 562 3313)
3(2811 1494 3313)
3(1494 2811 3837)
3(1495 1494 3837)
3(2812 1495 3837)
6(562 1494 1495 564 378 197)
3(3247 2176 697)
3(3247 697 700)
3(3247 700 2179)
3(3781 2177 698)
3(3781 698 703)
3(3781 703 2182)
3(697 2176 4282)
3(702 697 4282)
3(2181 702 4282)
3(702 2181 3463)
3(703 702 3463)
3(2182 703 3463)
6(702 703 698 699 700 697)
3(3731 2054 553)
3(3731 553 561)
3(3731 561 2061)
3(797 2263 4232)
3(799 797 4232)
3(2265 799 4232)
3(559 2059 3409)
3(561 559 3409)
3(2061 561 3409)
3(3934 2059 559)
3(3934 559 799)
3(3934 799 2265)
6(553 554 797 799 559 561)
3(317 1854 3356)
3(321 317 3356)
3(1858 321 3356)
3(565 2065 3167)
3(1484 565 3167)
3(2802 1484 3167)
3(3839 1854 317)
3(3839 317 1485)
3(3839 1485 2803)
3(1484 2802 3635)
3(1485 1484 3635)
3(2803 1485 3635)
6(317 321 379 565 1484 1485)
3(388 1912 3819)
3(389 388 3819)
3(1913 389 3819)
3(4266 2262 796)
3(4266 796 798)
3(4266 798 2264)
3(4288 1772 207)
3(4288 207 389)
3(4288 389 1913)
3(207 1772 4744)
3(798 207 4744)
3(2264 798 4744)
6(68 388 389 207 798 796)
3(398 1920 4270)
3(399 398 4270)
3(1921 399 4270)
3(390 1914 4528)
3(697 390 4528)
3(2176 697 4528)
3(3986 1914 390)
3(3986 390 399)
3(3986 399 1921)
6(390 697 700 391 398 399)
3(4365 2062 562)
3(4365 562 563)
3(4365 563 2063)
3(4635 2060 560)
3(4635 560 561)
3(4635 561 2061)
3(560 2060 3422)
3(563 560 3422)
3(2063 563 3422)
6(197 553 561 560 563 562)
3(4641 1853 316)
3(4641 316 319)
3(4641 319 1856)
3(317 1854 4101)
3(318 317 4101)
3(1855 318 4101)
3(318 1855 4597)
3(319 318 4597)
3(1856 319 4597)
6(320 321 317 318 319 316)
3(4275 2810 1493)
3(4275 1493 1495)
3(4275 1495 2812)
3(1483 2801 3092)
3(1484 1483 3092)
3(2802 1484 3092)
3(4240 2801 1483)
3(4240 1483 1493)
3(4240 1493 2810)
6(1495 1493 1483 1484 565 564)
3(2978 2180 701)
3(2978 701 703)
3(2978 703 2182)
3(3740 1913 389)
3(3740 389 405)
3(3740 405 1925)
3(4246 1925 405)
3(4246 405 701)
3(4246 701 2180)
6(388 698 703 701 405 389)
3(4372 2265 799)
3(4372 799 801)
3(4372 801 2267)
3(798 2264 3834)
3(800 798 3834)
3(2266 800 3834)
3(800 2266 4337)
3(801 800 4337)
3(2267 801 4337)
6(798 800 801 799 797 796)
3(3876 1918 396)
3(3876 396 397)
3(3876 397 1919)
3(395 1917 3080)
3(394 395 3080)
3(399 394 3080)
3(1921 399 3080)
3(393 1916 4339)
3(395 393 4339)
3(1917 395 4339)
3(3537 1916 393)
3(3537 393 392)
3(3537 392 396)
3(3537 396 1918)
4(392 393 395 394)
6(394 399 398 397 396 392)
3(1492 2809 4519)
3(1494 1492 4519)
3(2811 1494 4519)
3(563 2063 3085)
3(846 563 3085)
3(847 846 3085)
3(2294 847 3085)
3(847 2294 3048)
3(856 847 3048)
3(2299 856 3048)
3(856 2299 3541)
3(855 856 3541)
3(1492 855 3541)
3(2809 1492 3541)
6(563 846 855 1492 1494 562)
4(846 847 856 855)
3(4167 2181 702)
3(4167 702 704)
3(4167 704 2183)
3(4425 1910 386)
3(4425 386 201)
3(4425 201 390)
3(4425 390 1914)
3(4652 1908 384)
3(4652 384 383)
3(4652 383 386)
3(4652 386 1910)
3(384 1908 3184)
3(704 384 3184)
3(2183 704 3184)
3(201 386 383)
7(383 384 704 702 697 390 201)
3(4633 2058 558)
3(4633 558 559)
3(4633 559 2059)
3(2944 2060 560)
3(2944 560 848)
3(2944 848 849)
3(2944 849 2295)
3(3144 2295 849)
3(3144 849 858)
3(3144 858 2300)
3(558 2058 3646)
3(857 558 3646)
3(858 857 3646)
3(2300 858 3646)
6(857 848 560 561 559 558)
4(848 857 858 849)
3(3088 1674 60)
3(3088 60 319)
3(3088 319 1856)
3(61 1675 4745)
3(396 61 4745)
3(1918 396 4745)
3(60 1674 3807)
3(61 60 3807)
3(1675 61 3807)
6(60 61 396 397 316 319)
3(1491 2808 3737)
3(1493 1491 3737)
3(2810 1493 3737)
3(4750 2807 1490)
3(4750 1490 1492)
3(4750 1492 2809)
3(1490 2807 4451)
3(1491 1490 4451)
3(2808 1491 4451)
6(1490 1491 1493 1495 1494 1492)
3(4692 2180 701)
3(4692 701 706)
3(4692 706 2185)
3(704 2183 4384)
3(705 704 4384)
3(2184 705 4384)
3(705 2184 4109)
3(706 705 4109)
3(2185 706 4109)
6(703 702 704 705 706 701)
3(801 2267 3833)
3(1132 801 3833)
3(2519 1132 3833)
3(4834 2058 558)
3(4834 558 1130)
3(4834 1130 2518)
3(4555 2518 1130)
3(4555 1130 1132)
3(4555 1132 2519)
6(558 559 799 801 1132 1130)
3(395 1917 3838)
3(692 395 3838)
3(2171 692 3838)
3(4105 1910 386)
3(4105 386 693)
3(4105 693 2172)
3(692 2171 3340)
3(693 692 3340)
3(2172 693 3340)
6(394 395 692 693 386 201)
4(201 390 399 394)
3(3465 2294 847)
3(3465 847 1134)
3(3465 1134 2520)
3(849 2295 3742)
3(1135 849 3742)
3(2521 1135 3742)
3(3002 2520 1134)
3(3002 1134 1135)
3(3002 1135 2521)
4(560 848 846 563)
6(848 849 1135 1134 847 846)
3(1485 2803 3977)
3(1486 1485 3977)
3(1488 1486 3977)
3(2805 1488 3977)
3(155 1736 4683)
3(154 155 4683)
3(318 154 4683)
3(1855 318 4683)
3(2953 1735 152)
3(2953 152 1488)
3(2953 1488 2805)
3(152 1735 4607)
3(155 152 4607)
3(1736 155 4607)
5(152 155 154 1486 1488)
5(318 317 1485 1486 154)
3(1483 2801 4772)
3(1482 1483 4772)
3(1487 1482 4772)
3(2804 1487 4772)
3(4541 2805 1488)
3(4541 1488 1489)
3(4541 1489 2806)
3(1487 2804 4069)
3(1489 1487 4069)
3(2806 1489 4069)
5(1482 1487 1489 1488 1486)
5(1486 1485 1484 1483 1482)
3(4090 1772 207)
3(4090 207 209)
3(4090 209 1045)
3(4090 1045 2445)
3(4775 1923 401)
3(4775 401 405)
3(4775 405 1925)
3(3476 2445 1045)
3(3476 1045 1046)
3(3476 1046 2446)
3(401 1923 4711)
3(208 401 4711)
3(1046 208 4711)
3(2446 1046 4711)
6(389 405 401 208 209 207)
4(208 1046 1045 209)
3(555 2056 3453)
3(556 555 3453)
3(800 556 3453)
3(2266 800 3453)
3(3689 2444 1044)
3(3689 1044 1045)
3(3689 1045 2445)
3(4715 2056 555)
3(4715 555 1044)
3(4715 1044 2444)
5(207 209 556 800 798)
5(209 1045 1044 555 556)
3(4661 1674 60)
3(4661 60 163)
3(4661 163 164)
3(4661 164 1740)
3(155 1736 3845)
3(160 155 3845)
3(1738 160 3845)
3(160 1738 4350)
3(164 160 4350)
3(1740 164 4350)
5(154 155 160 164 163)
5(60 319 318 154 163)
3(3324 2632 1288)
3(3324 1288 1287)
3(3324 1287 1491)
3(3324 1491 2808)
3(1289 2633 3849)
3(1487 1289 3849)
3(2804 1487 3849)
3(1288 2632 3057)
3(1289 1288 3057)
3(2633 1289 3057)
5(1287 1288 1289 1487 1482)
5(1482 1483 1493 1491 1287)
3(4753 1922 400)
3(4753 400 706)
3(4753 706 2185)
3(3943 1923 401)
3(3943 401 402)
3(3943 402 404)
3(3943 404 1924)
3(400 1922 4453)
3(403 400 4453)
3(404 403 4453)
3(1924 404 4453)
7(400 403 402 401 405 701 706)
3(403 404 402)
3(1129 2517 3428)
3(1133 1129 3428)
3(1132 1133 3428)
3(2519 1132 3428)
3(555 2056 3948)
3(803 555 3948)
3(2269 803 3948)
3(803 2269 3146)
3(804 803 3146)
3(819 804 3146)
3(1129 819 3146)
3(2517 1129 3146)
7(804 819 1133 1132 801 800 556)
4(555 803 804 556)
3(819 1129 1133)
3(4807 1769 202)
3(4807 202 393)
3(4807 393 1916)
3(3829 2171 692)
3(3829 692 696)
3(3829 696 2175)
3(202 1769 4120)
3(679 202 4120)
3(2162 679 4120)
3(679 2162 3282)
3(696 679 3282)
3(2175 696 3282)
6(202 679 696 692 395 393)
3(843 2293 4815)
3(856 843 4815)
3(2299 856 4815)
3(1134 2520 3836)
3(1138 1134 3836)
3(2524 1138 3836)
3(839 2290 4755)
3(843 839 4755)
3(2293 843 4755)
3(3288 2290 839)
3(3288 839 1138)
3(3288 1138 2524)
6(843 856 847 1134 1138 839)
3(3984 1908 384)
3(3984 384 382)
3(3984 382 385)
3(3984 385 1909)
3(693 2172 4042)
3(695 693 4042)
3(2174 695 4042)
3(3236 1909 385)
3(3236 385 387)
3(3236 387 1911)
3(3773 1911 387)
3(3773 387 695)
3(3773 695 2174)
7(383 386 693 695 387 385 382)
3(382 384 383)
3(2987 2296 850)
3(2987 850 858)
3(2987 858 2300)
3(3682 2521 1135)
3(3682 1135 1136)
3(3682 1136 2522)
3(4836 2291 840)
3(4836 840 850)
3(4836 850 2296)
3(840 2291 3390)
3(1136 840 3390)
3(2522 1136 3390)
6(840 1136 1135 849 858 850)
3(4141 1672 58)
3(4141 58 21)
3(4141 21 61)
3(4141 61 1675)
3(59 1673 4348)
3(202 59 4348)
3(1769 202 4348)
3(58 1672 4074)
3(59 58 4074)
3(1673 59 4074)
6(21 58 59 202 393 392)
4(392 396 61 21)
3(1299 2641 3787)
3(844 1299 3787)
3(1490 844 3787)
3(2807 1490 3787)
3(843 2293 4000)
3(1301 843 4000)
3(2642 1301 4000)
3(3708 2641 1299)
3(3708 1299 1301)
3(3708 1301 2642)
4(1490 1492 855 844)
6(843 1301 1299 844 855 856)
3(413 1931 4238)
3(69 413 4238)
3(705 69 4238)
3(2184 705 4238)
3(385 1909 4452)
3(411 385 4452)
3(1929 411 4452)
3(411 1929 4160)
3(410 411 4160)
3(413 410 4160)
3(1931 413 4160)
5(24 382 385 411 410)
6(69 705 704 384 382 24)
4(410 413 69 24)
3(3888 2515 1127)
3(3888 1127 1131)
3(3888 1131 1130)
3(3888 1130 2518)
3(4113 2296 850)
3(4113 850 852)
3(4113 852 2297)
3(3806 2297 852)
3(3806 852 851)
3(3806 851 1127)
3(3806 1127 2515)
5(1130 1131 841 857 558)
6(841 851 852 850 858 857)
4(1131 1127 851 841)
3(151 1734 4529)
3(152 151 4529)
3(1735 152 4529)
3(4334 2409 1006)
3(4334 1006 1489)
3(4334 1489 2806)
3(3812 1734 151)
3(3812 151 657)
3(3812 657 2143)
3(4258 2143 657)
3(4258 657 1006)
3(4258 1006 2409)
6(151 152 1488 1489 1006 657)
3(4297 2173 694)
3(4297 694 696)
3(4297 696 2175)
3(694 2173 3230)
3(695 694 3230)
3(2174 695 3230)
5(692 696 694 695 693)
3(1137 2523 4409)
3(1138 1137 4409)
3(2524 1138 4409)
3(1136 2522 4667)
3(1137 1136 4667)
3(2523 1137 4667)
5(1135 1136 1137 1138 1134)
3(1046 2446 4818)
3(1047 1046 4818)
3(2447 1047 4818)
3(4653 2444 1044)
3(4653 1044 1497)
3(4653 1497 2814)
3(1047 2447 4128)
3(1501 1047 4128)
3(2818 1501 4128)
3(4559 2814 1497)
3(4559 1497 1501)
3(4559 1501 2818)
6(1045 1046 1047 1501 1497 1044)
3(164 1740 4281)
3(159 164 4281)
3(181 159 4281)
3(1751 181 4281)
3(4494 1672 58)
3(4494 58 57)
3(4494 57 177)
3(4494 177 1747)
3(4721 1747 177)
3(4721 177 181)
3(4721 181 1751)
6(20 158 159 181 177 57)
4(158 163 164 159)
4(57 58 21 20)
6(21 61 60 163 158 20)
3(1286 2631 2984)
3(1285 1286 2984)
3(1288 1285 2984)
3(2632 1288 2984)
3(4502 2640 1298)
3(4502 1298 1300)
3(4502 1300 1299)
3(4502 1299 2641)
3(4723 2631 1286)
3(4723 1286 1298)
3(4723 1298 2640)
4(658 1285 1288 1287)
6(845 1300 1298 1286 1285 658)
6(1287 1491 1490 844 845 658)
4(844 1299 1300 845)
3(205 1770 3415)
3(204 205 3415)
3(400 204 3415)
3(1922 400 3415)
3(3645 1930 412)
3(3645 412 413)
3(3645 413 1931)
3(3867 1770 205)
3(3867 205 412)
3(3867 412 1930)
5(204 400 706 705 69)
5(69 413 412 205 204)
3(3086 2514 1126)
3(3086 1126 1129)
3(3086 1129 2517)
3(4617 2515 1127)
3(4617 1127 1128)
3(4617 1128 2516)
3(1126 2514 4803)
3(1128 1126 4803)
3(2516 1128 4803)
4(1130 1132 1133 1131)
6(1128 1127 1131 1133 1129 1126)
3(4526 1738 160)
3(4526 160 183)
3(4526 183 1753)
3(151 1734 3279)
3(185 151 3279)
3(1755 185 3279)
3(3811 1753 183)
3(3811 183 185)
3(3811 185 1755)
6(151 185 183 160 155 152)
3(4173 2628 1281)
3(4173 1281 1289)
3(4173 1289 2633)
3(2962 2409 1006)
3(2962 1006 1007)
3(2962 1007 2410)
3(3440 2410 1007)
3(3440 1007 1281)
3(3440 1281 2628)
6(1489 1487 1289 1281 1007 1006)
3(404 1924 4642)
3(680 404 4642)
3(2163 680 4642)
3(681 2164 3385)
3(1047 681 3385)
3(2447 1047 3385)
3(680 2163 3912)
3(681 680 3912)
3(2164 681 3912)
3(208 401 402)
7(402 404 680 681 1047 1046 208)
3(802 2268 4274)
3(803 802 4274)
3(2269 803 4274)
3(1497 2814 3061)
3(1498 1497 3061)
3(2815 1498 3061)
3(3545 2268 802)
3(3545 802 1498)
3(3545 1498 2815)
6(1044 1497 1498 802 803 555)
3(183 1753 3064)
3(186 183 3064)
3(1756 186 3064)
3(4204 1751 181)
3(4204 181 182)
3(4204 182 1752)
3(3024 1752 182)
3(3024 182 162)
3(3024 162 186)
3(3024 186 1756)
4(159 162 182 181)
6(159 164 160 183 186 162)
3(3704 2628 1281)
3(3704 1281 1282)
3(3704 1282 2629)
3(4210 2630 1284)
3(4210 1284 1286)
3(4210 1286 2631)
3(3658 2629 1282)
3(3658 1282 1283)
3(3658 1283 1284)
3(3658 1284 2630)
6(1281 1289 1288 1285 1283 1282)
4(1285 1286 1284 1283)
3(3335 2163 680)
3(3335 680 684)
3(3335 684 685)
3(3335 685 2166)
3(205 1770 3856)
3(206 205 3856)
3(1771 206 3856)
3(206 1771 4627)
3(685 206 4627)
3(2166 685 4627)
4(403 400 204 203)
6(203 204 205 206 685 684)
5(684 680 404 403 203)
3(802 2268 3803)
3(817 802 3803)
3(818 817 3803)
3(2273 818 3803)
3(815 2272 4309)
3(1126 815 4309)
3(2514 1126 4309)
3(3772 2272 815)
3(3772 815 818)
3(3772 818 2273)
3(814 819 804)
5(817 814 804 803 802)
7(814 817 818 815 1126 1129 819)
3(4684 2162 679)
3(4684 679 1036)
3(4684 1036 2436)
3(59 1673 3216)
3(62 59 3216)
3(1676 62 3216)
3(62 1676 3662)
3(1035 62 3662)
3(2435 1035 3662)
3(1035 2435 4172)
3(1036 1035 4172)
3(2436 1036 4172)
6(59 62 1035 1036 679 202)
3(4691 2285 833)
3(4691 833 839)
3(4691 839 2290)
3(3221 2642 1301)
3(3221 1301 1303)
3(3221 1303 2644)
3(836 2287 3668)
3(1303 836 3668)
3(2644 1303 3668)
3(833 2285 4801)
3(836 833 4801)
3(2287 836 4801)
6(836 1303 1301 843 839 833)
3(4322 1774 211)
3(4322 211 387)
3(4322 387 1911)
3(409 1928 4822)
3(411 409 4822)
3(1929 411 4822)
3(212 1775 3299)
3(409 212 3299)
3(1928 409 3299)
3(211 1774 3822)
3(212 211 3822)
3(1775 212 3822)
6(211 212 409 411 385 387)
3(838 2289 4780)
3(840 838 4780)
3(2291 840 4780)
3(852 2297 3326)
3(854 852 3326)
3(2298 854 3326)
3(3780 2292 842)
3(3780 842 854)
3(3780 854 2298)
3(2977 2289 838)
3(2977 838 842)
3(2977 842 2292)
6(838 840 850 852 854 842)
3(4534 2173 694)
3(4534 694 714)
3(4534 714 2193)
3(4203 2193 714)
3(4203 714 1040)
3(4203 1040 2440)
3(1036 2436 4422)
3(1040 1036 4422)
3(2440 1040 4422)
6(1036 1040 714 694 696 679)
3(4182 2283 830)
3(4182 830 1137)
3(4182 1137 2523)
3(3850 2278 824)
3(3850 824 830)
3(3850 830 2283)
3(824 2278 4079)
3(833 824 4079)
3(2285 833 4079)
6(824 833 839 1138 1137 830)
3(3586 2190 711)
3(3586 711 714)
3(3586 714 2193)
3(4081 1774 211)
3(4081 211 711)
3(4081 711 2190)
6(211 387 695 694 714 711)
3(3695 2283 830)
3(3695 830 832)
3(3695 832 2284)
3(4166 2284 832)
3(4166 832 838)
3(4166 838 2289)
6(830 1137 1136 840 838 832)
3(177 1747 2954)
3(179 177 2954)
3(1749 179 2954)
3(3152 1676 62)
3(3152 62 64)
3(3152 64 63)
3(3152 63 1677)
3(4688 1677 63)
3(4688 63 179)
3(4688 179 1749)
5(57 177 179 63 64)
5(64 62 59 58 57)
3(3900 2640 1298)
3(3900 1298 1302)
3(3900 1302 2643)
3(1303 2644 4125)
3(1305 1303 4125)
3(1304 1305 4125)
3(2645 1304 4125)
3(4321 2643 1302)
3(4321 1302 1304)
3(4321 1304 2645)
5(1300 1305 1304 1302 1298)
5(1301 1303 1305 1300 1299)
3(4540 1930 412)
3(4540 412 723)
3(4540 723 2202)
3(409 1928 4756)
3(408 409 4756)
3(719 408 4756)
3(2198 719 4756)
3(719 2198 3030)
3(723 719 3030)
3(2202 723 3030)
4(410 411 409 408)
6(408 719 723 412 413 410)
3(3059 2274 820)
3(3059 820 1128)
3(3059 1128 2516)
3(821 2275 3243)
3(853 821 3243)
3(854 853 3243)
3(2298 854 3243)
3(820 2274 3460)
3(821 820 3460)
3(2275 821 3460)
4(851 853 854 852)
6(821 853 851 1127 1128 820)
3(2942 2142 656)
3(2942 656 657)
3(2942 657 2143)
3(184 1754 2990)
3(185 184 2990)
3(1755 185 2990)
3(3441 1733 150)
3(3441 150 656)
3(3441 656 2142)
3(150 1733 3395)
3(184 150 3395)
3(1754 184 3395)
6(150 184 185 151 657 656)
3(1007 2410 3615)
3(1008 1007 3615)
3(2411 1008 3615)
3(3648 2142 656)
3(3648 656 1011)
3(3648 1011 2414)
3(1008 2411 4078)
3(1011 1008 4078)
3(2414 1011 4078)
6(657 1006 1007 1008 1011 656)
3(1500 2817 4523)
3(1501 1500 4523)
3(2818 1501 4523)
3(681 2164 3256)
3(682 681 3256)
3(2165 682 3256)
3(1043 2443 3277)
3(1500 1043 3277)
3(2817 1500 3277)
3(682 2165 3715)
3(1043 682 3715)
3(2443 1043 3715)
6(681 682 1043 1500 1501 1047)
3(3741 2815 1498)
3(3741 1498 1499)
3(3741 1499 2816)
3(3949 2813 1496)
3(3949 1496 1500)
3(3949 1500 2817)
3(1496 2813 4164)
3(1499 1496 4164)
3(2816 1499 4164)
6(1496 1499 1498 1497 1501 1500)
3(3182 1756 186)
3(3182 186 187)
3(3182 187 1757)
3(184 1754 3659)
3(188 184 3659)
3(1758 188 3659)
3(3357 1757 187)
3(3357 187 188)
3(3357 188 1758)
6(185 184 188 187 186 183)
3(1282 2629 4783)
3(1291 1282 4783)
3(2635 1291 4783)
3(3289 2411 1008)
3(3289 1008 1292)
3(3289 1292 2636)
3(1291 2635 4319)
3(1292 1291 4319)
3(2636 1292 4319)
6(1007 1281 1282 1291 1292 1008)
3(685 2166 4788)
3(683 685 4788)
3(688 683 4788)
3(2168 688 4788)
3(3296 2165 682)
3(3296 682 689)
3(3296 689 2169)
3(688 2168 3029)
3(689 688 3029)
3(2169 689 3029)
3(684 685 683)
7(680 684 683 688 689 682 681)
3(557 2057 2957)
3(816 557 2957)
3(818 816 2957)
3(2273 818 2957)
3(3391 2647 1307)
3(3391 1307 1499)
3(3391 1499 2816)
3(4434 2057 557)
3(4434 557 1307)
3(4434 1307 2647)
7(816 817 802 1498 1499 1307 557)
3(816 818 817)
3(4382 1748 178)
3(4382 178 182)
3(4382 182 1752)
3(3393 1749 179)
3(3393 179 180)
3(3393 180 1750)
3(178 1748 3126)
3(180 178 3126)
3(1750 180 3126)
6(181 182 178 180 179 177)
3(1243 2592 4039)
3(1284 1243 4039)
3(2630 1284 4039)
3(3070 2593 1244)
3(3070 1244 1302)
3(3070 1302 2643)
3(4725 2592 1243)
3(4725 1243 1244)
3(4725 1244 2593)
6(1284 1286 1298 1302 1244 1243)
3(4046 1771 206)
3(4046 206 716)
3(4046 716 2195)
3(723 2202 3714)
3(724 723 3714)
3(2203 724 3714)
3(4730 2195 716)
3(4730 716 724)
3(4730 724 2203)
6(412 723 724 716 206 205)
3(4695 2271 810)
3(4695 810 815)
3(4695 815 2272)
3(805 2270 3719)
3(820 805 3719)
3(2274 820 3719)
3(3398 2270 805)
3(3398 805 810)
3(3398 810 2271)
6(805 820 1128 1126 815 810)
3(3580 2439 1039)
3(3580 1039 1040)
3(3580 1040 2440)
3(3851 2190 711)
3(3851 711 712)
3(3851 712 2191)
3(4813 2192 713)
3(4813 713 1039)
3(4813 1039 2439)
3(3779 2191 712)
3(3779 712 713)
3(3779 713 2192)
6(714 1040 1039 713 712 711)
3(822 2276 3587)
3(824 822 3587)
3(2278 824 3587)
3(4491 2280 827)
3(4491 827 832)
3(4491 832 2284)
3(3512 2276 822)
3(3512 822 823)
3(3512 823 2277)
3(3782 2277 823)
3(3782 823 827)
3(3782 827 2280)
6(822 824 830 832 827 823)
3(187 1757 3192)
3(167 187 3192)
3(638 167 3192)
3(2126 638 3192)
3(3721 1748 178)
3(3721 178 637)
3(3721 637 2125)
3(3621 2125 637)
3(3621 637 638)
3(3621 638 2126)
6(162 167 638 637 178 182)
4(162 186 187 167)
3(3196 2635 1291)
3(3196 1291 1293)
3(3196 1293 1294)
3(3196 1294 2637)
3(4358 2590 1241)
3(4358 1241 1243)
3(4358 1243 2592)
3(1241 2590 3629)
3(1294 1241 3629)
3(2637 1294 3629)
4(1282 1283 1293 1291)
6(1294 1293 1283 1284 1243 1241)
3(687 2167 3291)
3(686 687 3291)
3(688 686 3291)
3(2168 688 3291)
3(716 2195 3815)
3(717 716 3815)
3(2196 717 3815)
3(3746 2167 687)
3(3746 687 717)
3(3746 717 2196)
7(716 717 687 686 683 685 206)
3(686 688 683)
3(557 2057 3298)
3(812 557 3298)
3(1356 812 3298)
3(2687 1356 3298)
3(4461 2271 810)
3(4461 810 1355)
3(4461 1355 2686)
3(3751 2686 1355)
3(3751 1355 1356)
3(3751 1356 2687)
3(557 812 816)
7(810 815 818 816 812 1356 1355)
3(3753 1733 150)
3(3753 150 157)
3(3753 157 1737)
3(4194 2413 1010)
3(4194 1010 1011)
3(4194 1011 2414)
3(3665 1737 157)
3(3665 157 335)
3(3665 335 1870)
3(3454 1870 335)
3(3454 335 1010)
3(3454 1010 2413)
6(656 1011 1010 335 157 150)
3(3187 2442 1042)
3(3187 1042 1043)
3(3187 1043 2443)
3(1306 2646 3634)
3(1496 1306 3634)
3(2813 1496 3634)
3(3120 2441 1041)
3(3120 1041 1042)
3(3120 1042 2442)
3(1041 2441 3555)
3(1306 1041 3555)
3(2646 1306 3555)
6(1041 1306 1496 1500 1043 1042)
3(3091 2435 1035)
3(3091 1035 1037)
3(3091 1037 2437)
3(63 1677 4118)
3(1021 63 4118)
3(2423 1021 4118)
3(1019 2421 4025)
3(1037 1019 4025)
3(2437 1037 4025)
3(4531 2421 1019)
3(4531 1019 1018)
3(4531 1018 1021)
3(4531 1021 2423)
4(1021 1018 64 63)
6(62 64 1018 1019 1037 1035)
3(4048 2282 829)
3(4048 829 836)
3(4048 836 2287)
3(661 2146 3757)
3(1304 661 3757)
3(2645 1304 3757)
3(829 2282 3670)
3(834 829 3670)
3(2286 834 3670)
3(4180 2146 661)
3(4180 661 835)
3(4180 835 834)
3(4180 834 2286)
4(1304 1305 835 661)
6(829 834 835 1305 1303 836)
3(4699 1773 210)
3(4699 210 212)
3(4699 212 1775)
3(4395 2198 719)
3(4395 719 720)
3(4395 720 2199)
3(210 1773 3676)
3(467 210 3676)
3(1978 467 3676)
3(467 1978 4185)
3(466 467 4185)
3(720 466 4185)
3(2199 720 4185)
6(467 466 408 409 212 210)
4(466 720 719 408)
3(3368 2292 842)
3(3368 842 1562)
3(3368 1562 2874)
3(821 2275 4408)
3(1382 821 4408)
3(2710 1382 4408)
3(4316 2874 1562)
3(4316 1562 1563)
3(4316 1563 2875)
3(1382 2710 4817)
3(1383 1382 4817)
3(1563 1383 4817)
3(2875 1563 4817)
6(842 854 853 1383 1563 1562)
4(1382 1383 853 821)
3(1038 2438 3550)
3(1039 1038 3550)
3(2439 1039 3550)
3(1037 2437 3250)
3(1038 1037 3250)
3(2438 1038 3250)
6(1035 1037 1038 1039 1040 1036)
3(822 2276 4209)
3(826 822 4209)
3(2279 826 4209)
3(826 2279 3255)
3(829 826 3255)
3(2282 829 3255)
6(822 826 829 836 833 824)
3(3857 1927 407)
3(3857 407 712)
3(3857 712 2191)
3(2938 1773 210)
3(2938 210 407)
3(2938 407 1927)
6(210 212 211 711 712 407)
3(3861 2280 827)
3(3861 827 1568)
3(3861 1568 2878)
3(1562 2874 3554)
3(1568 1562 3554)
3(2878 1568 3554)
6(832 838 842 1562 1568 827)
3(3748 1758 188)
3(3748 188 645)
3(3748 645 2133)
3(157 1737 3961)
3(644 157 3961)
3(2132 644 3961)
3(644 2132 4690)
3(645 644 4690)
3(2133 645 4690)
6(150 157 644 645 188 184)
3(3755 2634 1290)
3(3755 1290 1292)
3(3755 1292 2636)
3(1009 2412 3968)
3(1010 1009 3968)
3(2413 1010 3968)
3(4696 2412 1009)
3(4696 1009 1290)
3(4696 1290 2634)
6(1292 1290 1009 1010 1011 1008)
3(689 2169 4394)
3(1053 689 4394)
3(2453 1053 4394)
3(4621 2442 1042)
3(4621 1042 1052)
3(4621 1052 2452)
3(3367 2452 1052)
3(3367 1052 1053)
3(3367 1053 2453)
6(682 689 1053 1052 1042 1043)
3(4045 2647 1307)
3(4045 1307 1503)
3(4045 1503 2820)
3(1306 2646 3597)
3(1502 1306 3597)
3(2819 1502 3597)
3(1502 2819 3034)
3(1503 1502 3034)
3(2820 1503 3034)
6(1502 1503 1307 1499 1496 1306)
3(4053 1745 175)
3(4053 175 180)
3(4053 180 1750)
3(4765 2423 1021)
3(4765 1021 1022)
3(4765 1022 2424)
3(175 1745 3038)
3(1022 175 3038)
3(2424 1022 3038)
6(179 180 175 1022 1021 63)
3(4149 2593 1244)
3(4149 1244 1473)
3(4149 1473 2792)
3(661 2146 4851)
3(1472 661 4851)
3(2791 1472 4851)
3(1472 2791 3133)
3(1473 1472 3133)
3(2792 1473 3133)
6(1472 1473 1244 1302 1304 661)
3(722 2201 4153)
3(724 722 4153)
3(2203 724 4153)
3(720 2199 2936)
3(721 720 2936)
3(2200 721 2936)
3(721 2200 3140)
3(722 721 3140)
3(2201 722 3140)
6(720 721 722 724 723 719)
3(805 2270 3794)
3(1513 805 3794)
3(2829 1513 3794)
3(4514 2710 1382)
3(4514 1382 1514)
3(4514 1514 2830)
3(1513 2829 4735)
3(1514 1513 4735)
3(2830 1514 4735)
6(1513 1514 1382 821 820 805)
3(636 2124 3195)
3(638 636 3195)
3(2126 638 3195)
3(3725 2128 640)
3(3725 640 645)
3(3725 645 2133)
3(4445 2124 636)
3(4445 636 355)
3(4445 355 640)
3(4445 640 2128)
4(167 355 636 638)
6(167 187 188 645 640 355)
3(1294 2637 3666)
3(1297 1294 3666)
3(2639 1297 3666)
3(4175 2634 1290)
3(4175 1290 1295)
3(4175 1295 2638)
3(3577 2638 1295)
3(3577 1295 1296)
3(3577 1296 1297)
3(3577 1297 2639)
6(1290 1292 1291 1293 1296 1295)
4(1294 1297 1296 1293)
3(687 2167 3297)
3(691 687 3297)
3(2170 691 3297)
3(1048 2448 3820)
3(1053 1048 3820)
3(2453 1053 3820)
3(691 2170 4546)
3(690 691 4546)
3(1048 690 4546)
3(2448 1048 4546)
4(686 687 691 690)
6(690 1048 1053 689 688 686)
3(3304 2687 1356)
3(3304 1356 1360)
3(3304 1360 2691)
3(1503 2820 4463)
3(1505 1503 4463)
3(2822 1505 4463)
3(3226 2691 1360)
3(3226 1360 1361)
3(3226 1361 1505)
3(3226 1505 2822)
6(1307 1503 1505 1361 812 557)
4(812 1361 1360 1356)
3(637 2125 4416)
3(979 637 4416)
3(2386 979 4416)
3(3450 1745 175)
3(3450 175 981)
3(3450 981 2388)
3(979 2386 4827)
3(981 979 4827)
3(2388 981 4827)
6(180 178 637 979 981 175)
3(4850 2590 1241)
3(4850 1241 1242)
3(4850 1242 2591)
3(1473 2792 4578)
3(1475 1473 4578)
3(2794 1475 4578)
3(3331 2591 1242)
3(3331 1242 1475)
3(3331 1475 2794)
6(1243 1244 1473 1475 1242 1241)
3(4508 2196 717)
3(4508 717 718)
3(4508 718 2197)
3(3560 2194 715)
3(3560 715 722)
3(3560 722 2201)
3(715 2194 2995)
3(718 715 2995)
3(2197 718 2995)
6(718 717 716 724 722 715)
3(4513 2685 1354)
3(4513 1354 1355)
3(4513 1355 2686)
3(4220 2829 1513)
3(4220 1513 1516)
3(4220 1516 2832)
3(1354 2685 3000)
3(1516 1354 3000)
3(2832 1516 3000)
6(805 810 1355 1354 1516 1513)
3(709 2188 3533)
3(713 709 3533)
3(2192 713 3533)
3(3001 2432 1032)
3(3001 1032 1038)
3(3001 1038 2438)
3(4681 2188 709)
3(4681 709 1033)
3(4681 1033 2433)
3(1032 2432 3405)
3(1033 1032 3405)
3(2433 1033 3405)
6(713 1039 1038 1032 1033 709)
3(823 2277 3623)
3(859 823 3623)
3(2301 859 3623)
3(4410 2279 826)
3(4410 826 828)
3(4410 828 2281)
3(859 2301 4771)
3(862 859 4771)
3(2304 862 4771)
3(4820 2281 828)
3(4820 828 862)
3(4820 862 2304)
6(823 859 862 828 826 822)
3(406 1926 3099)
3(407 406 3099)
3(1927 407 3099)
3(4520 2187 708)
3(4520 708 709)
3(4520 709 2188)
3(3521 1926 406)
3(3521 406 708)
3(3521 708 2187)
6(407 712 713 709 708 406)
3(1568 2878 4707)
3(1569 1568 4707)
3(2879 1569 4707)
3(4168 2301 859)
3(4168 859 863)
3(4168 863 2305)
3(3166 2305 863)
3(3166 863 1569)
3(3166 1569 2879)
6(823 827 1568 1569 863 859)
3(335 1870 3471)
3(336 335 3471)
3(1871 336 3471)
3(641 2129 4415)
3(644 641 4415)
3(2132 644 4415)
3(4129 1741 165)
3(4129 165 336)
3(4129 336 1871)
3(165 1741 3374)
3(641 165 3374)
3(2129 641 3374)
6(335 336 165 641 644 157)
3(4849 2145 660)
3(4849 660 1009)
3(4849 1009 2412)
3(334 1869 4133)
3(336 334 4133)
3(1871 336 4133)
3(3853 1869 334)
3(3853 334 660)
3(3853 660 2145)
6(336 335 1010 1009 660 334)
3(313 1850 3573)
3(1041 313 3573)
3(2441 1041 3573)
3(4507 2451 1051)
3(4507 1051 1052)
3(4507 1052 2452)
3(4022 1850 313)
3(4022 313 314)
3(4022 314 1851)
3(3485 1851 314)
3(3485 314 1051)
3(3485 1051 2451)
6(1041 1042 1052 1051 314 313)
3(4512 2819 1502)
3(4512 1502 1504)
3(4512 1504 2821)
3(313 1850 4218)
3(542 313 4218)
3(2043 542 4218)
3(542 2043 4151)
3(1504 542 4151)
3(2821 1504 4151)
6(313 542 1504 1502 1306 1041)
3(1019 2421 3940)
3(1024 1019 3940)
3(2426 1024 3940)
3(1031 2431 3865)
3(1032 1031 3865)
3(2432 1032 3865)
3(1024 2426 4095)
3(1031 1024 4095)
3(2431 1031 4095)
6(1019 1024 1031 1032 1038 1037)
3(3095 2286 834)
3(3095 834 1193)
3(3095 1193 2555)
3(828 2281 4318)
3(1190 828 4318)
3(2552 1190 4318)
3(1190 2552 4539)
3(1193 1190 4539)
3(2555 1193 4539)
6(828 1190 1193 834 829 826)
3(4055 1978 467)
3(4055 467 470)
3(4055 470 1980)
3(3973 1683 89)
3(3973 89 406)
3(3973 406 1926)
3(89 1683 4186)
3(470 89 4186)
3(1980 470 4186)
6(470 467 210 407 406 89)
3(1563 2875 4706)
3(1565 1563 4706)
3(1567 1565 4706)
3(2877 1567 4706)
3(1564 2876 3979)
3(1569 1564 3979)
3(2879 1569 3979)
3(4192 2876 1564)
3(4192 1564 1566)
3(4192 1566 1567)
3(4192 1567 2877)
7(1563 1565 1566 1564 1569 1568 1562)
3(1565 1567 1566)
3(4414 2422 1020)
3(4414 1020 1022)
3(4414 1022 2424)
3(4324 2426 1024)
3(4324 1024 1027)
3(4324 1027 1028)
3(4324 1028 2428)
3(1020 2422 3373)
3(1028 1020 3373)
3(2428 1028 3373)
6(1018 1021 1022 1020 1028 1027)
4(1027 1024 1019 1018)
3(4063 2791 1472)
3(4063 1472 1474)
3(4063 1474 2793)
3(1193 2555 3316)
3(1194 1193 3316)
3(1195 1194 3316)
3(2556 1195 3316)
3(1195 2556 3046)
3(1474 1195 3046)
3(2793 1474 3046)
6(661 835 1194 1195 1474 1472)
4(1193 1194 835 834)
3(468 1979 4506)
3(721 468 4506)
3(2200 721 4506)
3(470 1980 4437)
3(469 470 4437)
3(471 469 4437)
3(1981 471 4437)
3(3484 1979 468)
3(3484 468 471)
3(3484 471 1981)
4(466 467 470 469)
6(469 471 468 721 720 466)
3(1514 2830 4157)
3(1515 1514 4157)
3(2831 1515 4157)
3(1519 2835 3414)
3(1567 1519 3414)
3(2877 1567 3414)
3(1515 2831 3143)
3(1519 1515 3143)
3(2835 1519 3143)
3(1565 1563 1383)
7(1514 1515 1519 1567 1565 1383 1382)
3(636 2124 3864)
3(639 636 3864)
3(2127 639 3864)
3(4366 2386 979)
3(4366 979 980)
3(4366 980 2387)
3(639 2127 3793)
3(980 639 3793)
3(2387 980 3793)
6(636 639 980 979 637 638)
3(966 2376 3500)
3(1297 966 3500)
3(2639 1297 3500)
3(4015 2377 967)
3(4015 967 1242)
3(4015 1242 2591)
3(4748 2376 966)
3(4748 966 967)
3(4748 967 2377)
6(966 1297 1294 1241 1242 967)
3(118 1705 3971)
3(691 118 3971)
3(2170 691 3971)
3(4468 1802 251)
3(4468 251 718)
3(4468 718 2197)
3(3898 1705 118)
3(3898 118 251)
3(3898 251 1802)
6(118 691 687 717 718 251)
3(4625 2690 1359)
3(4625 1359 1360)
3(4625 1360 2691)
3(1353 2684 3165)
3(1354 1353 3165)
3(2685 1354 3165)
3(3902 2684 1353)
3(3902 1353 1359)
3(3902 1359 2690)
6(1354 1355 1356 1360 1359 1353)
3(3111 2128 640)
3(3111 640 643)
3(3111 643 2131)
3(641 2129 3309)
3(642 641 3309)
3(2130 642 3309)
3(642 2130 3532)
3(643 642 3532)
3(2131 643 3532)
6(645 644 641 642 643 640)
3(3765 2374 964)
3(3765 964 1295)
3(3765 1295 2638)
3(659 2144 3975)
3(660 659 3975)
3(2145 660 3975)
3(4188 2144 659)
3(4188 659 964)
3(4188 964 2374)
6(660 1009 1290 1295 964 659)
3(1048 2448 3197)
3(1049 1048 3197)
3(2449 1049 3197)
3(1050 2450 3406)
3(1051 1050 3406)
3(2451 1051 3406)
3(1049 2449 3632)
3(1050 1049 3632)
3(2450 1050 3632)
6(1049 1050 1051 1052 1053 1048)
3(3862 2822 1505)
3(3862 1505 1507)
3(3862 1507 2824)
3(1504 2821 4088)
3(1506 1504 4088)
3(2823 1506 4088)
3(1506 2823 4287)
3(1507 1506 4287)
3(2824 1507 4287)
6(1504 1506 1507 1505 1503 1502)
3(981 2388 3863)
3(984 981 3863)
3(2391 984 3863)
3(176 1746 4093)
3(1020 176 4093)
3(2422 1020 4093)
3(4292 1746 176)
3(4292 176 984)
3(4292 984 2391)
6(175 981 984 176 1020 1022)
3(3497 2794 1475)
3(3497 1475 1477)
3(3497 1477 2796)
3(1474 2793 3733)
3(1476 1474 3733)
3(2795 1476 3733)
3(1476 2795 3936)
3(1477 1476 3936)
3(2796 1477 3936)
6(1474 1476 1477 1475 1473 1472)
3(463 1975 3970)
3(715 463 3970)
3(2194 715 3970)
3(4183 1977 465)
3(4183 465 468)
3(4183 468 1979)
3(4405 1975 463)
3(4405 463 465)
3(4405 465 1977)
6(715 722 721 468 465 463)
3(1516 2832 3598)
3(1517 1516 3598)
3(2833 1517 3598)
3(3828 2831 1515)
3(3828 1515 1518)
3(3828 1518 2834)
3(1517 2833 4052)
3(1518 1517 4052)
3(2834 1518 4052)
6(1516 1517 1518 1515 1514 1513)
3(4764 1741 165)
3(4764 165 166)
3(4764 166 1742)
3(4581 1739 161)
3(4581 161 334)
3(4581 334 1869)
3(161 1739 4059)
3(166 161 4059)
3(1742 166 4059)
5(166 165 336 334 161)
3(1033 2433 3222)
3(1034 1033 3222)
3(2434 1034 3222)
3(707 2186 3481)
3(708 707 3481)
3(2187 708 3481)
3(4148 2189 710)
3(4148 710 1034)
3(4148 1034 2434)
3(4397 2186 707)
3(4397 707 710)
3(4397 710 2189)
6(708 709 1033 1034 710 707)
3(861 2303 3696)
3(862 861 3696)
3(2304 862 3696)
3(863 2305 3952)
3(864 863 3952)
3(2306 864 3952)
3(860 2302 4609)
3(861 860 4609)
3(2303 861 4609)
3(4835 2302 860)
3(4835 860 864)
3(4835 864 2306)
6(863 864 860 861 862 859)
3(314 1851 3117)
3(315 314 3117)
3(1852 315 3117)
3(2941 2043 542)
3(2941 542 544)
3(2941 544 2045)
3(315 1852 4544)
3(544 315 4544)
3(2045 544 4544)
5(314 315 544 542 313)
3(3491 2430 1030)
3(3491 1030 1031)
3(3491 1031 2431)
3(1029 2429 4191)
3(1034 1029 4191)
3(2434 1034 4191)
3(4709 2429 1029)
3(4709 1029 1030)
3(4709 1030 2430)
6(1029 1034 1033 1032 1031 1030)
3(3496 2552 1190)
3(3496 1190 1191)
3(3496 1191 2553)
3(861 2303 4195)
3(865 861 4195)
3(2307 865 4195)
3(865 2307 3372)
3(1191 865 3372)
3(2553 1191 3372)
6(862 861 865 1191 1190 828)
3(3592 1683 89)
3(3592 89 424)
3(3592 424 1939)
3(4289 1940 426)
3(4289 426 707)
3(4289 707 2186)
3(4790 1939 424)
3(4790 424 426)
3(4790 426 1940)
6(406 708 707 426 424 89)
3(3596 2837 1521)
3(3596 1521 1564)
3(3596 1564 2876)
3(837 2288 4293)
3(864 837 4293)
3(2306 864 4293)
3(3483 2288 837)
3(3483 837 1521)
3(3483 1521 2837)
6(837 864 863 1569 1564 1521)
3(357 1886 2970)
3(639 357 2970)
3(2127 639 2970)
3(3451 1885 356)
3(3451 356 354)
3(3451 354 643)
3(3451 643 2131)
3(356 1885 3640)
3(357 356 3640)
3(1886 357 3640)
6(356 357 639 636 355 354)
4(355 640 643 354)
3(2973 2375 965)
3(2973 965 966)
3(2973 966 2376)
3(962 2373 3459)
3(964 962 3459)
3(2374 964 3459)
3(3647 2373 962)
3(3647 962 963)
3(3647 963 965)
3(3647 965 2375)
5(964 1295 1296 963 962)
5(1296 1297 966 965 963)
3(118 1705 3599)
3(119 118 3599)
3(1706 119 3599)
3(120 1707 4135)
3(117 120 4135)
3(1049 117 4135)
3(2449 1049 4135)
3(119 1706 4296)
3(120 119 4296)
3(1707 120 4296)
6(690 691 118 119 120 117)
4(117 1049 1048 690)
3(1358 2689 3076)
3(1359 1358 3076)
3(2690 1359 3076)
3(4219 2688 1357)
3(4219 1357 1362)
3(4219 1362 1507)
3(4219 1507 2824)
3(1357 2688 3766)
3(1358 1357 3766)
3(2689 1358 3766)
4(1505 1507 1362 1361)
6(1358 1359 1360 1361 1362 1357)
3(980 2387 4517)
3(982 980 4517)
3(2389 982 4517)
3(983 2390 4227)
3(984 983 4227)
3(2391 984 4227)
3(982 2389 4412)
3(983 982 4412)
3(2390 983 4412)
6(979 980 982 983 984 981)
3(4163 2377 967)
3(4163 967 1245)
3(4163 1245 2594)
3(3871 2596 1247)
3(3871 1247 1477)
3(3871 1477 2796)
3(4060 2594 1245)
3(4060 1245 1247)
3(4060 1247 2596)
6(1242 1475 1477 1247 1245 967)
3(250 1801 4794)
3(251 250 4794)
3(1802 251 4794)
3(3879 1974 462)
3(3879 462 463)
3(3879 463 1975)
3(4067 1801 250)
3(4067 250 462)
3(4067 462 1974)
6(251 718 715 463 462 250)
3(4264 2491 1100)
3(4264 1100 1353)
3(4264 1353 2684)
3(1387 2714 3980)
3(1517 1387 3980)
3(2833 1517 3980)
3(1100 2491 4156)
3(1387 1100 4156)
3(2714 1387 4156)
6(1387 1517 1516 1354 1353 1100)
3(3234 2427 1026)
3(3234 1026 1028)
3(3234 1028 2428)
3(1023 2425 3411)
3(1030 1023 3411)
3(2430 1030 3411)
3(3937 2425 1023)
3(3937 1023 1025)
3(3937 1025 1026)
3(3937 1026 2427)
4(1027 1028 1026 1025)
6(1023 1030 1031 1024 1027 1025)
3(3907 2556 1195)
3(3907 1195 1197)
3(3907 1197 2557)
3(1191 2553 3419)
3(1192 1191 3419)
3(2554 1192 3419)
3(1192 2554 4590)
3(1196 1192 4590)
3(1197 1196 4590)
3(2557 1197 4590)
4(1194 1196 1197 1195)
6(1191 1192 1196 1194 1193 1190)
3(219 1782 4840)
3(471 219 4840)
3(1981 471 4840)
3(3089 1938 422)
3(3089 422 424)
3(3089 424 1939)
3(4233 1782 219)
3(4233 219 222)
3(4233 222 422)
3(4233 422 1938)
6(89 424 422 222 469 470)
4(471 469 222 219)
3(1519 2835 4011)
3(1520 1519 4011)
3(2836 1520 4011)
3(3531 2837 1521)
3(3531 1521 1522)
3(3531 1522 1523)
3(3531 1523 2838)
3(1520 2836 4704)
3(1523 1520 4704)
3(2838 1523 4704)
4(1564 1566 1522 1521)
6(1520 1523 1522 1566 1567 1519)
3(173 1744 4159)
3(642 173 4159)
3(2130 642 4159)
3(166 1742 3204)
3(168 166 3204)
3(1743 168 3204)
3(168 1743 3383)
3(173 168 3383)
3(1744 173 3383)
6(165 166 168 173 642 641)
3(4162 1883 350)
3(4162 350 659)
3(4162 659 2144)
3(3400 1739 161)
3(3400 161 352)
3(3400 352 1884)
3(350 1883 4057)
3(352 350 4057)
3(1884 352 4057)
6(161 334 660 659 350 352)
3(4793 1847 308)
3(4793 308 1050)
3(4793 1050 2450)
3(310 1848 4082)
3(315 310 4082)
3(1852 315 4082)
3(308 1847 4065)
3(310 308 4065)
3(1848 310 4065)
6(308 310 315 314 1051 1050)
3(1090 2486 4262)
3(1506 1090 4262)
3(2823 1506 4262)
3(3727 2044 543)
3(3727 543 544)
3(3727 544 2045)
3(543 2044 4155)
3(1090 543 4155)
3(2486 1090 4155)
6(542 544 543 1090 1506 1504)
3(2968 1729 146)
3(2968 146 176)
3(2968 176 1746)
3(23 1654 3410)
3(1026 23 3410)
3(2427 1026 3410)
3(4158 1654 23)
3(4158 23 146)
3(4158 146 1729)
6(23 1026 1028 1020 176 146)
3(1198 2558 4558)
3(1476 1198 4558)
3(2795 1476 4558)
3(1197 2557 3083)
3(1200 1197 3083)
3(2560 1200 3083)
3(3798 2558 1198)
3(3798 1198 1200)
3(3798 1200 2560)
6(1195 1197 1200 1198 1476 1474)
3(464 1976 4564)
3(465 464 4564)
3(1977 465 4564)
3(219 1782 3087)
3(245 219 3087)
3(1798 245 3087)
3(245 1798 4449)
3(464 245 4449)
3(1976 464 4449)
6(219 245 464 465 468 471)
3(4670 2711 1384)
3(4670 1384 1518)
3(4670 1518 2834)
3(1389 2716 3170)
3(1520 1389 3170)
3(2836 1520 3170)
3(1384 2711 3908)
3(1389 1384 3908)
3(2716 1389 3908)
6(1389 1520 1519 1515 1518 1384)
3(357 1886 3175)
3(361 357 3175)
3(1888 361 3175)
3(359 1887 4332)
3(982 359 4332)
3(2389 982 4332)
3(4552 1887 359)
3(4552 359 361)
3(4552 361 1888)
6(361 359 982 980 639 357)
3(874 2313 3832)
3(965 874 3832)
3(2375 965 3832)
3(1245 2594 4335)
3(1248 1245 4335)
3(2597 1248 4335)
3(4554 2313 874)
3(4554 874 1248)
3(4554 1248 2597)
6(965 966 967 1245 1248 874)
3(39 1662 3458)
3(119 39 3458)
3(1706 119 3458)
3(3988 1653 11)
3(3988 11 250)
3(3988 250 1801)
3(11 1653 4197)
3(39 11 4197)
3(1662 39 4197)
6(11 39 119 118 251 250)
3(3464 2676 1343)
3(3464 1343 1358)
3(3464 1358 2689)
3(4640 2491 1100)
3(4640 1100 1344)
3(4640 1344 2677)
3(1343 2676 4832)
3(1344 1343 4832)
3(2677 1344 4832)
6(1353 1359 1358 1343 1344 1100)
3(56 1671 4373)
3(172 56 4373)
3(170 172 4373)
3(4373 170 356)
3(1885 356 4373)
3(4103 1668 50)
3(4103 50 174)
3(4103 174 173)
3(4103 173 1744)
3(50 1668 4298)
3(56 50 4298)
3(1671 56 4298)
3(356 354 170)
7(354 643 642 173 174 172 170)
4(56 172 174 50)
3(3081 1872 337)
3(3081 337 339)
3(3081 339 962)
3(3081 962 2373)
3(345 1879 4737)
3(349 345 4737)
3(350 349 4737)
3(1883 350 4737)
3(337 1872 3006)
3(345 337 3006)
3(1879 345 3006)
6(349 350 659 964 962 339)
4(345 349 339 337)
3(120 1707 4679)
3(38 120 4679)
3(121 38 4679)
3(1708 121 4679)
3(303 1843 3743)
3(307 303 3743)
3(308 307 3743)
3(1847 308 3743)
3(121 1708 3953)
3(303 121 3953)
3(1843 303 3953)
4(117 120 38 35)
6(35 307 308 1050 1049 117)
5(38 121 303 307 35)
3(1099 2490 4685)
3(1093 1099 4685)
3(1357 1093 4685)
3(2688 1357 4685)
3(1090 2486 4378)
3(1091 1090 4378)
3(1098 1091 4378)
3(2489 1098 4378)
3(1098 2489 4610)
3(1099 1098 4610)
3(2490 1099 4610)
6(1091 1092 1362 1507 1506 1090)
4(1093 1357 1362 1092)
5(1091 1098 1099 1093 1092)
3(3827 1728 145)
3(3827 145 983)
3(3827 983 2390)
3(144 1727 4830)
3(146 144 4830)
3(1729 146 4830)
3(3108 1727 144)
3(3108 144 145)
3(3108 145 1728)
6(146 176 984 983 145 144)
3(1246 2595 4776)
3(1247 1246 4776)
3(2596 1247 4776)
3(1198 2558 4476)
3(1201 1198 4476)
3(2561 1201 4476)
3(1201 2561 4712)
3(1246 1201 4712)
3(2595 1246 4712)
6(1198 1201 1246 1247 1477 1476)
3(461 1973 3456)
3(462 461 3456)
3(1974 462 3456)
3(3171 1972 460)
3(3171 460 464)
3(3171 464 1976)
3(460 1972 4719)
3(461 460 4719)
3(1973 461 4719)
6(461 462 463 465 464 460)
3(3123 2713 1386)
3(3123 1386 1387)
3(3123 1387 2714)
3(4145 2711 1384)
3(4145 1384 1385)
3(4145 1385 2712)
3(4351 2712 1385)
3(4351 1385 1386)
3(4351 1386 2713)
6(1384 1518 1517 1387 1386 1385)
3(47 1665 3564)
3(169 47 3564)
3(168 169 3564)
3(1743 168 3564)
3(4027 1881 347)
3(4027 347 351)
3(4027 351 352)
3(4027 352 1884)
3(3489 1665 47)
3(3489 47 347)
3(3489 347 1881)
6(161 352 351 169 168 166)
4(47 169 351 347)
3(4034 1846 306)
3(4034 306 309)
3(4034 309 310)
3(4034 310 1848)
3(311 1849 4471)
3(312 311 4471)
3(543 312 4471)
3(2044 543 4471)
3(306 1846 3495)
3(311 306 3495)
3(1849 311 3495)
6(312 543 544 315 310 309)
4(311 312 309 306)
3(676 2159 3945)
3(675 676 3945)
3(710 675 3945)
3(2189 710 3945)
3(4200 2161 678)
3(4200 678 674)
3(4200 674 1029)
3(4200 1029 2429)
3(3148 2159 676)
3(3148 676 677)
3(3148 677 2160)
3(3916 2160 677)
3(3916 677 678)
3(3916 678 2161)
5(675 710 1034 1029 674)
5(674 678 677 676 675)
3(860 2302 3951)
3(1140 860 3951)
3(1139 1140 3951)
3(2525 1139 3951)
3(4205 2307 865)
3(4205 865 1144)
3(4205 1144 1143)
3(4205 1143 2528)
3(1139 2525 3154)
3(1141 1139 3154)
3(2526 1141 3154)
3(1141 2526 4560)
3(1143 1141 4560)
3(2528 1143 4560)
5(1140 1144 865 861 860)
5(1141 1143 1144 1140 1139)
3(4300 1940 426)
3(4300 426 425)
3(4300 425 671)
3(4300 671 2156)
3(3008 2154 669)
3(3008 669 676)
3(3008 676 2159)
3(669 2154 4014)
3(671 669 4014)
3(2156 671 4014)
5(425 426 707 710 675)
5(675 676 669 671 425)
3(837 2288 4304)
3(1147 837 4304)
3(1148 1147 4304)
3(2531 1148 4304)
3(3012 2525 1139)
3(3012 1139 1142)
3(3012 1142 2527)
3(4671 2527 1142)
3(4671 1142 1148)
3(4671 1148 2531)
5(1147 1140 860 864 837)
5(1139 1140 1147 1148 1142)
3(3956 1762 194)
3(3956 194 193)
3(3956 193 1023)
3(3956 1023 2425)
3(194 1762 4612)
3(374 194 4612)
3(1900 374 4612)
3(374 1900 3155)
3(678 374 3155)
3(2161 678 3155)
5(193 674 1029 1030 1023)
5(194 374 678 674 193)
3(4613 2554 1192)
3(4613 1192 1150)
3(4613 1150 1437)
3(4613 1437 2758)
3(1432 2753 3273)
3(1437 1432 3273)
3(2758 1437 3273)
3(1143 2528 3805)
3(1432 1143 3805)
3(2753 1432 3805)
5(1144 1150 1192 1191 865)
5(1143 1432 1437 1150 1144)
3(3109 1938 422)
3(3109 422 423)
3(3109 423 427)
3(3109 427 1941)
3(3764 1941 427)
3(3764 427 670)
3(3764 670 2155)
3(4259 2155 670)
3(4259 670 671)
3(4259 671 2156)
5(424 426 425 423 422)
5(425 671 670 427 423)
3(4714 2717 1390)
3(4714 1390 1391)
3(4714 1391 1523)
3(4714 1523 2838)
3(3381 2532 1149)
3(3381 1149 1390)
3(3381 1390 2717)
3(3911 2531 1148)
3(3911 1148 1149)
3(3911 1149 2532)
5(837 1521 1522 1153 1147)
4(1522 1523 1391 1153)
6(1147 1153 1391 1390 1149 1148)
3(23 1654 2981)
3(22 23 2981)
3(190 22 2981)
3(1760 190 2981)
3(192 1761 4833)
3(194 192 4833)
3(1762 194 4833)
3(190 1760 3913)
3(191 190 3913)
3(192 191 3913)
3(1761 192 3913)
6(81 82 1025 1026 23 22)
4(82 193 1023 1025)
4(22 190 191 81)
6(81 191 192 194 193 82)
3(1199 2559 4574)
3(1200 1199 4574)
3(2560 1200 4574)
3(4487 2757 1436)
3(4487 1436 1437)
3(4487 1437 2758)
3(3547 2559 1199)
3(3547 1199 1156)
3(3547 1156 1436)
3(3547 1436 2757)
6(1155 1156 1199 1200 1197 1196)
4(1150 1155 1196 1192)
5(1150 1437 1436 1156 1155)
3(3082 1798 245)
3(3082 245 246)
3(3082 246 247)
3(3082 247 1799)
3(3007 1783 224)
3(3007 224 427)
3(3007 427 1941)
3(224 1783 4669)
3(221 224 4669)
3(247 221 4669)
3(1799 247 4669)
4(222 422 423 223)
6(222 223 220 246 245 219)
6(223 423 427 224 221 220)
4(220 221 247 246)
3(4680 2715 1388)
3(4680 1388 1389)
3(4680 1389 2716)
3(4601 2717 1390)
3(4601 1390 1392)
3(4601 1392 2718)
3(1388 2715 3656)
3(1393 1388 3656)
3(1394 1393 3656)
3(1392 1394 3656)
3(2718 1392 3656)
7(1393 1395 1391 1523 1520 1389 1388)
5(1391 1395 1394 1392 1390)
3(1394 1395 1393)
3(3355 1888 361)
3(3355 361 360)
3(3355 360 647)
3(3355 647 2134)
3(56 1671 3877)
3(649 56 3877)
3(2135 649 3877)
3(4302 2134 647)
3(4302 647 646)
3(4302 646 649)
3(4302 649 2135)
7(360 361 357 356 170 171 55)
3(170 172 171)
4(55 646 647 360)
6(171 172 56 649 646 55)
3(874 2313 3359)
3(876 874 3359)
3(875 876 3359)
3(2314 875 3359)
3(3884 1872 337)
3(3884 337 338)
3(3884 338 1873)
3(4310 1873 338)
3(4310 338 875)
3(4310 875 2314)
4(962 963 619 339)
5(619 963 965 874 876)
6(339 619 876 875 338 337)
3(39 1662 3026)
3(37 39 3026)
3(285 37 3026)
3(1832 285 3026)
3(3518 1708 121)
3(3518 121 283)
3(3518 283 1831)
3(3962 1831 283)
3(3962 283 284)
3(3962 284 285)
3(3962 285 1832)
6(36 38 120 119 39 37)
4(37 285 284 36)
5(284 283 121 38 36)
3(3457 2676 1343)
3(3457 1343 1341)
3(3457 1341 1351)
3(3457 1351 2682)
3(1099 2490 4634)
3(1345 1099 4634)
3(2678 1345 4634)
3(1345 2678 4421)
3(1350 1345 4421)
3(1351 1350 4421)
3(2682 1351 4421)
6(811 1341 1343 1358 1357 1093)
5(811 1093 1099 1345 1350)
4(1350 1351 1341 811)
3(359 1887 4567)
3(358 359 4567)
3(986 358 4567)
3(2393 986 4567)
3(3613 1728 145)
3(3613 145 54)
3(3613 54 985)
3(3613 985 2392)
3(4076 2392 985)
3(4076 985 986)
3(4076 986 2393)
6(54 145 983 982 359 358)
4(358 986 985 54)
3(4573 2597 1248)
3(4573 1248 1249)
3(4573 1249 2598)
3(1246 2595 4272)
3(1607 1246 4272)
3(1606 1607 4272)
3(2907 1606 4272)
3(4718 2598 1249)
3(4718 1249 1605)
3(4718 1605 1606)
3(4718 1606 2907)
7(1245 1247 1246 1607 1605 1249 1248)
3(1605 1607 1606)
3(4214 1653 11)
3(4214 11 12)
3(4214 12 282)
3(4214 282 1830)
3(3922 1829 281)
3(3922 281 116)
3(3922 116 461)
3(3922 461 1973)
3(281 1829 3717)
3(282 281 3717)
3(1830 282 3717)
6(250 462 461 116 12 11)
4(116 281 282 12)
3(4678 2675 1342)
3(4678 1342 1344)
3(4678 1344 2677)
3(1094 2487 4371)
3(1095 1094 4371)
3(1386 1095 4371)
3(2713 1386 4371)
3(4792 2487 1094)
3(4792 1094 1096)
3(4792 1096 1342)
3(4792 1342 2675)
7(1386 1387 1100 1344 1342 1096 1095)
3(1095 1096 1094)
3(49 1667 3353)
3(50 49 3353)
3(1668 50 3353)
3(47 1665 4377)
3(48 47 4377)
3(1666 48 4377)
3(48 1666 4797)
3(49 48 4797)
3(1667 49 4797)
4(168 169 174 173)
6(47 48 49 50 174 169)
3(345 1879 3023)
3(346 345 3023)
3(1880 346 3023)
3(4222 1881 347)
3(4222 347 348)
3(4222 348 1882)
3(346 1880 4457)
3(348 346 4457)
3(1882 348 4457)
4(351 352 350 349)
6(345 346 348 347 351 349)
3(303 1843 3025)
3(304 303 3025)
3(1844 304 3025)
3(305 1845 4229)
3(306 305 4229)
3(1846 306 4229)
3(304 1844 3153)
3(305 304 3153)
3(1845 305 3153)
4(309 310 308 307)
6(303 304 305 306 309 307)
3(1097 2488 3115)
3(1098 1097 3115)
3(2489 1098 3115)
3(311 1849 3881)
3(541 311 3881)
3(2042 541 3881)
3(541 2042 4563)
3(1097 541 4563)
3(2488 1097 4563)
4(1091 1090 543 312)
6(311 541 1097 1098 1091 312)
3(144 1727 3122)
3(53 144 3122)
3(369 53 3122)
3(1896 369 3122)
3(3846 1760 190)
3(3846 190 370)
3(3846 370 1897)
3(369 1896 3239)
3(370 369 3239)
3(1897 370 3239)
5(22 23 146 144 53)
5(53 369 370 190 22)
3(3776 2561 1201)
3(3776 1201 1592)
3(3776 1592 1591)
3(3776 1591 2896)
3(1199 2559 4483)
3(1594 1199 4483)
3(1593 1594 4483)
3(2897 1593 4483)
3(3245 2896 1591)
3(3245 1591 1593)
3(3245 1593 2897)
6(1198 1200 1199 1594 1592 1201)
4(1591 1592 1594 1593)
3(249 1800 4727)
3(248 249 4727)
3(460 248 4727)
3(1972 460 4727)
3(4144 1797 244)
3(4144 244 247)
3(4144 247 1799)
3(244 1797 4844)
3(249 244 4844)
3(1800 249 4844)
5(245 246 248 460 464)
5(244 249 248 246 247)
3(3870 2256 790)
3(3870 790 806)
3(3870 806 1385)
3(3870 1385 2712)
3(791 2257 4598)
3(813 791 4598)
3(1388 813 4598)
3(2715 1388 4598)
3(790 2256 3351)
3(791 790 3351)
3(2257 791 3351)
6(806 813 1388 1389 1384 1385)
4(790 791 813 806)
3(647 2134 4241)
3(1270 647 4241)
3(2619 1270 4241)
3(4754 2393 986)
3(4754 986 1271)
3(4754 1271 2620)
3(1270 2619 4676)
3(1271 1270 4676)
3(2620 1271 4676)
4(358 359 361 360)
6(360 647 1270 1271 986 358)
3(4248 2314 875)
3(4248 875 1629)
3(4248 1629 1631)
3(4248 1631 2920)
3(1249 2598 3429)
3(1616 1249 3429)
3(1617 1616 3429)
3(2912 1617 3429)
3(1617 2912 4682)
3(1631 1617 4682)
3(2920 1631 4682)
6(1248 1249 1616 1615 876 874)
4(875 876 1615 1629)
5(1615 1616 1617 1631 1629)
3(3895 1832 285)
3(3895 285 504)
3(3895 504 2011)
3(282 1830 4400)
3(503 282 4400)
3(2010 503 4400)
3(503 2010 4313)
3(504 503 4313)
3(2011 504 4313)
4(11 12 37 39)
6(12 282 503 504 285 37)
3(1351 2682 4340)
3(1352 1351 4340)
3(2683 1352 4340)
3(1339 2674 3538)
3(1340 1339 3538)
3(1342 1340 3538)
3(2675 1342 3538)
3(4774 2674 1339)
3(4774 1339 1352)
3(4774 1352 2683)
5(1342 1344 1343 1341 1340)
5(1340 1341 1351 1352 1339)
3(4475 2135 649)
3(4475 649 994)
3(4475 994 2399)
3(49 1667 3542)
3(993 49 3542)
3(2398 993 3542)
3(993 2398 3237)
3(994 993 3237)
3(2399 994 3237)
6(993 994 649 56 50 49)
3(3472 1726 143)
3(3472 143 338)
3(3472 338 1873)
3(341 1875 3185)
3(346 341 3185)
3(1880 346 3185)
3(143 1726 4837)
3(341 143 4837)
3(1875 341 4837)
6(341 346 345 337 338 143)
3(283 1831 4142)
3(494 283 4142)
3(2003 494 4142)
3(3843 1844 304)
3(3843 304 495)
3(3843 495 2004)
3(494 2003 4843)
3(495 494 4843)
3(2004 495 4843)
6(121 283 494 495 304 303)
3(3578 2678 1345)
3(3578 1345 1347)
3(3578 1347 2680)
3(1097 2488 3276)
3(1338 1097 3276)
3(2673 1338 3276)
3(1338 2673 3014)
3(1347 1338 3014)
3(2680 1347 3014)
6(1097 1338 1347 1345 1099 1098)
3(985 2392 4239)
3(1014 985 4239)
3(2417 1014 4239)
3(3941 1896 369)
3(3941 369 1012)
3(3941 1012 2415)
3(3022 2415 1012)
3(3022 1012 1014)
3(3022 1014 2417)
4(53 144 145 54)
6(54 985 1014 1012 369 53)
3(1590 2895 3889)
3(1606 1590 3889)
3(2907 1606 3889)
3(2963 2889 1581)
3(2963 1581 1591)
3(2963 1591 2896)
3(1581 2889 4618)
3(1590 1581 4618)
3(2895 1590 4618)
4(1201 1592 1607 1246)
6(1581 1590 1606 1607 1592 1591)
3(3893 1829 281)
3(3893 281 491)
3(3893 491 2000)
3(249 1800 3581)
3(492 249 3581)
3(2001 492 3581)
3(4622 2000 491)
3(4622 491 492)
3(4622 492 2001)
4(116 461 460 248)
6(248 249 492 491 281 116)
3(4533 2248 782)
3(4533 782 1094)
3(4533 1094 2487)
3(789 2255 3588)
3(790 789 3588)
3(2256 790 3588)
3(782 2248 3287)
3(789 782 3287)
3(2255 789 3287)
4(806 1385 1386 1095)
6(782 789 790 806 1095 1094)
3(46 1664 3995)
3(48 46 3995)
3(1666 48 3995)
3(4443 1877 343)
3(4443 343 348)
3(4443 348 1882)
3(3915 1664 46)
3(3915 46 343)
3(3915 343 1877)
6(48 47 347 348 343 46)
3(4447 1721 137)
3(4447 137 305)
3(4447 305 1845)
3(540 2041 2955)
3(541 540 2955)
3(2042 541 2955)
3(137 1721 3919)
3(540 137 3919)
3(2041 540 3919)
6(137 540 541 311 306 305)
3(4623 1903 377)
3(4623 377 677)
3(4623 677 2160)
3(2935 2154 669)
3(2935 669 673)
3(2935 673 2158)
3(3552 1779 216)
3(3552 216 377)
3(3552 377 1903)
3(216 1779 3816)
3(673 216 3816)
3(2158 673 3816)
6(216 673 669 676 677 377)
3(3292 2526 1141)
3(3292 1141 1145)
3(3292 1145 2529)
3(1142 2527 3553)
3(1146 1142 3553)
3(2530 1146 3553)
3(4211 2529 1145)
3(4211 1145 1151)
3(4211 1151 2533)
3(1146 2530 4462)
3(1151 1146 4462)
3(2533 1151 4462)
6(1139 1142 1146 1151 1145 1141)
3(3502 1900 374)
3(3502 374 375)
3(3502 375 1901)
3(192 1761 4021)
3(373 192 4021)
3(1899 373 4021)
3(372 1898 2976)
3(375 372 2976)
3(1901 375 2976)
3(3461 1898 372)
3(3461 372 373)
3(3461 373 1899)
6(192 373 372 375 374 194)
3(1432 2753 3156)
3(1433 1432 3156)
3(2754 1433 3156)
3(1435 2756 3664)
3(1436 1435 3664)
3(2757 1436 3664)
3(1433 2754 4570)
3(1434 1433 4570)
3(2755 1434 4570)
3(1434 2755 3129)
3(1435 1434 3129)
3(2756 1435 3129)
6(1433 1434 1435 1436 1437 1432)
3(3161 2153 668)
3(3161 668 670)
3(3161 670 2155)
3(3672 1783 224)
3(3672 224 415)
3(3672 415 1933)
3(4579 1932 414)
3(4579 414 668)
3(4579 668 2153)
3(414 1932 3778)
3(415 414 3778)
3(1933 415 3778)
6(224 427 670 668 414 415)
3(4759 2532 1149)
3(4759 1149 1161)
3(4759 1161 2537)
3(3301 2543 1168)
3(3301 1168 1392)
3(3301 1392 2718)
3(4217 2537 1161)
3(4217 1161 1163)
3(4217 1163 2539)
3(3394 2539 1163)
3(3394 1163 1168)
3(3394 1168 2543)
6(1390 1392 1168 1163 1161 1149)
3(376 1902 3654)
3(377 376 3654)
3(1903 377 3654)
3(375 1901 4165)
3(376 375 4165)
3(1902 376 4165)
6(375 376 377 677 678 374)
3(1145 2529 3285)
3(1431 1145 3285)
3(2752 1431 3285)
3(1431 2752 3813)
3(1433 1431 3813)
3(2754 1433 3813)
6(1141 1145 1431 1433 1432 1143)
3(3290 2157 672)
3(3290 672 673)
3(3290 673 2158)
3(3814 2153 668)
3(3814 668 672)
3(3814 672 2157)
6(668 670 671 669 673 672)
3(3959 2530 1146)
3(3959 1146 1152)
3(3959 1152 2534)
3(4459 2534 1152)
3(4459 1152 1161)
3(4459 1161 2537)
6(1142 1148 1149 1161 1152 1146)
3(370 1897 3878)
3(665 370 3878)
3(2150 665 3878)
3(4561 1899 373)
3(4561 373 371)
3(4561 371 664)
3(4561 664 2149)
3(3118 2149 664)
3(3118 664 665)
3(3118 665 2150)
6(370 665 664 371 191 190)
4(371 373 192 191)
3(1583 2890 3885)
3(1593 1583 3885)
3(2897 1593 3885)
3(1435 2756 4569)
3(1596 1435 4569)
3(1595 1596 4569)
3(2898 1595 4569)
3(3128 2890 1583)
3(3128 1583 1595)
3(3128 1595 2898)
4(1156 1582 1594 1199)
6(1582 1596 1595 1583 1593 1594)
5(1156 1436 1435 1596 1582)
3(30 1660 3517)
3(244 30 3517)
3(1797 244 3517)
3(415 1933 4212)
3(421 415 4212)
3(420 421 4212)
3(1937 420 4212)
3(4726 1660 30)
3(4726 30 420)
3(4726 420 1937)
4(221 224 415 421)
6(244 247 221 421 420 30)
3(3524 2254 788)
3(3524 788 791)
3(3524 791 2257)
3(1104 2495 4216)
3(1167 1104 4216)
3(1168 1167 4216)
3(2543 1168 4216)
3(788 2254 3392)
3(1104 788 3392)
3(2495 1104 3392)
3(1393 1388 813)
4(1167 1168 1392 1394)
7(1104 1167 1394 1393 813 791 788)
3(994 2399 3614)
3(995 994 3614)
3(2400 995 3614)
3(1269 2618 3319)
3(1270 1269 3319)
3(2619 1270 3319)
3(995 2400 4808)
3(648 995 4808)
3(1269 648 4808)
3(2618 1269 4808)
5(648 1269 1270 647 646)
5(646 649 994 995 648)
3(3617 1726 143)
3(3617 143 340)
3(3617 340 1874)
3(3327 2315 877)
3(3327 877 1630)
3(3327 1630 1631)
3(3327 1631 2920)
3(3507 1874 340)
3(3507 340 877)
3(3507 877 2315)
7(143 338 875 1629 1630 877 340)
3(1629 1631 1630)
3(4279 2003 494)
3(4279 494 500)
3(4279 500 2009)
3(504 2011 3992)
3(505 504 3992)
3(2012 505 3992)
3(3513 2009 500)
3(3513 500 502)
3(3513 502 505)
3(3513 505 2012)
5(284 285 504 505 502)
5(284 502 500 494 283)
3(3923 2679 1346)
3(3923 1346 1347)
3(3923 1347 2680)
3(1349 2681 2997)
3(1352 1349 2997)
3(2683 1352 2997)
3(1346 2679 3163)
3(1348 1346 3163)
3(1349 1348 3163)
3(2681 1349 3163)
5(1345 1347 1346 1348 1350)
5(1348 1349 1352 1351 1350)
3(3926 2417 1014)
3(3926 1014 1015)
3(3926 1015 2418)
3(3134 2615 1266)
3(3134 1266 1271)
3(3134 1271 2620)
3(4317 2418 1015)
3(4317 1015 1266)
3(4317 1266 2615)
6(986 1271 1266 1015 1014 985)
3(4030 2893 1586)
3(4030 1586 1590)
3(4030 1590 2895)
3(1601 2903 4538)
3(1617 1601 4538)
3(2912 1617 4538)
3(1586 2893 3784)
3(1601 1586 3784)
3(2903 1601 3784)
3(1249 1605 1616)
7(1586 1601 1617 1616 1605 1606 1590)
3(4038 1999 490)
3(4038 490 491)
3(4038 491 2000)
3(3215 2010 503)
3(3215 503 506)
3(3215 506 2013)
3(490 1999 4432)
3(506 490 4432)
3(2013 506 4432)
6(281 491 490 506 503 282)
3(3680 2248 782)
3(3680 782 783)
3(3680 783 2249)
3(4187 2481 1085)
3(4187 1085 1339)
3(4187 1339 2674)
3(4085 2249 783)
3(4085 783 1085)
3(4085 1085 2481)
3(1096 1342 1340)
7(1094 1096 1340 1339 1085 783 782)
3(4628 2398 993)
3(4628 993 997)
3(4628 997 2402)
3(46 1664 4821)
3(52 46 4821)
3(1670 52 4821)
3(52 1670 3069)
3(997 52 3069)
3(2402 997 3069)
6(52 997 993 49 48 46)
3(341 1875 3131)
3(342 341 3131)
3(1876 342 3131)
3(3529 1877 343)
3(3529 343 344)
3(3529 344 1878)
3(342 1876 3506)
3(344 342 3506)
3(1878 344 3506)
6(342 344 343 348 346 341)
3(495 2004 4728)
3(496 495 4728)
3(2005 496 4728)
3(129 1715 4479)
3(137 129 4479)
3(1721 137 4479)
3(3160 1715 129)
3(3160 129 496)
3(3160 496 2005)
6(137 305 304 495 496 129)
3(1335 2670 3396)
3(1338 1335 3396)
3(2673 1338 3396)
3(540 2041 4701)
3(793 540 4701)
3(2259 793 4701)
3(793 2259 3162)
3(1335 793 3162)
3(2670 1335 3162)
6(793 1335 1338 1097 541 540)
3(1012 2415 4364)
3(1013 1012 4364)
3(2416 1013 4364)
3(4550 2150 665)
3(4550 665 667)
3(4550 667 2152)
3(3305 2152 667)
3(3305 667 1013)
3(3305 1013 2416)
6(369 1012 1013 667 665 370)
3(1571 2881 3508)
3(1581 1571 3508)
3(2889 1581 3508)
3(3065 2884 1574)
3(3065 1574 1583)
3(3065 1583 2890)
3(4423 2881 1571)
3(4423 1571 1574)
3(4423 1574 2884)
6(1581 1591 1593 1583 1574 1571)
3(3515 2001 492)
3(3515 492 493)
3(3515 493 2002)
3(30 1660 3705)
3(280 30 3705)
3(1828 280 3705)
3(280 1828 4431)
3(493 280 4431)
3(2002 493 4431)
6(30 280 493 492 249 244)
3(789 2255 3164)
3(1110 789 3164)
3(2501 1110 3164)
3(3336 2254 788)
3(3336 788 1111)
3(3336 1111 2502)
3(1110 2501 4084)
3(1111 1110 4084)
3(2502 1111 4084)
6(788 791 790 789 1110 1111)
3(3343 2400 995)
3(3343 995 996)
3(3343 996 2401)
3(997 2402 4501)
3(998 997 4501)
3(2403 998 4501)
3(4521 2401 996)
3(4521 996 998)
3(4521 998 2403)
6(997 998 996 995 994 993)
3(340 1874 3434)
3(624 340 3434)
3(2113 624 3434)
3(3964 1876 342)
3(3964 342 623)
3(3964 623 2112)
3(4630 2112 623)
3(4630 623 624)
3(4630 624 2113)
6(340 624 623 342 341 143)
3(3439 2008 499)
3(3439 499 500)
3(3439 500 2009)
3(4616 2005 496)
3(4616 496 497)
3(4616 497 2006)
3(3348 2006 497)
3(3348 497 499)
3(3348 499 2008)
6(494 500 499 497 496 495)
3(1337 2672 3103)
3(1346 1337 3103)
3(2679 1346 3103)
3(1335 2670 3594)
3(1336 1335 3594)
3(2671 1336 3594)
3(1336 2671 3013)
3(1337 1336 3013)
3(2672 1337 3013)
6(1335 1336 1337 1346 1347 1338)
3(1015 2418 4257)
3(1016 1015 4257)
3(2419 1016 4257)
3(4762 2416 1013)
3(4762 1013 1017)
3(4762 1017 2420)
3(1016 2419 4273)
3(1017 1016 4273)
3(2420 1017 4273)
6(1014 1015 1016 1017 1013 1012)
3(1573 2883 4720)
3(1586 1573 4720)
3(2893 1586 4720)
3(3252 2880 1570)
3(3252 1570 1571)
3(3252 1571 2881)
3(1570 2880 3404)
3(1573 1570 3404)
3(2883 1573 3404)
6(1573 1586 1590 1581 1571 1570)
3(488 1997 4355)
3(490 488 4355)
3(1999 490 4355)
3(2932 1998 489)
3(2932 489 493)
3(2932 493 2002)
3(4058 1997 488)
3(4058 488 489)
3(4058 489 1998)
6(490 491 492 493 489 488)
3(4360 2247 781)
3(4360 781 783)
3(4360 783 2249)
3(1107 2498 3549)
3(1110 1107 3549)
3(2501 1110 3549)
3(781 2247 4066)
3(1107 781 4066)
3(2498 1107 4066)
6(1107 1110 789 782 783 781)
3(3796 2617 1268)
3(3796 1268 1269)
3(3796 1269 2618)
3(3486 2615 1266)
3(3486 1266 1267)
3(3486 1267 2616)
3(3249 2616 1267)
3(3249 1267 1268)
3(3249 1268 2617)
6(1266 1271 1270 1269 1268 1267)
3(2956 2315 877)
3(2956 877 1620)
3(2956 1620 1621)
3(2956 1621 2915)
3(1601 2903 3963)
3(1603 1601 3963)
3(2905 1603 3963)
3(1603 2905 4362)
3(1621 1603 4362)
3(2915 1621 4362)
3(1630 1620 877)
7(1601 1603 1621 1620 1630 1631 1617)
3(3901 2012 505)
3(3901 505 769)
3(3901 769 2235)
3(506 2013 3590)
3(768 506 3590)
3(2234 768 3590)
3(768 2234 3539)
3(769 768 3539)
3(2235 769 3539)
6(503 506 768 769 505 504)
3(4542 2485 1089)
3(4542 1089 1349)
3(4542 1349 2681)
3(4255 2481 1085)
3(4255 1085 1088)
3(4255 1088 2484)
3(4196 2484 1088)
3(4196 1088 1089)
3(4196 1089 2485)
6(1085 1339 1352 1349 1089 1088)
3(51 1669 4548)
3(52 51 4548)
3(1670 52 4548)
3(3051 1722 138)
3(3051 138 344)
3(3051 344 1878)
3(4761 1669 51)
3(4761 51 138)
3(4761 138 1722)
6(46 343 344 138 51 52)
3(4656 1712 126)
3(4656 126 129)
3(4656 129 1715)
3(4448 2259 793)
3(4448 793 794)
3(4448 794 2260)
3(126 1712 3642)
3(794 126 3642)
3(2260 794 3642)
6(794 793 540 137 129 126)
3(3397 1779 216)
3(3397 216 218)
3(3397 218 1781)
3(3671 1777 214)
3(3671 214 376)
3(3671 376 1902)
3(3307 1776 213)
3(3307 213 214)
3(3307 214 1777)
3(213 1776 3563)
3(218 213 3563)
3(1781 218 3563)
6(218 216 377 376 214 213)
3(1151 2533 3071)
3(1157 1151 3071)
3(2535 1157 3071)
3(1430 2751 3302)
3(1431 1430 3302)
3(2752 1431 3302)
3(1377 2705 2972)
3(1430 1377 2972)
3(2751 1430 2972)
3(1157 2535 3203)
3(1377 1157 3203)
3(2705 1377 3203)
6(1145 1151 1157 1377 1430 1431)
3(215 1778 3306)
3(672 215 3306)
3(2157 672 3306)
3(2980 1780 217)
3(2980 217 218)
3(2980 218 1781)
3(3210 1778 215)
3(3210 215 217)
3(3210 217 1780)
6(672 673 216 218 217 215)
3(1152 2534 3972)
3(1158 1152 3972)
3(2536 1158 3972)
3(3603 2535 1157)
3(3603 1157 1162)
3(3603 1162 2538)
3(1158 2536 3873)
3(1162 1158 3873)
3(2538 1162 3873)
6(1146 1152 1158 1162 1157 1151)
3(372 1898 3402)
3(1258 372 3402)
3(2607 1258 3402)
3(4261 2606 1257)
3(4261 1257 1258)
3(4261 1258 2607)
3(4516 1777 214)
3(4516 214 1257)
3(4516 1257 2606)
6(214 376 375 372 1258 1257)
3(1428 2749 4086)
3(1434 1428 4086)
3(2755 1434 4086)
3(4267 2749 1428)
3(4267 1428 1429)
3(4267 1429 2750)
3(4522 2750 1429)
3(4522 1429 1430)
3(4522 1430 2751)
6(1428 1434 1433 1431 1430 1429)
3(3723 1932 414)
3(3723 414 417)
3(3723 417 1935)
3(4428 1684 90)
3(4428 90 215)
3(4428 215 1778)
3(90 1684 4686)
3(417 90 4686)
3(1935 417 4686)
6(90 417 414 668 672 215)
3(1163 2539 3729)
3(1406 1163 3729)
3(2729 1406 3729)
3(3119 2536 1158)
3(3119 1158 1405)
3(3119 1405 2728)
3(3360 2728 1405)
3(3360 1405 1406)
3(3360 1406 2729)
6(1152 1161 1163 1406 1405 1158)
3(664 2149 3818)
3(972 664 3818)
3(2382 972 3818)
3(972 2382 3233)
3(973 972 3233)
3(1259 973 3233)
3(2608 1259 3233)
3(3498 2607 1258)
3(3498 1258 1259)
3(3498 1259 2608)
4(371 664 972 973)
6(973 1259 1258 372 373 371)
3(3824 2898 1595)
3(3824 1595 1608)
3(3824 1608 2908)
3(1189 2551 3241)
3(1609 1189 3241)
3(1608 1609 3241)
3(2908 1608 3241)
3(3503 2551 1189)
3(3503 1189 1428)
3(3503 1428 2749)
4(1595 1596 1609 1608)
6(1609 1596 1435 1434 1428 1189)
3(418 1936 4465)
3(420 418 4465)
3(1937 420 4465)
3(2979 1934 416)
3(2979 416 417)
3(2979 417 1935)
3(416 1934 3209)
3(419 416 3209)
3(418 419 3209)
3(1936 418 3209)
6(417 416 419 421 415 414)
4(418 420 421 419)
3(1104 2495 4130)
3(1119 1104 4130)
3(2508 1119 4130)
3(4572 2729 1406)
3(4572 1406 1407)
3(4572 1407 2730)
3(1119 2508 4809)
3(1169 1119 4809)
3(1407 1169 4809)
3(2730 1407 4809)
6(1163 1168 1167 1169 1407 1406)
4(1119 1169 1167 1104)
3(4782 2151 666)
3(4782 666 667)
3(4782 667 2152)
3(666 2151 4557)
3(971 666 4557)
3(2381 971 4557)
3(971 2381 4795)
3(972 971 4795)
3(2382 972 4795)
6(665 667 666 971 972 664)
3(4440 2884 1574)
3(4440 1574 1584)
3(4440 1584 2891)
3(4201 2891 1584)
3(4201 1584 1597)
3(4201 1597 2899)
3(4455 2899 1597)
3(4455 1597 1608)
3(4455 1608 2908)
6(1583 1595 1608 1597 1584 1574)
3(4444 1828 280)
3(4444 280 761)
3(4444 761 2227)
3(418 1936 4426)
3(759 418 4426)
3(2225 759 4426)
3(759 2225 3352)
3(761 759 3352)
3(2227 761 3352)
6(420 418 759 761 280 30)
3(1111 2502 4098)
3(1112 1111 4098)
3(2503 1112 4098)
3(1118 2507 4080)
3(1119 1118 4080)
3(2508 1119 4080)
3(1112 2503 4315)
3(1118 1112 4315)
3(2507 1118 4315)
6(788 1111 1112 1118 1119 1104)
3(3047 2395 990)
3(3047 990 996)
3(3047 996 2401)
3(989 2394 3269)
3(1268 989 3269)
3(2617 1268 3269)
3(2961 2394 989)
3(2961 989 988)
3(2961 988 990)
3(2961 990 2395)
5(988 989 1268 1269 648)
5(648 995 996 990 988)
3(3052 2113 624)
3(3052 624 1254)
3(3052 1254 2603)
3(1621 2915 3274)
3(1635 1621 3274)
3(2922 1635 3274)
3(2967 2603 1254)
3(2967 1254 1634)
3(2967 1634 1635)
3(2967 1635 2922)
6(340 877 1620 1634 1254 624)
4(1620 1621 1635 1634)
3(3121 2231 765)
3(3121 765 769)
3(3121 769 2235)
3(498 2007 3361)
3(499 498 3361)
3(2008 499 3361)
3(4547 2007 498)
3(4547 498 501)
3(4547 501 765)
3(4547 765 2231)
5(502 505 769 765 501)
5(498 499 500 502 501)
3(3130 2485 1089)
3(3130 1089 1334)
3(3130 1334 2669)
3(4020 2666 1329)
3(4020 1329 1337)
3(4020 1337 2672)
3(1329 2666 4553)
3(1333 1329 4553)
3(1334 1333 4553)
3(2669 1334 4553)
5(1329 1333 1348 1346 1337)
5(1349 1348 1333 1334 1089)
3(51 1669 3790)
3(149 51 3790)
3(1732 149 3790)
3(362 1889 4235)
3(998 362 4235)
3(2403 998 4235)
3(149 1732 2996)
3(362 149 2996)
3(1889 362 2996)
6(149 362 998 997 52 51)
3(3990 1722 138)
3(3990 138 324)
3(3990 324 1861)
3(4242 2111 622)
3(4242 622 623)
3(4242 623 2112)
3(3620 1861 324)
3(3620 324 622)
3(3620 622 2111)
6(344 342 623 622 324 138)
3(4575 1714 128)
3(4575 128 497)
3(4575 497 2006)
3(4810 1712 126)
3(4810 126 127)
3(4810 127 1713)
3(3259 1713 127)
3(3259 127 128)
3(3259 128 1714)
6(126 129 496 497 128 127)
3(1084 2480 3246)
3(1336 1084 3246)
3(2671 1336 3246)
3(794 2260 3077)
3(795 794 3077)
3(2261 795 3077)
3(795 2261 3263)
3(1084 795 3263)
3(2480 1084 3263)
6(794 795 1084 1336 1335 793)
3(4284 2407 1004)
3(4284 1004 1267)
3(4284 1267 2616)
3(1005 2408 4536)
3(1016 1005 4536)
3(2419 1016 4536)
3(1004 2407 4228)
3(1005 1004 4228)
3(2408 1005 4228)
6(1004 1005 1016 1015 1266 1267)
3(1589 2894 4374)
3(1603 1589 4374)
3(2905 1603 4374)
3(1573 2883 4649)
3(1579 1573 4649)
3(2887 1579 4649)
3(1579 2887 4320)
3(1589 1579 4320)
3(2894 1589 4320)
6(1573 1579 1589 1603 1601 1586)
3(4303 1992 483)
3(4303 483 488)
3(4303 488 1997)
3(764 2230 4562)
3(768 764 4562)
3(2234 768 4562)
3(483 1992 4327)
3(764 483 4327)
3(2230 764 4327)
6(483 764 768 506 490 488)
3(3295 2247 781)
3(3295 781 784)
3(3295 784 2250)
3(4206 2483 1087)
3(4206 1087 1088)
3(4206 1088 2484)
3(3981 2250 784)
3(3981 784 1087)
3(3981 1087 2483)
6(781 783 1085 1088 1087 784)
3(3788 2148 663)
3(3788 663 1017)
3(3788 1017 2420)
3(662 2147 4040)
3(666 662 4040)
3(2151 666 4040)
3(2969 2147 662)
3(2969 662 663)
3(2969 663 2148)
6(666 667 1013 1017 663 662)
3(2945 2880 1570)
3(2945 1570 1572)
3(2945 1572 2882)
3(3174 2886 1576)
3(3174 1576 1584)
3(3174 1584 2891)
3(3399 2882 1572)
3(3399 1572 1576)
3(3399 1576 2886)
6(1570 1571 1574 1584 1576 1572)
3(761 2227 3275)
3(762 761 3275)
3(2228 762 3275)
3(487 1996 3544)
3(489 487 3544)
3(1998 489 3544)
3(3072 1996 487)
3(3072 487 762)
3(3072 762 2228)
6(280 761 762 487 489 493)
3(1109 2500 3283)
3(1112 1109 3283)
3(2503 1112 3283)
3(1107 2498 3546)
3(1108 1107 3546)
3(2499 1108 3546)
3(1108 2499 3075)
3(1109 1108 3075)
3(2500 1109 3075)
6(1108 1109 1112 1111 1110 1107)
3(148 1731 3866)
3(149 148 3866)
3(1732 149 3866)
3(3673 1860 323)
3(3673 323 324)
3(3673 324 1861)
3(3650 1731 148)
3(3650 148 323)
3(3650 323 1860)
6(138 324 323 148 149 51)
3(362 1889 3875)
3(651 362 3875)
3(2137 651 3875)
3(3079 2395 990)
3(3079 990 991)
3(3079 991 2396)
3(651 2137 4265)
3(991 651 4265)
3(2396 991 4265)
6(362 651 991 990 996 998)
3(3510 2111 622)
3(3510 622 969)
3(3510 969 2379)
3(1254 2603 4031)
3(1255 1254 4031)
3(2604 1255 4031)
3(3914 2379 969)
3(3914 969 1255)
3(3914 1255 2604)
6(623 624 1254 1255 969 622)
3(4722 2407 1004)
3(4722 1004 1551)
3(4722 1551 2863)
3(989 2394 4424)
3(1550 989 4424)
3(2862 1550 4424)
3(1550 2862 3960)
3(1551 1550 3960)
3(2863 1551 3960)
6(989 1550 1551 1004 1267 1268)
3(1589 2894 3388)
3(1602 1589 3388)
3(2904 1602 3388)
3(1619 2914 4433)
3(1635 1619 4433)
3(2922 1635 4433)
3(1602 2904 4615)
3(1619 1602 4615)
3(2914 1619 4615)
6(1589 1602 1619 1635 1621 1603)
3(4070 2148 663)
3(4070 663 1274)
3(4070 1274 2623)
3(1005 2408 4565)
3(1275 1005 4565)
3(2624 1275 4565)
3(3011 2623 1274)
3(3011 1274 1275)
3(3011 1275 2624)
6(663 1017 1016 1005 1275 1274)
3(1572 2882 4075)
3(1575 1572 4075)
3(2885 1575 4075)
3(3240 2887 1579)
3(3240 1579 1580)
3(3240 1580 2888)
3(1575 2885 3021)
3(1580 1575 3021)
3(2888 1580 3021)
6(1570 1572 1575 1580 1579 1573)
3(970 2380 3447)
3(971 970 3447)
3(2381 971 3447)
3(3435 2138 652)
3(3435 652 662)
3(3435 662 2147)
3(652 2138 4174)
3(970 652 4174)
3(2380 970 4174)
5(970 971 666 662 652)
3(1597 2899 3452)
3(1599 1597 3452)
3(2901 1599 3452)
3(3443 2886 1576)
3(3443 1576 1585)
3(3443 1585 2892)
3(4805 2892 1585)
3(4805 1585 1599)
3(4805 1599 2901)
5(1576 1584 1597 1599 1585)
3(1256 2605 3557)
3(1259 1256 3557)
3(2608 1259 3557)
3(970 2380 4023)
3(978 970 4023)
3(2385 978 4023)
3(978 2385 4530)
3(977 978 4530)
3(1256 977 4530)
3(2605 1256 4530)
6(970 978 977 973 972 971)
4(977 1256 1259 973)
3(3561 2540 1164)
3(3561 1164 1189)
3(3561 1189 2551)
3(4029 2901 1599)
3(4029 1599 1613)
3(4029 1613 2910)
3(1164 2540 3211)
3(1612 1164 3211)
3(1613 1612 3211)
3(2910 1613 3211)
6(1608 1609 1612 1613 1599 1597)
4(1164 1612 1609 1189)
3(4221 2606 1257)
3(4221 1257 1265)
3(4221 1265 2614)
3(1256 2605 2986)
3(1263 1256 2986)
3(2612 1263 2986)
3(1263 2612 3469)
3(1265 1263 3469)
3(2614 1265 3469)
6(1256 1263 1265 1257 1258 1259)
3(3208 2704 1376)
3(3208 1376 1429)
3(3208 1429 2750)
3(4583 2540 1164)
3(4583 1164 1165)
3(4583 1165 2541)
3(3135 2541 1165)
3(3135 1165 1376)
3(3135 1376 2704)
6(1164 1189 1428 1429 1376 1165)
3(3872 1776 213)
3(3872 213 367)
3(3872 367 1894)
3(3514 2613 1264)
3(3514 1264 1265)
3(3514 1265 2614)
3(4035 1894 367)
3(4035 367 1264)
3(4035 1264 2613)
6(213 214 1257 1265 1264 367)
3(1377 2705 3314)
3(1381 1377 3314)
3(2709 1381 3314)
3(2988 2704 1376)
3(2988 1376 1379)
3(2988 1379 2707)
3(3473 2707 1379)
3(3473 1379 1381)
3(3473 1381 2709)
6(1429 1430 1377 1381 1379 1376)
3(3982 1780 217)
3(3982 217 364)
3(3982 364 1891)
3(367 1894 3883)
3(368 367 3883)
3(1895 368 3883)
3(4143 1891 364)
3(4143 364 368)
3(4143 368 1895)
6(367 368 364 217 218 213)
3(1162 2538 4631)
3(1166 1162 4631)
3(2542 1166 4631)
3(1380 2708 3892)
3(1381 1380 3892)
3(2709 1381 3892)
3(1166 2542 4777)
3(1380 1166 4777)
3(2708 1380 4777)
6(1162 1166 1380 1381 1377 1157)
3(3608 1684 90)
3(3608 90 91)
3(3608 91 1685)
3(3031 1685 91)
3(3031 91 363)
3(3031 363 1890)
3(3523 1890 363)
3(3523 363 364)
3(3523 364 1891)
6(215 217 364 363 91 90)
3(4731 2727 1404)
3(4731 1404 1405)
3(4731 1405 2728)
3(3462 2544 1170)
3(3462 1170 1404)
3(3462 1404 2727)
3(3994 2542 1166)
3(3994 1166 1170)
3(3994 1170 2544)
6(1405 1404 1170 1166 1162 1158)
3(3736 1934 416)
3(3736 416 524)
3(3736 524 2027)
3(3674 2027 524)
3(3674 524 525)
3(3674 525 2028)
3(91 1685 4806)
3(525 91 4806)
3(2028 525 4806)
6(91 525 524 416 417 90)
3(4367 2726 1403)
3(4367 1403 1407)
3(4367 1407 2730)
3(4312 2725 1402)
3(4312 1402 1403)
3(4312 1403 2726)
3(1402 2725 4814)
3(1404 1402 4814)
3(2727 1404 4814)
6(1404 1405 1406 1407 1403 1402)
3(4018 2225 759)
3(4018 759 760)
3(4018 760 2226)
3(522 2026 4510)
3(760 522 4510)
3(2226 760 4510)
3(3718 2026 522)
3(3718 522 523)
3(3718 523 524)
3(3718 524 2027)
4(524 523 419 416)
6(418 419 523 522 760 759)
3(4469 2505 1116)
3(4469 1116 1118)
3(4469 1118 2507)
3(1116 2505 3655)
3(1117 1116 3655)
3(2506 1117 3655)
3(1117 2506 4170)
3(1173 1117 4170)
3(1403 1173 4170)
3(2726 1403 4170)
4(1169 1173 1403 1407)
6(1117 1173 1169 1119 1118 1116)
3(4654 2228 762)
3(4654 762 763)
3(4654 763 2229)
3(760 2226 3389)
3(763 760 3389)
3(2229 763 3389)
5(760 763 762 761 759)
3(3626 2497 1106)
3(3626 1106 1109)
3(3626 1109 2500)
3(1106 2497 3067)
3(1116 1106 3067)
3(2505 1116 3067)
5(1116 1118 1112 1109 1106)
3(4036 1994 485)
3(4036 485 487)
3(4036 487 1996)
3(482 1991 4543)
3(483 482 4543)
3(1992 483 4543)
3(2989 1991 482)
3(2989 482 485)
3(2989 485 1994)
6(482 483 488 489 487 485)
3(1105 2496 3475)
3(1108 1105 3475)
3(2499 1108 3475)
3(784 2250 4657)
3(785 784 4657)
3(2251 785 4657)
3(785 2251 4385)
3(1105 785 4385)
3(2496 1105 4385)
6(784 785 1105 1108 1107 781)
3(764 2230 4386)
3(767 764 4386)
3(2233 767 4386)
3(4111 2231 765)
3(4111 765 766)
3(4111 766 2232)
3(3616 2232 766)
3(3616 766 767)
3(3616 767 2233)
6(764 767 766 765 769 768)
3(1086 2482 4041)
3(1087 1086 4041)
3(2483 1087 4041)
3(3106 2668 1332)
3(3106 1332 1334)
3(3106 1334 2669)
3(3257 2482 1086)
3(3257 1086 1332)
3(3257 1332 2668)
6(1086 1087 1088 1089 1334 1332)
3(2991 1714 128)
3(2991 128 133)
3(2991 133 1719)
3(3479 1718 132)
3(3479 132 498)
3(3479 498 2007)
3(132 1718 4700)
3(133 132 4700)
3(1719 133 4700)
6(128 497 499 498 132 133)
3(3431 2479 1083)
3(3431 1083 1084)
3(3431 1084 2480)
3(1328 2665 3950)
3(1329 1328 3950)
3(2666 1329 3950)
3(1083 2479 3183)
3(1328 1083 3183)
3(2665 1328 3183)
6(1328 1329 1337 1336 1084 1083)
3(4150 1710 124)
3(4150 124 127)
3(4150 127 1713)
3(548 2049 4594)
3(795 548 4594)
3(2261 795 4594)
3(124 1710 4767)
3(548 124 4767)
3(2049 548 4767)
6(124 548 795 794 126 127)
3(3797 2138 652)
3(3797 652 653)
3(3797 653 2139)
3(3976 2621 1272)
3(3976 1272 1274)
3(3976 1274 2623)
3(3045 2139 653)
3(3045 653 1272)
3(3045 1272 2621)
6(662 663 1274 1272 653 652)
3(1585 2892 3426)
3(1600 1585 3426)
3(2902 1600 3426)
3(2983 2885 1575)
3(2983 1575 1598)
3(2983 1598 2900)
3(4648 2900 1598)
3(4648 1598 1600)
3(4648 1600 2902)
6(1572 1576 1585 1600 1598 1575)
3(3903 1995 486)
3(3903 486 763)
3(3903 763 2229)
3(484 1993 4089)
3(485 484 4089)
3(1994 485 4089)
3(3142 1993 484)
3(3142 484 486)
3(3142 486 1995)
6(484 485 487 762 763 486)
3(3535 2497 1106)
3(3535 1106 1399)
3(3535 1399 2722)
3(1105 2496 3084)
3(1401 1105 3084)
3(2724 1401 3084)
3(4741 2722 1399)
3(4741 1399 1401)
3(4741 1401 2724)
6(1401 1399 1106 1109 1108 1105)
3(4016 2861 1549)
3(4016 1549 1551)
3(4016 1551 2863)
3(3200 2624 1275)
3(3200 1275 1481)
3(3200 1481 2800)
3(3938 2800 1481)
3(3938 1481 1549)
3(3938 1549 2861)
6(1551 1549 1481 1275 1005 1004)
3(4672 2904 1602)
3(4672 1602 1618)
3(4672 1618 2913)
3(1580 2888 3202)
3(1604 1580 3202)
3(2906 1604 3202)
3(1604 2906 3944)
3(1618 1604 3944)
3(2913 1618 3944)
6(1580 1604 1618 1602 1589 1579)
3(480 1989 4306)
3(767 480 4306)
3(2233 767 4306)
3(4800 1990 481)
3(4800 481 482)
3(4800 482 1991)
3(3575 1989 480)
3(3575 480 481)
3(3575 481 1990)
6(480 767 764 483 482 481)
3(4766 2253 787)
3(4766 787 1086)
3(4766 1086 2482)
3(3310 2251 785)
3(3310 785 786)
3(3310 786 2252)
3(4062 2252 786)
3(4062 786 787)
3(4062 787 2253)
6(784 1087 1086 787 786 785)
3(3018 1730 147)
3(3018 147 148)
3(3018 148 1731)
3(650 2136 2975)
3(651 650 2975)
3(2137 651 2975)
3(147 1730 4637)
3(650 147 4637)
3(2136 650 4637)
6(650 651 362 149 148 147)
3(3194 1860 323)
3(3194 323 567)
3(3194 567 2067)
3(2982 2378 968)
3(2982 968 969)
3(2982 969 2379)
3(4647 2067 567)
3(4647 567 968)
3(4647 968 2378)
6(324 622 969 968 567 323)
3(3855 1710 124)
3(3855 124 131)
3(3855 131 1717)
3(133 1719 3605)
3(134 133 3605)
3(1720 134 3605)
3(3315 1717 131)
3(3315 131 134)
3(3315 134 1720)
6(127 128 133 134 131 124)
3(548 2049 3492)
3(549 548 3492)
3(2050 549 3492)
3(547 2048 3728)
3(1083 547 3728)
3(2479 1083 3728)
3(4739 2048 547)
3(4739 547 549)
3(4739 549 2050)
6(547 1083 1084 795 548 549)
3(1548 2860 3499)
3(1550 1548 3499)
3(2862 1550 3499)
3(991 2396 3199)
3(992 991 3199)
3(2397 992 3199)
3(992 2397 3935)
3(987 992 3935)
3(1548 987 3935)
3(2860 1548 3935)
5(987 1548 1550 989 988)
5(988 990 991 992 987)
3(1619 2914 3150)
3(1633 1619 3150)
3(2921 1633 3150)
3(4796 2604 1255)
3(4796 1255 1545)
3(4796 1545 2857)
3(3569 2857 1545)
3(3569 1545 1632)
3(3569 1632 1633)
3(3569 1633 2921)
5(1634 1632 1545 1255 1254)
5(1633 1632 1634 1635 1619)
3(3158 2038 537)
3(3158 537 766)
3(3158 766 2232)
3(4799 1718 132)
3(4799 132 535)
3(4799 535 2037)
3(3571 2037 535)
3(3571 535 536)
3(3571 536 537)
3(3571 537 2038)
5(501 765 766 537 536)
5(498 501 536 535 132)
3(1331 2667 3235)
3(1332 1331 3235)
3(2668 1332 3235)
3(2971 2664 1327)
3(2971 1327 1328)
3(2971 1328 2665)
3(1327 2664 3686)
3(1330 1327 3686)
3(1331 1330 3686)
3(2667 1331 3686)
5(1327 1330 1333 1329 1328)
5(1330 1331 1332 1334 1333)
3(976 2384 4236)
3(978 976 4236)
3(2385 978 4236)
3(2974 2116 627)
3(2974 627 653)
3(2974 653 2139)
3(627 2116 3692)
3(976 627 3692)
3(2384 976 3692)
6(627 976 978 970 652 653)
3(1613 2910 2947)
3(1628 1613 2947)
3(2919 1628 2947)
3(3600 2902 1600)
3(3600 1600 1614)
3(3600 1614 2911)
3(4336 2911 1614)
3(4336 1614 1628)
3(4336 1628 2919)
6(1599 1613 1628 1614 1600 1585)
3(3891 2024 519)
3(3891 519 522)
3(3891 522 2026)
3(123 1709 4576)
3(486 123 4576)
3(1995 486 4576)
3(3989 1709 123)
3(3989 123 519)
3(3989 519 2024)
6(486 763 760 522 519 123)
3(792 2258 3042)
3(1117 792 3042)
3(2506 1117 3042)
3(3726 2720 1397)
3(3726 1397 1399)
3(3726 1399 2722)
3(4446 2258 792)
3(4446 792 1397)
3(4446 1397 2720)
6(792 1117 1116 1106 1399 1397)
3(1261 2610 3991)
3(1263 1261 3991)
3(2612 1263 3991)
3(2951 2383 974)
3(2951 974 975)
3(2951 975 976)
3(2951 976 2384)
3(974 2383 4603)
3(1261 974 4603)
3(2610 1261 4603)
4(977 978 976 975)
6(974 1261 1263 1256 977 975)
3(1165 2541 4650)
3(1371 1165 4650)
3(2699 1371 4650)
3(1373 2701 3568)
3(1627 1373 3568)
3(1628 1627 3568)
3(2919 1628 3568)
3(1371 2699 3267)
3(1373 1371 3267)
3(2701 1373 3267)
4(1612 1627 1628 1613)
6(1165 1371 1373 1627 1612 1164)
3(4277 2025 521)
3(4277 521 525)
3(4277 525 2028)
3(518 2023 3214)
3(520 518 3214)
3(519 520 3214)
3(2024 519 3214)
3(4250 2023 518)
3(4250 518 521)
3(4250 521 2025)
6(520 523 524 525 521 518)
4(522 523 520 519)
3(1177 2547 4743)
3(1402 1177 4743)
3(2725 1402 4743)
3(792 2258 3685)
3(1181 792 3685)
3(1180 1181 3685)
3(2548 1180 3685)
3(3376 2547 1177)
3(3376 1177 1180)
3(3376 1180 2548)
6(1181 1180 1177 1402 1403 1173)
4(792 1181 1173 1117)
3(1262 2611 3413)
3(1264 1262 3413)
3(2613 1264 3413)
3(1260 2609 4331)
3(1262 1260 4331)
3(2611 1262 4331)
3(4831 2609 1260)
3(4831 1260 1261)
3(4831 1261 2610)
6(1262 1264 1265 1263 1261 1260)
3(4381 2706 1378)
3(4381 1378 1379)
3(4381 1379 2707)
3(3321 2700 1372)
3(3321 1372 1378)
3(3321 1378 2706)
3(4477 2699 1371)
3(4477 1371 1372)
3(4477 1372 2700)
6(1165 1376 1379 1378 1372 1371)
3(363 1890 3090)
3(528 363 3090)
3(2031 528 3090)
3(3987 2030 527)
3(3987 527 528)
3(3987 528 2031)
3(4486 2025 521)
3(4486 521 527)
3(4486 527 2030)
6(363 528 527 521 525 91)
3(4482 2544 1170)
3(4482 1170 1171)
3(4482 1171 2545)
3(3425 2545 1171)
3(3425 1171 1172)
3(3425 1172 2546)
3(4593 2546 1172)
3(4593 1172 1177)
3(4593 1177 2547)
6(1170 1404 1402 1177 1172 1171)
3(366 1893 2948)
3(368 366 2948)
3(1895 368 2948)
3(3565 1892 365)
3(3565 365 1262)
3(3565 1262 2611)
3(365 1892 4600)
3(366 365 4600)
3(1893 366 4600)
6(365 366 368 367 1264 1262)
3(1380 2708 2950)
3(1556 1380 2950)
3(2868 1556 2950)
3(3567 2706 1378)
3(3567 1378 1559)
3(3567 1559 2871)
3(1556 2868 3266)
3(1559 1556 3266)
3(2871 1559 3266)
6(1379 1381 1380 1556 1559 1378)
3(3212 2031 528)
3(3212 528 529)
3(3212 529 2032)
3(366 1893 3996)
3(529 366 3996)
3(2032 529 3996)
6(364 368 366 529 528 363)
3(1171 2545 3218)
3(1560 1171 3218)
3(2872 1560 3218)
3(4655 2868 1556)
3(4655 1556 1560)
3(4655 1560 2872)
6(1166 1170 1171 1560 1556 1380)
3(45 1663 3387)
3(147 45 3387)
3(1730 147 3387)
3(3860 2066 566)
3(3860 566 567)
3(3860 567 2067)
3(4107 1663 45)
3(4107 45 566)
3(4107 566 2066)
6(45 147 148 323 567 566)
3(4503 1716 130)
3(4503 130 131)
3(4503 131 1717)
3(125 1711 4305)
3(549 125 4305)
3(2050 549 4305)
3(4746 1711 125)
3(4746 125 130)
3(4746 130 1716)
6(124 131 130 125 549 548)
3(1547 2859 3958)
3(1549 1547 3958)
3(2861 1549 3958)
3(4458 2858 1546)
3(4458 1546 1548)
3(4458 1548 2860)
3(1546 2858 3437)
3(1547 1546 3437)
3(2859 1547 3437)
6(1546 1547 1549 1551 1550 1548)
3(1618 2913 3967)
3(1638 1618 3967)
3(2923 1638 3967)
3(3157 2921 1633)
3(3157 1633 1643)
3(3157 1643 2925)
3(1638 2923 4110)
3(1643 1638 4110)
3(2925 1643 4110)
6(1618 1638 1643 1633 1619 1602)
3(3110 1838 294)
3(3110 294 480)
3(3110 480 1989)
3(532 2035 3601)
3(537 532 3601)
3(2038 537 3601)
3(294 1838 4556)
3(532 294 4556)
3(2035 532 4556)
6(294 532 537 766 767 480)
3(550 2051 4077)
3(787 550 4077)
3(2253 787 4077)
3(3242 2047 546)
3(3242 546 1331)
3(3242 1331 2667)
3(546 2047 4198)
3(550 546 4198)
3(2051 550 4198)
6(550 787 1086 1332 1331 546)
3(4489 2621 1272)
3(4489 1272 1273)
3(4489 1273 2622)
3(4199 2798 1479)
3(4199 1479 1481)
3(4199 1481 2800)
3(4643 2622 1273)
3(4643 1273 1479)
3(4643 1479 2798)
6(1272 1274 1275 1481 1479 1273)
3(1598 2900 4147)
3(1610 1598 4147)
3(2909 1610 4147)
3(3191 2906 1604)
3(3191 1604 1622)
3(3191 1622 2916)
3(1610 2909 3618)
3(1622 1610 3618)
3(2916 1622 3618)
6(1575 1598 1610 1622 1604 1580)
3(4604 1827 279)
3(4604 279 484)
3(4604 484 1993)
3(278 1826 4299)
3(481 278 4299)
3(1990 481 4299)
3(4738 1826 278)
3(4738 278 279)
3(4738 279 1827)
6(481 482 485 484 279 278)
3(1400 2723 4244)
3(1401 1400 4244)
3(2724 1401 4244)
3(3947 2053 552)
3(3947 552 786)
3(3947 786 2252)
3(552 2053 3744)
3(1400 552 3744)
3(2723 1400 3744)
6(1400 1401 1105 785 786 552)
3(650 2136 4252)
3(1313 650 4252)
3(2653 1313 4252)
3(3954 2397 992)
3(3954 992 1309)
3(3954 1309 2649)
3(4379 2649 1309)
3(4379 1309 1313)
3(4379 1313 2653)
6(1313 1309 992 991 651 650)
3(2958 2378 968)
3(2958 968 1251)
3(2958 1251 2600)
3(4611 2856 1544)
3(4611 1544 1545)
3(4611 1545 2857)
3(4383 2600 1251)
3(4383 1251 1544)
3(4383 1544 2856)
6(969 1255 1545 1544 1251 968)
3(4346 1720 134)
3(4346 134 771)
3(4346 771 2237)
3(535 2037 4073)
3(770 535 4073)
3(2236 770 4073)
3(770 2236 4478)
3(771 770 4478)
3(2237 771 4478)
6(535 770 771 134 133 132)
3(3053 1859 322)
3(3053 322 547)
3(3053 547 2048)
3(545 2046 4713)
3(1327 545 4713)
3(2664 1327 4713)
3(322 1859 4488)
3(545 322 4488)
3(2046 545 4488)
6(545 1327 1328 1083 547 322)
3(3712 2116 627)
3(3712 627 628)
3(3712 628 2117)
3(3124 2404 999)
3(3124 999 1273)
3(3124 1273 2622)
3(3320 2117 628)
3(3320 628 999)
3(3320 999 2404)
6(627 653 1272 1273 999 628)
3(1614 2911 4354)
3(1626 1614 4354)
3(2918 1626 4354)
3(3132 2909 1610)
3(3132 1610 1624)
3(3132 1624 2917)
3(3328 2917 1624)
3(3328 1624 1626)
3(3328 1626 2918)
6(1598 1600 1614 1626 1624 1610)
3(123 1709 3810)
3(290 123 3810)
3(1835 290 3810)
3(3205 1827 279)
3(3205 279 293)
3(3205 293 1837)
3(290 1835 3424)
3(293 290 3424)
3(1837 293 3424)
6(123 290 293 279 484 486)
3(1396 2719 4456)
3(1397 1396 4456)
3(2720 1397 4456)
3(3213 2721 1398)
3(3213 1398 1400)
3(3213 1400 2723)
3(3432 2719 1396)
3(3432 1396 1398)
3(3432 1398 2721)
6(1396 1397 1399 1401 1400 1398)
3(45 1663 4427)
3(475 45 4427)
3(1985 475 4427)
3(1312 2652 3880)
3(1313 1312 3880)
3(2653 1313 3880)
3(475 1985 4106)
3(1312 475 4106)
3(2652 1312 4106)
6(475 1312 1313 650 147 45)
3(3602 2066 566)
3(3602 566 568)
3(3602 568 2068)
3(3511 2599 1250)
3(3511 1250 1251)
3(3511 1251 2600)
3(3098 2068 568)
3(3098 568 1250)
3(3098 1250 2599)
6(567 968 1251 1250 568 566)
3(4263 1716 130)
3(4263 130 300)
3(4263 300 1841)
3(771 2237 3516)
3(772 771 3516)
3(2238 772 3516)
3(3747 1841 300)
3(3747 300 772)
3(3747 772 2238)
6(130 131 134 771 772 300)
3(125 1711 3917)
3(139 125 3917)
3(1723 139 3917)
3(140 1724 3607)
3(322 140 3607)
3(1859 322 3607)
3(139 1723 3840)
3(140 139 3840)
3(1724 140 3840)
6(139 140 322 547 549 125)
3(1478 2797 4566)
3(1479 1478 4566)
3(2798 1479 4566)
3(3612 2799 1480)
3(3612 1480 1547)
3(3612 1547 2859)
3(3847 2797 1478)
3(3847 1478 1480)
3(3847 1480 2799)
6(1478 1479 1481 1549 1547 1480)
3(1622 2916 4571)
3(1641 1622 4571)
3(2924 1641 4571)
3(1538 2851 4271)
3(1637 1538 4271)
3(1638 1637 4271)
3(2923 1638 4271)
3(4484 2851 1538)
3(4484 1538 1639)
3(4484 1639 1641)
3(4484 1641 2924)
7(1604 1622 1641 1639 1637 1638 1618)
3(1538 1637 1639)
3(278 1826 4213)
3(1079 278 4213)
3(2475 1079 4213)
3(3258 1838 294)
3(3258 294 295)
3(3258 295 1072)
3(3258 1072 2470)
3(3480 2470 1072)
3(3480 1072 1077)
3(3480 1077 1079)
3(3480 1079 2475)
7(1079 1077 295 294 480 481 278)
3(1077 1072 295)
3(551 2052 4677)
3(552 551 4677)
3(2053 552 4677)
3(550 2051 4370)
3(926 550 4370)
3(925 926 4370)
3(2352 925 4370)
3(4599 2052 551)
3(4599 551 924)
3(4599 924 925)
3(4599 925 2352)
7(550 926 924 551 552 786 787)
3(924 926 925)
3(1309 2649 4311)
3(1310 1309 4311)
3(2650 1310 4311)
3(1276 2625 4811)
3(1546 1276 4811)
3(2858 1546 4811)
3(3584 2625 1276)
3(3584 1276 758)
3(3584 758 1310)
3(3584 1310 2650)
5(758 1276 1546 1548 987)
5(987 992 1309 1310 758)
3(1542 2854 4314)
3(1544 1542 4314)
3(2856 1544 4314)
3(3509 2855 1543)
3(3509 1543 1642)
3(3509 1642 1643)
3(3509 1643 2925)
3(4249 2854 1542)
3(4249 1542 1543)
3(4249 1543 2855)
6(1542 1544 1545 1632 1642 1543)
4(1632 1633 1643 1642)
3(3969 2236 770)
3(3969 770 775)
3(3969 775 2241)
3(532 2035 4467)
3(534 532 4467)
3(2036 534 4467)
3(534 2036 3896)
3(533 534 3896)
3(775 533 3896)
3(2241 775 3896)
5(532 534 533 536 537)
5(533 775 770 535 536)
3(545 2046 4429)
3(904 545 4429)
3(2340 904 4429)
3(3606 2047 546)
3(3606 546 906)
3(3606 906 2341)
3(904 2340 4341)
3(905 904 4341)
3(906 905 4341)
3(2341 906 4341)
5(904 905 1330 1327 545)
5(1331 1330 905 906 546)
3(635 2123 4342)
3(974 635 4342)
3(2383 974 4342)
3(628 2117 3611)
3(629 628 3611)
3(2118 629 3611)
3(629 2118 3050)
3(353 629 3050)
3(635 353 3050)
3(2123 635 3050)
6(353 975 976 627 628 629)
4(635 974 975 353)
3(1373 2701 3998)
3(1374 1373 3998)
3(2702 1374 3998)
3(1229 2582 3254)
3(1625 1229 3254)
3(1626 1625 3254)
3(2918 1626 3254)
3(4003 2582 1229)
3(4003 1229 1179)
3(4003 1179 1374)
3(4003 1374 2702)
6(1625 1626 1614 1628 1627 1611)
5(1179 1611 1627 1373 1374)
4(1229 1625 1611 1179)
3(4004 2022 517)
3(4004 517 518)
3(4004 518 2023)
3(3921 1835 290)
3(3921 290 289)
3(3921 289 512)
3(3921 512 2019)
3(4660 2019 512)
3(4660 512 516)
3(4660 516 517)
3(4660 517 2022)
5(520 518 517 516 122)
6(289 290 123 519 520 122)
4(122 516 512 289)
3(4108 2548 1180)
3(4108 1180 1187)
3(4108 1187 2550)
3(3362 2504 1113)
3(3362 1113 940)
3(3362 940 1396)
3(3362 1396 2719)
3(1113 2504 4114)
3(4114 1113 1115)
3(1188 1115 4114)
3(1187 1188 4114)
3(2550 1187 4114)
4(1180 1181 1188 1187)
7(1397 1396 940 1115 1188 1181 792)
3(940 1113 1115)
3(3576 2121 633)
3(3576 633 1260)
3(3576 1260 2609)
3(189 1759 4115)
3(365 189 4115)
3(1892 365 4115)
3(4752 1792 237)
3(4752 237 633)
3(4752 633 2121)
3(3284 1759 189)
3(3284 189 237)
3(3284 237 1792)
6(189 365 1262 1260 633 237)
3(1370 2698 3219)
3(1372 1370 3219)
3(2700 1372 3219)
3(3754 2870 1558)
3(3754 1558 1559)
3(3754 1559 2871)
3(1367 2696 4388)
3(1370 1367 4388)
3(2698 1370 4388)
3(2964 2696 1367)
3(2964 1367 1558)
3(2964 1558 2870)
6(1370 1372 1378 1559 1558 1367)
3(3224 2030 527)
3(3224 527 531)
3(3224 531 2034)
3(3482 2029 526)
3(3482 526 529)
3(3482 529 2032)
3(530 2033 4398)
3(531 530 4398)
3(2034 531 4398)
3(526 2029 3582)
3(530 526 3582)
3(2033 530 3582)
6(526 530 531 527 528 529)
3(1172 2546 3697)
3(1650 1172 3697)
3(2930 1650 3697)
3(4602 2872 1560)
3(4602 1560 1561)
3(4602 1561 2873)
3(1650 2930 4838)
3(1651 1650 4838)
3(2931 1651 4838)
3(4068 2873 1561)
3(4068 1561 1651)
3(4068 1651 2931)
6(1171 1172 1650 1651 1561 1560)
3(3466 2122 634)
3(3466 634 635)
3(3466 635 2123)
3(3997 2121 633)
3(3997 633 634)
3(3997 634 2122)
6(1260 1261 974 635 634 633)
3(3470 2702 1374)
3(3470 1374 1375)
3(3470 1375 2703)
3(1370 2698 4002)
3(1375 1370 4002)
3(2703 1375 4002)
6(1375 1374 1373 1371 1372 1370)
3(515 2021 3136)
3(517 515 3136)
3(2022 517 3136)
3(3625 2021 515)
3(3625 515 531)
3(3625 531 2034)
6(515 517 518 521 527 531)
3(1187 2550 3572)
3(1647 1187 3572)
3(2928 1647 3572)
3(1647 2928 4747)
3(1650 1647 4747)
3(2930 1650 4747)
6(1172 1177 1180 1187 1647 1650)
3(189 1759 4751)
3(228 189 4751)
3(1785 228 4751)
3(228 1785 3060)
3(526 228 3060)
3(2029 526 3060)
6(228 526 529 366 365 189)
3(1557 2869 4387)
3(1558 1557 4387)
3(2870 1558 4387)
3(4663 2869 1557)
3(4663 1557 1561)
3(4663 1561 2873)
6(1560 1561 1557 1558 1559 1556)
3(4845 1985 475)
3(4845 475 476)
3(4845 476 1986)
3(4673 1814 266)
3(4673 266 568)
3(4673 568 2068)
3(266 1814 3325)
3(476 266 3325)
3(1986 476 3325)
6(45 566 568 266 476 475)
3(300 1841 4308)
3(899 300 4308)
3(2335 899 4308)
3(4760 1723 139)
3(4760 139 897)
3(4760 897 2334)
3(4290 2334 897)
3(4290 897 899)
3(4290 899 2335)
6(125 130 300 899 897 139)
3(3548 2404 999)
3(3548 999 1002)
3(3548 1002 1003)
3(3548 1003 2406)
3(3248 2405 1001)
3(3248 1001 1000)
3(3248 1000 1478)
3(3248 1478 2797)
3(1001 2405 3430)
3(1003 1001 3430)
3(2406 1003 3430)
6(1273 1479 1478 1000 1002 999)
4(1000 1001 1003 1002)
3(3190 2581 1228)
3(3190 1228 1623)
3(3190 1623 1624)
3(3190 1624 2917)
3(1202 2562 4848)
3(1640 1202 4848)
3(1641 1640 4848)
3(2924 1641 4848)
3(4402 2562 1202)
3(4402 1202 1228)
3(4402 1228 2581)
6(1610 1624 1623 1640 1641 1622)
4(1640 1623 1228 1202)
3(3852 1836 291)
3(3852 291 292)
3(3852 292 293)
3(3852 293 1837)
3(1075 2473 2934)
3(1078 1075 2934)
3(1079 1078 2934)
3(2475 1079 2934)
3(291 1836 3096)
3(1075 291 3096)
3(2473 1075 3096)
6(278 279 293 292 1078 1079)
4(1075 1078 292 291)
3(936 2355 3859)
3(935 936 3859)
3(1398 935 3859)
3(2721 1398 3859)
3(551 2052 3551)
3(927 551 3551)
3(928 927 3551)
3(2353 928 3551)
3(928 2353 3100)
3(936 928 3100)
3(2355 936 3100)
6(927 935 1398 1400 552 551)
4(927 928 936 935)
3(3957 2648 1308)
3(3957 1308 1312)
3(3957 1312 2652)
3(3028 2650 1310)
3(3028 1310 1311)
3(3028 1311 2651)
3(1308 2648 3186)
3(1311 1308 3186)
3(2651 1311 3186)
6(1308 1311 1310 1309 1313 1312)
3(3965 2599 1250)
3(3965 1250 1252)
3(3965 1252 2601)
3(3663 2602 1253)
3(3663 1253 1542)
3(3663 1542 2854)
3(3189 2601 1252)
3(3189 1252 1253)
3(3189 1253 2602)
6(1250 1251 1544 1542 1253 1252)
3(3591 2238 772)
3(3591 772 773)
3(3591 773 2239)
3(3294 2240 774)
3(3294 774 775)
3(3294 775 2241)
3(4789 2239 773)
3(4789 773 774)
3(4789 774 2240)
6(770 775 774 773 772 771)
3(140 1724 3595)
3(141 140 3595)
3(1725 141 3595)
3(903 2339 3300)
3(904 903 3300)
3(2340 904 3300)
3(141 1725 3478)
3(903 141 3478)
3(2339 903 3478)
6(140 141 903 904 545 322)
3(1278 2626 3713)
3(1277 1278 3713)
3(1480 1277 3713)
3(2799 1480 3713)
3(1276 2625 4215)
3(1279 1276 4215)
3(1280 1279 4215)
3(2627 1280 4215)
3(2966 2626 1278)
3(2966 1278 1280)
3(2966 1280 2627)
6(1276 1279 1277 1480 1547 1546)
4(1279 1280 1278 1277)
3(1538 2851 4353)
3(1540 1538 4353)
3(2852 1540 4353)
3(1541 2853 4847)
3(1539 1541 4847)
3(1543 1539 4847)
3(2855 1543 4847)
3(1540 2852 3583)
3(1541 1540 3583)
3(2853 1541 3583)
4(1539 1543 1642 1636)
5(1636 1642 1643 1638 1637)
6(1538 1540 1541 1539 1636 1637)
3(1072 2470 4356)
3(1073 1072 4356)
3(2471 1073 4356)
3(2933 2036 534)
3(2933 534 296)
3(2933 296 776)
3(2933 776 2242)
3(3589 2242 776)
3(3589 776 1073)
3(3589 1073 2471)
5(295 296 534 532 294)
5(295 1072 1073 776 296)
3(921 2349 4010)
3(925 921 4010)
3(2352 925 4010)
3(906 2341 4511)
3(915 906 4511)
3(916 915 4511)
3(2346 916 4511)
3(916 2346 3229)
3(921 916 3229)
3(2349 921 3229)
5(546 906 915 926 550)
5(915 916 921 925 926)
3(3027 2118 629)
3(3027 629 631)
3(3027 631 632)
3(3027 632 2120)
3(4139 2119 630)
3(4139 630 1003)
3(4139 1003 2406)
3(630 2119 3709)
3(632 630 3709)
3(2120 632 3709)
5(999 1002 631 629 628)
5(632 631 1002 1003 630)
3(1229 2582 4624)
3(1230 1229 4624)
3(2583 1230 4624)
3(1227 2580 3137)
3(1228 1227 3137)
3(2581 1228 3137)
3(3338 2580 1227)
3(3338 1227 1230)
3(3338 1230 2583)
4(1623 1624 1626 1625)
6(1228 1623 1625 1229 1230 1227)
3(3293 2018 511)
3(3293 511 512)
3(3293 512 2019)
3(288 1834 3786)
3(291 288 3786)
3(1836 291 3786)
3(4001 1834 288)
3(4001 288 511)
3(4001 511 2018)
4(292 293 290 289)
6(288 291 292 289 512 511)
3(4260 2504 1113)
3(4260 1113 1425)
3(4260 1425 2746)
3(936 2355 3403)
3(1426 936 3403)
3(2747 1426 3403)
3(3624 2746 1425)
3(3624 1425 1426)
3(3624 1426 2747)
4(935 940 1396 1398)
6(935 936 1426 1425 1113 940)
3(476 1986 4435)
3(477 476 4435)
3(752 477 4435)
3(2222 752 4435)
3(1066 2466 3887)
3(1067 1066 3887)
3(1308 1067 3887)
3(2648 1308 3887)
3(752 2222 4112)
3(1066 752 4112)
3(2466 1066 4112)
6(476 477 1067 1308 1312 475)
4(477 752 1066 1067)
3(264 1813 4638)
3(265 264 4638)
3(266 265 4638)
3(1814 266 4638)
3(3894 1763 195)
3(3894 195 65)
3(3894 65 1252)
3(3894 1252 2601)
3(195 1763 4119)
3(264 195 4119)
3(1813 264 4119)
6(265 266 568 1250 1252 65)
4(195 264 265 65)
3(894 2332 4269)
3(898 894 4269)
3(899 898 4269)
3(2335 899 4269)
3(3526 1842 302)
3(3526 302 301)
3(3526 301 773)
3(3526 773 2239)
3(302 1842 3758)
3(894 302 3758)
3(2332 894 3758)
6(300 772 773 301 898 899)
4(301 302 894 898)
3(4466 2333 895)
3(4466 895 896)
3(4466 896 897)
3(4466 897 2334)
3(4181 1725 141)
3(4181 141 142)
3(4181 142 578)
3(4181 578 2076)
3(4396 2076 578)
3(4396 578 895)
3(4396 895 2333)
6(897 896 142 141 140 139)
4(896 895 578 142)
3(655 2141 4577)
3(1001 655 4577)
3(2405 1001 4577)
3(3619 2140 654)
3(3619 654 1278)
3(3619 1278 2626)
3(654 2140 4357)
3(655 654 4357)
3(2141 655 4357)
4(1000 1478 1480 1277)
6(654 655 1001 1000 1277 1278)
3(4584 2312 873)
3(4584 873 1202)
3(4584 1202 2562)
3(866 2308 4283)
3(1540 866 4283)
3(2852 1540 4283)
3(3066 2308 866)
3(3066 866 873)
3(3066 873 2312)
3(1639 1641 1640)
7(866 1540 1538 1639 1640 1202 873)
3(1075 2473 3253)
3(1076 1075 3253)
3(2474 1076 3253)
3(4285 2471 1073)
3(4285 1073 1074)
3(4285 1074 2472)
3(3706 2472 1074)
3(3706 1074 1076)
3(3706 1076 2474)
3(1077 1079 1078)
7(1077 1078 1075 1076 1074 1073 1072)
3(922 2350 4226)
3(928 922 4226)
3(2353 928 4226)
3(3928 2347 917)
3(3928 917 921)
3(3928 921 2349)
3(917 2347 4668)
3(922 917 4668)
3(2350 922 4668)
3(551 924 927)
7(922 928 927 924 925 921 917)
3(2939 2467 1069)
3(2939 1069 1068)
3(2939 1068 1311)
3(2939 1311 2651)
3(755 2224 3407)
3(1280 755 3407)
3(2627 1280 3407)
3(3344 2224 755)
3(3344 755 754)
3(3344 754 1069)
3(3344 1069 2467)
5(1279 1276 758 757 756)
5(758 1310 1311 1068 757)
5(754 755 1280 1279 756)
5(756 757 1068 1069 754)
3(867 2309 4325)
3(869 867 4325)
3(871 869 4325)
3(1253 871 4325)
3(2602 1253 4325)
3(3519 2310 868)
3(3519 868 1541)
3(3519 1541 2853)
3(4758 2309 867)
3(4758 867 868)
3(4758 868 2310)
6(871 1253 1542 1543 1539 870)
3(869 871 870)
6(869 870 1539 1541 868 867)
3(3032 2240 774)
3(3032 774 135)
3(3032 135 1321)
3(3032 1321 2660)
3(776 2242 3525)
3(1322 776 3525)
3(2661 1322 3525)
3(3442 2660 1321)
3(3442 1321 1322)
3(3442 1322 2661)
4(136 533 534 296)
5(135 774 775 533 136)
6(136 296 776 1322 1321 135)
3(903 2339 4629)
3(911 903 4629)
3(1219 911 4629)
3(2572 1219 4629)
3(3168 2346 916)
3(3168 916 1220)
3(3168 1220 2573)
3(1219 2572 3104)
3(1220 1219 3104)
3(2573 1220 3104)
5(903 911 914 905 904)
4(914 915 906 905)
6(911 1219 1220 916 915 914)
3(239 1793 3638)
3(238 239 3638)
3(634 238 3638)
3(2122 634 3638)
3(3823 1680 84)
3(3823 84 632)
3(3823 632 2120)
3(84 1680 4829)
3(83 84 4829)
3(239 83 4829)
3(1793 239 4829)
4(77 353 629 631)
6(77 78 238 634 635 353)
6(631 632 84 83 78 77)
4(83 239 238 78)
3(4121 2549 1184)
3(4121 1184 1375)
3(4121 1375 2703)
3(943 2358 4280)
3(1230 943 4280)
3(2583 1230 4280)
3(3993 2358 943)
3(3993 943 945)
3(3993 945 1182)
3(3993 1182 1184)
3(3993 1184 2549)
6(1178 1179 1374 1375 1184 1182)
6(1230 1229 1179 1178 945 943)
3(1178 1182 945)
3(3759 2020 513)
3(3759 513 514)
3(3759 514 515)
3(3759 515 2021)
3(510 2017 3924)
3(511 510 3924)
3(2018 511 3924)
3(2998 2017 510)
3(2998 510 513)
3(2998 513 2020)
4(516 517 515 514)
6(511 512 516 514 513 510)
3(1644 2926 4399)
3(1645 1644 4399)
3(1647 1645 4399)
3(2928 1647 4399)
3(3927 2743 1422)
3(3927 1422 1425)
3(3927 1425 2746)
3(1422 2743 3622)
3(1114 1422 3622)
3(1644 1114 3622)
3(2926 1644 3622)
6(1185 1645 1647 1187 1188 1186)
3(1115 1186 1188)
4(1644 1645 1185 1114)
7(1425 1422 1114 1185 1186 1115 1113)
3(3380 1792 237)
3(3380 237 240)
3(3380 240 452)
3(3380 452 1965)
3(239 1793 4100)
3(451 239 4100)
3(1964 451 4100)
3(451 1964 4295)
3(452 451 4295)
3(1965 452 4295)
5(237 633 634 238 240)
5(239 451 452 240 238)
3(1367 2696 4495)
3(1369 1367 4495)
3(1368 1369 4495)
3(2697 1368 4495)
3(1103 2494 3217)
3(1183 1103 3217)
3(1184 1183 3217)
3(2549 1184 3217)
3(3433 2494 1103)
3(3433 1103 1368)
3(3433 1368 2697)
6(1183 1184 1375 1370 1367 1369)
4(1103 1183 1369 1368)
3(3490 1786 229)
3(3490 229 230)
3(3490 230 530)
3(3490 530 2033)
3(287 1833 4189)
3(286 287 4189)
3(513 286 4189)
3(2020 513 4189)
3(229 1786 4411)
3(287 229 4411)
3(1833 287 4411)
6(70 514 515 531 530 230)
5(70 230 229 287 286)
4(286 513 514 70)
3(1649 2929 4154)
3(1648 1649 4154)
3(1651 1648 4154)
3(2931 1651 4154)
3(1644 2926 4823)
3(1646 1644 4823)
3(2927 1646 4823)
3(1646 2927 3102)
3(1649 1646 3102)
3(2929 1649 3102)
5(1648 1651 1650 1647 1645)
5(1646 1649 1648 1645 1644)
3(3906 1785 228)
3(3906 228 227)
3(3906 227 440)
3(3906 440 1953)
3(452 1965 4549)
3(455 452 4549)
3(1968 455 4549)
3(3543 1953 440)
3(3543 440 455)
3(3543 455 1968)
5(237 240 227 228 189)
5(240 452 455 440 227)
3(4008 2828 1512)
3(4008 1512 1508)
3(4008 1508 1557)
3(4008 1557 2869)
3(4662 2697 1368)
3(4662 1368 1510)
3(4662 1510 2826)
3(3017 2826 1510)
3(3017 1510 1512)
3(3017 1512 2828)
5(1558 1557 1508 1369 1367)
5(1368 1369 1508 1512 1510)
3(4666 1786 229)
3(4666 229 442)
3(4666 442 1955)
3(440 1953 3382)
3(442 440 3382)
3(1955 442 3382)
5(230 530 526 228 227)
5(440 442 229 230 227)
3(4291 2866 1554)
3(4291 1554 1649)
3(4291 1649 2929)
3(3055 2828 1512)
3(3055 1512 1554)
3(3055 1554 2866)
5(1508 1557 1561 1651 1648)
5(1648 1649 1554 1512 1508)
3(3073 2222 752)
3(3073 752 753)
3(3073 753 2223)
3(264 1813 4812)
3(479 264 4812)
3(1988 479 4812)
3(479 1988 4294)
3(753 479 4294)
3(2223 753 4294)
4(477 476 266 265)
6(264 479 753 752 477 265)
3(894 2332 3978)
3(901 894 3978)
3(2337 901 3978)
3(3785 2333 895)
3(3785 895 902)
3(3785 902 2338)
3(901 2337 3707)
3(902 901 3707)
3(2338 902 3707)
4(896 897 899 898)
6(901 902 895 896 898 894)
3(625 2114 3724)
3(630 625 3724)
3(2119 630 3724)
3(3929 2115 626)
3(3929 626 655)
3(3929 655 2141)
3(3337 2114 625)
3(3337 625 626)
3(3337 626 2115)
6(625 630 1003 1001 655 626)
3(4361 2357 942)
3(4361 942 1227)
3(4361 1227 2580)
3(872 2311 4586)
3(873 872 4586)
3(2312 873 4586)
3(3346 2311 872)
3(3346 872 942)
3(3346 942 2357)
6(873 1202 1228 1227 942 872)
3(288 1834 4012)
3(507 288 4012)
3(2014 507 4012)
3(538 2039 4224)
3(1076 538 4224)
3(2474 1076 4224)
3(507 2014 3004)
3(538 507 3004)
3(2039 538 3004)
6(507 538 1076 1075 291 288)
3(4013 2747 1426)
3(4013 1426 1427)
3(4013 1427 2748)
3(922 2350 4230)
3(1418 922 4230)
3(2739 1418 4230)
3(1418 2739 3009)
3(1427 1418 3009)
3(2748 1427 3009)
6(922 1418 1427 1426 936 928)
3(1066 2466 4127)
3(1071 1066 4127)
3(2469 1071 4127)
3(4323 2467 1069)
3(4323 1069 1070)
3(4323 1070 2468)
3(3105 2468 1070)
3(3105 1070 1071)
3(3105 1071 2469)
4(1068 1311 1308 1067)
6(1066 1071 1070 1069 1068 1067)
3(4131 1763 195)
3(4131 195 586)
3(4131 586 2084)
3(4329 2083 585)
3(4329 585 66)
3(4329 66 867)
3(4329 867 2309)
3(585 2083 3756)
3(586 585 3756)
3(2084 586 3756)
4(65 1252 1253 871)
7(871 869 66 585 586 195 65)
3(869 867 66)
3(4763 1842 302)
3(4763 302 539)
3(4763 539 2040)
3(1321 2660 3035)
3(1323 1321 3035)
3(1324 1323 3035)
3(2662 1324 3035)
3(3762 2040 539)
3(3762 539 1324)
3(3762 1324 2662)
5(301 773 774 135 40)
4(40 135 1321 1323)
6(1323 1324 539 302 301 40)
3(578 2076 4419)
3(1460 578 4419)
3(2779 1460 4419)
3(4632 2572 1219)
3(4632 1219 1217)
3(4632 1217 1461)
3(4632 1461 2780)
3(1460 2779 3377)
3(1461 1460 3377)
3(2780 1461 3377)
5(141 142 910 911 903)
6(142 578 1460 1461 1217 910)
4(910 1217 1219 911)
3(254 1805 3401)
3(654 254 3401)
3(2140 654 3401)
3(4582 1811 261)
3(4582 261 755)
3(4582 755 2224)
3(3858 1805 254)
3(3858 254 261)
3(3858 261 1811)
6(254 654 1278 1280 755 261)
3(3074 2087 589)
3(3074 589 866)
3(3074 866 2308)
3(590 2088 3562)
3(868 590 3562)
3(2310 868 3562)
3(589 2087 3487)
3(590 589 3487)
3(2088 590 3487)
6(589 590 868 1541 1540 866)
3(1074 2472 3722)
3(1081 1074 3722)
3(2477 1081 3722)
3(1319 2658 4223)
3(1322 1319 4223)
3(2661 1322 4223)
3(1081 2477 3494)
3(1319 1081 3494)
3(2658 1319 3494)
6(776 1073 1074 1081 1319 1322)
3(907 2342 4675)
3(917 907 4675)
3(2347 917 4675)
3(3868 2571 1216)
3(3868 1216 1220)
3(3868 1220 2573)
3(3147 2342 907)
3(3147 907 1216)
3(3147 1216 2571)
6(907 917 921 916 1220 1216)
3(4126 1680 84)
3(4126 84 86)
3(4126 86 1681)
3(4037 1656 26)
3(4037 26 625)
3(4037 625 2114)
3(26 1656 3593)
3(86 26 3593)
3(1681 86 3593)
6(26 86 84 632 630 625)
3(943 2358 4757)
3(944 943 4757)
3(2359 944 4757)
3(941 2356 4047)
3(942 941 4047)
3(2357 942 4047)
3(4256 2356 941)
3(4256 941 944)
3(4256 944 2359)
6(942 1227 1230 943 944 941)
3(3770 1942 429)
3(3770 429 510)
3(3770 510 2017)
3(3684 2014 507)
3(3684 507 509)
3(3684 509 2016)
3(429 1942 3905)
3(509 429 3905)
3(2016 509 3905)
6(288 511 510 429 509 507)
3(4418 2743 1422)
3(4418 1422 1423)
3(4418 1423 2744)
3(3688 2745 1424)
3(3688 1424 1427)
3(3688 1427 2748)
3(3910 2744 1423)
3(3910 1423 1424)
3(3910 1424 2745)
6(1422 1425 1426 1427 1424 1423)
3(753 2223 4094)
3(1065 753 4094)
3(2465 1065 4094)
3(1064 2464 3791)
3(1071 1064 3791)
3(2469 1071 3791)
3(4509 2464 1064)
3(4509 1064 1065)
3(4509 1065 2465)
6(753 1065 1064 1071 1066 752)
3(478 1987 4276)
3(479 478 4276)
3(1988 479 4276)
3(3795 2081 583)
3(3795 583 586)
3(3795 586 2084)
3(3193 1987 478)
3(3193 478 583)
3(3193 583 2081)
6(586 583 478 479 264 195)
3(4177 2337 901)
3(4177 901 1226)
3(4177 1226 2579)
3(539 2040 3418)
3(1225 539 3418)
3(2578 1225 3418)
3(1225 2578 4161)
3(1226 1225 4161)
3(2579 1226 4161)
6(539 1225 1226 901 894 302)
3(4369 2336 900)
3(4369 900 902)
3(4369 902 2338)
3(1458 2777 4097)
3(1460 1458 4097)
3(2779 1460 4097)
3(900 2336 4791)
3(1458 900 4791)
3(2777 1458 4791)
6(578 895 902 900 1458 1460)
3(450 1963 3817)
3(451 450 3817)
3(1964 451 3817)
3(86 1681 3101)
3(85 86 3101)
3(235 85 3101)
3(1790 235 3101)
3(235 1790 4254)
3(450 235 4254)
3(1963 450 4254)
4(83 84 86 85)
6(85 235 450 451 239 83)
3(1103 2494 3444)
3(1234 1103 3444)
3(2587 1234 3444)
3(4708 2359 944)
3(4708 944 946)
3(4708 946 1231)
3(4708 1231 2584)
3(3232 2584 1231)
3(3232 1231 1234)
3(3232 1234 2587)
3(1182 1184 1183)
4(945 946 944 943)
7(945 1182 1183 1103 1234 1231 946)
3(287 1833 3446)
3(727 287 3446)
3(2206 727 3446)
3(3371 1942 429)
3(3371 429 730)
3(3371 730 2207)
3(727 2206 3904)
3(728 727 3904)
3(730 728 3904)
3(2207 730 3904)
4(286 287 727 728)
6(728 730 429 510 513 286)
3(1555 2867 3113)
3(1646 1555 3113)
3(2927 1646 3113)
3(4338 2513 1124)
3(4338 1124 1423)
3(4338 1423 2744)
3(1124 2513 3536)
3(937 1124 3536)
3(1555 937 3536)
3(2867 1555 3536)
5(1555 1646 1644 1114 937)
5(1114 1422 1423 1124 937)
3(256 1807 4091)
3(626 256 4091)
3(2115 626 4091)
3(254 1805 3789)
3(255 254 3789)
3(1806 255 3789)
3(255 1806 3716)
3(256 255 3716)
3(1807 256 3716)
6(255 256 626 655 654 254)
3(4732 1865 329)
3(4732 329 872)
3(4732 872 2311)
3(587 2085 4439)
3(589 587 4439)
3(2087 589 4439)
3(329 1865 3720)
3(587 329 3720)
3(2085 587 3720)
6(587 589 866 873 872 329)
3(538 2039 4363)
3(777 538 4363)
3(2243 777 4363)
3(3417 2477 1081)
3(3417 1081 1082)
3(3417 1082 2478)
3(777 2243 3347)
3(1082 777 3347)
3(2478 1082 3347)
6(538 777 1082 1081 1074 1076)
3(4368 2739 1418)
3(4368 1418 1419)
3(4368 1419 2740)
3(907 2342 4096)
3(912 907 4096)
3(2344 912 4096)
3(912 2344 3350)
3(1419 912 3350)
3(2740 1419 3350)
6(912 1419 1418 922 917 907)
3(4019 1810 260)
3(4019 260 1070)
3(4019 1070 2468)
3(4527 1811 261)
3(4527 261 263)
3(4527 263 1812)
3(260 1810 3019)
3(262 260 3019)
3(263 262 3019)
3(1812 263 3019)
5(261 755 754 262 263)
5(260 262 754 1069 1070)
3(584 2082 4470)
3(585 584 4470)
3(2083 585 4470)
3(3678 2086 588)
3(3678 588 590)
3(3678 590 2088)
3(4124 2082 584)
3(4124 584 328)
3(4124 328 588)
3(4124 588 2086)
4(328 584 585 66)
6(66 867 868 590 588 328)
3(4134 2662 1324)
3(4134 1324 1326)
3(4134 1326 2663)
3(1319 2658 4645)
3(1320 1319 4645)
3(2659 1320 4645)
3(1320 2659 3112)
3(1325 1320 3112)
3(1326 1325 3112)
3(2663 1326 3112)
6(1319 1320 1325 1323 1321 1322)
4(1325 1326 1324 1323)
3(4768 2778 1459)
3(4768 1459 1461)
3(4768 1461 2780)
3(1215 2570 3312)
3(1216 1215 3312)
3(2571 1216 3312)
3(3768 2570 1215)
3(3768 1215 1218)
3(3768 1218 1459)
3(3768 1459 2778)
4(1461 1459 1218 1217)
6(1216 1220 1219 1217 1218 1215)
3(454 1967 3068)
3(455 454 3068)
3(1968 455 3068)
3(450 1963 4474)
3(453 450 4474)
3(1966 453 4474)
3(453 1966 3540)
3(454 453 3540)
3(1967 454 3540)
6(450 453 454 455 452 451)
3(4460 2825 1509)
3(4460 1509 1510)
3(4460 1510 2826)
3(3932 2587 1234)
3(3932 1234 1364)
3(3932 1364 2693)
3(3637 2693 1364)
3(3637 1364 1509)
3(3637 1509 2825)
6(1103 1368 1510 1509 1364 1234)
3(4841 1954 441)
3(4841 441 442)
3(4841 442 1955)
3(4589 2206 727)
3(4589 727 731)
3(4589 731 2208)
3(441 1954 3643)
3(731 441 3643)
3(2208 731 3643)
6(229 442 441 731 727 287)
3(1553 2865 4499)
3(1554 1553 4499)
3(2866 1554 4499)
3(4231 2864 1552)
3(4231 1552 1555)
3(4231 1555 2867)
3(1552 2864 3272)
3(1553 1552 3272)
3(2865 1553 3272)
6(1553 1554 1649 1646 1555 1552)
3(1060 2460 4237)
3(1065 1060 4237)
3(2465 1065 4237)
3(478 1987 4693)
3(1060 478 4693)
3(2460 1060 4693)
5(1060 1065 753 479 478)
3(4393 1952 439)
3(4393 439 454)
3(4393 454 1967)
3(439 1952 3323)
3(441 439 3323)
3(1954 441 3323)
6(439 441 442 440 455 454)
3(3093 2825 1509)
3(3093 1509 1511)
3(3093 1511 2827)
3(3329 2827 1511)
3(3329 1511 1553)
3(3329 1553 2865)
6(1510 1512 1554 1553 1511 1509)
3(4537 2577 1224)
3(4537 1224 1226)
3(4537 1226 2579)
3(3043 2336 900)
3(3043 900 1224)
3(3043 1224 2577)
5(900 902 901 1226 1224)
3(25 1655 4420)
3(26 25 4420)
3(1656 26 4420)
3(3177 1692 99)
3(3177 99 256)
3(3177 256 1807)
3(4202 1655 25)
3(4202 25 99)
3(4202 99 1692)
6(25 26 625 626 256 99)
3(2940 2094 598)
3(2940 598 941)
3(2940 941 2356)
3(3636 1865 329)
3(3636 329 596)
3(3636 596 2092)
3(3345 2092 596)
3(3345 596 598)
3(3345 598 2094)
6(872 942 941 598 596 329)
3(4515 2015 508)
3(4515 508 509)
3(4515 509 2016)
3(3265 2243 777)
3(3265 777 779)
3(3265 779 2245)
3(508 2015 3005)
3(779 508 3005)
3(2245 779 3005)
6(509 508 779 777 538 507)
3(1421 2742 4518)
3(1424 1421 4518)
3(2745 1424 4518)
3(1419 2740 3271)
3(1420 1419 3271)
3(2741 1420 3271)
3(1420 2741 3010)
3(1421 1420 3010)
3(2742 1421 3010)
6(1419 1420 1421 1424 1427 1418)
3(3734 2463 1063)
3(3734 1063 1064)
3(3734 1064 2464)
3(3939 1810 260)
3(3939 260 750)
3(3939 750 2220)
3(3641 2220 750)
3(3641 750 1063)
3(3641 1063 2463)
6(260 1070 1071 1064 1063 750)
3(3825 2081 583)
3(3825 583 960)
3(3825 960 2371)
3(584 2082 3378)
3(961 584 3378)
3(2372 961 3378)
3(3107 2371 960)
3(3107 960 961)
3(3107 961 2372)
6(583 586 585 584 961 960)
3(1222 2575 3830)
3(1225 1222 3830)
3(2578 1225 3830)
3(4054 2654 1314)
3(4054 1314 1326)
3(4054 1326 2663)
3(3763 2575 1222)
3(3763 1222 1314)
3(3763 1314 2654)
6(1324 1326 1314 1222 1225 539)
3(3455 2775 1456)
3(3455 1456 1458)
3(3455 1458 2777)
3(1457 2776 3690)
3(1459 1457 3690)
3(2778 1459 3690)
3(1456 2775 4717)
3(1457 1456 4717)
3(2776 1457 4717)
6(1456 1457 1459 1461 1460 1458)
3(100 1693 4639)
3(255 100 4639)
3(1806 255 4639)
3(3176 1809 259)
3(3176 259 263)
3(3176 263 1812)
3(3349 1693 100)
3(3349 100 259)
3(3349 259 1809)
6(100 255 254 261 263 259)
3(587 2085 4102)
3(605 587 4102)
3(2099 605 4102)
3(3260 2086 588)
3(3260 588 606)
3(3260 606 2100)
3(605 2099 4769)
3(606 605 4769)
3(2100 606 4769)
6(587 605 606 588 590 589)
3(4736 2476 1080)
3(4736 1080 1082)
3(4736 1082 2478)
3(1316 2655 3264)
3(1320 1316 3264)
3(2659 1320 3264)
3(1080 2476 3445)
3(1316 1080 3445)
3(2655 1316 3445)
6(1316 1320 1319 1081 1082 1080)
3(4742 2344 912)
3(4742 912 913)
3(4742 913 2345)
3(3931 2343 909)
3(3931 909 1215)
3(3931 1215 2570)
3(909 2343 3449)
3(913 909 3449)
3(2345 913 3449)
6(907 1216 1215 909 913 912)
3(3653 1790 235)
3(3653 235 236)
3(3653 236 1791)
3(25 1655 2952)
3(231 25 2952)
3(1787 231 2952)
3(231 1787 3151)
3(232 231 3151)
3(236 232 3151)
3(1791 236 3151)
6(231 232 85 86 26 25)
4(232 236 235 85)
3(1231 2584 3660)
3(1232 1231 3660)
3(2585 1232 3660)
3(597 2093 3570)
3(598 597 3570)
3(2094 598 3570)
3(3799 2093 597)
3(3799 597 591)
3(3799 591 1232)
3(3799 1232 2585)
6(591 597 598 941 944 946)
4(946 1231 1232 591)
3(3771 2204 725)
3(3771 725 729)
3(3771 729 730)
3(3771 730 2207)
3(430 1943 3049)
3(508 430 3049)
3(2015 508 3049)
3(3238 1943 430)
3(3238 430 428)
3(3238 428 725)
3(3238 725 2204)
3(729 725 428)
7(428 430 508 509 429 730 729)
3(3774 2513 1124)
3(3774 1124 1125)
3(3774 1125 1412)
3(3774 1412 2735)
3(3687 2737 1415)
3(3687 1415 1421)
3(3687 1421 2742)
3(3909 2735 1412)
3(3909 1412 1414)
3(3909 1414 1415)
3(3909 1415 2737)
3(1125 1414 1412)
7(1423 1424 1421 1415 1414 1125 1124)
3(447 1960 3920)
3(453 447 3920)
3(1966 453 3920)
3(444 1957 3842)
3(447 444 3842)
3(1960 447 3842)
3(236 1791 4349)
3(444 236 4349)
3(1957 444 4349)
6(236 444 447 453 450 235)
3(1364 2693 4568)
3(1365 1364 4568)
3(2694 1365 4568)
3(4480 2586 1233)
3(4480 1233 1365)
3(4480 1365 2694)
3(3056 2585 1232)
3(3056 1232 1233)
3(3056 1233 2586)
6(1231 1234 1364 1365 1233 1232)
3(731 2208 3078)
3(732 731 3078)
3(2209 732 3078)
3(3003 2205 726)
3(3003 726 732)
3(3003 732 2209)
3(3493 2204 725)
3(3493 725 726)
3(3493 726 2205)
7(725 729 728 727 731 732 726)
3(729 730 728)
3(1120 2509 4674)
3(1552 1120 4674)
3(2864 1552 4674)
3(4595 2509 1120)
3(4595 1120 1411)
3(4595 1411 2734)
3(3145 2734 1411)
3(3145 1411 1412)
3(3145 1412 2735)
7(937 1125 1412 1411 1120 1552 1555)
3(937 1124 1125)
3(1060 2460 4122)
3(1061 1060 4122)
3(2461 1061 4122)
3(1062 2462 3566)
3(1063 1062 3566)
3(2463 1063 3566)
3(1061 2461 3149)
3(1062 1061 3149)
3(2462 1062 3149)
6(1061 1062 1063 1064 1065 1060)
3(4532 2368 957)
3(4532 957 960)
3(4532 960 2371)
3(957 2368 2999)
3(1061 957 2999)
3(2461 1061 2999)
6(583 960 957 1061 1060 478)
3(1223 2576 4208)
3(1224 1223 4208)
3(2577 1224 4208)
3(3683 2574 1221)
3(3683 1221 1222)
3(3683 1222 2575)
3(1221 2574 3436)
3(1223 1221 3436)
3(2576 1223 3436)
6(1221 1223 1224 1226 1225 1222)
3(581 2079 4651)
3(1456 581 4651)
3(2775 1456 4651)
3(4608 2079 581)
3(4608 581 1223)
3(4608 1223 2576)
6(1456 1458 900 1224 1223 581)
3(233 1788 4301)
3(439 233 4301)
3(1952 439 4301)
3(447 1960 3317)
3(448 447 3317)
3(1961 448 3317)
3(3801 1788 233)
3(3801 233 448)
3(3801 448 1961)
6(439 454 453 447 448 233)
3(4307 2695 1366)
3(4307 1366 1511)
3(4307 1511 2827)
3(1363 2692 3322)
3(1365 1363 3322)
3(2694 1365 3322)
3(4450 2692 1363)
3(4450 1363 1366)
3(4450 1366 2695)
6(1365 1364 1509 1511 1366 1363)
3(432 1945 3416)
3(732 432 3416)
3(2209 732 3416)
3(233 1788 3644)
3(432 233 3644)
3(1945 432 3644)
6(233 432 732 731 441 439)
3(1120 2509 3427)
3(1121 1120 3427)
3(2510 1121 3427)
3(1121 2510 3652)
3(1366 1121 3652)
3(2695 1366 3652)
6(1120 1121 1366 1511 1553 1552)
3(4804 1692 99)
3(4804 99 1054)
3(4804 1054 2454)
3(100 1693 4481)
3(1057 100 4481)
3(2457 1057 4481)
3(3281 2454 1054)
3(3281 1054 1057)
3(3281 1057 2457)
6(99 256 255 100 1057 1054)
3(3505 2089 593)
3(3505 593 596)
3(3505 596 2092)
3(604 2098 4490)
3(605 604 4490)
3(2099 605 4490)
3(593 2089 3946)
3(604 593 3946)
3(2098 604 3946)
6(329 596 593 604 605 587)
3(3983 2244 778)
3(3983 778 779)
3(3983 779 2245)
3(780 2246 3633)
3(1080 780 3633)
3(2476 1080 3633)
3(778 2244 4417)
3(780 778 4417)
3(2246 780 4417)
6(779 778 780 1080 1082 777)
3(1409 2732 3604)
3(1420 1409 3604)
3(2741 1420 3604)
3(913 2345 4606)
3(918 913 4606)
3(2348 918 4606)
3(918 2348 4064)
3(1409 918 4064)
3(2732 1409 4064)
6(912 913 918 1409 1420 1419)
3(3609 2218 748)
3(3609 748 750)
3(3609 750 2220)
3(257 1808 4740)
3(258 257 4740)
3(259 258 4740)
3(1809 259 4740)
3(4071 1808 257)
3(4071 257 748)
3(4071 748 2218)
4(258 259 263 262)
6(258 262 260 750 748 257)
3(959 2370 3251)
3(961 959 3251)
3(2372 961 3251)
3(606 2100 3745)
3(602 606 3745)
3(607 602 3745)
3(2101 607 3745)
3(607 2101 3702)
3(959 607 3702)
3(2370 959 3702)
6(602 607 959 961 584 328)
4(328 588 606 602)
3(3918 2654 1314)
3(3918 1314 1317)
3(3918 1317 2656)
3(1316 2655 4380)
3(1315 1316 4380)
3(1318 1315 4380)
3(2657 1318 4380)
3(4344 2656 1317)
3(4344 1317 1318)
3(4344 1318 2657)
4(1325 1320 1316 1315)
6(1314 1326 1325 1315 1318 1317)
3(3358 2331 893)
3(3358 893 1457)
3(3358 1457 2776)
3(892 2330 3844)
3(908 892 3844)
3(909 908 3844)
3(2343 909 3844)
3(3804 2330 892)
3(3804 892 893)
3(3804 893 2331)
6(892 908 1218 1459 1457 893)
4(908 909 1215 1218)
3(4524 1787 231)
3(4524 231 733)
3(4524 733 2210)
3(1054 2454 4749)
3(1055 1054 4749)
3(2455 1055 4749)
3(3016 2210 733)
3(3016 733 1055)
3(3016 1055 2455)
6(99 1054 1055 733 231 25)
3(3207 2091 595)
3(3207 595 597)
3(3207 597 2093)
3(3423 2089 593)
3(3423 593 594)
3(3423 594 2090)
3(3649 2090 594)
3(3649 594 595)
3(3649 595 2091)
6(596 598 597 595 594 593)
3(4178 1784 226)
3(4178 226 430)
3(4178 430 1943)
3(10 1652 4391)
3(778 10 4391)
3(2244 778 4391)
3(4620 1652 10)
3(4620 10 226)
3(4620 226 1784)
6(778 779 508 430 226 10)
3(3311 2737 1415)
3(3311 1415 1417)
3(3311 1417 2738)
3(3534 2731 1408)
3(3534 1408 1409)
3(3534 1409 2732)
3(1408 2731 3767)
3(1417 1408 3767)
3(2738 1417 3767)
6(1417 1415 1421 1420 1409 1408)
3(4278 2221 751)
3(4278 751 1062)
3(4278 1062 2462)
3(4493 2218 748)
3(4493 748 749)
3(4493 749 2219)
3(3694 2219 749)
3(3694 749 751)
3(3694 751 2221)
6(748 750 1063 1062 751 749)
3(4472 2368 957)
3(4472 957 958)
3(4472 958 2369)
3(3180 2367 956)
3(3180 956 959)
3(3180 959 2370)
3(956 2367 3700)
3(958 956 3700)
3(2369 958 3700)
6(958 957 960 961 959 956)
3(582 2080 4137)
3(1221 582 4137)
3(2574 1221 4137)
3(4781 1864 327)
3(4781 327 1317)
3(4781 1317 2656)
3(327 1864 3334)
3(582 327 3334)
3(2080 582 3334)
6(327 582 1221 1222 1314 1317)
3(4773 2078 580)
3(4773 580 581)
3(4773 581 2079)
3(577 2075 3270)
3(893 577 3270)
3(2331 893 3270)
3(3802 2075 577)
3(3802 577 580)
3(3802 580 2078)
6(893 1457 1456 581 580 577)
3(444 1957 4017)
3(446 444 4017)
3(1959 446 4017)
3(3985 1961 448)
3(3985 448 449)
3(3985 449 1962)
3(445 1958 3015)
3(449 445 3015)
3(1962 449 3015)
3(3504 1958 445)
3(3504 445 446)
3(3504 446 1959)
6(446 445 449 448 447 444)
3(952 2363 3661)
3(1233 952 3661)
3(2586 1233 3661)
3(3610 2492 1101)
3(3610 1101 1363)
3(3610 1363 2692)
3(4614 2364 953)
3(4614 953 1101)
3(4614 1101 2492)
3(3159 2363 952)
3(3159 952 953)
3(3159 953 2364)
6(1233 1365 1363 1101 953 952)
3(435 1948 3667)
3(726 435 3667)
3(2205 726 3667)
3(3364 1944 431)
3(3364 431 432)
3(3364 432 1945)
3(431 1944 4619)
3(434 431 4619)
3(1947 434 4619)
3(434 1947 3808)
3(435 434 3808)
3(1948 435 3808)
6(434 435 726 732 432 431)
3(3775 2733 1410)
3(3775 1410 1411)
3(3775 1411 2734)
3(4779 2510 1121)
3(4779 1121 1122)
3(4779 1122 2511)
3(4716 2511 1122)
3(4716 1122 1123)
3(4716 1123 2512)
3(3244 2512 1123)
3(3244 1123 1410)
3(3244 1410 2733)
6(1120 1411 1410 1123 1122 1121)
3(733 2210 3693)
3(734 733 3693)
3(735 734 3693)
3(2211 735 3693)
3(3384 1959 446)
3(3384 446 735)
3(3384 735 2211)
4(733 734 232 231)
6(734 735 446 444 236 232)
3(3698 2091 595)
3(3698 595 330)
3(3698 330 951)
3(3698 951 2362)
3(3386 2362 951)
3(3386 951 952)
3(3386 952 2363)
4(330 595 597 591)
6(591 1232 1233 952 951 330)
3(3333 1784 226)
3(3333 226 225)
3(3333 225 436)
3(3333 436 1949)
3(435 1948 3062)
3(436 435 3062)
3(1949 436 3062)
6(428 725 726 435 436 225)
4(225 226 430 428)
3(3800 2736 1413)
3(3800 1413 1416)
3(3800 1416 1417)
3(3800 1417 2738)
3(3501 2733 1410)
3(3501 1410 1413)
3(3501 1413 2736)
6(1410 1411 1412 1414 1416 1413)
4(1414 1415 1417 1416)
3(747 2217 4376)
3(751 747 4376)
3(2221 751 4376)
3(4190 2217 747)
3(4190 747 958)
3(4190 958 2369)
6(747 751 1062 1061 957 958)
3(4824 2077 579)
3(4824 579 582)
3(4824 582 2080)
3(579 2077 4659)
3(580 579 4659)
3(2078 580 4659)
6(580 581 1223 1221 582 579)
3(4083 2457 1057)
3(4083 1057 1058)
3(4083 1058 2458)
3(4585 1804 253)
3(4585 253 257)
3(4585 257 1808)
3(253 1804 4500)
3(98 253 4500)
3(1058 98 4500)
3(2458 1058 4500)
6(98 1058 1057 100 259 258)
4(258 257 253 98)
3(4525 2097 603)
3(4525 603 604)
3(4525 604 2098)
3(3735 2101 607)
3(3735 607 610)
3(3735 610 2104)
3(603 2097 3020)
3(601 603 3020)
3(610 601 3020)
3(2104 610 3020)
4(601 610 607 602)
6(602 606 605 604 603 601)
3(3206 1839 297)
3(3206 297 780)
3(3206 780 2246)
3(298 1840 3739)
3(299 298 3739)
3(1318 299 3739)
3(2657 1318 3739)
3(297 1839 3651)
3(298 297 3651)
3(1840 298 3651)
7(297 298 299 1315 1316 1080 780)
3(299 1318 1315)
3(4802 2348 918)
3(4802 918 923)
3(4802 923 2351)
3(892 2330 3365)
3(930 892 3365)
3(932 930 3365)
3(2354 932 3365)
3(3278 2351 923)
3(3278 923 932)
3(3278 932 2354)
3(930 908 892)
7(930 932 923 918 913 909 908)
3(3094 1789 234)
3(3094 234 449)
3(3094 449 1962)
3(234 1789 3330)
3(431 234 3330)
3(1944 431 3330)
6(448 449 234 431 432 233)
3(4698 2492 1101)
3(4698 1101 1102)
3(4698 1102 2493)
3(2994 2493 1102)
3(2994 1102 1122)
3(2994 1122 2511)
6(1101 1363 1366 1121 1122 1102)
3(4375 2455 1055)
3(4375 1055 1056)
3(4375 1056 2456)
3(1058 2458 4605)
3(1059 1058 4605)
3(2459 1059 4605)
3(3657 2456 1056)
3(3657 1056 1059)
3(3657 1059 2459)
6(1054 1057 1058 1059 1056 1055)
3(594 2090 4028)
3(948 594 4028)
3(2361 948 4028)
3(4245 2097 603)
3(4245 603 947)
3(4245 947 2360)
3(3286 2360 947)
3(3286 947 948)
3(3286 948 2361)
6(593 594 948 947 603 604)
3(10 1652 4033)
3(101 10 4033)
3(1694 101 4033)
3(106 1697 4253)
3(297 106 4253)
3(1839 297 4253)
3(101 1694 3955)
3(106 101 3955)
3(1697 106 3955)
6(101 106 297 780 778 10)
3(4687 2731 1408)
3(4687 1408 1442)
3(4687 1442 2761)
3(923 2351 2959)
3(1439 923 2959)
3(2760 1439 2959)
3(1439 2760 3966)
3(1442 1439 3966)
3(2761 1442 3966)
6(918 923 1439 1442 1408 1409)
3(3116 1982 472)
3(3116 472 749)
3(3116 749 2219)
3(252 1803 3841)
3(253 252 3841)
3(1804 253 3841)
3(4347 1803 252)
3(4347 252 472)
3(4347 472 1982)
6(252 253 257 748 749 472)
3(608 2102 3125)
3(956 608 3125)
3(2367 956 3125)
3(3848 2103 609)
3(3848 609 610)
3(3848 610 2104)
3(3054 2102 608)
3(3054 608 609)
3(3054 609 2103)
6(607 610 609 608 956 959)
3(326 1863 4724)
3(327 326 4724)
3(1864 327 4724)
3(3477 1699 110)
3(3477 110 109)
3(3477 109 298)
3(3477 298 1840)
3(110 1699 4009)
3(326 110 4009)
3(1863 326 4009)
3(299 298 109)
7(109 110 326 327 1317 1318 299)
3(4729 2073 575)
3(4729 575 577)
3(4729 577 2075)
3(887 2325 4146)
3(931 887 4146)
3(932 931 4146)
3(2354 932 4146)
3(575 2073 4665)
3(887 575 4665)
3(2325 887 4665)
7(575 887 931 930 892 893 577)
3(931 932 930)
3(4132 1984 474)
3(4132 474 747)
3(4132 747 2217)
3(3579 1982 472)
3(3579 472 473)
3(3579 473 1983)
3(3280 1983 473)
3(3280 473 474)
3(3280 474 1984)
6(472 749 751 747 474 473)
3(4243 1867 332)
3(4243 332 608)
3(4243 608 2102)
3(332 1867 3488)
3(474 332 3488)
3(1984 474 3488)
6(332 474 747 958 956 608)
3(4770 2077 579)
3(4770 579 881)
3(4770 881 2319)
3(326 1863 4251)
3(885 326 4251)
3(2323 885 4251)
3(3769 2319 881)
3(3769 881 885)
3(3769 885 2323)
6(885 881 579 582 327 326)
3(3899 2073 575)
3(3899 575 883)
3(3899 883 2321)
3(881 2319 3585)
3(883 881 3585)
3(2321 883 3585)
6(577 580 579 881 883 575)
3(4140 2211 735)
3(4140 735 736)
3(4140 736 2212)
3(4345 2215 742)
3(4345 742 741)
3(4345 741 1056)
3(4345 1056 2456)
3(4072 2212 736)
3(4072 736 742)
3(4072 742 2215)
5(1055 1056 741 734 733)
5(741 742 736 735 734)
3(951 2362 3783)
3(1235 951 3783)
3(2588 1235 3783)
3(3999 2361 948)
3(3999 948 1237)
3(3999 1237 2589)
3(1235 2588 3703)
3(1236 1235 3703)
3(1237 1236 3703)
3(2589 1237 3703)
6(1236 1237 948 594 595 330)
4(330 951 1235 1236)
3(436 1949 4430)
3(437 436 4430)
3(1950 437 4430)
3(4658 1694 101)
3(4658 101 102)
3(4658 102 1695)
3(3711 1695 102)
3(3711 102 33)
3(3711 33 437)
3(3711 437 1950)
4(225 436 437 33)
6(10 226 225 33 102 101)
3(879 2317 4436)
3(1413 879 4436)
3(2736 1413 4436)
3(1442 2761 4664)
3(1443 1442 4664)
3(2762 1443 4664)
3(4352 2317 879)
3(4352 879 938)
3(4352 938 1443)
3(4352 1443 2762)
4(879 1413 1416 938)
6(1416 1417 1408 1442 1443 938)
3(3127 1789 234)
3(3127 234 273)
3(3127 273 1821)
3(3366 1956 443)
3(3366 443 445)
3(3366 445 1958)
3(4551 1821 273)
3(4551 273 274)
3(4551 274 1822)
3(3809 1822 274)
3(3809 274 443)
3(3809 443 1956)
6(234 449 445 443 274 273)
3(3777 2070 570)
3(3777 570 1102)
3(3777 1102 2493)
3(4024 2364 953)
3(4024 953 1468)
3(4024 1468 2787)
3(570 2070 3228)
3(1467 570 3228)
3(2786 1467 3228)
3(1467 2786 4454)
3(1468 1467 4454)
3(2787 1468 4454)
6(1467 1468 953 1101 1102 570)
3(433 1946 3669)
3(434 433 3669)
3(1947 434 3669)
3(273 1821 3942)
3(275 273 3942)
3(1823 275 3942)
3(275 1823 4117)
3(433 275 4117)
3(1946 433 4117)
6(273 275 433 434 431 234)
3(3675 2316 878)
3(3675 878 1123)
3(3675 1123 2512)
3(569 2069 4596)
3(570 569 4596)
3(2070 570 4596)
3(4123 2069 569)
3(4123 569 878)
3(4123 878 2316)
6(570 1102 1122 1123 878 569)
3(4492 1970 457)
3(4492 457 736)
3(4492 736 2212)
3(3063 1956 443)
3(3063 443 457)
3(3063 457 1970)
6(445 446 735 736 457 443)
3(3181 2588 1235)
3(3181 1235 1466)
3(3181 1466 2785)
3(3701 2785 1466)
3(3701 1466 1468)
3(3701 1468 2787)
6(952 953 1468 1466 1235 951)
3(3188 1950 437)
3(3188 437 438)
3(3188 438 1951)
3(433 1946 3710)
3(438 433 3710)
3(1951 438 3710)
6(433 438 437 436 435 434)
3(879 2317 4787)
3(880 879 4787)
3(2318 880 4787)
3(3341 2316 878)
3(3341 878 880)
3(3341 880 2318)
6(878 1123 1410 1413 879 880)
3(4087 1691 97)
3(4087 97 252)
3(4087 252 1803)
3(746 2216 4587)
3(744 746 4587)
3(1059 744 4587)
3(2459 1059 4587)
3(97 1691 4005)
3(746 97 4005)
3(2216 746 4005)
4(744 1059 1058 98)
6(97 746 744 98 253 252)
3(4171 2103 609)
3(4171 609 1535)
3(4171 1535 2849)
3(947 2360 4689)
3(950 947 4689)
3(1537 950 4689)
3(2850 1537 4689)
3(3438 2849 1535)
3(3438 1535 1537)
3(3438 1537 2850)
6(950 1537 1535 609 610 601)
4(601 603 947 950)
3(108 1698 4176)
3(110 108 4176)
3(1699 110 4176)
3(3363 1696 105)
3(3363 105 106)
3(3363 106 1697)
3(105 1696 4116)
3(107 105 4116)
3(108 107 4116)
3(1698 108 4116)
6(107 109 298 297 106 105)
4(107 108 110 109)
3(887 2325 3821)
3(1207 887 3821)
3(2564 1207 3821)
3(1438 2759 4328)
3(1439 1438 4328)
3(2760 1439 4328)
3(1207 2564 3750)
3(1206 1207 3750)
3(1203 1206 3750)
3(1438 1203 3750)
3(2759 1438 3750)
3(1206 1203 929)
5(887 1207 1206 929 931)
7(923 932 931 929 1203 1438 1439)
3(473 1983 3033)
3(611 473 3033)
3(2105 611 3033)
3(3225 1691 97)
3(3225 97 615)
3(3225 615 2108)
3(611 2105 3760)
3(615 611 3760)
3(2108 615 3760)
6(97 252 472 473 611 615)
3(3679 1867 332)
3(3679 332 333)
3(3679 333 1868)
3(3699 2848 1534)
3(3699 1534 1535)
3(3699 1535 2849)
3(4207 1868 333)
3(4207 333 1534)
3(4207 1534 2848)
6(608 609 1535 1534 333 332)
3(2949 2323 885)
3(2949 885 886)
3(2949 886 2324)
3(108 1698 3332)
3(572 108 3332)
3(2072 572 3332)
3(572 2072 3854)
3(886 572 3854)
3(2324 886 3854)
6(572 886 885 326 110 108)
3(883 2321 3138)
3(884 883 3138)
3(2322 884 3138)
3(1205 2563 3339)
3(1207 1205 3339)
3(2564 1207 3339)
3(884 2322 4496)
3(1205 884 4496)
3(2563 1205 4496)
6(575 883 884 1205 1207 887)
3(738 2214 4734)
3(740 738 4734)
3(742 740 4734)
3(2215 742 4734)
3(4441 2213 737)
3(4441 737 745)
3(4441 745 746)
3(4441 746 2216)
3(737 2213 4407)
3(738 737 4407)
3(2214 738 4407)
6(741 1056 1059 744 743 739)
4(744 746 745 743)
4(739 740 742 741)
6(737 738 740 739 743 745)
3(1237 2589 3220)
3(1240 1237 3220)
3(1462 1240 3220)
3(2781 1462 3220)
3(1530 2845 2960)
3(1536 1530 2960)
3(1537 1536 2960)
3(2850 1537 2960)
3(1462 2781 4842)
3(1530 1462 4842)
3(2845 1530 4842)
4(949 1536 1537 950)
6(947 948 1237 1240 949 950)
5(1240 1462 1530 1536 949)
3(102 1695 3890)
3(104 102 3890)
3(268 104 3890)
3(1816 268 3890)
3(3574 1696 105)
3(3574 105 103)
3(3574 103 267)
3(3574 267 1815)
3(4846 1815 267)
3(4846 267 268)
3(4846 268 1816)
4(104 268 267 103)
6(101 102 104 103 105 106)
3(3522 2762 1443)
3(3522 1443 1440)
3(3522 1440 1446)
3(3522 1446 2765)
3(1438 2759 4545)
3(1441 1438 4545)
3(1447 1441 4545)
3(2766 1447 4545)
3(4505 2765 1446)
3(4505 1446 1447)
3(4505 1447 2766)
4(1440 1441 1447 1446)
6(1438 1441 1440 1443 1442 1439)
3(3223 2105 611)
3(3223 611 612)
3(3223 612 2106)
3(333 1868 3058)
3(612 333 3058)
3(2106 612 3058)
6(332 333 612 611 473 474)
3(274 1822 3173)
3(276 274 3173)
3(1824 276 3173)
3(3421 1823 275)
3(3421 275 277)
3(3421 277 1825)
3(276 1824 3379)
3(277 276 3379)
3(1825 277 3379)
5(273 274 276 277 275)
3(3831 2786 1467)
3(3831 1467 1470)
3(3831 1470 2789)
3(4099 1862 325)
3(4099 325 569)
3(4099 569 2069)
3(325 1862 4056)
3(1470 325 4056)
3(2789 1470 4056)
5(1470 1467 570 569 325)
3(4485 2320 882)
3(4485 882 886)
3(4485 886 2324)
3(882 2320 2993)
3(884 882 2993)
3(2322 884 2993)
6(881 885 886 882 884 883)
3(456 1969 4733)
3(457 456 4733)
3(1970 457 4733)
3(3231 1971 459)
3(3231 459 738)
3(3231 738 2214)
3(4404 1969 456)
3(4404 456 458)
3(4404 458 459)
3(4404 459 1971)
6(456 457 736 742 740 458)
4(740 738 459 458)
3(1466 2785 3882)
3(1469 1466 3882)
3(2788 1469 3882)
3(4343 2781 1462)
3(4343 1462 1463)
3(4343 1463 2782)
3(4839 2782 1463)
3(4839 1463 1238)
3(4839 1238 1469)
3(4839 1469 2788)
4(1239 1240 1237 1236)
5(1238 1463 1462 1240 1239)
6(1235 1466 1469 1238 1239 1236)
3(4819 1700 111)
3(4819 111 438)
3(4819 438 1951)
3(3342 1816 268)
3(3342 268 269)
3(3342 269 1817)
3(111 1700 4498)
3(32 111 4498)
3(269 32 4498)
3(1817 269 4498)
6(32 34 33 437 438 111)
5(269 268 104 34 32)
4(34 104 102 33)
3(3520 2318 880)
3(3520 880 1209)
3(3520 1209 2565)
3(4006 2764 1445)
3(4006 1445 1446)
3(4006 1446 2765)
3(4504 2565 1209)
3(4504 1209 1208)
3(4504 1208 1445)
3(4504 1445 2764)
5(939 1440 1446 1445 1208)
6(938 939 1208 1209 880 879)
4(938 1443 1440 939)
3(96 1690 4193)
3(276 96 4193)
3(1824 276 4193)
3(3630 1690 96)
3(3630 96 456)
3(3630 456 1969)
6(276 274 443 457 456 96)
3(1470 2789 4825)
3(1471 1470 4825)
3(2790 1471 4825)
3(3639 2788 1469)
3(3639 1469 1471)
3(3639 1471 2790)
6(1468 1467 1470 1471 1469 1466)
3(4044 1701 112)
3(4044 112 277)
3(4044 277 1825)
3(3752 1700 111)
3(3752 111 112)
3(3752 112 1701)
6(111 438 433 275 277 112)
3(4694 1862 325)
3(4694 325 1211)
3(4694 1211 2566)
3(1209 2565 3761)
3(1211 1209 3761)
3(2566 1211 3761)
6(569 878 880 1209 1211 325)
3(615 2108 3925)
3(616 615 3925)
3(617 616 3925)
3(2109 617 3925)
3(241 1794 4703)
3(737 241 4703)
3(2213 737 4703)
3(4401 1794 241)
3(4401 241 617)
3(4401 617 2109)
5(615 616 745 746 97)
5(241 737 745 616 617)
3(1531 2846 3559)
3(1533 1531 3559)
3(1534 1533 3559)
3(2848 1534 3559)
3(1530 2845 4333)
3(1532 1530 4333)
3(2847 1532 4333)
3(4050 2846 1531)
3(4050 1531 1532)
3(4050 1532 2847)
5(1533 1534 1535 1537 1536)
5(1530 1532 1531 1533 1536)
3(571 2071 4032)
3(573 571 4032)
3(572 573 4032)
3(2072 572 4032)
3(267 1815 4786)
3(270 267 4786)
3(1818 270 4786)
3(270 1818 4497)
3(571 270 4497)
3(2071 571 4497)
6(19 103 267 270 571 573)
4(107 105 103 19)
5(19 573 572 108 107)
3(1205 2563 3677)
3(1204 1205 3677)
3(1528 1204 3677)
3(2843 1528 3677)
3(4442 2766 1447)
3(4442 1447 1529)
3(4442 1529 2844)
3(1528 2843 4152)
3(1529 1528 4152)
3(2844 1529 4152)
7(1206 1204 1528 1529 1447 1441 1203)
4(1206 1207 1205 1204)
3(1441 1438 1203)
3(612 2106 2985)
3(613 612 2985)
3(614 613 2985)
3(2107 614 2985)
3(3628 2109 617)
3(3628 617 618)
3(3628 618 2110)
3(614 2107 4413)
3(618 614 4413)
3(2110 618 4413)
5(611 612 613 616 615)
5(613 614 618 617 616)
3(3262 2365 954)
3(3262 954 1531)
3(3262 1531 2846)
3(4247 2107 614)
3(4247 614 954)
3(4247 954 2365)
5(1534 1533 613 612 333)
5(1533 1531 954 614 613)
3(3730 2320 882)
3(3730 882 574)
3(3730 574 888)
3(3730 888 2326)
3(571 2071 3749)
3(891 571 3749)
3(2329 891 3749)
3(4710 2326 888)
3(4710 888 891)
3(4710 891 2329)
5(571 891 888 574 573)
5(572 573 574 882 886)
3(1526 2841 4389)
3(1528 1526 4389)
3(2843 1528 4389)
3(888 2326 2965)
3(1526 888 2965)
3(2841 1526 2965)
5(574 888 1526 1528 1204)
5(1204 1205 884 882 574)
3(4326 1682 87)
3(4326 87 88)
3(4326 88 96)
3(4326 96 1690)
3(28 1658 4588)
3(18 28 4588)
3(112 18 4588)
3(1701 112 4588)
3(3375 1658 28)
3(3375 28 87)
3(3375 87 1682)
6(112 277 276 96 88 18)
4(18 88 87 28)
3(1212 2567 4330)
3(592 1212 4330)
3(1471 592 4330)
3(2790 1471 4330)
3(1211 2566 4592)
3(1210 1211 4592)
3(1213 1210 4592)
3(2568 1213 4592)
3(4049 2567 1212)
3(4049 1212 1213)
3(4049 1213 2568)
4(1210 1213 1212 592)
6(325 1211 1210 592 1471 1470)
3(243 1796 4179)
3(459 243 4179)
3(1971 459 4179)
3(241 1794 4697)
3(242 241 4697)
3(1795 242 4697)
3(242 1795 4392)
3(243 242 4392)
3(1796 243 4392)
6(242 243 459 738 737 241)
3(1463 2782 4184)
3(1464 1463 4184)
3(2783 1464 4184)
3(1465 2784 4705)
3(1532 1465 4705)
3(2847 1532 4705)
3(1464 2783 4406)
3(1465 1464 4406)
3(2784 1465 4406)
6(1462 1463 1464 1465 1532 1530)
3(269 1817 4816)
3(271 269 4816)
3(1819 271 4816)
3(3369 1818 270)
3(3369 270 272)
3(3369 272 1820)
3(271 1819 3097)
3(272 271 3097)
3(1820 272 3097)
6(267 268 269 271 272 270)
3(1444 2763 3835)
3(1445 1444 3835)
3(2764 1445 3835)
3(3039 2842 1527)
3(3039 1527 1529)
3(3039 1529 2844)
3(4061 2763 1444)
3(4061 1444 1527)
3(4061 1527 2842)
6(1444 1445 1446 1447 1529 1527)
3(3474 1682 87)
3(3474 87 94)
3(3474 94 1688)
3(4007 1688 94)
3(4007 94 243)
3(4007 243 1796)
4(96 456 458 88)
6(88 458 459 243 94 87)
3(1212 2567 3141)
3(1448 1212 3141)
3(2767 1448 3141)
3(1448 2767 3631)
3(1464 1448 3631)
3(2783 1464 3631)
6(592 1212 1448 1464 1463 1238)
4(1238 1469 1471 592)
3(28 1658 4826)
3(29 28 4826)
3(1659 29 4826)
3(29 1659 4286)
3(271 29 4286)
3(1819 271 4286)
4(18 32 111 112)
6(18 28 29 271 269 32)
3(4473 2568 1213)
3(4473 1213 1214)
3(4473 1214 2569)
3(3268 2569 1214)
3(3268 1214 1444)
3(3268 1444 2763)
6(1208 1445 1444 1214 1213 1210)
4(1210 1211 1209 1208)
3(2992 1866 331)
3(2992 331 618)
3(2992 618 2110)
3(95 1689 3227)
3(242 95 3227)
3(1795 242 3227)
3(4390 1689 95)
3(4390 95 331)
3(4390 331 1866)
6(95 242 241 617 618 331)
3(3178 2365 954)
3(3178 954 955)
3(3178 955 2366)
3(3897 2768 1449)
3(3897 1449 1465)
3(3897 1465 2784)
3(4403 2366 955)
3(4403 955 1449)
3(4403 1449 2768)
6(1531 1532 1465 1449 955 954)
3(890 2328 4778)
3(891 890 4778)
3(2329 891 4778)
3(3528 1702 113)
3(3528 113 272)
3(3528 272 1820)
3(113 1702 4051)
3(890 113 4051)
3(2328 890 4051)
6(113 890 891 571 270 272)
3(3036 2839 1524)
3(3036 1524 1526)
3(3036 1526 2841)
3(1525 2840 3530)
3(1527 1525 3530)
3(2842 1527 3530)
3(1524 2839 4702)
3(1525 1524 4702)
3(2840 1525 4702)
6(1525 1527 1529 1528 1526 1524)
3(4636 1686 92)
3(4636 92 94)
3(4636 94 1688)
3(27 1657 2946)
3(29 27 2946)
3(1659 29 2946)
3(3691 1657 27)
3(3691 27 92)
3(3691 92 1686)
6(29 28 87 94 92 27)
3(3139 2767 1448)
3(3139 1448 1453)
3(3139 1453 2772)
3(1214 2569 3370)
3(1455 1214 3370)
3(2774 1455 3370)
3(4785 2772 1453)
3(4785 1453 1455)
3(4785 1455 2774)
6(1213 1214 1455 1453 1448 1212)
3(3041 1866 331)
3(3041 331 600)
3(3041 600 2096)
3(4784 2096 600)
3(4784 600 955)
3(4784 955 2366)
6(618 614 954 955 600 331)
3(3468 2327 889)
3(3468 889 890)
3(3468 890 2328)
3(889 2327 3930)
3(1524 889 3930)
3(2839 1524 3930)
6(888 891 890 889 1524 1526)
3(3408 1687 93)
3(3408 93 95)
3(3408 95 1689)
3(3933 1686 92)
3(3933 92 93)
3(3933 93 1687)
6(92 94 243 242 95 93)
3(4828 2768 1449)
3(4828 1449 1452)
3(4828 1452 2771)
3(4043 2771 1452)
3(4043 1452 1453)
3(4043 1453 2772)
6(1448 1453 1452 1449 1465 1464)
3(3527 1702 113)
3(3527 113 115)
3(3527 115 1704)
3(27 1657 3792)
3(115 27 3792)
3(1704 115 3792)
6(115 113 272 271 29 27)
3(3169 2773 1454)
3(3169 1454 1525)
3(3169 1525 2840)
3(1454 2773 3412)
3(1455 1454 3412)
3(2774 1455 3412)
6(1444 1527 1525 1454 1455 1214)
3(4438 2095 599)
3(4438 599 600)
3(4438 600 2096)
3(31 1661 3172)
3(93 31 3172)
3(1687 93 3172)
3(3420 1661 31)
3(3420 31 599)
3(3420 599 2095)
6(93 95 331 600 599 31)
3(3627 2769 1450)
3(3627 1450 1452)
3(3627 1452 2771)
3(4104 2095 599)
3(4104 599 1450)
3(4104 1450 2769)
6(599 600 955 1449 1452 1450)
3(576 2074 4535)
3(889 576 4535)
3(2327 889 4535)
3(3040 1703 114)
3(3040 114 115)
3(3040 115 1704)
3(114 1703 3261)
3(576 114 3261)
3(2074 576 3261)
6(115 114 576 889 890 113)
3(1451 2770 3681)
3(1454 1451 3681)
3(2773 1454 3681)
3(576 2074 3467)
3(1451 576 3467)
3(2770 1451 3467)
6(1451 1454 1525 1524 889 576)
3(31 1661 4646)
3(114 31 4646)
3(1703 114 4646)
6(27 92 93 31 114 115)
3(3318 2769 1450)
3(3318 1450 1451)
3(3318 1451 2770)
6(1450 1452 1453 1455 1454 1451)
6(31 599 1450 1451 576 114)
10(153 158 159 162 167 355 354 170 171 156)
9(80 82 1025 1027 1018 64 57 20 3)
4(3 20 158 153)
9(22 81 79 43 55 360 358 54 53)
4(156 171 55 43)
4(79 81 82 80)
6(3 153 156 43 79 80)
9(620 621 658 1285 1283 1293 1296 963 619)
9(158 163 154 1486 1482 1287 658 621 153)
10(620 619 339 349 351 169 174 172 171 156)
4(153 621 620 156)
4(621 658 845 825)
9(825 845 1300 1305 835 1194 1196 1155 1154)
5(620 1577 1615 876 619)
9(1577 1578 1582 1594 1592 1607 1605 1616 1615)
6(620 621 825 1154 1578 1577)
5(1154 1155 1156 1582 1578)
10(3 5 24 382 383 201 394 392 21 20)
9(74 223 222 469 466 408 410 24 5)
9(74 80 82 193 674 675 425 423 223)
4(80 74 5 3)
9(831 841 857 848 846 855 844 845 825)
6(5 24 69 204 203 4)
10(203 403 402 208 209 556 804 814 809 4)
7(809 814 819 1133 1131 841 831)
8(3 5 4 809 831 825 621 153)
10(841 851 853 1383 1565 1566 1522 1153 1160 831)
4(831 1160 1154 825)
8(1140 1144 1150 1155 1154 1160 1153 1147)
9(8 35 117 690 686 683 684 203 4)
4(74 223 220 75)
6(4 5 74 75 9 8)
9(75 220 246 248 116 12 37 36 9)
5(9 36 38 35 8)
9(807 1092 1362 1361 812 816 817 814 809)
4(8 807 809 4)
8(8 35 307 309 312 1091 1092 807)
6(807 808 1159 1160 831 809)
5(1153 1160 1159 1395 1391)
5(1092 1093 811 808 807)
11(1095 1096 1340 1341 811 808 1159 1395 1393 813 806)
9(43 55 646 648 988 987 758 757 44)
11(73 76 77 353 975 977 973 371 191 81 79)
6(2 73 79 43 44 0)
10(0 756 1279 1277 1000 1002 631 77 76 2)
4(44 757 756 0)
3(2 76 73)
10(1577 1615 1629 1630 1620 1634 1632 1642 1636 1587)
7(44 43 156 620 1577 1587 42)
10(42 870 871 65 265 477 1067 1068 757 44)
5(1587 1636 1539 870 42)
4(1577 1578 1588 1587)
8(1582 1596 1609 1612 1627 1611 1588 1578)
9(1588 1611 1625 1623 1640 1639 1637 1636 1587)
7(72 75 74 80 79 73 71)
9(122 520 523 419 421 221 220 75 72)
3(77 78 76)
9(71 73 76 78 238 240 227 230 70)
6(70 514 516 122 72 71)
8(1578 1588 1174 1175 1176 1159 1160 1154)
4(72 75 9 7)
8(7 9 8 807 808 920 919 6)
4(808 1159 1176 920)
3(0 2 1)
6(1 14 13 42 44 0)
6(13 41 1174 1588 1587 42)
6(2 73 71 17 14 1)
7(14 17 16 933 934 41 13)
4(41 934 1175 1174)
6(16 17 71 72 7 6)
4(6 919 933 16)
6(919 920 1176 1175 934 933)
10(1159 1395 1394 1167 1169 1173 1181 1188 1186 1176)
5(1174 1178 1179 1611 1588)
10(1175 1185 1645 1648 1508 1369 1183 1182 1178 1174)
4(1176 1186 1185 1175)
9(7 136 533 536 501 502 284 36 9)
10(72 122 289 292 1078 1077 295 296 136 7)
9(920 914 905 1330 1333 1348 1350 811 808)
5(7 136 135 40 6)
8(40 301 898 896 142 910 919 6)
5(910 911 914 920 919)
11(914 915 926 924 927 935 940 1115 1186 1176 920)
10(0 756 754 262 258 98 744 743 15 1)
11(1 15 739 741 734 232 85 83 78 76 2)
3(743 739 15)
10(42 870 869 66 328 602 601 950 949 13)
3(1 14 15)
10(13 949 1536 1533 613 616 745 743 15 14)
5(13 41 1239 1240 949)
9(1174 1178 945 946 591 330 1236 1239 41)
10(14 15 739 740 458 88 18 32 34 17)
10(17 34 33 225 428 729 728 286 70 71)
8(41 1239 1238 592 1210 1208 939 934)
6(16 19 103 104 34 17)
8(933 929 1206 1204 574 573 19 16)
7(933 934 939 1440 1441 1203 929)
10(934 1175 1185 1114 937 1125 1414 1416 938 939)
10(16 19 107 109 299 1315 1325 1323 40 6)
9(908 1218 1217 910 919 933 929 931 930)
4(3354 1678 2937 4852)
4(4852 4169 1764 3354)
4(4852 4359 1766 4626)
4(2937 1767 4359 4852)
4(4852 4626 1906 3114)
4(3114 1907 4169 4852)
4(3303 1766 4359 4853)
4(4853 4359 1767 3558)
4(3826 1768 3303 4853)
4(4591 1915 3826 4853)
4(4853 3558 2178 4092)
4(4853 4092 2179 4591)
4(3198 1764 4169 4854)
4(4854 3448 1765 4234)
4(4854 4268 1904 3448)
4(4854 4169 1907 4268)
4(4234 2054 3732 4854)
4(3732 2055 3198 4854)
4(4855 4626 1766 3303)
4(4855 3303 1768 3201)
4(4855 3201 1857 2943)
4(2943 1858 3738 4855)
4(3738 1905 4464 4855)
4(4464 1906 4626 4855)
4(4798 1904 4268 4856)
4(4856 4464 1905 3556)
4(4856 3114 1906 4464)
4(4268 1907 3114 4856)
4(3886 2064 4798 4856)
4(4856 3556 2065 3886)
4(4857 2937 1678 4580)
4(4857 4580 1679 4026)
4(3558 1767 2937 4857)
4(4857 4026 1912 3037)
4(3037 2177 3308 4857)
4(3308 2178 3558 4857)
4(4580 1678 3354 4858)
4(4225 1679 4580 4858)
4(4858 3354 1764 3198)
4(4858 3198 2055 3974)
4(3044 2262 4225 4858)
4(4858 3974 2263 3044)
4(3201 1768 3826 4859)
4(3179 1853 4136 4859)
4(4136 1857 3201 4859)
4(4859 3826 1915 3869)
4(4859 4644 1919 3179)
4(4859 3869 1920 4644)
4(3874 1765 3448 4860)
4(4860 3448 1904 4798)
4(3313 2062 3874 4860)
4(4860 4798 2064 4138)
4(3837 2811 3313 4860)
4(4860 4138 2812 3837)
4(4282 2176 3247 4861)
4(4861 3308 2177 3781)
4(4861 4092 2178 3308)
4(3247 2179 4092 4861)
4(3463 2181 4282 4861)
4(4861 3781 2182 3463)
4(4862 3732 2054 3731)
4(3974 2055 3732 4862)
4(4862 3409 2059 3934)
4(4862 3731 2061 3409)
4(4232 2263 3974 4862)
4(3934 2265 4232 4862)
4(4863 3356 1854 3839)
4(4863 3738 1858 3356)
4(3556 1905 3738 4863)
4(3167 2065 3556 4863)
4(3635 2802 3167 4863)
4(4863 3839 2803 3635)
4(4864 4026 1679 4225)
4(4744 1772 4288 4864)
4(3819 1912 4026 4864)
4(4288 1913 3819 4864)
4(4864 4225 2262 4266)
4(4864 4266 2264 4744)
4(4865 4528 1914 3986)
4(3869 1915 4591 4865)
4(4270 1920 3869 4865)
4(3986 1921 4270 4865)
4(4865 3247 2176 4528)
4(4865 4591 2179 3247)
4(4866 4234 1765 3874)
4(3731 2054 4234 4866)
4(3422 2060 4635 4866)
4(4635 2061 3731 4866)
4(4866 3874 2062 4365)
4(4866 4365 2063 3422)
4(4867 4136 1853 4641)
4(4101 1854 3356 4867)
4(4597 1855 4101 4867)
4(4867 4641 1856 4597)
4(4867 2943 1857 4136)
4(3356 1858 2943 4867)
4(4138 2064 3886 4868)
4(4868 3886 2065 3167)
4(4868 3092 2801 4240)
4(4868 3167 2802 3092)
4(4240 2810 4275 4868)
4(4275 2812 4138 4868)
4(4869 3037 1912 3819)
4(4869 3819 1913 3740)
4(4869 3740 1925 4246)
4(3781 2177 3037 4869)
4(4246 2180 2978 4869)
4(2978 2182 3781 4869)
4(4266 2262 3044 4870)
4(4870 3044 2263 4232)
4(3834 2264 4266 4870)
4(4870 4232 2265 4372)
4(4337 2266 3834 4870)
4(4870 4372 2267 4337)
4(4871 4339 1916 3537)
4(4871 3080 1917 4339)
4(3537 1918 3876 4871)
4(3876 1919 4644 4871)
4(4871 4644 1920 4270)
4(4871 4270 1921 3080)
4(4365 2062 3313 4872)
4(3085 2063 4365 4872)
4(3048 2294 3085 4872)
4(3541 2299 3048 4872)
4(4872 4519 2809 3541)
4(4872 3313 2811 4519)
4(3184 1908 4652 4873)
4(4652 1910 4425 4873)
4(4425 1914 4528 4873)
4(4528 2176 4282 4873)
4(4873 4282 2181 4167)
4(4873 4167 2183 3184)
4(3646 2058 4633 4874)
4(4633 2059 3409 4874)
4(4874 4635 2060 2944)
4(4874 3409 2061 4635)
4(4874 2944 2295 3144)
4(4874 3144 2300 3646)
4(3807 1674 3088 4875)
4(4875 4745 1675 3807)
4(4641 1853 3179 4875)
4(3088 1856 4641 4875)
4(4875 3876 1918 4745)
4(4875 3179 1919 3876)
4(4451 2807 4750 4876)
4(4876 3737 2808 4451)
4(4750 2809 4519 4876)
4(4876 4275 2810 3737)
4(4519 2811 3837 4876)
4(4876 3837 2812 4275)
4(4877 2978 2180 4692)
4(4167 2181 3463 4877)
4(4877 3463 2182 2978)
4(4384 2183 4167 4877)
4(4109 2184 4384 4877)
4(4877 4692 2185 4109)
4(4878 4633 2058 4834)
4(4878 3934 2059 4633)
4(4372 2265 3934 4878)
4(3833 2267 4372 4878)
4(4878 4834 2518 4555)
4(4555 2519 3833 4878)
4(4879 4425 1910 4105)
4(4879 3986 1914 4425)
4(3838 1917 3080 4879)
4(3080 1921 3986 4879)
4(3340 2171 3838 4879)
4(4879 4105 2172 3340)
4(2944 2060 3422 4880)
4(4880 3422 2063 3085)
4(4880 3085 2294 3465)
4(3742 2295 2944 4880)
4(4880 3465 2520 3002)
4(3002 2521 3742 4880)
4(4607 1735 2953 4881)
4(4881 4683 1736 4607)
4(4881 3839 1854 4101)
4(4881 4101 1855 4683)
4(3977 2803 3839 4881)
4(2953 2805 3977 4881)
4(4772 2801 3092 4882)
4(3092 2802 3635 4882)
4(4882 3635 2803 3977)
4(4069 2804 4772 4882)
4(4882 3977 2805 4541)
4(4882 4541 2806 4069)
4(4883 4288 1772 4090)
4(3740 1913 4288 4883)
4(4711 1923 4775 4883)
4(4775 1925 3740 4883)
4(4883 4090 2445 3476)
4(4883 3476 2446 4711)
4(4090 1772 4744 4884)
4(4884 3453 2056 4715)
4(4884 4744 2264 3834)
4(4884 3834 2266 3453)
4(4715 2444 3689 4884)
4(3689 2445 4090 4884)
4(4885 3088 1674 4661)
4(3845 1736 4683 4885)
4(4350 1738 3845 4885)
4(4885 4661 1740 4350)
4(4683 1855 4597 4885)
4(4885 4597 1856 3088)
4(3057 2632 3324 4886)
4(4886 3849 2633 3057)
4(4886 4240 2801 4772)
4(4886 4772 2804 3849)
4(3324 2808 3737 4886)
4(3737 2810 4240 4886)
4(4453 1922 4753 4887)
4(4887 4775 1923 3943)
4(4887 3943 1924 4453)
4(4887 4246 1925 4775)
4(4692 2180 4246 4887)
4(4753 2185 4692 4887)
4(3948 2056 3453 4888)
4(3453 2266 4337 4888)
4(4888 4337 2267 3833)
4(3146 2269 3948 4888)
4(4888 3428 2517 3146)
4(4888 3833 2519 3428)
4(4120 1769 4807 4889)
4(4807 1916 4339 4889)
4(4889 4339 1917 3838)
4(3282 2162 4120 4889)
4(4889 3838 2171 3829)
4(4889 3829 2175 3282)
4(4890 4755 2290 3288)
4(4890 4815 2293 4755)
4(3465 2294 3048 4890)
4(4890 3048 2299 4815)
4(3836 2520 3465 4890)
4(3288 2524 3836 4890)
4(4891 4652 1908 3984)
4(4891 3984 1909 3236)
4(4105 1910 4652 4891)
4(4891 3236 1911 3773)
4(4042 2172 4105 4891)
4(3773 2174 4042 4891)
4(3390 2291 4836 4892)
4(4892 3144 2295 3742)
4(4836 2296 2987 4892)
4(2987 2300 3144 4892)
4(4892 3742 2521 3682)
4(4892 3682 2522 3390)
4(4074 1672 4141 4893)
4(4893 4348 1673 4074)
4(4141 1675 4745 4893)
4(4893 4807 1769 4348)
4(4893 3537 1916 4807)
4(4745 1918 3537 4893)
4(4000 2293 4815 4894)
4(4815 2299 3541 4894)
4(4894 3787 2641 3708)
4(3708 2642 4000 4894)
4(4894 4750 2807 3787)
4(4894 3541 2809 4750)
4(3984 1908 3184 4895)
4(4452 1909 3984 4895)
4(4160 1929 4452 4895)
4(4895 4238 1931 4160)
4(4895 3184 2183 4384)
4(4895 4384 2184 4238)
4(4834 2058 3646 4896)
4(4896 2987 2296 4113)
4(4896 4113 2297 3806)
4(4896 3646 2300 2987)
4(3806 2515 3888 4896)
4(3888 2518 4834 4896)
4(4897 4529 1734 3812)
4(4897 2953 1735 4529)
4(4897 3812 2143 4258)
4(4258 2409 4334 4897)
4(4541 2805 2953 4897)
4(4334 2806 4541 4897)
4(3829 2171 3340 4898)
4(4898 3340 2172 4042)
4(3230 2173 4297 4898)
4(4898 4042 2174 3230)
4(4297 2175 3829 4898)
4(4899 3002 2520 3836)
4(3682 2521 3002 4899)
4(4667 2522 3682 4899)
4(4899 4409 2523 4667)
4(4899 3836 2524 4409)
4(4900 3689 2444 4653)
4(4900 3476 2445 3689)
4(4818 2446 3476 4900)
4(4128 2447 4818 4900)
4(4900 4653 2814 4559)
4(4559 2818 4128 4900)
4(4901 4141 1672 4494)
4(4661 1674 3807 4901)
4(4901 3807 1675 4141)
4(4281 1740 4661 4901)
4(4901 4494 1747 4721)
4(4721 1751 4281 4901)
4(4902 2984 2631 4723)
4(4902 3324 2632 2984)
4(4723 2640 4502 4902)
4(4502 2641 3787 4902)
4(3787 2807 4451 4902)
4(4902 4451 2808 3324)
4(4903 3415 1770 3867)
4(4903 4753 1922 3415)
4(3867 1930 3645 4903)
4(3645 1931 4238 4903)
4(4238 2184 4109 4903)
4(4903 4109 2185 4753)
4(4803 2514 3086 4904)
4(4904 3888 2515 4617)
4(4904 4617 2516 4803)
4(3086 2517 3428 4904)
4(4904 4555 2518 3888)
4(3428 2519 4555 4904)
4(3279 1734 4529 4905)
4(4529 1735 4607 4905)
4(4905 4607 1736 3845)
4(4905 3845 1738 4526)
4(4905 4526 1753 3811)
4(3811 1755 3279 4905)
4(4906 4334 2409 2962)
4(4906 2962 2410 3440)
4(3440 2628 4173 4906)
4(4173 2633 3849 4906)
4(3849 2804 4069 4906)
4(4906 4069 2806 4334)
4(3943 1923 4711 4907)
4(4642 1924 3943 4907)
4(3912 2163 4642 4907)
4(4907 3385 2164 3912)
4(4907 4711 2446 4818)
4(4907 4818 2447 3385)
4(4908 4715 2056 3948)
4(4908 4274 2268 3545)
4(4908 3948 2269 4274)
4(4653 2444 4715 4908)
4(3061 2814 4653 4908)
4(3545 2815 3061 4908)
4(4526 1738 4350 4909)
4(4909 4350 1740 4281)
4(4909 4281 1751 4204)
4(4909 4204 1752 3024)
4(3064 1753 4526 4909)
4(3024 1756 3064 4909)
4(4910 4173 2628 3704)
4(4910 3704 2629 3658)
4(3658 2630 4210 4910)
4(4210 2631 2984 4910)
4(2984 2632 3057 4910)
4(4910 3057 2633 4173)
4(3856 1770 3415 4911)
4(4627 1771 3856 4911)
4(3415 1922 4453 4911)
4(4911 4453 1924 4642)
4(4911 4642 2163 3335)
4(4911 3335 2166 4627)
4(3803 2268 4274 4912)
4(4274 2269 3146 4912)
4(4912 4309 2272 3772)
4(3772 2273 3803 4912)
4(4912 3086 2514 4309)
4(4912 3146 2517 3086)
4(3216 1673 4348 4913)
4(3662 1676 3216 4913)
4(4348 1769 4120 4913)
4(4913 4120 2162 4684)
4(4172 2435 3662 4913)
4(4913 4684 2436 4172)
4(4801 2285 4691 4914)
4(4914 3668 2287 4801)
4(4691 2290 4755 4914)
4(4914 4755 2293 4000)
4(4914 4000 2642 3221)
4(4914 3221 2644 3668)
4(3822 1774 4322 4915)
4(4915 3299 1775 3822)
4(4915 3236 1909 4452)
4(4322 1911 3236 4915)
4(4915 4822 1928 3299)
4(4915 4452 1929 4822)
4(4916 4780 2289 2977)
4(4916 4836 2291 4780)
4(2977 2292 3780 4916)
4(4113 2296 4836 4916)
4(3326 2297 4113 4916)
4(3780 2298 3326 4916)
4(4684 2162 3282 4917)
4(4917 4297 2173 4534)
4(4917 3282 2175 4297)
4(4917 4534 2193 4203)
4(4422 2436 4684 4917)
4(4917 4203 2440 4422)
4(4079 2278 3850 4918)
4(3850 2283 4182 4918)
4(4918 4691 2285 4079)
4(4918 3288 2290 4691)
4(4182 2523 4409 4918)
4(4409 2524 3288 4918)
4(4919 4322 1774 4081)
4(4919 3773 1911 4322)
4(4534 2173 3230 4919)
4(3230 2174 3773 4919)
4(4081 2190 3586 4919)
4(3586 2193 4534 4919)
4(4920 4182 2283 3695)
4(4920 3695 2284 4166)
4(4166 2289 4780 4920)
4(4780 2291 3390 4920)
4(4920 3390 2522 4667)
4(4920 4667 2523 4182)
4(4494 1672 4074 4921)
4(4921 4074 1673 3216)
4(4921 3216 1676 3152)
4(4921 3152 1677 4688)
4(2954 1747 4494 4921)
4(4688 1749 2954 4921)
4(4922 4502 2640 3900)
4(4922 3708 2641 4502)
4(3221 2642 3708 4922)
4(4922 3900 2643 4321)
4(4125 2644 3221 4922)
4(4321 2645 4125 4922)
4(4756 1928 4822 4923)
4(4822 1929 4160 4923)
4(4923 3645 1930 4540)
4(4923 4160 1931 3645)
4(3030 2198 4756 4923)
4(4923 4540 2202 3030)
4(3460 2274 3059 4924)
4(4924 3243 2275 3460)
4(4924 3806 2297 3326)
4(4924 3326 2298 3243)
4(4617 2515 3806 4924)
4(3059 2516 4617 4924)
4(3395 1733 3441 4925)
4(4925 3812 1734 3279)
4(4925 2990 1754 3395)
4(4925 3279 1755 2990)
4(3441 2142 2942 4925)
4(2942 2143 3812 4925)
4(4926 2942 2142 3648)
4(4926 4258 2143 2942)
4(2962 2409 4258 4926)
4(3615 2410 2962 4926)
4(4078 2411 3615 4926)
4(4926 3648 2414 4078)
4(3256 2164 3385 4927)
4(3715 2165 3256 4927)
4(4927 3277 2443 3715)
4(3385 2447 4128 4927)
4(4927 4523 2817 3277)
4(4927 4128 2818 4523)
4(4164 2813 3949 4928)
4(4928 4559 2814 3061)
4(4928 3061 2815 3741)
4(4928 3741 2816 4164)
4(3949 2817 4523 4928)
4(4523 2818 4559 4928)
4(4929 3811 1753 3064)
4(3659 1754 2990 4929)
4(2990 1755 3811 4929)
4(4929 3064 1756 3182)
4(4929 3182 1757 3357)
4(3357 1758 3659 4929)
4(4930 3440 2410 3615)
4(4930 3615 2411 3289)
4(3704 2628 3440 4930)
4(4783 2629 3704 4930)
4(4319 2635 4783 4930)
4(4930 3289 2636 4319)
4(3335 2163 3912 4931)
4(4931 3912 2164 3256)
4(4931 3256 2165 3296)
4(4788 2166 3335 4931)
4(3029 2168 4788 4931)
4(4931 3296 2169 3029)
4(4932 2957 2057 4434)
4(4932 3545 2268 3803)
4(4932 3803 2273 2957)
4(4434 2647 3391 4932)
4(3741 2815 3545 4932)
4(3391 2816 3741 4932)
4(4933 4721 1747 2954)
4(3126 1748 4382 4933)
4(4933 2954 1749 3393)
4(4933 3393 1750 3126)
4(4204 1751 4721 4933)
4(4382 1752 4204 4933)
4(4934 4039 2592 4725)
4(4725 2593 3070 4934)
4(4934 4210 2630 4039)
4(4934 4723 2631 4210)
4(3900 2640 4723 4934)
4(3070 2643 3900 4934)
4(4935 3867 1770 3856)
4(4935 3856 1771 4046)
4(4540 1930 3867 4935)
4(4935 4046 2195 4730)
4(3714 2202 4540 4935)
4(4730 2203 3714 4935)
4(4936 3719 2270 3398)
4(3398 2271 4695 4936)
4(4695 2272 4309 4936)
4(4936 3059 2274 3719)
4(4309 2514 4803 4936)
4(4936 4803 2516 3059)
4(4937 3586 2190 3851)
4(4937 3851 2191 3779)
4(3779 2192 4813 4937)
4(4937 4203 2193 3586)
4(4813 2439 3580 4937)
4(3580 2440 4203 4937)
4(4938 3587 2276 3512)
4(4938 3512 2277 3782)
4(4938 3850 2278 3587)
4(3782 2280 4491 4938)
4(3695 2283 3850 4938)
4(4491 2284 3695 4938)
4(4939 4382 1748 3721)
4(4939 3024 1752 4382)
4(3182 1756 3024 4939)
4(3192 1757 3182 4939)
4(4939 3721 2125 3621)
4(3621 2126 3192 4939)
4(3629 2590 4358 4940)
4(4358 2592 4039 4940)
4(4940 3658 2629 4783)
4(4039 2630 3658 4940)
4(4940 4783 2635 3196)
4(4940 3196 2637 3629)
4(4046 1771 4627 4941)
4(4941 4627 2166 4788)
4(4941 3291 2167 3746)
4(4941 4788 2168 3291)
4(3815 2195 4046 4941)
4(3746 2196 3815 4941)
4(3298 2057 2957 4942)
4(4942 4695 2271 4461)
4(4942 3772 2272 4695)
4(2957 2273 3772 4942)
4(4942 4461 2686 3751)
4(3751 2687 3298 4942)
4(4943 3441 1733 3753)
4(4943 3753 1737 3665)
4(4943 3665 1870 3454)
4(3648 2142 3441 4943)
4(3454 2413 4194 4943)
4(4194 2414 3648 4943)
4(3555 2441 3120 4944)
4(3120 2442 3187 4944)
4(3187 2443 3277 4944)
4(4944 3634 2646 3555)
4(4944 3949 2813 3634)
4(4944 3277 2817 3949)
4(3152 1676 3662 4945)
4(4118 1677 3152 4945)
4(4945 4025 2421 4531)
4(4531 2423 4118 4945)
4(4945 3662 2435 3091)
4(4945 3091 2437 4025)
4(4946 3757 2146 4180)
4(3670 2282 4048 4946)
4(4180 2286 3670 4946)
4(4048 2287 3668 4946)
4(4946 3668 2644 4125)
4(4946 4125 2645 3757)
4(3676 1773 4699 4947)
4(4699 1775 3299 4947)
4(4947 3299 1928 4756)
4(4185 1978 3676 4947)
4(4947 4756 2198 4395)
4(4947 4395 2199 4185)
4(4408 2275 3243 4948)
4(4948 3780 2292 3368)
4(3243 2298 3780 4948)
4(4817 2710 4408 4948)
4(4948 3368 2874 4316)
4(4948 4316 2875 4817)
4(3091 2435 4172 4949)
4(4949 4172 2436 4422)
4(3250 2437 3091 4949)
4(4949 3550 2438 3250)
4(4949 3580 2439 3550)
4(4949 4422 2440 3580)
4(4209 2276 3587 4950)
4(3587 2278 4079 4950)
4(3255 2279 4209 4950)
4(4950 4048 2282 3255)
4(4079 2285 4801 4950)
4(4950 4801 2287 4048)
4(4951 4699 1773 2938)
4(4081 1774 3822 4951)
4(4951 3822 1775 4699)
4(2938 1927 3857 4951)
4(3851 2190 4081 4951)
4(3857 2191 3851 4951)
4(4952 4491 2280 3861)
4(4952 4166 2284 4491)
4(4952 2977 2289 4166)
4(3368 2292 2977 4952)
4(3554 2874 3368 4952)
4(4952 3861 2878 3554)
4(3753 1733 3395 4953)
4(3961 1737 3753 4953)
4(4953 3395 1754 3659)
4(4953 3659 1758 3748)
4(4690 2132 3961 4953)
4(4953 3748 2133 4690)
4(3289 2411 4078 4954)
4(4954 3968 2412 4696)
4(4954 4194 2413 3968)
4(4954 4078 2414 4194)
4(4696 2634 3755 4954)
4(3755 2636 3289 4954)
4(3296 2165 3715 4955)
4(4394 2169 3296 4955)
4(4955 3187 2442 4621)
4(4955 3715 2443 3187)
4(4955 4621 2452 3367)
4(3367 2453 4394 4955)
4(3597 2646 3634 4956)
4(4956 3391 2647 4045)
4(3634 2813 4164 4956)
4(4956 4164 2816 3391)
4(3034 2819 3597 4956)
4(4956 4045 2820 3034)
4(4957 4688 1677 4118)
4(3038 1745 4053 4957)
4(3393 1749 4688 4957)
4(4053 1750 3393 4957)
4(4957 4118 2423 4765)
4(4957 4765 2424 3038)
4(4851 2146 3757 4958)
4(4958 3070 2593 4149)
4(4958 4321 2643 3070)
4(3757 2645 4321 4958)
4(3133 2791 4851 4958)
4(4958 4149 2792 3133)
4(4395 2198 3030 4959)
4(2936 2199 4395 4959)
4(3140 2200 2936 4959)
4(4959 4153 2201 3140)
4(4959 3030 2202 3714)
4(4959 3714 2203 4153)
4(3794 2270 3719 4960)
4(3719 2274 3460 4960)
4(4960 3460 2275 4408)
4(4960 4408 2710 4514)
4(4735 2829 3794 4960)
4(4960 4514 2830 4735)
4(4961 3357 1757 3192)
4(3748 1758 3357 4961)
4(4961 3195 2124 4445)
4(4961 3192 2126 3195)
4(4445 2128 3725 4961)
4(3725 2133 3748 4961)
4(4962 3755 2634 4175)
4(3196 2635 4319 4962)
4(4962 4319 2636 3755)
4(3666 2637 3196 4962)
4(4962 4175 2638 3577)
4(3577 2639 3666 4962)
4(3297 2167 3291 4963)
4(3291 2168 3029 4963)
4(4963 3029 2169 4394)
4(4546 2170 3297 4963)
4(4963 3820 2448 4546)
4(4963 4394 2453 3820)
4(4964 4434 2057 3298)
4(4045 2647 4434 4964)
4(4964 3298 2687 3304)
4(4964 3304 2691 3226)
4(4463 2820 4045 4964)
4(3226 2822 4463 4964)
4(4965 4053 1745 3450)
4(3721 1748 3126 4965)
4(4965 3126 1750 4053)
4(4416 2125 3721 4965)
4(4827 2386 4416 4965)
4(4965 3450 2388 4827)
4(4966 4358 2590 4850)
4(4966 4850 2591 3331)
4(4966 4725 2592 4358)
4(4149 2593 4725 4966)
4(4578 2792 4149 4966)
4(3331 2794 4578 4966)
4(2995 2194 3560 4967)
4(4967 4730 2195 3815)
4(4967 3815 2196 4508)
4(4967 4508 2197 2995)
4(3560 2201 4153 4967)
4(4153 2203 4730 4967)
4(4968 3398 2270 3794)
4(4461 2271 3398 4968)
4(3000 2685 4513 4968)
4(4513 2686 4461 4968)
4(4968 3794 2829 4220)
4(4968 4220 2832 3000)
4(4969 3533 2188 4681)
4(4969 4813 2192 3533)
4(3405 2432 3001 4969)
4(4969 4681 2433 3405)
4(3001 2438 3550 4969)
4(3550 2439 4813 4969)
4(4970 3512 2276 4209)
4(3623 2277 3512 4970)
4(4970 4209 2279 4410)
4(4970 4410 2281 4820)
4(4771 2301 3623 4970)
4(4820 2304 4771 4970)
4(4971 3099 1926 3521)
4(4971 3857 1927 3099)
4(3521 2187 4520 4971)
4(4520 2188 3533 4971)
4(4971 3779 2191 3857)
4(3533 2192 3779 4971)
4(4972 3782 2277 3623)
4(3861 2280 3782 4972)
4(4972 3623 2301 4168)
4(4972 4168 2305 3166)
4(4707 2878 3861 4972)
4(3166 2879 4707 4972)
4(4973 3665 1737 3961)
4(3374 1741 4129 4973)
4(3471 1870 3665 4973)
4(4129 1871 3471 4973)
4(4973 4415 2129 3374)
4(4973 3961 2132 4415)
4(4974 4133 1869 3853)
4(4974 3454 1870 3471)
4(4974 3471 1871 4133)
4(3853 2145 4849 4974)
4(4849 2412 3968 4974)
4(3968 2413 3454 4974)
4(4975 3573 1850 4022)
4(4975 4022 1851 3485)
4(4975 3120 2441 3573)
4(4621 2442 3120 4975)
4(3485 2451 4507 4975)
4(4507 2452 4621 4975)
4(4218 1850 3573 4976)
4(4151 2043 4218 4976)
4(3573 2441 3555 4976)
4(4976 3555 2646 3597)
4(4976 3597 2819 4512)
4(4976 4512 2821 4151)
4(3940 2421 4025 4977)
4(4095 2426 3940 4977)
4(4977 3865 2431 4095)
4(4977 3001 2432 3865)
4(4977 4025 2437 3250)
4(4977 3250 2438 3001)
4(4410 2279 3255 4978)
4(4318 2281 4410 4978)
4(3255 2282 3670 4978)
4(4978 3670 2286 3095)
4(4539 2552 4318 4978)
4(4978 3095 2555 4539)
4(4186 1683 3973 4979)
4(2938 1773 3676 4979)
4(3973 1926 3099 4979)
4(3099 1927 2938 4979)
4(4979 3676 1978 4055)
4(4979 4055 1980 4186)
4(4980 4316 2874 3554)
4(4706 2875 4316 4980)
4(4980 3979 2876 4192)
4(4192 2877 4706 4980)
4(4980 3554 2878 4707)
4(4980 4707 2879 3979)
4(4981 4531 2421 3940)
4(3373 2422 4414 4981)
4(4765 2423 4531 4981)
4(4414 2424 4765 4981)
4(4981 3940 2426 4324)
4(4981 4324 2428 3373)
4(4982 4180 2146 4851)
4(3095 2286 4180 4982)
4(3316 2555 3095 4982)
4(3046 2556 3316 4982)
4(4982 4851 2791 4063)
4(4982 4063 2793 3046)
4(4055 1978 4185 4983)
4(4983 4506 1979 3484)
4(4437 1980 4055 4983)
4(3484 1981 4437 4983)
4(4983 4185 2199 2936)
4(4983 2936 2200 4506)
4(4514 2710 4817 4984)
4(4157 2830 4514 4984)
4(3143 2831 4157 4984)
4(4984 3414 2835 3143)
4(4984 4817 2875 4706)
4(4984 4706 2877 3414)
4(3864 2124 3195 4985)
4(4985 3621 2125 4416)
4(3195 2126 3621 4985)
4(3793 2127 3864 4985)
4(4985 4416 2386 4366)
4(4985 4366 2387 3793)
4(4986 3500 2376 4748)
4(4748 2377 4015 4986)
4(4850 2590 3629 4986)
4(4015 2591 4850 4986)
4(4986 3629 2637 3666)
4(4986 3666 2639 3500)
4(4987 3971 1705 3898)
4(3898 1802 4468 4987)
4(4987 3746 2167 3297)
4(4987 3297 2170 3971)
4(4508 2196 3746 4987)
4(4468 2197 4508 4987)
4(4988 3165 2684 3902)
4(4988 4513 2685 3165)
4(4988 3751 2686 4513)
4(3304 2687 3751 4988)
4(3902 2690 4625 4988)
4(4625 2691 3304 4988)
4(4989 3725 2128 3111)
4(3309 2129 4415 4989)
4(3532 2130 3309 4989)
4(4989 3111 2131 3532)
4(4415 2132 4690 4989)
4(4989 4690 2133 3725)
4(4990 3975 2144 4188)
4(4990 4849 2145 3975)
4(4188 2374 3765 4990)
4(4990 4696 2412 4849)
4(4175 2634 4696 4990)
4(3765 2638 4175 4990)
4(3197 2448 3820 4991)
4(3632 2449 3197 4991)
4(4991 3406 2450 3632)
4(4991 4507 2451 3406)
4(4991 3367 2452 4507)
4(3820 2453 3367 4991)
4(4512 2819 3034 4992)
4(4992 3034 2820 4463)
4(4088 2821 4512 4992)
4(4992 4463 2822 3862)
4(4287 2823 4088 4992)
4(4992 3862 2824 4287)
4(3450 1745 3038 4993)
4(4993 4093 1746 4292)
4(3863 2388 3450 4993)
4(4292 2391 3863 4993)
4(4993 4414 2422 4093)
4(4993 3038 2424 4414)
4(4063 2791 3133 4994)
4(4994 3133 2792 4578)
4(3733 2793 4063 4994)
4(4994 4578 2794 3497)
4(3936 2795 3733 4994)
4(4994 3497 2796 3936)
4(4995 3970 1975 4405)
4(4405 1977 4183 4995)
4(4183 1979 4506 4995)
4(4995 3560 2194 3970)
4(4506 2200 3140 4995)
4(4995 3140 2201 3560)
4(4220 2829 4735 4996)
4(4996 4735 2830 4157)
4(4996 4157 2831 3828)
4(3598 2832 4220 4996)
4(4052 2833 3598 4996)
4(4996 3828 2834 4052)
4(4059 1739 4581 4997)
4(4997 4129 1741 4764)
4(4997 4764 1742 4059)
4(4581 1869 4133 4997)
4(4133 1871 4129 4997)
4(4998 3481 2186 4397)
4(4998 4520 2187 3481)
4(4998 4681 2188 4520)
4(4397 2189 4148 4998)
4(3222 2433 4681 4998)
4(4148 2434 3222 4998)
4(4168 2301 4771 4999)
4(4999 4609 2302 4835)
4(4999 3696 2303 4609)
4(4999 4771 2304 3696)
4(3952 2305 4168 4999)
4(4835 2306 3952 4999)
4(5000 4022 1850 4218)
4(3117 1851 4022 5000)
4(4544 1852 3117 5000)
4(5000 4218 2043 2941)
4(5000 2941 2045 4544)
4(5001 4191 2429 4709)
4(4709 2430 3491 5001)
4(3491 2431 3865 5001)
4(3865 2432 3405 5001)
4(5001 3405 2433 3222)
4(5001 3222 2434 4191)
4(5002 4820 2281 4318)
4(4195 2303 3696 5002)
4(3696 2304 4820 5002)
4(3372 2307 4195 5002)
4(5002 4318 2552 3496)
4(5002 3496 2553 3372)
4(5003 3973 1683 3592)
4(5003 3521 1926 3973)
4(5003 3592 1939 4790)
4(4790 1940 4289 5003)
4(4289 2186 3481 5003)
4(3481 2187 3521 5003)
4(5004 4293 2288 3483)
4(5004 3166 2305 3952)
4(5004 3952 2306 4293)
4(3483 2837 3596 5004)
4(3596 2876 3979 5004)
4(3979 2879 3166 5004)
4(3640 1885 3451 5005)
4(5005 2970 1886 3640)
4(5005 4445 2124 3864)
4(5005 3864 2127 2970)
4(3111 2128 4445 5005)
4(3451 2131 3111 5005)
4(5006 3459 2373 3647)
4(5006 3765 2374 3459)
4(3647 2375 2973 5006)
4(2973 2376 3500 5006)
4(5006 3577 2638 3765)
4(3500 2639 3577 5006)
4(3599 1705 3971 5007)
4(4296 1706 3599 5007)
4(5007 4135 1707 4296)
4(3971 2170 4546 5007)
4(5007 4546 2448 3197)
4(5007 3197 2449 4135)
4(3766 2688 4219 5008)
4(5008 3076 2689 3766)
4(5008 4625 2690 3076)
4(5008 3226 2691 4625)
4(3862 2822 3226 5008)
4(4219 2824 3862 5008)
4(4366 2386 4827 5009)
4(4517 2387 4366 5009)
4(5009 4827 2388 3863)
4(4412 2389 4517 5009)
4(5009 4227 2390 4412)
4(5009 3863 2391 4227)
4(5010 4015 2377 4163)
4(5010 3331 2591 4015)
4(5010 4163 2594 4060)
4(4060 2596 3871 5010)
4(3497 2794 3331 5010)
4(3871 2796 3497 5010)
4(5011 4794 1801 4067)
4(5011 4468 1802 4794)
4(4067 1974 3879 5011)
4(3879 1975 3970 5011)
4(3970 2194 2995 5011)
4(5011 2995 2197 4468)
4(4156 2491 4264 5012)
4(4264 2684 3165 5012)
4(3165 2685 3000 5012)
4(5012 3980 2714 4156)
4(5012 3000 2832 3598)
4(5012 3598 2833 3980)
4(5013 3411 2425 3937)
4(4324 2426 4095 5013)
4(3937 2427 3234 5013)
4(3234 2428 4324 5013)
4(5013 3491 2430 3411)
4(5013 4095 2431 3491)
4(3496 2552 4539 5014)
4(3419 2553 3496 5014)
4(4590 2554 3419 5014)
4(5014 4539 2555 3316)
4(5014 3316 2556 3907)
4(5014 3907 2557 4590)
4(3592 1683 4186 5015)
4(5015 4840 1782 4233)
4(4233 1938 3089 5015)
4(3089 1939 3592 5015)
4(5015 4186 1980 4437)
4(5015 4437 1981 4840)
4(4011 2835 3414 5016)
4(4704 2836 4011 5016)
4(5016 3596 2837 3531)
4(5016 3531 2838 4704)
4(5016 4192 2876 3596)
4(3414 2877 4192 5016)
4(4764 1741 3374 5017)
4(3204 1742 4764 5017)
4(3383 1743 3204 5017)
4(5017 4159 1744 3383)
4(5017 3374 2129 3309)
4(5017 3309 2130 4159)
4(5018 4581 1739 3400)
4(5018 3853 1869 4581)
4(4057 1883 4162 5018)
4(5018 3400 1884 4057)
4(4162 2144 3975 5018)
4(3975 2145 3853 5018)
4(4065 1847 4793 5019)
4(5019 4082 1848 4065)
4(5019 3485 1851 3117)
4(5019 3117 1852 4082)
4(4793 2450 3406 5019)
4(3406 2451 3485 5019)
4(2941 2043 4151 5020)
4(4155 2044 3727 5020)
4(3727 2045 2941 5020)
4(5020 4262 2486 4155)
4(5020 4151 2821 4088)
4(5020 4088 2823 4262)
4(5021 3410 1654 4158)
4(4158 1729 2968 5021)
4(2968 1746 4093 5021)
4(4093 2422 3373 5021)
4(5021 3234 2427 3410)
4(5021 3373 2428 3234)
4(3907 2556 3046 5022)
4(3083 2557 3907 5022)
4(5022 4558 2558 3798)
4(3798 2560 3083 5022)
4(5022 3046 2793 3733)
4(5022 3733 2795 4558)
4(3087 1782 4840 5023)
4(4449 1798 3087 5023)
4(5023 4564 1976 4449)
4(5023 4183 1977 4564)
4(5023 3484 1979 4183)
4(4840 1981 3484 5023)
4(3908 2711 4670 5024)
4(5024 3170 2716 3908)
4(3828 2831 3143 5024)
4(4670 2834 3828 5024)
4(5024 3143 2835 4011)
4(5024 4011 2836 3170)
4(3175 1886 2970 5025)
4(5025 4332 1887 4552)
4(4552 1888 3175 5025)
4(2970 2127 3793 5025)
4(5025 3793 2387 4517)
4(5025 4517 2389 4332)
4(5026 3832 2313 4554)
4(5026 2973 2375 3832)
4(5026 4748 2376 2973)
4(4163 2377 4748 5026)
4(4335 2594 4163 5026)
4(4554 2597 4335 5026)
4(4197 1653 3988 5027)
4(5027 3458 1662 4197)
4(5027 3898 1705 3599)
4(5027 3599 1706 3458)
4(3988 1801 4794 5027)
4(4794 1802 3898 5027)
4(5028 4264 2491 4640)
4(4832 2676 3464 5028)
4(5028 4640 2677 4832)
4(5028 3902 2684 4264)
4(3464 2689 3076 5028)
4(3076 2690 3902 5028)
4(4298 1668 4103 5029)
4(5029 4373 1671 4298)
4(4103 1744 4159 5029)
4(5029 3451 1885 4373)
4(4159 2130 3532 5029)
4(5029 3532 2131 3451)
4(3006 1872 3081 5030)
4(5030 4737 1879 3006)
4(5030 4162 1883 4737)
4(5030 4188 2144 4162)
4(3081 2373 3459 5030)
4(3459 2374 4188 5030)
4(4679 1707 4135 5031)
4(3953 1708 4679 5031)
4(5031 3743 1843 3953)
4(5031 4793 1847 3743)
4(4135 2449 3632 5031)
4(5031 3632 2450 4793)
4(4378 2486 4262 5032)
4(4610 2489 4378 5032)
4(5032 4685 2490 4610)
4(5032 4219 2688 4685)
4(4262 2823 4287 5032)
4(5032 4287 2824 4219)
4(5033 4830 1727 3108)
4(3108 1728 3827 5033)
4(5033 2968 1729 4830)
4(5033 4292 1746 2968)
4(3827 2390 4227 5033)
4(4227 2391 4292 5033)
4(4476 2558 4558 5034)
4(4712 2561 4476 5034)
4(5034 4776 2595 4712)
4(5034 3871 2596 4776)
4(4558 2795 3936 5034)
4(5034 3936 2796 3871)
4(4719 1972 3171 5035)
4(5035 3456 1973 4719)
4(5035 3879 1974 3456)
4(5035 4405 1975 3879)
4(3171 1976 4564 5035)
4(4564 1977 4405 5035)
4(5036 4670 2711 4145)
4(5036 4145 2712 4351)
4(4351 2713 3123 5036)
4(3123 2714 3980 5036)
4(3980 2833 4052 5036)
4(5036 4052 2834 4670)
4(5037 3564 1665 3489)
4(3400 1739 4059 5037)
4(5037 4059 1742 3204)
4(5037 3204 1743 3564)
4(3489 1881 4027 5037)
4(4027 1884 3400 5037)
4(3495 1846 4034 5038)
4(4034 1848 4082 5038)
4(5038 4471 1849 3495)
4(4082 1852 4544 5038)
4(5038 3727 2044 4471)
4(5038 4544 2045 3727)
4(5039 3945 2159 3148)
4(5039 3148 2160 3916)
4(3916 2161 4200 5039)
4(5039 4148 2189 3945)
4(4200 2429 4191 5039)
4(4191 2434 4148 5039)
4(3951 2302 4609 5040)
4(5040 4609 2303 4195)
4(5040 4195 2307 4205)
4(3154 2525 3951 5040)
4(4560 2526 3154 5040)
4(5040 4205 2528 4560)
4(5041 4289 1940 4300)
4(4014 2154 3008 5041)
4(5041 4300 2156 4014)
4(3008 2159 3945 5041)
4(5041 4397 2186 4289)
4(3945 2189 4397 5041)
4(4304 2288 4293 5042)
4(5042 4835 2302 3951)
4(4293 2306 4835 5042)
4(5042 3951 2525 3012)
4(5042 3012 2527 4671)
4(4671 2531 4304 5042)
4(4612 1762 3956 5043)
4(3155 1900 4612 5043)
4(5043 4200 2161 3155)
4(3956 2425 3411 5043)
4(5043 4709 2429 4200)
4(3411 2430 4709 5043)
4(4205 2307 3372 5044)
4(3805 2528 4205 5044)
4(5044 3372 2553 3419)
4(5044 3419 2554 4613)
4(5044 3273 2753 3805)
4(5044 4613 2758 3273)
4(5045 3089 1938 3109)
4(5045 4790 1939 3089)
4(4300 1940 4790 5045)
4(5045 3109 1941 3764)
4(5045 3764 2155 4259)
4(4259 2156 4300 5045)
4(5046 3483 2288 4304)
4(5046 4304 2531 3911)
4(3911 2532 3381 5046)
4(3381 2717 4714 5046)
4(3531 2837 3483 5046)
4(4714 2838 3531 5046)
4(2981 1654 3410 5047)
4(3913 1760 2981 5047)
4(5047 4833 1761 3913)
4(5047 3956 1762 4833)
4(5047 3937 2425 3956)
4(3410 2427 3937 5047)
4(4613 2554 4590 5048)
4(5048 4590 2557 3083)
4(5048 4574 2559 3547)
4(5048 3083 2560 4574)
4(3547 2757 4487 5048)
4(4487 2758 4613 5048)
4(5049 4233 1782 3087)
4(4669 1783 3007 5049)
4(5049 3087 1798 3082)
4(5049 3082 1799 4669)
4(3109 1938 4233 5049)
4(3007 1941 3109 5049)
4(3656 2715 4680 5050)
4(4680 2716 3170 5050)
4(5050 4714 2717 4601)
4(5050 4601 2718 3656)
4(3170 2836 4704 5050)
4(5050 4704 2838 4714)
4(3877 1671 4373 5051)
4(4373 1885 3640 5051)
4(5051 3640 1886 3175)
4(5051 3175 1888 3355)
4(5051 3355 2134 4302)
4(4302 2135 3877 5051)
4(5052 3081 1872 3884)
4(5052 3884 1873 4310)
4(3359 2313 3832 5052)
4(4310 2314 3359 5052)
4(5052 3647 2373 3081)
4(3832 2375 3647 5052)
4(3026 1662 3458 5053)
4(3458 1706 4296 5053)
4(5053 4296 1707 4679)
4(5053 4679 1708 3518)
4(5053 3518 1831 3962)
4(3962 1832 3026 5053)
4(4634 2490 4685 5054)
4(5054 3464 2676 3457)
4(4421 2678 4634 5054)
4(5054 3457 2682 4421)
4(4685 2688 3766 5054)
4(5054 3766 2689 3464)
4(5055 3827 1728 3613)
4(4567 1887 4332 5055)
4(4332 2389 4412 5055)
4(5055 4412 2390 3827)
4(5055 3613 2392 4076)
4(4076 2393 4567 5055)
4(5056 4060 2594 4335)
4(4272 2595 4776 5056)
4(4776 2596 4060 5056)
4(5056 4335 2597 4573)
4(5056 4573 2598 4718)
4(4718 2907 4272 5056)
4(5057 3988 1653 4214)
4(5057 4067 1801 3988)
4(3717 1829 3922 5057)
4(5057 4214 1830 3717)
4(3922 1973 3456 5057)
4(3456 1974 4067 5057)
4(5058 4371 2487 4792)
4(4640 2491 4156 5058)
4(4792 2675 4678 5058)
4(4678 2677 4640 5058)
4(5058 3123 2713 4371)
4(5058 4156 2714 3123)
4(4377 1665 3564 5059)
4(4797 1666 4377 5059)
4(5059 3353 1667 4797)
4(5059 4103 1668 3353)
4(3564 1743 3383 5059)
4(5059 3383 1744 4103)
4(3023 1879 4737 5060)
4(4457 1880 3023 5060)
4(5060 4027 1881 4222)
4(5060 4222 1882 4457)
4(4737 1883 4057 5060)
4(5060 4057 1884 4027)
4(3025 1843 3743 5061)
4(3153 1844 3025 5061)
4(5061 4229 1845 3153)
4(5061 4034 1846 4229)
4(3743 1847 4065 5061)
4(5061 4065 1848 4034)
4(3881 1849 4471 5062)
4(4563 2042 3881 5062)
4(4471 2044 4155 5062)
4(5062 4155 2486 4378)
4(5062 3115 2488 4563)
4(5062 4378 2489 3115)
4(5063 4158 1654 2981)
4(3122 1727 4830 5063)
4(4830 1729 4158 5063)
4(5063 2981 1760 3846)
4(3239 1896 3122 5063)
4(5063 3846 1897 3239)
4(5064 3798 2558 4476)
4(4483 2559 4574 5064)
4(4574 2560 3798 5064)
4(5064 4476 2561 3776)
4(5064 3776 2896 3245)
4(3245 2897 4483 5064)
4(4844 1797 4144 5065)
4(3082 1798 4449 5065)
4(4144 1799 3082 5065)
4(5065 4727 1800 4844)
4(5065 3171 1972 4727)
4(5065 4449 1976 3171)
4(3351 2256 3870 5066)
4(5066 4598 2257 3351)
4(4145 2711 3908 5066)
4(3870 2712 4145 5066)
4(5066 4680 2715 4598)
4(5066 3908 2716 4680)
4(5067 4552 1887 4567)
4(3355 1888 4552 5067)
4(4241 2134 3355 5067)
4(5067 4567 2393 4754)
4(4676 2619 4241 5067)
4(5067 4754 2620 4676)
4(5068 4554 2313 3359)
4(5068 3359 2314 4248)
4(4573 2597 4554 5068)
4(3429 2598 4573 5068)
4(4682 2912 3429 5068)
4(5068 4248 2920 4682)
4(4214 1653 4197 5069)
4(5069 4197 1662 3026)
4(4400 1830 4214 5069)
4(5069 3026 1832 3895)
4(4313 2010 4400 5069)
4(5069 3895 2011 4313)
4(5070 3538 2674 4774)
4(5070 4678 2675 3538)
4(3457 2676 4832 5070)
4(5070 4832 2677 4678)
4(4340 2682 3457 5070)
4(4774 2683 4340 5070)
4(3542 1667 3353 5071)
4(3353 1668 4298 5071)
4(5071 4298 1671 3877)
4(5071 3877 2135 4475)
4(3237 2398 3542 5071)
4(5071 4475 2399 3237)
4(4837 1726 3472 5072)
4(3884 1872 3006 5072)
4(3472 1873 3884 5072)
4(5072 3185 1875 4837)
4(5072 3006 1879 3023)
4(5072 3023 1880 3185)
4(3518 1708 3953 5073)
4(4142 1831 3518 5073)
4(5073 3953 1843 3025)
4(5073 3025 1844 3843)
4(4843 2003 4142 5073)
4(5073 3843 2004 4843)
4(3276 2488 3115 5074)
4(3115 2489 4610 5074)
4(5074 4610 2490 4634)
4(3014 2673 3276 5074)
4(5074 4634 2678 3578)
4(5074 3578 2680 3014)
4(5075 3108 1727 3122)
4(3613 1728 3108 5075)
4(5075 3122 1896 3941)
4(4239 2392 3613 5075)
4(5075 3941 2415 3022)
4(3022 2417 4239 5075)
4(3776 2561 4712 5076)
4(5076 4712 2595 4272)
4(4618 2889 2963 5076)
4(5076 3889 2895 4618)
4(2963 2896 3776 5076)
4(5076 4272 2907 3889)
4(3581 1800 4727 5077)
4(5077 3922 1829 3893)
4(4727 1972 4719 5077)
4(5077 4719 1973 3922)
4(5077 3893 2000 4622)
4(4622 2001 3581 5077)
4(3287 2248 4533 5078)
4(5078 3588 2255 3287)
4(5078 3870 2256 3588)
4(4533 2487 4371 5078)
4(5078 4351 2712 3870)
4(4371 2713 4351 5078)
4(5079 3995 1664 3915)
4(5079 3489 1665 4377)
4(5079 4377 1666 3995)
4(3915 1877 4443 5079)
4(4222 1881 3489 5079)
4(4443 1882 4222 5079)
4(3919 1721 4447 5080)
4(4447 1845 4229 5080)
4(4229 1846 3495 5080)
4(5080 3495 1849 3881)
4(5080 2955 2041 3919)
4(5080 3881 2042 2955)
4(3816 1779 3552 5081)
4(3552 1903 4623 5081)
4(5081 3008 2154 2935)
4(5081 2935 2158 3816)
4(5081 3148 2159 3008)
4(4623 2160 3148 5081)
4(3012 2525 3154 5082)
4(5082 3154 2526 3292)
4(3553 2527 3012 5082)
4(5082 3292 2529 4211)
4(4462 2530 3553 5082)
4(5082 4211 2533 4462)
4(4021 1761 4833 5083)
4(4833 1762 4612 5083)
4(5083 2976 1898 3461)
4(3461 1899 4021 5083)
4(5083 4612 1900 3502)
4(5083 3502 1901 2976)
4(3156 2753 3273 5084)
4(4570 2754 3156 5084)
4(3129 2755 4570 5084)
4(5084 3664 2756 3129)
4(5084 4487 2757 3664)
4(5084 3273 2758 4487)
4(5085 3007 1783 3672)
4(3778 1932 4579 5085)
4(5085 3672 1933 3778)
4(5085 3764 1941 3007)
4(4579 2153 3161 5085)
4(3161 2155 3764 5085)
4(5086 3381 2532 4759)
4(5086 4759 2537 4217)
4(5086 4217 2539 3394)
4(3394 2543 3301 5086)
4(4601 2717 3381 5086)
4(3301 2718 4601 5086)
4(3502 1900 3155 5087)
4(4165 1901 3502 5087)
4(5087 3654 1902 4165)
4(5087 4623 1903 3654)
4(5087 3916 2160 4623)
4(3155 2161 3916 5087)
4(3292 2526 4560 5088)
4(5088 4560 2528 3805)
4(3285 2529 3292 5088)
4(3813 2752 3285 5088)
4(5088 3805 2753 3156)
4(5088 3156 2754 3813)
4(5089 3161 2153 3814)
4(2935 2154 4014 5089)
4(5089 4259 2155 3161)
4(5089 4014 2156 4259)
4(3814 2157 3290 5089)
4(3290 2158 2935 5089)
4(5090 4671 2527 3553)
4(5090 3553 2530 3959)
4(3911 2531 4671 5090)
4(4759 2532 3911 5090)
4(5090 3959 2534 4459)
4(4459 2537 4759 5090)
4(3846 1760 3913 5091)
4(5091 3913 1761 4021)
4(3878 1897 3846 5091)
4(5091 4021 1899 4561)
4(5091 4561 2149 3118)
4(3118 2150 3878 5091)
4(5092 3547 2559 4483)
4(4569 2756 3664 5092)
4(3664 2757 3547 5092)
4(5092 3885 2890 3128)
4(5092 4483 2897 3885)
4(3128 2898 4569 5092)
4(5093 3517 1660 4726)
4(3672 1783 4669 5093)
4(5093 4144 1797 3517)
4(5093 4669 1799 4144)
4(4212 1933 3672 5093)
4(4726 1937 4212 5093)
4(3392 2254 3524 5094)
4(3524 2257 4598 5094)
4(5094 4216 2495 3392)
4(5094 3301 2543 4216)
4(4598 2715 3656 5094)
4(5094 3656 2718 3301)
4(5095 4302 2134 4241)
4(4475 2135 4302 5095)
4(3614 2399 4475 5095)
4(4808 2400 3614 5095)
4(5095 3319 2618 4808)
4(5095 4241 2619 3319)
4(5096 3472 1726 3617)
4(5096 4310 1873 3472)
4(5096 3617 1874 3507)
4(4248 2314 4310 5096)
4(3507 2315 3327 5096)
4(3327 2920 4248 5096)
4(5097 3962 1831 4142)
4(3895 1832 3962 5097)
4(5097 4142 2003 4279)
4(5097 4279 2009 3513)
4(3992 2011 3895 5097)
4(3513 2012 3992 5097)
4(3578 2678 4421 5098)
4(3163 2679 3923 5098)
4(3923 2680 3578 5098)
4(5098 2997 2681 3163)
4(5098 4421 2682 4340)
4(5098 4340 2683 2997)
4(5099 4076 2392 4239)
4(4754 2393 4076 5099)
4(5099 4239 2417 3926)
4(5099 3926 2418 4317)
4(4317 2615 3134 5099)
4(3134 2620 4754 5099)
4(5100 4718 2598 3429)
4(3784 2893 4030 5100)
4(4030 2895 3889 5100)
4(5100 4538 2903 3784)
4(3889 2907 4718 5100)
4(5100 3429 2912 4538)
4(3893 1829 3717 5101)
4(5101 3717 1830 4400)
4(4432 1999 4038 5101)
4(4038 2000 3893 5101)
4(5101 4400 2010 3215)
4(5101 3215 2013 4432)
4(5102 4533 2248 3680)
4(5102 3680 2249 4085)
4(4085 2481 4187 5102)
4(5102 4792 2487 4533)
4(4187 2674 3538 5102)
4(3538 2675 4792 5102)
4(4821 1664 3995 5103)
4(3995 1666 4797 5103)
4(5103 4797 1667 3542)
4(3069 1670 4821 5103)
4(5103 3542 2398 4628)
4(5103 4628 2402 3069)
4(3131 1875 3185 5104)
4(3506 1876 3131 5104)
4(5104 4443 1877 3529)
4(5104 3529 1878 3506)
4(3185 1880 4457 5104)
4(5104 4457 1882 4443)
4(5105 4479 1715 3160)
4(5105 4447 1721 4479)
4(3843 1844 3153 5105)
4(5105 3153 1845 4447)
4(4728 2004 3843 5105)
4(3160 2005 4728 5105)
4(4701 2041 2955 5106)
4(2955 2042 4563 5106)
4(3162 2259 4701 5106)
4(5106 4563 2488 3276)
4(5106 3396 2670 3162)
4(5106 3276 2673 3396)
4(3941 1896 3239 5107)
4(5107 3239 1897 3878)
4(5107 3878 2150 4550)
4(5107 4550 2152 3305)
4(4364 2415 3941 5107)
4(3305 2416 4364 5107)
4(5108 3508 2881 4423)
4(4423 2884 3065 5108)
4(5108 2963 2889 3508)
4(3065 2890 3885 5108)
4(5108 3245 2896 2963)
4(3885 2897 3245 5108)
4(3705 1660 3517 5109)
4(3517 1797 4844 5109)
4(5109 4844 1800 3581)
4(4431 1828 3705 5109)
4(5109 3581 2001 3515)
4(5109 3515 2002 4431)
4(5110 3524 2254 3336)
4(3164 2255 3588 5110)
4(3588 2256 3351 5110)
4(5110 3351 2257 3524)
4(4084 2501 3164 5110)
4(5110 3336 2502 4084)
4(4628 2398 3237 5111)
4(5111 3237 2399 3614)
4(5111 3614 2400 3343)
4(5111 3343 2401 4521)
4(4501 2402 4628 5111)
4(4521 2403 4501 5111)
4(3617 1726 4837 5112)
4(3434 1874 3617 5112)
4(5112 4837 1875 3131)
4(5112 3131 1876 3964)
4(5112 3964 2112 4630)
4(4630 2113 3434 5112)
4(4279 2003 4843 5113)
4(5113 4843 2004 4728)
4(5113 4728 2005 4616)
4(5113 4616 2006 3348)
4(3348 2008 3439 5113)
4(3439 2009 4279 5113)
4(3594 2670 3396 5114)
4(3013 2671 3594 5114)
4(5114 3103 2672 3013)
4(3396 2673 3014 5114)
4(5114 3923 2679 3103)
4(5114 3014 2680 3923)
4(5115 3022 2415 4364)
4(5115 4364 2416 4762)
4(3926 2417 3022 5115)
4(4257 2418 3926 5115)
4(4273 2419 4257 5115)
4(5115 4762 2420 4273)
4(3404 2880 3252 5116)
4(3252 2881 3508 5116)
4(5116 4720 2883 3404)
4(3508 2889 4618 5116)
4(5116 4030 2893 4720)
4(5116 4618 2895 4030)
4(5117 4355 1997 4058)
4(4058 1998 2932 5117)
4(5117 4038 1999 4355)
4(5117 4622 2000 4038)
4(3515 2001 4622 5117)
4(2932 2002 3515 5117)
4(4066 2247 4360 5118)
4(3680 2248 3287 5118)
4(4360 2249 3680 5118)
4(5118 3287 2255 3164)
4(5118 3549 2498 4066)
4(5118 3164 2501 3549)
4(5119 3134 2615 3486)
4(5119 3486 2616 3249)
4(3249 2617 3796 5119)
4(3796 2618 3319 5119)
4(3319 2619 4676 5119)
4(5119 4676 2620 3134)
4(5120 3327 2315 2956)
4(3963 2903 4538 5120)
4(4362 2905 3963 5120)
4(4538 2912 4682 5120)
4(5120 2956 2915 4362)
4(5120 4682 2920 3327)
4(3215 2010 4313 5121)
4(5121 4313 2011 3992)
4(5121 3992 2012 3901)
4(3590 2013 3215 5121)
4(3539 2234 3590 5121)
4(5121 3901 2235 3539)
4(5122 4187 2481 4255)
4(5122 4255 2484 4196)
4(4196 2485 4542 5122)
4(5122 4774 2674 4187)
4(4542 2681 2997 5122)
4(2997 2683 4774 5122)
4(5123 3915 1664 4821)
4(5123 4548 1669 4761)
4(5123 4821 1670 4548)
4(4761 1722 3051 5123)
4(3529 1877 3915 5123)
4(3051 1878 3529 5123)
4(3642 1712 4656 5124)
4(4656 1715 4479 5124)
4(4479 1721 3919 5124)
4(5124 3919 2041 4701)
4(5124 4701 2259 4448)
4(5124 4448 2260 3642)
4(3563 1776 3307 5125)
4(3307 1777 3671 5125)
4(5125 3552 1779 3397)
4(5125 3397 1781 3563)
4(3671 1902 3654 5125)
4(3654 1903 3552 5125)
4(5126 4211 2529 3285)
4(3071 2533 4211 5126)
4(3203 2535 3071 5126)
4(5126 2972 2705 3203)
4(5126 3302 2751 2972)
4(5126 3285 2752 3302)
4(5127 3306 1778 3210)
4(3397 1779 3816 5127)
4(3210 1780 2980 5127)
4(2980 1781 3397 5127)
4(5127 3290 2157 3306)
4(5127 3816 2158 3290)
4(3959 2530 4462 5128)
4(5128 4462 2533 3071)
4(3972 2534 3959 5128)
4(5128 3071 2535 3603)
4(3873 2536 3972 5128)
4(5128 3603 2538 3873)
4(5129 3671 1777 4516)
4(3402 1898 2976 5129)
4(5129 2976 1901 4165)
4(5129 4165 1902 3671)
4(4516 2606 4261 5129)
4(4261 2607 3402 5129)
4(5130 4086 2749 4267)
4(5130 4267 2750 4522)
4(4522 2751 3302 5130)
4(3302 2752 3813 5130)
4(3813 2754 4570 5130)
4(5130 4570 2755 4086)
4(4686 1684 4428 5131)
4(4428 1778 3306 5131)
4(5131 4579 1932 3723)
4(5131 3723 1935 4686)
4(3814 2153 4579 5131)
4(3306 2157 3814 5131)
4(5132 4459 2534 3972)
4(5132 3972 2536 3119)
4(5132 4217 2537 4459)
4(3729 2539 4217 5132)
4(5132 3119 2728 3360)
4(3360 2729 3729 5132)
4(5133 3461 1898 3402)
4(4561 1899 3461 5133)
4(3818 2149 4561 5133)
4(3233 2382 3818 5133)
4(5133 3402 2607 3498)
4(3498 2608 3233 5133)
4(5134 3241 2551 3503)
4(3503 2749 4086 5134)
4(4086 2755 3129 5134)
4(5134 3129 2756 4569)
4(5134 4569 2898 3824)
4(5134 3824 2908 3241)
4(3723 1932 3778 5135)
4(5135 3778 1933 4212)
4(3209 1934 2979 5135)
4(2979 1935 3723 5135)
4(5135 4465 1936 3209)
4(5135 4212 1937 4465)
4(4130 2495 4216 5136)
4(4809 2508 4130 5136)
4(5136 3394 2539 3729)
4(4216 2543 3394 5136)
4(5136 3729 2729 4572)
4(5136 4572 2730 4809)
4(5137 3118 2149 3818)
4(4550 2150 3118 5137)
4(4557 2151 4782 5137)
4(4782 2152 4550 5137)
4(4795 2381 4557 5137)
4(5137 3818 2382 4795)
4(5138 3065 2884 4440)
4(5138 3128 2890 3065)
4(5138 4440 2891 4201)
4(3824 2898 3128 5138)
4(5138 4201 2899 4455)
4(4455 2908 3824 5138)
4(5139 4726 1660 3705)
4(5139 3705 1828 4444)
4(4426 1936 4465 5139)
4(4465 1937 4726 5139)
4(3352 2225 4426 5139)
4(5139 4444 2227 3352)
4(3336 2254 3392 5140)
4(5140 3392 2495 4130)
4(4098 2502 3336 5140)
4(4315 2503 4098 5140)
4(5140 4080 2507 4315)
4(5140 4130 2508 4080)
4(5141 3269 2394 2961)
4(2961 2395 3047 5141)
4(3343 2400 4808 5141)
4(3047 2401 3343 5141)
4(5141 3796 2617 3269)
4(5141 4808 2618 3796)
4(5142 3507 1874 3434)
4(5142 3434 2113 3052)
4(2956 2315 3507 5142)
4(5142 3052 2603 2967)
4(3274 2915 2956 5142)
4(2967 2922 3274 5142)
4(5143 3361 2007 4547)
4(5143 3439 2008 3361)
4(5143 3513 2009 3439)
4(3901 2012 3513 5143)
4(4547 2231 3121 5143)
4(3121 2235 3901 5143)
4(5144 4542 2485 3130)
4(4553 2666 4020 5144)
4(5144 3130 2669 4553)
4(4020 2672 3103 5144)
4(3103 2679 3163 5144)
4(5144 3163 2681 4542)
4(3790 1669 4548 5145)
4(4548 1670 3069 5145)
4(2996 1732 3790 5145)
4(5145 4235 1889 2996)
4(5145 3069 2402 4501)
4(5145 4501 2403 4235)
4(5146 3051 1722 3990)
4(5146 3990 1861 3620)
4(3964 1876 3506 5146)
4(5146 3506 1878 3051)
4(3620 2111 4242 5146)
4(4242 2112 3964 5146)
4(5147 4656 1712 4810)
4(5147 4810 1713 3259)
4(3259 1714 4575 5147)
4(5147 3160 1715 4656)
4(4616 2005 3160 5147)
4(4575 2006 4616 5147)
4(4448 2259 3162 5148)
4(3077 2260 4448 5148)
4(3263 2261 3077 5148)
4(5148 3246 2480 3263)
4(5148 3162 2670 3594)
4(5148 3594 2671 3246)
4(4228 2407 4284 5149)
4(5149 4536 2408 4228)
4(5149 4317 2418 4257)
4(5149 4257 2419 4536)
4(3486 2615 4317 5149)
4(4284 2616 3486 5149)
4(4649 2883 4720 5150)
4(4320 2887 4649 5150)
4(4720 2893 3784 5150)
4(5150 4374 2894 4320)
4(5150 3784 2903 3963)
4(5150 3963 2905 4374)
4(4327 1992 4303 5151)
4(4303 1997 4355 5151)
4(4355 1999 4432 5151)
4(5151 4432 2013 3590)
4(5151 4562 2230 4327)
4(5151 3590 2234 4562)
4(5152 4360 2247 3295)
4(5152 4085 2249 4360)
4(5152 3295 2250 3981)
4(4255 2481 4085 5152)
4(3981 2483 4206 5152)
4(4206 2484 4255 5152)
4(5153 4040 2147 2969)
4(2969 2148 3788 5153)
4(5153 4782 2151 4040)
4(5153 3305 2152 4782)
4(4762 2416 3305 5153)
4(3788 2420 4762 5153)
4(5154 3252 2880 2945)
4(5154 4423 2881 3252)
4(5154 2945 2882 3399)
4(4440 2884 4423 5154)
4(3399 2886 3174 5154)
4(3174 2891 4440 5154)
4(4444 1828 4431 5155)
4(5155 3544 1996 3072)
4(5155 2932 1998 3544)
4(5155 4431 2002 2932)
4(3275 2227 4444 5155)
4(3072 2228 3275 5155)
4(3546 2498 3549 5156)
4(3075 2499 3546 5156)
4(5156 3283 2500 3075)
4(3549 2501 4084 5156)
4(5156 4084 2502 4098)
4(5156 4098 2503 3283)
4(5157 4761 1669 3790)
4(3990 1722 4761 5157)
4(5157 3866 1731 3650)
4(5157 3790 1732 3866)
4(3650 1860 3673 5157)
4(3673 1861 3990 5157)
4(3875 1889 4235 5158)
4(4265 2137 3875 5158)
4(5158 3047 2395 3079)
4(5158 3079 2396 4265)
4(5158 4521 2401 3047)
4(4235 2403 4521 5158)
4(5159 4242 2111 3510)
4(5159 4630 2112 4242)
4(3052 2113 4630 5159)
4(5159 3510 2379 3914)
4(4031 2603 3052 5159)
4(3914 2604 4031 5159)
4(4424 2394 3269 5160)
4(5160 4284 2407 4722)
4(5160 3249 2616 4284)
4(3269 2617 3249 5160)
4(3960 2862 4424 5160)
4(5160 4722 2863 3960)
4(3388 2894 4374 5161)
4(4615 2904 3388 5161)
4(4374 2905 4362 5161)
4(5161 4433 2914 4615)
4(5161 4362 2915 3274)
4(5161 3274 2922 4433)
4(5162 3788 2148 4070)
4(4565 2408 4536 5162)
4(4536 2419 4273 5162)
4(5162 4273 2420 3788)
4(5162 4070 2623 3011)
4(3011 2624 4565 5162)
4(2945 2880 3404 5163)
4(4075 2882 2945 5163)
4(5163 3404 2883 4649)
4(3021 2885 4075 5163)
4(5163 4649 2887 3240)
4(5163 3240 2888 3021)
4(4174 2138 3435 5164)
4(3435 2147 4040 5164)
4(4040 2151 4557 5164)
4(5164 3447 2380 4174)
4(5164 4557 2381 3447)
4(5165 3174 2886 3443)
4(5165 4201 2891 3174)
4(5165 3443 2892 4805)
4(3452 2899 4201 5165)
4(4805 2901 3452 5165)
4(4023 2380 3447 5166)
4(3447 2381 4795 5166)
4(4795 2382 3233 5166)
4(4530 2385 4023 5166)
4(5166 3557 2605 4530)
4(5166 3233 2608 3557)
4(3211 2540 3561 5167)
4(3561 2551 3241 5167)
4(5167 4455 2899 3452)
4(5167 3452 2901 4029)
4(5167 3241 2908 4455)
4(5167 4029 2910 3211)
4(2986 2605 3557 5168)
4(5168 4261 2606 4221)
4(3498 2607 4261 5168)
4(3557 2608 3498 5168)
4(3469 2612 2986 5168)
4(5168 4221 2614 3469)
4(5169 3561 2540 4583)
4(5169 4583 2541 3135)
4(5169 3503 2551 3561)
4(3135 2704 3208 5169)
4(5169 4267 2749 3503)
4(3208 2750 4267 5169)
4(5170 3307 1776 3872)
4(4516 1777 3307 5170)
4(5170 3872 1894 4035)
4(4221 2606 4516 5170)
4(4035 2613 3514 5170)
4(3514 2614 4221 5170)
4(5171 3208 2704 2988)
4(3314 2705 2972 5171)
4(5171 2988 2707 3473)
4(3473 2709 3314 5171)
4(5171 4522 2750 3208)
4(5171 2972 2751 4522)
4(3872 1776 3563 5172)
4(5172 2980 1780 3982)
4(5172 3563 1781 2980)
4(5172 3982 1891 4143)
4(3883 1894 3872 5172)
4(4143 1895 3883 5172)
4(3603 2535 3203 5173)
4(4631 2538 3603 5173)
4(4777 2542 4631 5173)
4(5173 3203 2705 3314)
4(5173 3892 2708 4777)
4(5173 3314 2709 3892)
4(5174 4428 1684 3608)
4(5174 3608 1685 3031)
4(5174 3210 1778 4428)
4(3982 1780 3210 5174)
4(5174 3031 1890 3523)
4(3523 1891 3982 5174)
4(3119 2536 3873 5175)
4(5175 3873 2538 4631)
4(5175 4631 2542 3994)
4(3994 2544 3462 5175)
4(3462 2727 4731 5175)
4(4731 2728 3119 5175)
4(3608 1684 4686 5176)
4(4806 1685 3608 5176)
4(5176 2979 1934 3736)
4(5176 4686 1935 2979)
4(5176 3736 2027 3674)
4(5176 3674 2028 4806)
4(4814 2725 4312 5177)
4(4312 2726 4367 5177)
4(5177 4731 2727 4814)
4(5177 3360 2728 4731)
4(4572 2729 3360 5177)
4(4367 2730 4572 5177)
4(3736 1934 3209 5178)
4(5178 3209 1936 4426)
4(5178 4510 2026 3718)
4(3718 2027 3736 5178)
4(5178 4426 2225 4018)
4(5178 4018 2226 4510)
4(3655 2505 4469 5179)
4(4170 2506 3655 5179)
4(4469 2507 4080 5179)
4(4080 2508 4809 5179)
4(5179 4367 2726 4170)
4(5179 4809 2730 4367)
4(4018 2225 3352 5180)
4(3389 2226 4018 5180)
4(5180 3352 2227 3275)
4(5180 3275 2228 4654)
4(5180 4654 2229 3389)
4(3067 2497 3626 5181)
4(3626 2500 3283 5181)
4(3283 2503 4315 5181)
4(5181 4469 2505 3067)
4(5181 4315 2507 4469)
4(5182 4543 1991 2989)
4(5182 4303 1992 4543)
4(2989 1994 4036 5182)
4(4036 1996 3544 5182)
4(5182 4058 1997 4303)
4(3544 1998 4058 5182)
4(3295 2247 4066 5183)
4(4657 2250 3295 5183)
4(4385 2251 4657 5183)
4(5183 3475 2496 4385)
4(5183 4066 2498 3546)
4(5183 3546 2499 3475)
4(4386 2230 4562 5184)
4(5184 3121 2231 4111)
4(5184 4111 2232 3616)
4(3616 2233 4386 5184)
4(4562 2234 3539 5184)
4(5184 3539 2235 3121)
4(5185 4041 2482 3257)
4(5185 4206 2483 4041)
4(5185 4196 2484 4206)
4(3130 2485 4196 5185)
4(3257 2668 3106 5185)
4(3106 2669 3130 5185)
4(5186 4575 1714 2991)
4(4700 1718 3479 5186)
4(5186 2991 1719 4700)
4(5186 3348 2006 4575)
4(3479 2007 3361 5186)
4(3361 2008 3348 5186)
4(3183 2479 3431 5187)
4(3431 2480 3246 5187)
4(5187 3950 2665 3183)
4(5187 4020 2666 3950)
4(3246 2671 3013 5187)
4(5187 3013 2672 4020)
4(4767 1710 4150 5188)
4(4810 1712 3642 5188)
4(4150 1713 4810 5188)
4(5188 4594 2049 4767)
4(5188 3642 2260 3077)
4(5188 3077 2261 4594)
4(5189 3435 2138 3797)
4(5189 3797 2139 3045)
4(5189 2969 2147 3435)
4(4070 2148 2969 5189)
4(3045 2621 3976 5189)
4(3976 2623 4070 5189)
4(5190 3399 2882 4075)
4(5190 4075 2885 2983)
4(3443 2886 3399 5190)
4(3426 2892 3443 5190)
4(5190 2983 2900 4648)
4(4648 2902 3426 5190)
4(5191 4089 1993 3142)
4(5191 4036 1994 4089)
4(3142 1995 3903 5191)
4(5191 3072 1996 4036)
4(4654 2228 3072 5191)
4(3903 2229 4654 5191)
4(3084 2496 3475 5192)
4(5192 3626 2497 3535)
4(3475 2499 3075 5192)
4(5192 3075 2500 3626)
4(5192 3535 2722 4741)
4(4741 2724 3084 5192)
4(4722 2407 4228 5193)
4(5193 4228 2408 4565)
4(5193 4565 2624 3200)
4(5193 3200 2800 3938)
4(3938 2861 4016 5193)
4(4016 2863 4722 5193)
4(3240 2887 4320 5194)
4(3202 2888 3240 5194)
4(5194 4320 2894 3388)
4(5194 3388 2904 4672)
4(3944 2906 3202 5194)
4(5194 4672 2913 3944)
4(5195 4306 1989 3575)
4(3575 1990 4800 5195)
4(4800 1991 4543 5195)
4(4543 1992 4327 5195)
4(5195 4327 2230 4386)
4(5195 4386 2233 4306)
4(5196 3981 2250 4657)
4(5196 4657 2251 3310)
4(5196 3310 2252 4062)
4(4062 2253 4766 5196)
4(4766 2482 4041 5196)
4(4041 2483 3981 5196)
4(4637 1730 3018 5197)
4(3018 1731 3866 5197)
4(3866 1732 2996 5197)
4(5197 2996 1889 3875)
4(5197 2975 2136 4637)
4(5197 3875 2137 2975)
4(5198 3673 1860 3194)
4(5198 3620 1861 3673)
4(5198 3194 2067 4647)
4(3510 2111 3620 5198)
4(4647 2378 2982 5198)
4(2982 2379 3510 5198)
4(5199 4150 1710 3855)
4(5199 3259 1713 4150)
4(2991 1714 3259 5199)
4(5199 3855 1717 3315)
4(3605 1719 2991 5199)
4(3315 1720 3605 5199)
4(5200 3728 2048 4739)
4(3492 2049 4594 5200)
4(4739 2050 3492 5200)
4(4594 2261 3263 5200)
4(5200 3431 2479 3728)
4(5200 3263 2480 3431)
4(5201 2961 2394 4424)
4(3079 2395 2961 5201)
4(3199 2396 3079 5201)
4(3935 2397 3199 5201)
4(5201 3499 2860 3935)
4(5201 4424 2862 3499)
4(5202 2967 2603 4031)
4(5202 4031 2604 4796)
4(5202 4796 2857 3569)
4(3150 2914 4433 5202)
4(3569 2921 3150 5202)
4(4433 2922 2967 5202)
4(5203 3479 1718 4799)
4(5203 4547 2007 3479)
4(5203 4799 2037 3571)
4(3571 2038 3158 5203)
4(4111 2231 4547 5203)
4(3158 2232 4111 5203)
4(3686 2664 2971 5204)
4(2971 2665 3950 5204)
4(3950 2666 4553 5204)
4(5204 3235 2667 3686)
4(5204 3106 2668 3235)
4(5204 4553 2669 3106)
4(3692 2116 2974 5205)
4(3797 2138 4174 5205)
4(2974 2139 3797 5205)
4(5205 4174 2380 4023)
4(5205 4236 2384 3692)
4(5205 4023 2385 4236)
4(5206 4805 2892 3426)
4(4029 2901 4805 5206)
4(5206 3426 2902 3600)
4(2947 2910 4029 5206)
4(5206 3600 2911 4336)
4(4336 2919 2947 5206)
4(5207 4576 1709 3989)
4(5207 3903 1995 4576)
4(3989 2024 3891 5207)
4(3891 2026 4510 5207)
4(5207 4510 2226 3389)
4(5207 3389 2229 3903)
4(5208 3042 2258 4446)
4(3535 2497 3067 5208)
4(3067 2505 3655 5208)
4(5208 3655 2506 3042)
4(4446 2720 3726 5208)
4(3726 2722 3535 5208)
4(4603 2383 2951 5209)
4(2951 2384 4236 5209)
4(4236 2385 4530 5209)
4(5209 4530 2605 2986)
4(5209 3991 2610 4603)
4(5209 2986 2612 3991)
4(4583 2540 3211 5210)
4(4650 2541 4583 5210)
4(3267 2699 4650 5210)
4(5210 3568 2701 3267)
4(5210 3211 2910 2947)
4(5210 2947 2919 3568)
4(5211 3214 2023 4250)
4(5211 3891 2024 3214)
4(4250 2025 4277 5211)
4(5211 3718 2026 3891)
4(5211 3674 2027 3718)
4(4277 2028 3674 5211)
4(3685 2258 3042 5212)
4(3042 2506 4170 5212)
4(5212 4743 2547 3376)
4(3376 2548 3685 5212)
4(5212 4312 2725 4743)
4(4170 2726 4312 5212)
4(5213 4331 2609 4831)
4(4831 2610 3991 5213)
4(5213 3413 2611 4331)
4(3991 2612 3469 5213)
4(5213 3514 2613 3413)
4(5213 3469 2614 3514)
4(5214 3135 2541 4650)
4(5214 4650 2699 4477)
4(4477 2700 3321 5214)
4(2988 2704 3135 5214)
4(3321 2706 4381 5214)
4(4381 2707 2988 5214)
4(5215 3031 1685 4806)
4(3090 1890 3031 5215)
4(5215 4277 2025 4486)
4(5215 4806 2028 4277)
4(4486 2030 3987 5215)
4(3987 2031 3090 5215)
4(5216 3462 2544 4482)
4(5216 4482 2545 3425)
4(5216 3425 2546 4593)
4(4593 2547 4743 5216)
4(4743 2725 4814 5216)
4(4814 2727 3462 5216)
4(4600 1892 3565 5217)
4(5217 2948 1893 4600)
4(5217 4035 1894 3883)
4(5217 3883 1895 2948)
4(3565 2611 3413 5217)
4(3413 2613 4035 5217)
4(5218 4381 2706 3567)
4(5218 3473 2707 4381)
4(2950 2708 3892 5218)
4(3892 2709 3473 5218)
4(3266 2868 2950 5218)
4(5218 3567 2871 3266)
4(5219 3523 1890 3090)
4(5219 4143 1891 3523)
4(3996 1893 2948 5219)
4(2948 1895 4143 5219)
4(5219 3090 2031 3212)
4(5219 3212 2032 3996)
4(3994 2542 4777 5220)
4(4482 2544 3994 5220)
4(3218 2545 4482 5220)
4(5220 4777 2708 2950)
4(5220 2950 2868 4655)
4(4655 2872 3218 5220)
4(5221 3387 1663 4107)
4(5221 3018 1730 3387)
4(5221 3650 1731 3018)
4(3194 1860 3650 5221)
4(4107 2066 3860 5221)
4(3860 2067 3194 5221)
4(3855 1710 4767 5222)
4(5222 4305 1711 4746)
4(4746 1716 4503 5222)
4(4503 1717 3855 5222)
4(5222 4767 2049 3492)
4(5222 3492 2050 4305)
4(3437 2858 4458 5223)
4(5223 3958 2859 3437)
4(4458 2860 3499 5223)
4(5223 4016 2861 3958)
4(3499 2862 3960 5223)
4(5223 3960 2863 4016)
4(4672 2904 4615 5224)
4(3967 2913 4672 5224)
4(5224 4615 2914 3150)
4(5224 3150 2921 3157)
4(4110 2923 3967 5224)
4(5224 3157 2925 4110)
4(4556 1838 3110 5225)
4(3110 1989 4306 5225)
4(5225 3601 2035 4556)
4(5225 3158 2038 3601)
4(5225 3616 2232 3158)
4(4306 2233 3616 5225)
4(4198 2047 3242 5226)
4(5226 4077 2051 4198)
4(5226 4766 2253 4077)
4(5226 3257 2482 4766)
4(3242 2667 3235 5226)
4(3235 2668 3257 5226)
4(5227 3976 2621 4489)
4(5227 4489 2622 4643)
4(5227 3011 2623 3976)
4(3200 2624 3011 5227)
4(4643 2798 4199 5227)
4(4199 2800 3200 5227)
4(2983 2885 3021 5228)
4(5228 3021 2888 3202)
4(4147 2900 2983 5228)
4(5228 3202 2906 3191)
4(3618 2909 4147 5228)
4(5228 3191 2916 3618)
4(5229 4299 1826 4738)
4(4738 1827 4604 5229)
4(5229 4800 1990 4299)
4(5229 2989 1991 4800)
4(4604 1993 4089 5229)
4(4089 1994 2989 5229)
4(3744 2053 3947 5230)
4(3310 2251 4385 5230)
4(3947 2252 3310 5230)
4(5230 4385 2496 3084)
4(5230 4244 2723 3744)
4(5230 3084 2724 4244)
4(4252 2136 2975 5231)
4(2975 2137 4265 5231)
4(5231 4265 2396 3199)
4(5231 3199 2397 3954)
4(5231 3954 2649 4379)
4(4379 2653 4252 5231)
4(5232 2982 2378 2958)
4(5232 3914 2379 2982)
4(5232 2958 2600 4383)
4(4796 2604 3914 5232)
4(4383 2856 4611 5232)
4(4611 2857 4796 5232)
4(4799 1718 4700 5233)
4(5233 4700 1719 3605)
4(5233 3605 1720 4346)
4(4073 2037 4799 5233)
4(4478 2236 4073 5233)
4(5233 4346 2237 4478)
4(4488 1859 3053 5234)
4(5234 4713 2046 4488)
4(3053 2048 3728 5234)
4(3728 2479 3183 5234)
4(5234 2971 2664 4713)
4(5234 3183 2665 2971)
4(5235 2974 2116 3712)
4(5235 3712 2117 3320)
4(5235 3045 2139 2974)
4(3320 2404 3124 5235)
4(4489 2621 3045 5235)
4(3124 2622 4489 5235)
4(5236 4648 2900 4147)
4(3600 2902 4648 5236)
4(5236 4147 2909 3132)
4(4354 2911 3600 5236)
4(5236 3132 2917 3328)
4(3328 2918 4354 5236)
4(3810 1709 4576 5237)
4(5237 4604 1827 3205)
4(3424 1835 3810 5237)
4(5237 3205 1837 3424)
4(5237 3142 1993 4604)
4(4576 1995 3142 5237)
4(5238 4456 2719 3432)
4(5238 3726 2720 4456)
4(3432 2721 3213 5238)
4(5238 4741 2722 3726)
4(3213 2723 4244 5238)
4(4244 2724 4741 5238)
4(4427 1663 3387 5239)
4(3387 1730 4637 5239)
4(4106 1985 4427 5239)
4(5239 4637 2136 4252)
4(5239 3880 2652 4106)
4(5239 4252 2653 3880)
4(5240 3860 2066 3602)
4(5240 4647 2067 3860)
4(5240 3602 2068 3098)
4(2958 2378 4647 5240)
4(3098 2599 3511 5240)
4(3511 2600 2958 5240)
4(5241 4503 1716 4263)
4(5241 3315 1717 4503)
4(4346 1720 3315 5241)
4(5241 4263 1841 3747)
4(3516 2237 4346 5241)
4(3747 2238 3516 5241)
4(3917 1711 4305 5242)
4(3840 1723 3917 5242)
4(5242 3607 1724 3840)
4(5242 3053 1859 3607)
4(5242 4739 2048 3053)
4(4305 2050 4739 5242)
4(5243 4566 2797 3847)
4(5243 4199 2798 4566)
4(3847 2799 3612 5243)
4(5243 3938 2800 4199)
4(3612 2859 3958 5243)
4(3958 2861 3938 5243)
4(5244 4271 2851 4484)
4(3191 2906 3944 5244)
4(5244 3944 2913 3967)
4(4571 2916 3191 5244)
4(5244 3967 2923 4271)
4(4484 2924 4571 5244)
4(4213 1826 4299 5245)
4(5245 3110 1838 3258)
4(5245 3575 1989 3110)
4(4299 1990 3575 5245)
4(5245 3258 2470 3480)
4(3480 2475 4213 5245)
4(4370 2051 4077 5246)
4(5246 4677 2052 4599)
4(5246 3947 2053 4677)
4(5246 4062 2252 3947)
4(4077 2253 4062 5246)
4(4599 2352 4370 5246)
4(3954 2397 3935 5247)
4(5247 4811 2625 3584)
4(4311 2649 3954 5247)
4(3584 2650 4311 5247)
4(5247 4458 2858 4811)
4(5247 3935 2860 4458)
4(5248 4314 2854 4249)
4(4249 2855 3509 5248)
4(5248 4611 2856 4314)
4(5248 3569 2857 4611)
4(3157 2921 3569 5248)
4(3509 2925 3157 5248)
4(4467 2035 3601 5249)
4(3896 2036 4467 5249)
4(5249 3571 2037 4073)
4(3601 2038 3571 5249)
4(5249 4073 2236 3969)
4(5249 3969 2241 3896)
4(4429 2046 4713 5250)
4(5250 3242 2047 3606)
4(4341 2340 4429 5250)
4(5250 3606 2341 4341)
4(4713 2664 3686 5250)
4(5250 3686 2667 3242)
4(3712 2116 3692 5251)
4(3611 2117 3712 5251)
4(3050 2118 3611 5251)
4(5251 4342 2123 3050)
4(5251 2951 2383 4342)
4(5251 3692 2384 2951)
4(5252 3254 2582 4003)
4(3998 2701 3568 5252)
4(4003 2702 3998 5252)
4(5252 4336 2911 4354)
4(5252 4354 2918 3254)
4(3568 2919 4336 5252)
4(5253 3989 1709 3810)
4(5253 3810 1835 3921)
4(5253 3921 2019 4660)
4(4660 2022 4004 5253)
4(4004 2023 3214 5253)
4(3214 2024 3989 5253)
4(5254 4446 2258 3685)
4(4114 2504 3362 5254)
4(5254 3685 2548 4108)
4(5254 4108 2550 4114)
4(3362 2719 4456 5254)
4(4456 2720 4446 5254)
4(5255 4115 1759 3284)
4(3284 1792 4752 5255)
4(5255 3565 1892 4115)
4(4752 2121 3576 5255)
4(3576 2609 4331 5255)
4(5255 4331 2611 3565)
4(5256 4388 2696 2964)
4(5256 3219 2698 4388)
4(5256 3321 2700 3219)
4(3567 2706 3321 5256)
4(2964 2870 3754 5256)
4(3754 2871 3567 5256)
4(3582 2029 3482 5257)
4(5257 3987 2030 3224)
4(3212 2031 3987 5257)
4(3482 2032 3212 5257)
4(5257 4398 2033 3582)
4(5257 3224 2034 4398)
4(5258 3425 2545 3218)
4(3697 2546 3425 5258)
4(5258 3218 2872 4602)
4(5258 4602 2873 4068)
4(4838 2930 3697 5258)
4(4068 2931 4838 5258)
4(5259 3576 2121 3997)
4(3997 2122 3466 5259)
4(3466 2123 4342 5259)
4(4342 2383 4603 5259)
4(5259 4831 2609 3576)
4(5259 4603 2610 4831)
4(4002 2698 3219 5260)
4(4477 2699 3267 5260)
4(3219 2700 4477 5260)
4(5260 3267 2701 3998)
4(5260 3998 2702 3470)
4(5260 3470 2703 4002)
4(5261 3136 2021 3625)
4(5261 4004 2022 3136)
4(5261 4250 2023 4004)
4(4486 2025 4250 5261)
4(3224 2030 4486 5261)
4(3625 2034 3224 5261)
4(5262 4593 2546 3697)
4(5262 3376 2547 4593)
4(4108 2548 3376 5262)
4(3572 2550 4108 5262)
4(4747 2928 3572 5262)
4(5262 3697 2930 4747)
4(4751 1759 4115 5263)
4(3060 1785 4751 5263)
4(4115 1892 4600 5263)
4(5263 4600 1893 3996)
4(5263 3482 2029 3060)
4(5263 3996 2032 3482)
4(4655 2868 3266 5264)
4(5264 4387 2869 4663)
4(5264 3754 2870 4387)
4(5264 3266 2871 3754)
4(4602 2872 4655 5264)
4(4663 2873 4602 5264)
4(5265 4107 1663 4427)
4(3325 1814 4673 5265)
4(5265 4427 1985 4845)
4(5265 4845 1986 3325)
4(3602 2066 4107 5265)
4(4673 2068 3602 5265)
4(5266 4746 1711 3917)
4(4263 1716 4746 5266)
4(5266 3917 1723 4760)
4(4308 1841 4263 5266)
4(5266 4760 2334 4290)
4(4290 2335 4308 5266)
4(5267 3124 2404 3548)
4(3430 2405 3248 5267)
4(5267 3548 2406 3430)
4(5267 4643 2622 3124)
4(3248 2797 4566 5267)
4(4566 2798 4643 5267)
4(5268 4848 2562 4402)
4(4402 2581 3190 5268)
4(3132 2909 3618 5268)
4(5268 3618 2916 4571)
4(3190 2917 3132 5268)
4(5268 4571 2924 4848)
4(5269 4738 1826 4213)
4(3205 1827 4738 5269)
4(3096 1836 3852 5269)
4(3852 1837 3205 5269)
4(5269 2934 2473 3096)
4(5269 4213 2475 2934)
4(3551 2052 4677 5270)
4(4677 2053 3744 5270)
4(3100 2353 3551 5270)
4(5270 3859 2355 3100)
4(5270 3213 2721 3859)
4(5270 3744 2723 3213)
4(3186 2648 3957 5271)
4(5271 4379 2649 4311)
4(5271 4311 2650 3028)
4(5271 3028 2651 3186)
4(3957 2652 3880 5271)
4(3880 2653 4379 5271)
4(5272 3511 2599 3965)
4(5272 4383 2600 3511)
4(5272 3965 2601 3189)
4(3189 2602 3663 5272)
4(3663 2854 4314 5272)
4(4314 2856 4383 5272)
4(3969 2236 4478 5273)
4(5273 4478 2237 3516)
4(5273 3516 2238 3591)
4(5273 3591 2239 4789)
4(4789 2240 3294 5273)
4(3294 2241 3969 5273)
4(3595 1724 3607 5274)
4(3478 1725 3595 5274)
4(3607 1859 4488 5274)
4(5274 4488 2046 4429)
4(5274 3300 2339 3478)
4(5274 4429 2340 3300)
4(4215 2625 4811 5275)
4(5275 3713 2626 2966)
4(2966 2627 4215 5275)
4(5275 3612 2799 3713)
4(4811 2858 3437 5275)
4(5275 3437 2859 3612)
4(4353 2851 4271 5276)
4(3583 2852 4353 5276)
4(5276 4847 2853 3583)
4(5276 3509 2855 4847)
4(4271 2923 4110 5276)
4(5276 4110 2925 3509)
4(3258 1838 4556 5277)
4(5277 4556 2035 4467)
4(5277 4467 2036 2933)
4(5277 2933 2242 3589)
4(4356 2470 3258 5277)
4(3589 2471 4356 5277)
4(3606 2047 4198 5278)
4(5278 4198 2051 4370)
4(4511 2341 3606 5278)
4(3229 2346 4511 5278)
4(5278 4010 2349 3229)
4(5278 4370 2352 4010)
4(5279 3320 2117 3611)
4(5279 3611 2118 3027)
4(3709 2119 4139 5279)
4(5279 3027 2120 3709)
4(3548 2404 3320 5279)
4(4139 2406 3548 5279)
4(5280 3137 2580 3338)
4(5280 3190 2581 3137)
4(4624 2582 3254 5280)
4(3338 2583 4624 5280)
4(5280 3328 2917 3190)
4(3254 2918 3328 5280)
4(5281 3786 1834 4001)
4(3921 1835 3424 5281)
4(5281 3852 1836 3786)
4(5281 3424 1837 3852)
4(4001 2018 3293 5281)
4(3293 2019 3921 5281)
4(3403 2355 3859 5282)
4(5282 3362 2504 4260)
4(5282 3432 2719 3362)
4(3859 2721 3432 5282)
4(5282 4260 2746 3624)
4(3624 2747 3403 5282)
4(4845 1985 4106 5283)
4(4435 1986 4845 5283)
4(4112 2222 4435 5283)
4(5283 3887 2466 4112)
4(5283 3957 2648 3887)
4(5283 4106 2652 3957)
4(4119 1763 3894 5284)
4(5284 4638 1813 4119)
4(5284 4673 1814 4638)
4(5284 3098 2068 4673)
4(3965 2599 3098 5284)
4(3894 2601 3965 5284)
4(5285 3747 1841 4308)
4(3758 1842 3526 5285)
4(3591 2238 3747 5285)
4(3526 2239 3591 5285)
4(5285 4269 2332 3758)
4(5285 4308 2335 4269)
4(4760 1723 3840 5286)
4(5286 3840 1724 3595)
4(5286 3595 1725 4181)
4(5286 4181 2076 4396)
4(4396 2333 4466 5286)
4(4466 2334 4760 5286)
4(4357 2140 3619 5287)
4(5287 4577 2141 4357)
4(5287 3248 2405 4577)
4(3619 2626 3713 5287)
4(5287 3847 2797 3248)
4(3713 2799 3847 5287)
4(5288 4283 2308 3066)
4(3066 2312 4584 5288)
4(4584 2562 4848 5288)
4(5288 4484 2851 4353)
4(5288 4353 2852 4283)
4(4848 2924 4484 5288)
4(5289 3480 2470 4356)
4(5289 4356 2471 4285)
4(5289 4285 2472 3706)
4(3253 2473 2934 5289)
4(3706 2474 3253 5289)
4(2934 2475 3480 5289)
4(5290 4599 2052 3551)
4(4668 2347 3928 5290)
4(3928 2349 4010 5290)
4(5290 4226 2350 4668)
4(4010 2352 4599 5290)
4(5290 3551 2353 4226)
4(5291 3407 2224 3344)
4(3344 2467 2939 5291)
4(5291 3584 2625 4215)
4(5291 4215 2627 3407)
4(3028 2650 3584 5291)
4(2939 2651 3028 5291)
4(5292 4325 2309 4758)
4(4758 2310 3519 5292)
4(5292 3663 2602 4325)
4(3519 2853 4847 5292)
4(5292 4249 2854 3663)
4(4847 2855 4249 5292)
4(2933 2036 3896 5293)
4(5293 3294 2240 3032)
4(5293 3896 2241 3294)
4(3525 2242 2933 5293)
4(5293 3032 2660 3442)
4(3442 2661 3525 5293)
4(4629 2339 3300 5294)
4(3300 2340 4341 5294)
4(5294 4341 2341 4511)
4(5294 4511 2346 3168)
4(3104 2572 4629 5294)
4(5294 3168 2573 3104)
4(4829 1680 3823 5295)
4(5295 3638 1793 4829)
4(3027 2118 3050 5295)
4(3823 2120 3027 5295)
4(5295 3466 2122 3638)
4(5295 3050 2123 3466)
4(5296 4280 2358 3993)
4(3993 2549 4121 5296)
4(5296 4003 2582 4624)
4(5296 4624 2583 4280)
4(3470 2702 4003 5296)
4(4121 2703 3470 5296)
4(5297 3924 2017 2998)
4(5297 3293 2018 3924)
4(5297 4660 2019 3293)
4(2998 2020 3759 5297)
4(3759 2021 3136 5297)
4(3136 2022 4660 5297)
4(4260 2504 4114 5298)
4(5298 4114 2550 3572)
4(3622 2743 3927 5298)
4(3927 2746 4260 5298)
4(5298 4399 2926 3622)
4(5298 3572 2928 4399)
4(5299 4752 1792 3380)
4(4100 1793 3638 5299)
4(4295 1964 4100 5299)
4(5299 3380 1965 4295)
4(3997 2121 4752 5299)
4(3638 2122 3997 5299)
4(5300 3217 2494 3433)
4(5300 4121 2549 3217)
4(4495 2696 4388 5300)
4(3433 2697 4495 5300)
4(5300 4388 2698 4002)
4(5300 4002 2703 4121)
4(4411 1786 3490 5301)
4(5301 4189 1833 4411)
4(5301 3759 2020 4189)
4(5301 3625 2021 3759)
4(3490 2033 4398 5301)
4(5301 4398 2034 3625)
4(4823 2926 4399 5302)
4(3102 2927 4823 5302)
4(4399 2928 4747 5302)
4(5302 4154 2929 3102)
4(4747 2930 4838 5302)
4(5302 4838 2931 4154)
4(5303 3284 1759 4751)
4(5303 4751 1785 3906)
4(3380 1792 3284 5303)
4(5303 3906 1953 3543)
4(4549 1965 3380 5303)
4(3543 1968 4549 5303)
4(5304 2964 2696 4495)
4(5304 4495 2697 4662)
4(5304 4662 2826 3017)
4(3017 2828 4008 5304)
4(4008 2869 4387 5304)
4(4387 2870 2964 5304)
4(3906 1785 3060 5305)
4(5305 3490 1786 4666)
4(3382 1953 3906 5305)
4(5305 4666 1955 3382)
4(3060 2029 3582 5305)
4(5305 3582 2033 3490)
4(5306 4008 2828 3055)
4(3055 2866 4291 5306)
4(5306 4663 2869 4008)
4(5306 4068 2873 4663)
4(4291 2929 4154 5306)
4(4154 2931 4068 5306)
4(4812 1813 4638 5307)
4(4638 1814 3325 5307)
4(5307 3325 1986 4435)
4(4294 1988 4812 5307)
4(5307 4435 2222 3073)
4(5307 3073 2223 4294)
4(3978 2332 4269 5308)
4(5308 4466 2333 3785)
4(5308 4290 2334 4466)
4(4269 2335 4290 5308)
4(3707 2337 3978 5308)
4(5308 3785 2338 3707)
4(5309 3724 2114 3337)
4(3337 2115 3929 5309)
4(5309 4139 2119 3724)
4(3929 2141 4577 5309)
4(4577 2405 3430 5309)
4(5309 3430 2406 4139)
4(5310 4586 2311 3346)
4(5310 4584 2312 4586)
4(3346 2357 4361 5310)
4(5310 4402 2562 4584)
4(4361 2580 3137 5310)
4(3137 2581 4402 5310)
4(4012 1834 3786 5311)
4(3786 1836 3096 5311)
4(3004 2014 4012 5311)
4(5311 4224 2039 3004)
4(5311 3096 2473 3253)
4(5311 3253 2474 4224)
4(4230 2350 4226 5312)
4(4226 2353 3100 5312)
4(5312 3100 2355 3403)
4(3009 2739 4230 5312)
4(5312 3403 2747 4013)
4(5312 4013 2748 3009)
4(4127 2466 3887 5313)
4(5313 2939 2467 4323)
4(5313 4323 2468 3105)
4(3105 2469 4127 5313)
4(3887 2648 3186 5313)
4(5313 3186 2651 2939)
4(5314 3894 1763 4131)
4(3756 2083 4329 5314)
4(5314 4131 2084 3756)
4(4329 2309 4325 5314)
4(5314 3189 2601 3894)
4(4325 2602 3189 5314)
4(5315 3526 1842 4763)
4(5315 4763 2040 3762)
4(5315 4789 2239 3526)
4(3032 2240 4789 5315)
4(3035 2660 3032 5315)
4(3762 2662 3035 5315)
4(4181 1725 3478 5316)
4(4419 2076 4181 5316)
4(5316 3478 2339 4629)
4(5316 4629 2572 4632)
4(3377 2779 4419 5316)
4(5316 4632 2780 3377)
4(5317 3401 1805 3858)
4(3858 1811 4582 5317)
4(5317 3619 2140 3401)
4(4582 2224 3407 5317)
4(5317 2966 2626 3619)
4(3407 2627 2966 5317)
4(3487 2087 3074 5318)
4(5318 3562 2088 3487)
4(3074 2308 4283 5318)
4(5318 3519 2310 3562)
4(4283 2852 3583 5318)
4(5318 3583 2853 3519)
4(5319 3589 2242 3525)
4(4285 2471 3589 5319)
4(3722 2472 4285 5319)
4(3494 2477 3722 5319)
4(5319 4223 2658 3494)
4(5319 3525 2661 4223)
4(5320 4675 2342 3147)
4(3168 2346 3229 5320)
4(5320 3928 2347 4675)
4(5320 3229 2349 3928)
4(3147 2571 3868 5320)
4(3868 2573 3168 5320)
4(3593 1656 4037 5321)
4(5321 3823 1680 4126)
4(5321 4126 1681 3593)
4(4037 2114 3724 5321)
4(3724 2119 3709 5321)
4(5321 3709 2120 3823)
4(5322 4047 2356 4256)
4(5322 4361 2357 4047)
4(4757 2358 4280 5322)
4(4256 2359 4757 5322)
4(5322 3338 2580 4361)
4(4280 2583 3338 5322)
4(5323 4001 1834 4012)
4(3905 1942 3770 5323)
4(5323 4012 2014 3684)
4(5323 3684 2016 3905)
4(3770 2017 3924 5323)
4(3924 2018 4001 5323)
4(5324 3927 2743 4418)
4(5324 4418 2744 3910)
4(3910 2745 3688 5324)
4(5324 3624 2746 3927)
4(4013 2747 3624 5324)
4(3688 2748 4013 5324)
4(3073 2222 4112 5325)
4(4094 2223 3073 5325)
4(5325 3791 2464 4509)
4(4509 2465 4094 5325)
4(5325 4112 2466 4127)
4(5325 4127 2469 3791)
4(4131 1763 4119 5326)
4(5326 4119 1813 4812)
4(5326 4276 1987 3193)
4(5326 4812 1988 4276)
4(3193 2081 3795 5326)
4(3795 2084 4131 5326)
4(4763 1842 3758 5327)
4(3418 2040 4763 5327)
4(5327 3758 2332 3978)
4(5327 3978 2337 4177)
4(4161 2578 3418 5327)
4(5327 4177 2579 4161)
4(5328 4396 2076 4419)
4(3785 2333 4396 5328)
4(4791 2336 4369 5328)
4(4369 2338 3785 5328)
4(5328 4097 2777 4791)
4(5328 4419 2779 4097)
4(4126 1680 4829 5329)
4(3101 1681 4126 5329)
4(4254 1790 3101 5329)
4(5329 4829 1793 4100)
4(5329 3817 1963 4254)
4(5329 4100 1964 3817)
4(5330 3993 2358 4757)
4(5330 4757 2359 4708)
4(3444 2494 3217 5330)
4(3217 2549 3993 5330)
4(5330 4708 2584 3232)
4(3232 2587 3444 5330)
4(3446 1833 4189 5331)
4(5331 3770 1942 3371)
4(5331 2998 2017 3770)
4(4189 2020 2998 5331)
4(3904 2206 3446 5331)
4(5331 3371 2207 3904)
4(3536 2513 4338 5332)
4(4418 2743 3622 5332)
4(4338 2744 4418 5332)
4(5332 3113 2867 3536)
4(5332 3622 2926 4823)
4(5332 4823 2927 3113)
4(3789 1805 3401 5333)
4(3716 1806 3789 5333)
4(5333 4091 1807 3716)
4(5333 3929 2115 4091)
4(3401 2140 4357 5333)
4(5333 4357 2141 3929)
4(3720 1865 4732 5334)
4(5334 4439 2085 3720)
4(5334 3074 2087 4439)
4(5334 3066 2308 3074)
4(4732 2311 4586 5334)
4(4586 2312 3066 5334)
4(4363 2039 4224 5335)
4(3347 2243 4363 5335)
4(5335 3706 2472 3722)
4(4224 2474 3706 5335)
4(5335 3722 2477 3417)
4(5335 3417 2478 3347)
4(4096 2342 4675 5336)
4(3350 2344 4096 5336)
4(4675 2347 4668 5336)
4(5336 4668 2350 4230)
4(5336 4230 2739 4368)
4(5336 4368 2740 3350)
4(3019 1810 4019 5337)
4(5337 4582 1811 4527)
4(5337 4527 1812 3019)
4(5337 3344 2224 4582)
4(4323 2467 3344 5337)
4(4019 2468 4323 5337)
4(5338 4470 2082 4124)
4(5338 4329 2083 4470)
4(4124 2086 3678 5338)
4(3678 2088 3562 5338)
4(5338 4758 2309 4329)
4(3562 2310 4758 5338)
4(4645 2658 4223 5339)
4(3112 2659 4645 5339)
4(5339 3442 2660 3035)
4(4223 2661 3442 5339)
4(5339 3035 2662 4134)
4(5339 4134 2663 3112)
4(5340 3312 2570 3768)
4(5340 3868 2571 3312)
4(4632 2572 3104 5340)
4(5340 3104 2573 3868)
4(3768 2778 4768 5340)
4(4768 2780 4632 5340)
4(4474 1963 3817 5341)
4(3817 1964 4295 5341)
4(5341 4295 1965 4549)
4(3540 1966 4474 5341)
4(5341 3068 1967 3540)
4(5341 4549 1968 3068)
4(5342 3433 2494 3444)
4(5342 3444 2587 3932)
4(5342 3932 2693 3637)
4(4662 2697 3433 5342)
4(3637 2825 4460 5342)
4(4460 2826 4662 5342)
4(4666 1786 4411 5343)
4(5343 4411 1833 3446)
4(3643 1954 4841 5343)
4(4841 1955 4666 5343)
4(5343 3446 2206 4589)
4(5343 4589 2208 3643)
4(3272 2864 4231 5344)
4(5344 4499 2865 3272)
4(5344 4291 2866 4499)
4(4231 2867 3113 5344)
4(3113 2927 3102 5344)
4(5344 3102 2929 4291)
4(4693 1987 4276 5345)
4(4276 1988 4294 5345)
4(5345 4294 2223 4094)
4(5345 4237 2460 4693)
4(5345 4094 2465 4237)
4(3323 1952 4393 5346)
4(5346 3543 1953 3382)
4(5346 4841 1954 3323)
4(5346 3382 1955 4841)
4(4393 1967 3068 5346)
4(3068 1968 3543 5346)
4(5347 4460 2825 3093)
4(5347 3017 2826 4460)
4(5347 3093 2827 3329)
4(3055 2828 3017 5347)
4(3329 2865 4499 5347)
4(4499 2866 3055 5347)
4(5348 4369 2336 3043)
4(4177 2337 3707 5348)
4(5348 3707 2338 4369)
4(3043 2577 4537 5348)
4(4537 2579 4177 5348)
4(5349 4420 1655 4202)
4(5349 4037 1656 4420)
4(4202 1692 3177 5349)
4(3177 1807 4091 5349)
4(5349 3337 2114 4037)
4(4091 2115 3337 5349)
4(5350 4732 1865 3636)
4(5350 3636 2092 3345)
4(3345 2094 2940 5350)
4(5350 3346 2311 4732)
4(2940 2356 4047 5350)
4(4047 2357 3346 5350)
4(3684 2014 3004 5351)
4(3005 2015 4515 5351)
4(4515 2016 3684 5351)
4(5351 3004 2039 4363)
4(5351 4363 2243 3265)
4(5351 3265 2245 3005)
4(4368 2739 3009 5352)
4(3271 2740 4368 5352)
4(3010 2741 3271 5352)
4(5352 4518 2742 3010)
4(5352 3688 2745 4518)
4(5352 3009 2748 3688)
4(5353 4019 1810 3939)
4(5353 3939 2220 3641)
4(3641 2463 3734 5353)
4(3734 2464 3791 5353)
4(5353 3105 2468 4019)
4(3791 2469 3105 5353)
4(5354 3795 2081 3825)
4(3378 2082 4470 5354)
4(4470 2083 3756 5354)
4(5354 3756 2084 3795)
4(5354 3825 2371 3107)
4(3107 2372 3378 5354)
4(5355 3762 2040 3418)
4(5355 3830 2575 3763)
4(5355 3418 2578 3830)
4(3763 2654 4054 5355)
4(4134 2662 3762 5355)
4(4054 2663 4134 5355)
4(4717 2775 3455 5356)
4(5356 3690 2776 4717)
4(3455 2777 4097 5356)
4(5356 4768 2778 3690)
4(4097 2779 3377 5356)
4(5356 3377 2780 4768)
4(5357 4639 1693 3349)
4(5357 3858 1805 3789)
4(5357 3789 1806 4639)
4(3349 1809 3176 5357)
4(4527 1811 3858 5357)
4(3176 1812 4527 5357)
4(4102 2085 4439 5358)
4(5358 3678 2086 3260)
4(4439 2087 3487 5358)
4(5358 3487 2088 3678)
4(4769 2099 4102 5358)
4(5358 3260 2100 4769)
4(3445 2476 4736 5359)
4(3417 2477 3494 5359)
4(4736 2478 3417 5359)
4(5359 3264 2655 3445)
4(5359 3494 2658 4645)
4(5359 4645 2659 3264)
4(5360 3147 2342 4096)
4(3449 2343 3931 5360)
4(5360 4096 2344 4742)
4(5360 4742 2345 3449)
4(3931 2570 3312 5360)
4(3312 2571 3147 5360)
4(2952 1655 4420 5361)
4(4420 1656 3593 5361)
4(5361 3593 1681 3101)
4(3151 1787 2952 5361)
4(5361 3101 1790 3653)
4(5361 3653 1791 3151)
4(5362 3570 2093 3799)
4(5362 2940 2094 3570)
4(5362 4256 2356 2940)
4(4708 2359 4256 5362)
4(3660 2584 4708 5362)
4(3799 2585 3660 5362)
4(3371 1942 3905 5363)
4(5363 3049 1943 3238)
4(5363 4515 2015 3049)
4(5363 3905 2016 4515)
4(3238 2204 3771 5363)
4(3771 2207 3371 5363)
4(5364 4338 2513 3774)
4(5364 3774 2735 3909)
4(3909 2737 3687 5364)
4(3687 2742 4518 5364)
4(5364 3910 2744 4338)
4(4518 2745 3910 5364)
4(3653 1790 4254 5365)
4(4349 1791 3653 5365)
4(5365 3842 1957 4349)
4(5365 3920 1960 3842)
4(5365 4254 1963 4474)
4(5365 4474 1966 3920)
4(5366 3232 2584 3660)
4(5366 3660 2585 3056)
4(3056 2586 4480 5366)
4(3932 2587 3232 5366)
4(4568 2693 3932 5366)
4(4480 2694 4568 5366)
4(5367 3771 2204 3493)
4(3493 2205 3003 5367)
4(4589 2206 3904 5367)
4(5367 3904 2207 3771)
4(3078 2208 4589 5367)
4(3003 2209 3078 5367)
4(5368 4674 2509 4595)
4(3774 2513 3536 5368)
4(5368 4595 2734 3145)
4(3145 2735 3774 5368)
4(5368 4231 2864 4674)
4(5368 3536 2867 4231)
4(4122 2460 4237 5369)
4(3149 2461 4122 5369)
4(5369 3566 2462 3149)
4(5369 3734 2463 3566)
4(5369 4509 2464 3734)
4(4237 2465 4509 5369)
4(5370 3193 1987 4693)
4(3825 2081 3193 5370)
4(2999 2368 4532 5370)
4(4532 2371 3825 5370)
4(5370 4693 2460 4122)
4(5370 4122 2461 2999)
4(3436 2574 3683 5371)
4(3683 2575 3830 5371)
4(5371 4208 2576 3436)
4(5371 4537 2577 4208)
4(3830 2578 4161 5371)
4(5371 4161 2579 4537)
4(5372 4651 2079 4608)
4(3043 2336 4791 5372)
4(4608 2576 4208 5372)
4(4208 2577 3043 5372)
4(5372 3455 2775 4651)
4(5372 4791 2777 3455)
4(5373 4301 1788 3801)
4(5373 4393 1952 4301)
4(3317 1960 3920 5373)
4(3801 1961 3317 5373)
4(3920 1966 3540 5373)
4(5373 3540 1967 4393)
4(5374 3322 2692 4450)
4(5374 3637 2693 4568)
4(5374 4568 2694 3322)
4(4450 2695 4307 5374)
4(3093 2825 3637 5374)
4(4307 2827 3093 5374)
4(3644 1788 4301 5375)
4(5375 3416 1945 3644)
4(4301 1952 3323 5375)
4(3323 1954 3643 5375)
4(5375 3643 2208 3078)
4(5375 3078 2209 3416)
4(3427 2509 4674 5376)
4(3652 2510 3427 5376)
4(5376 4307 2695 3652)
4(5376 3329 2827 4307)
4(4674 2864 3272 5376)
4(5376 3272 2865 3329)
4(5377 3177 1692 4804)
4(4481 1693 4639 5377)
4(4639 1806 3716 5377)
4(5377 3716 1807 3177)
4(5377 4804 2454 3281)
4(3281 2457 4481 5377)
4(3636 1865 3720 5378)
4(5378 3720 2085 4102)
4(3946 2089 3505 5378)
4(3505 2092 3636 5378)
4(5378 4490 2098 3946)
4(5378 4102 2099 4490)
4(3265 2243 3347 5379)
4(4417 2244 3983 5379)
4(3983 2245 3265 5379)
4(5379 3633 2246 4417)
4(5379 4736 2476 3633)
4(5379 3347 2478 4736)
4(4742 2344 3350 5380)
4(4606 2345 4742 5380)
4(4064 2348 4606 5380)
4(5380 3604 2732 4064)
4(5380 3350 2740 3271)
4(5380 3271 2741 3604)
4(5381 4740 1808 4071)
4(5381 3176 1809 4740)
4(3939 1810 3019 5381)
4(5381 3019 1812 3176)
4(4071 2218 3609 5381)
4(3609 2220 3939 5381)
4(5382 4124 2082 3378)
4(3260 2086 4124 5382)
4(3745 2100 3260 5382)
4(3702 2101 3745 5382)
4(5382 3251 2370 3702)
4(5382 3378 2372 3251)
4(5383 4054 2654 3918)
4(4380 2655 3264 5383)
4(5383 3918 2656 4344)
4(4344 2657 4380 5383)
4(3264 2659 3112 5383)
4(5383 3112 2663 4054)
4(5384 3844 2330 3804)
4(3804 2331 3358 5384)
4(5384 3931 2343 3844)
4(5384 3768 2570 3931)
4(3358 2776 3690 5384)
4(3690 2778 3768 5384)
4(5385 4202 1655 2952)
4(4804 1692 4202 5385)
4(5385 2952 1787 4524)
4(5385 4524 2210 3016)
4(4749 2454 4804 5385)
4(3016 2455 4749 5385)
4(5386 3505 2089 3423)
4(5386 3423 2090 3649)
4(3649 2091 3207 5386)
4(5386 3345 2092 3505)
4(3207 2093 3570 5386)
4(3570 2094 3345 5386)
4(5387 4391 1652 4620)
4(4620 1784 4178 5387)
4(4178 1943 3049 5387)
4(3049 2015 3005 5387)
4(5387 3983 2244 4391)
4(5387 3005 2245 3983)
4(3767 2731 3534 5388)
4(3534 2732 3604 5388)
4(5388 3687 2737 3311)
4(5388 3311 2738 3767)
4(3604 2741 3010 5388)
4(5388 3010 2742 3687)
4(5389 3609 2218 4493)
4(5389 4493 2219 3694)
4(5389 3641 2220 3609)
4(3694 2221 4278 5389)
4(4278 2462 3566 5389)
4(3566 2463 3641 5389)
4(3700 2367 3180 5390)
4(5390 4532 2368 4472)
4(5390 4472 2369 3700)
4(3180 2370 3251 5390)
4(5390 3107 2371 4532)
4(3251 2372 3107 5390)
4(3334 1864 4781 5391)
4(5391 4137 2080 3334)
4(5391 3683 2574 4137)
4(5391 3763 2575 3683)
4(3918 2654 3763 5391)
4(4781 2656 3918 5391)
4(5392 3270 2075 3802)
4(3802 2078 4773 5392)
4(4773 2079 4651 5392)
4(5392 3358 2331 3270)
4(4651 2775 4717 5392)
4(5392 4717 2776 3358)
4(4017 1957 3842 5393)
4(5393 3015 1958 3504)
4(3504 1959 4017 5393)
4(5393 3842 1960 3317)
4(5393 3317 1961 3985)
4(5393 3985 1962 3015)
4(5394 3661 2363 3159)
4(3159 2364 4614 5394)
4(4614 2492 3610 5394)
4(5394 4480 2586 3661)
4(3610 2692 3322 5394)
4(3322 2694 4480 5394)
4(4619 1944 3364 5395)
4(3364 1945 3416 5395)
4(3808 1947 4619 5395)
4(5395 3667 1948 3808)
4(5395 3003 2205 3667)
4(3416 2209 3003 5395)
4(5396 4595 2509 3427)
4(5396 3427 2510 4779)
4(5396 4779 2511 4716)
4(5396 4716 2512 3244)
4(3244 2733 3775 5396)
4(3775 2734 4595 5396)
4(4524 1787 3151 5397)
4(5397 3151 1791 4349)
4(5397 4349 1957 4017)
4(5397 4017 1959 3384)
4(3693 2210 4524 5397)
4(3384 2211 3693 5397)
4(5398 3207 2091 3698)
4(5398 3799 2093 3207)
4(5398 3698 2362 3386)
4(3386 2363 3661 5398)
4(3056 2585 3799 5398)
4(3661 2586 3056 5398)
4(5399 4178 1784 3333)
4(5399 3238 1943 4178)
4(3062 1948 3667 5399)
4(5399 3333 1949 3062)
4(3493 2204 3238 5399)
4(3667 2205 3493 5399)
4(5400 3775 2733 3501)
4(5400 3145 2734 3775)
4(5400 3909 2735 3145)
4(3501 2736 3800 5400)
4(3311 2737 3909 5400)
4(3800 2738 3311 5400)
4(5401 4376 2217 4190)
4(5401 4278 2221 4376)
4(4472 2368 2999 5401)
4(4190 2369 4472 5401)
4(2999 2461 3149 5401)
4(5401 3149 2462 4278)
4(4659 2077 4824 5402)
4(5402 4773 2078 4659)
4(5402 4608 2079 4773)
4(4824 2080 4137 5402)
4(4137 2574 3436 5402)
4(5402 3436 2576 4608)
4(5403 3349 1693 4481)
4(4500 1804 4585 5403)
4(4585 1808 4740 5403)
4(4740 1809 3349 5403)
4(5403 4481 2457 4083)
4(5403 4083 2458 4500)
4(3020 2097 4525 5404)
4(4525 2098 4490 5404)
4(4490 2099 4769 5404)
4(5404 4769 2100 3745)
4(5404 3745 2101 3735)
4(5404 3735 2104 3020)
4(3651 1839 3206 5405)
4(5405 3739 1840 3651)
4(3206 2246 3633 5405)
4(3633 2476 3445 5405)
4(5405 3445 2655 4380)
4(5405 4380 2657 3739)
4(3365 2330 3844 5406)
4(3844 2343 3449 5406)
4(5406 3449 2345 4606)
4(5406 4606 2348 4802)
4(5406 4802 2351 3278)
4(3278 2354 3365 5406)
4(5407 3801 1788 3644)
4(3330 1789 3094 5407)
4(5407 3364 1944 3330)
4(5407 3644 1945 3364)
4(3985 1961 3801 5407)
4(3094 1962 3985 5407)
4(5408 3610 2492 4698)
4(5408 4698 2493 2994)
4(4779 2510 3652 5408)
4(2994 2511 4779 5408)
4(5408 4450 2692 3610)
4(3652 2695 4450 5408)
4(5409 3281 2454 4749)
4(5409 4749 2455 4375)
4(5409 4375 2456 3657)
4(4083 2457 3281 5409)
4(4605 2458 4083 5409)
4(3657 2459 4605 5409)
4(3423 2089 3946 5410)
4(4028 2090 3423 5410)
4(5410 4525 2097 4245)
4(5410 3946 2098 4525)
4(5410 4245 2360 3286)
4(3286 2361 4028 5410)
4(4033 1652 4391 5411)
4(3955 1694 4033 5411)
4(5411 4253 1697 3955)
4(5411 3206 1839 4253)
4(4391 2244 4417 5411)
4(5411 4417 2246 3206)
4(4802 2348 4064 5412)
4(2959 2351 4802 5412)
4(5412 3534 2731 4687)
4(5412 4064 2732 3534)
4(3966 2760 2959 5412)
4(5412 4687 2761 3966)
4(5413 3841 1803 4347)
4(5413 4585 1804 3841)
4(5413 4071 1808 4585)
4(4347 1982 3116 5413)
4(4493 2218 4071 5413)
4(3116 2219 4493 5413)
4(3735 2101 3702 5414)
4(5414 3125 2102 3054)
4(3054 2103 3848 5414)
4(3848 2104 3735 5414)
4(5414 3180 2367 3125)
4(5414 3702 2370 3180)
4(4009 1699 3477 5415)
4(3477 1840 3739 5415)
4(5415 4724 1863 4009)
4(5415 4781 1864 4724)
4(5415 4344 2656 4781)
4(3739 2657 4344 5415)
4(4665 2073 4729 5416)
4(4729 2075 3270 5416)
4(5416 4146 2325 4665)
4(5416 3804 2330 3365)
4(3270 2331 3804 5416)
4(5416 3365 2354 4146)
4(5417 3116 1982 3579)
4(5417 3579 1983 3280)
4(3280 1984 4132 5417)
4(4132 2217 4376 5417)
4(5417 3694 2219 3116)
4(4376 2221 3694 5417)
4(3488 1867 4243 5418)
4(5418 4132 1984 3488)
4(4243 2102 3125 5418)
4(5418 4190 2217 4132)
4(3125 2367 3700 5418)
4(5418 3700 2369 4190)
4(4251 1863 4724 5419)
4(4724 1864 3334 5419)
4(5419 4824 2077 4770)
4(5419 3334 2080 4824)
4(5419 4770 2319 3769)
4(3769 2323 4251 5419)
4(5420 4729 2073 3899)
4(5420 3802 2075 4729)
4(4770 2077 4659 5420)
4(4659 2078 3802 5420)
4(3585 2319 4770 5420)
4(5420 3899 2321 3585)
4(5421 3016 2210 3693)
4(5421 3693 2211 4140)
4(5421 4140 2212 4072)
4(4072 2215 4345 5421)
4(4375 2455 3016 5421)
4(4345 2456 4375 5421)
4(5422 3649 2090 4028)
4(3698 2091 3649 5422)
4(5422 4028 2361 3999)
4(3783 2362 3698 5422)
4(3703 2588 3783 5422)
4(5422 3999 2589 3703)
4(5423 4620 1652 4033)
4(5423 4033 1694 4658)
4(5423 4658 1695 3711)
4(3333 1784 4620 5423)
4(4430 1949 3333 5423)
4(3711 1950 4430 5423)
4(5424 4436 2317 4352)
4(4687 2731 3767 5424)
4(5424 3800 2736 4436)
4(5424 3767 2738 3800)
4(4664 2761 4687 5424)
4(4352 2762 4664 5424)
4(5425 3094 1789 3127)
4(5425 3127 1821 4551)
4(5425 4551 1822 3809)
4(3809 1956 3366 5425)
4(3366 1958 3015 5425)
4(5425 3015 1962 3094)
4(3228 2070 3777 5426)
4(5426 4614 2364 4024)
4(4698 2492 4614 5426)
4(3777 2493 4698 5426)
4(4454 2786 3228 5426)
4(5426 4024 2787 4454)
4(3127 1789 3330 5427)
4(3942 1821 3127 5427)
4(4117 1823 3942 5427)
4(3330 1944 4619 5427)
4(5427 3669 1946 4117)
4(5427 4619 1947 3669)
4(5428 4596 2069 4123)
4(5428 3777 2070 4596)
4(4123 2316 3675 5428)
4(5428 2994 2493 3777)
4(5428 4716 2511 2994)
4(3675 2512 4716 5428)
4(5429 3366 1956 3063)
4(5429 3504 1958 3366)
4(3384 1959 3504 5429)
4(3063 1970 4492 5429)
4(4140 2211 3384 5429)
4(4492 2212 4140 5429)
4(5430 3386 2362 3783)
4(5430 3159 2363 3386)
4(4024 2364 3159 5430)
4(5430 3783 2588 3181)
4(5430 3181 2785 3701)
4(3701 2787 4024 5430)
4(3710 1946 3669 5431)
4(3669 1947 3808 5431)
4(5431 3808 1948 3062)
4(5431 3062 1949 4430)
4(5431 4430 1950 3188)
4(5431 3188 1951 3710)
4(5432 3675 2316 3341)
4(4787 2317 4436 5432)
4(3341 2318 4787 5432)
4(5432 3244 2512 3675)
4(3501 2733 3244 5432)
4(4436 2736 3501 5432)
4(4005 1691 4087 5433)
4(4087 1803 3841 5433)
4(3841 1804 4500 5433)
4(5433 4587 2216 4005)
4(5433 4500 2458 4605)
4(5433 4605 2459 4587)
4(4245 2097 3020 5434)
4(5434 3848 2103 4171)
4(5434 3020 2104 3848)
4(4689 2360 4245 5434)
4(5434 4171 2849 3438)
4(3438 2850 4689 5434)
4(4116 1696 3363 5435)
4(3363 1697 4253 5435)
4(5435 4176 1698 4116)
4(5435 3477 1699 4176)
4(4253 1839 3651 5435)
4(5435 3651 1840 3477)
4(3821 2325 4146 5436)
4(5436 3278 2351 2959)
4(4146 2354 3278 5436)
4(3750 2564 3821 5436)
4(5436 4328 2759 3750)
4(5436 2959 2760 4328)
4(5437 4087 1691 3225)
4(5437 4347 1803 4087)
4(3579 1982 4347 5437)
4(3033 1983 3579 5437)
4(3760 2105 3033 5437)
4(5437 3225 2108 3760)
4(5438 4243 1867 3679)
4(5438 3679 1868 4207)
4(5438 3054 2102 4243)
4(4171 2103 3054 5438)
4(4207 2848 3699 5438)
4(3699 2849 4171 5438)
4(3332 1698 4176 5439)
4(4176 1699 4009 5439)
4(5439 4009 1863 4251)
4(3854 2072 3332 5439)
4(5439 4251 2323 2949)
4(5439 2949 2324 3854)
4(3899 2073 4665 5440)
4(3138 2321 3899 5440)
4(4496 2322 3138 5440)
4(5440 4665 2325 3821)
4(5440 3339 2563 4496)
4(5440 3821 2564 3339)
4(4407 2213 4441 5441)
4(5441 4734 2214 4407)
4(5441 4345 2215 4734)
4(4441 2216 4587 5441)
4(5441 3657 2456 4345)
4(4587 2459 3657 5441)
4(5442 3286 2360 4689)
4(3999 2361 3286 5442)
4(3220 2589 3999 5442)
4(4842 2781 3220 5442)
4(5442 2960 2845 4842)
4(5442 4689 2850 2960)
4(4658 1694 3955 5443)
4(3890 1695 4658 5443)
4(5443 3363 1696 3574)
4(5443 3955 1697 3363)
4(5443 3574 1815 4846)
4(4846 1816 3890 5443)
4(4545 2759 4328 5444)
4(4328 2760 3966 5444)
4(5444 3966 2761 4664)
4(5444 4664 2762 3522)
4(5444 3522 2765 4505)
4(4505 2766 4545 5444)
4(3679 1867 3488 5445)
4(3058 1868 3679 5445)
4(5445 3280 1983 3033)
4(3488 1984 3280 5445)
4(5445 3033 2105 3223)
4(5445 3223 2106 3058)
4(5446 4551 1821 3942)
4(3173 1822 4551 5446)
4(5446 3942 1823 3421)
4(3379 1824 3173 5446)
4(5446 3421 1825 3379)
4(4056 1862 4099 5447)
4(4099 2069 4596 5447)
4(4596 2070 3228 5447)
4(5447 3228 2786 3831)
4(5447 3831 2789 4056)
4(5448 3769 2319 3585)
4(2993 2320 4485 5448)
4(5448 3585 2321 3138)
4(5448 3138 2322 2993)
4(2949 2323 3769 5448)
4(4485 2324 2949 5448)
4(5449 4733 1969 4404)
4(5449 4492 1970 4733)
4(4404 1971 3231 5449)
4(5449 4072 2212 4492)
4(3231 2214 4734 5449)
4(4734 2215 4072 5449)
4(3181 2588 3703 5450)
4(5450 3703 2589 3220)
4(5450 3220 2781 4343)
4(5450 4343 2782 4839)
4(3882 2785 3181 5450)
4(4839 2788 3882 5450)
4(5451 3711 1695 3890)
4(4498 1700 4819 5451)
4(5451 3890 1816 3342)
4(5451 3342 1817 4498)
4(3188 1950 3711 5451)
4(4819 1951 3188 5451)
4(5452 4352 2317 4787)
4(5452 4787 2318 3520)
4(5452 3520 2565 4504)
4(3522 2762 4352 5452)
4(4504 2764 4006 5452)
4(4006 2765 3522 5452)
4(5453 4193 1690 3630)
4(5453 3809 1822 3173)
4(5453 3173 1824 4193)
4(3063 1956 3809 5453)
4(3630 1969 4733 5453)
4(4733 1970 3063 5453)
4(5454 3701 2785 3882)
4(3831 2786 4454 5454)
4(5454 4454 2787 3701)
4(5454 3882 2788 3639)
4(4825 2789 3831 5454)
4(3639 2790 4825 5454)
4(5455 4819 1700 3752)
4(3752 1701 4044 5455)
4(3421 1823 4117 5455)
4(4044 1825 3421 5455)
4(5455 4117 1946 3710)
4(5455 3710 1951 4819)
4(5456 4099 1862 4694)
4(5456 4123 2069 4099)
4(3341 2316 4123 5456)
4(3520 2318 3341 5456)
4(3761 2565 3520 5456)
4(5456 4694 2566 3761)
4(3225 1691 4005 5457)
4(5457 4703 1794 4401)
4(3925 2108 3225 5457)
4(4401 2109 3925 5457)
4(5457 4441 2213 4703)
4(5457 4005 2216 4441)
4(4333 2845 2960 5458)
4(5458 3559 2846 4050)
4(4050 2847 4333 5458)
4(5458 3699 2848 3559)
4(5458 3438 2849 3699)
4(2960 2850 3438 5458)
4(3574 1696 4116 5459)
4(5459 4116 1698 3332)
4(4786 1815 3574 5459)
4(4497 1818 4786 5459)
4(5459 4032 2071 4497)
4(5459 3332 2072 4032)
4(3677 2563 3339 5460)
4(3339 2564 3750 5460)
4(5460 3750 2759 4545)
4(5460 4545 2766 4442)
4(4152 2843 3677 5460)
4(5460 4442 2844 4152)
4(3223 2105 3760 5461)
4(2985 2106 3223 5461)
4(4413 2107 2985 5461)
4(5461 3760 2108 3925)
4(5461 3925 2109 3628)
4(5461 3628 2110 4413)
4(5462 4207 1868 3058)
4(5462 3058 2106 2985)
4(5462 2985 2107 4247)
4(4247 2365 3262 5462)
4(3262 2846 3559 5462)
4(3559 2848 4207 5462)
4(3749 2071 4032 5463)
4(4032 2072 3854 5463)
4(5463 4485 2320 3730)
4(5463 3854 2324 4485)
4(5463 3730 2326 4710)
4(4710 2329 3749 5463)
4(3730 2320 2993 5464)
4(2993 2322 4496 5464)
4(2965 2326 3730 5464)
4(5464 4496 2563 3677)
4(5464 4389 2841 2965)
4(5464 3677 2843 4389)
4(5465 4588 1658 3375)
4(3375 1682 4326 5465)
4(4326 1690 4193 5465)
4(5465 4044 1701 4588)
4(4193 1824 3379 5465)
4(5465 3379 1825 4044)
4(4694 1862 4056 5466)
4(4592 2566 4694 5466)
4(5466 4330 2567 4049)
4(4049 2568 4592 5466)
4(5466 4056 2789 4825)
4(5466 4825 2790 4330)
4(4697 1794 4703 5467)
4(4392 1795 4697 5467)
4(5467 4179 1796 4392)
4(5467 3231 1971 4179)
4(4703 2213 4407 5467)
4(5467 4407 2214 3231)
4(4343 2781 4842 5468)
4(4184 2782 4343 5468)
4(4406 2783 4184 5468)
4(5468 4705 2784 4406)
4(5468 4842 2845 4333)
4(5468 4333 2847 4705)
4(5469 4846 1815 4786)
4(3342 1816 4846 5469)
4(4816 1817 3342 5469)
4(5469 4786 1818 3369)
4(3097 1819 4816 5469)
4(5469 3369 1820 3097)
4(5470 3835 2763 4061)
4(5470 4006 2764 3835)
4(5470 4505 2765 4006)
4(4442 2766 4505 5470)
4(4061 2842 3039 5470)
4(3039 2844 4442 5470)
4(5471 4326 1682 3474)
4(5471 3474 1688 4007)
4(5471 3630 1690 4326)
4(4007 1796 4179 5471)
4(5471 4404 1969 3630)
4(4179 1971 4404 5471)
4(3141 2567 4330 5472)
4(3631 2767 3141 5472)
4(5472 4839 2782 4184)
4(5472 4184 2783 3631)
4(3639 2788 4839 5472)
4(4330 2790 3639 5472)
4(4826 1658 4588 5473)
4(4286 1659 4826 5473)
4(3752 1700 4498 5473)
4(4588 1701 3752 5473)
4(5473 4498 1817 4816)
4(5473 4816 1819 4286)
4(5474 4504 2565 3761)
4(5474 3761 2566 4592)
4(5474 4592 2568 4473)
4(5474 4473 2569 3268)
4(3268 2763 3835 5474)
4(3835 2764 4504 5474)
4(5475 3227 1689 4390)
4(5475 4401 1794 4697)
4(5475 4697 1795 3227)
4(4390 1866 2992 5475)
4(3628 2109 4401 5475)
4(2992 2110 3628 5475)
4(5476 3262 2365 3178)
4(5476 3178 2366 4403)
4(4403 2768 3897 5476)
4(3897 2784 4705 5476)
4(5476 4050 2846 3262)
4(4705 2847 4050 5476)
4(4051 1702 3528 5477)
4(3369 1818 4497 5477)
4(3528 1820 3369 5477)
4(5477 4497 2071 3749)
4(5477 4778 2328 4051)
4(5477 3749 2329 4778)
4(4702 2839 3036 5478)
4(5478 3530 2840 4702)
4(3036 2841 4389 5478)
4(5478 3039 2842 3530)
4(4389 2843 4152 5478)
4(5478 4152 2844 3039)
4(5479 2946 1657 3691)
4(5479 3375 1658 4826)
4(5479 4826 1659 2946)
4(3474 1682 3375 5479)
4(3691 1686 4636 5479)
4(4636 1688 3474 5479)
4(5480 4049 2567 3141)
4(4473 2568 4049 5480)
4(3370 2569 4473 5480)
4(5480 3141 2767 3139)
4(5480 3139 2772 4785)
4(4785 2774 3370 5480)
4(5481 2992 1866 3041)
4(5481 3041 2096 4784)
4(4247 2107 4413 5481)
4(5481 4413 2110 2992)
4(3178 2365 4247 5481)
4(4784 2366 3178 5481)
4(5482 4710 2326 2965)
4(3930 2327 3468 5482)
4(3468 2328 4778 5482)
4(4778 2329 4710 5482)
4(5482 3036 2839 3930)
4(5482 2965 2841 3036)
4(5483 4636 1686 3933)
4(3933 1687 3408 5483)
4(5483 4007 1688 4636)
4(3408 1689 3227 5483)
4(3227 1795 4392 5483)
4(5483 4392 1796 4007)
4(3139 2767 3631 5484)
4(5484 3897 2768 4828)
4(5484 4828 2771 4043)
4(4043 2772 3139 5484)
4(3631 2783 4406 5484)
4(5484 4406 2784 3897)
4(3792 1657 2946 5485)
4(2946 1659 4286 5485)
4(5485 3528 1702 3527)
4(5485 3527 1704 3792)
4(4286 1819 3097 5485)
4(5485 3097 1820 3528)
4(5486 3268 2569 3370)
4(5486 4061 2763 3268)
4(3412 2773 3169 5486)
4(5486 3370 2774 3412)
4(3169 2840 3530 5486)
4(3530 2842 4061 5486)
4(5487 3172 1661 3420)
4(5487 3408 1687 3172)
4(5487 4390 1689 3408)
4(3041 1866 4390 5487)
4(3420 2095 4438 5487)
4(4438 2096 3041 5487)
4(5488 4438 2095 4104)
4(5488 4784 2096 4438)
4(5488 4403 2366 4784)
4(4828 2768 4403 5488)
4(4104 2769 3627 5488)
4(3627 2771 4828 5488)
4(3527 1702 4051 5489)
4(3261 1703 3040 5489)
4(3040 1704 3527 5489)
4(5489 4535 2074 3261)
4(5489 3468 2327 4535)
4(5489 4051 2328 3468)
4(3467 2074 4535 5490)
4(4535 2327 3930 5490)
4(5490 3681 2770 3467)
4(5490 3169 2773 3681)
4(3930 2839 4702 5490)
4(5490 4702 2840 3169)
4(5491 3691 1657 3792)
4(4646 1661 3172 5491)
4(3933 1686 3691 5491)
4(3172 1687 3933 5491)
4(5491 3040 1703 4646)
4(5491 3792 1704 3040)
4(5492 3627 2769 3318)
4(3318 2770 3681 5492)
4(5492 4043 2771 3627)
4(5492 4785 2772 4043)
4(3681 2773 3412 5492)
4(3412 2774 4785 5492)
4(5493 3420 1661 4646)
4(4646 1703 3261 5493)
4(5493 3261 2074 3467)
4(4104 2095 3420 5493)
4(3318 2769 4104 5493)
4(5493 3467 2770 3318)
)

// ************************************************************************* //
