/*--------------------------------*- C++ -*----------------------------------*\
  =========                 |
  \\      /  F ield         | OpenFOAM: The Open Source CFD Toolbox
   \\    /   O peration     |
    \\  /    A nd           | Version: 13
     \\/     M anipulation  |
\*---------------------------------------------------------------------------*/
FoamFile
{
    version     2.0;
    format      ascii;
    class       labelList;
    location    "constant/polyMesh";
    object      owner;
}
// * * * * * * * * * * * * * * * * * * * * * * * * * * * * * * * * * * * * //
43904
(
0
0
0
0
0
0
0
0
0
0
0
0
0
0
0
0
0
0
0
1
1
1
1
1
1
1
1
1
1
1
1
1
1
1
1
2
2
2
2
2
2
2
2
2
2
2
2
2
2
2
2
3
3
3
3
3
3
3
3
3
3
3
3
3
4
4
4
4
4
4
4
4
4
4
5
5
5
5
5
5
5
5
5
5
5
5
5
6
6
6
6
6
6
6
6
6
6
7
7
7
7
7
7
7
7
7
7
7
7
7
8
8
8
8
8
8
8
8
8
8
8
8
8
9
9
9
9
9
9
9
9
9
9
9
9
9
10
10
10
10
10
10
10
10
10
10
10
10
10
11
11
11
11
11
11
11
11
11
11
11
11
11
12
12
12
12
12
12
12
12
12
12
12
12
12
13
13
13
13
13
13
13
13
13
13
14
14
14
14
14
14
14
14
14
14
15
15
15
15
15
15
15
15
15
15
16
16
16
16
16
16
16
16
16
16
17
17
17
17
17
17
17
17
17
17
18
18
18
18
18
18
18
18
18
18
19
19
19
19
19
19
19
19
19
19
19
19
19
19
19
19
19
20
20
20
20
20
20
20
20
20
20
20
20
20
20
20
20
20
21
21
21
21
21
21
21
21
21
21
21
21
21
21
21
21
22
22
22
22
22
22
22
22
22
22
22
22
22
22
22
22
22
23
23
23
23
23
23
23
23
23
23
24
24
24
24
24
24
24
24
24
24
25
25
25
25
25
25
25
25
25
25
26
26
26
26
26
26
26
26
26
26
27
27
27
27
27
27
27
27
27
27
27
27
28
28
28
28
28
28
28
28
28
28
28
28
29
29
29
29
29
29
29
29
29
29
29
29
29
29
29
29
30
30
30
30
30
30
30
30
30
30
30
30
31
31
31
31
31
31
31
31
31
31
31
31
31
31
31
31
31
32
32
32
32
32
32
32
32
32
32
32
32
33
33
33
33
33
33
33
33
33
33
33
33
34
34
34
34
34
34
34
34
34
34
34
34
35
35
35
35
35
35
35
35
35
35
35
35
35
36
36
36
36
36
36
36
36
36
36
36
36
36
36
36
36
37
37
37
37
37
37
37
37
37
37
37
37
37
38
38
38
38
38
38
38
38
38
38
38
38
38
39
39
39
39
39
39
39
39
39
39
39
39
39
39
39
40
40
40
40
40
40
40
40
40
40
40
40
40
41
41
41
41
41
41
41
41
41
41
41
41
41
42
42
42
42
42
42
42
42
42
42
42
42
42
43
43
43
43
43
43
43
43
43
43
43
43
43
43
43
44
44
44
44
44
44
44
44
44
44
44
44
44
44
44
45
45
45
45
45
45
45
45
45
45
45
45
45
46
46
46
46
46
46
46
47
47
47
47
47
47
47
48
48
48
48
48
48
48
48
48
48
48
48
48
49
49
49
49
49
49
49
49
49
49
49
49
49
49
49
49
49
50
50
50
50
50
50
50
50
50
50
50
50
50
50
50
50
50
51
51
51
51
51
51
51
51
51
51
51
51
52
52
52
52
52
52
52
52
52
52
52
52
53
53
53
53
53
53
53
53
53
53
54
54
54
54
54
54
54
54
54
54
55
55
55
55
55
55
55
55
55
55
55
56
56
56
56
56
56
56
56
56
56
57
57
57
57
57
57
57
57
57
57
57
57
57
58
58
58
58
58
58
58
58
58
58
58
58
58
59
59
59
59
59
59
59
59
59
59
59
59
59
59
60
60
60
60
60
60
60
60
60
60
60
60
60
61
61
61
61
61
61
61
61
61
61
61
61
61
62
62
62
62
62
62
62
62
62
62
62
62
62
63
63
63
63
63
63
63
63
63
63
63
63
63
64
64
64
64
64
64
64
64
64
64
64
64
64
65
65
65
65
65
65
65
65
65
65
66
66
66
66
66
66
66
66
66
66
67
67
67
67
67
67
67
68
68
68
68
68
68
68
69
69
69
69
69
69
69
69
69
69
69
69
70
70
70
70
70
70
70
70
70
70
70
70
71
71
71
71
71
71
71
71
71
71
71
71
71
72
72
72
72
72
72
72
72
72
72
72
72
72
73
73
73
73
73
73
73
73
73
73
73
73
73
74
74
74
74
74
74
74
74
74
74
75
75
75
75
75
75
75
75
75
75
75
75
75
76
76
76
76
76
76
76
76
76
76
77
77
77
77
77
77
77
77
77
77
78
78
78
78
78
78
78
78
78
78
79
79
79
79
79
79
79
79
79
79
79
79
80
80
80
80
80
80
80
80
80
80
80
80
81
81
81
81
81
81
81
81
81
81
82
82
82
82
82
82
82
82
82
82
83
83
83
83
83
83
83
83
83
83
84
84
84
84
84
84
84
84
84
84
85
85
85
85
85
85
85
85
85
85
85
85
85
86
86
86
86
86
86
86
86
86
86
86
86
86
87
87
87
87
87
87
87
87
87
87
87
87
87
88
88
88
88
88
88
88
88
88
88
88
88
88
89
89
89
89
89
89
89
89
89
89
89
89
90
90
90
90
90
90
90
90
90
90
90
90
91
91
91
91
91
91
91
91
91
91
91
91
91
92
92
92
92
92
92
92
92
92
92
92
92
92
93
93
93
93
93
93
93
93
93
93
93
93
93
93
93
93
94
94
94
94
94
94
94
94
94
94
94
94
94
94
94
94
95
95
95
95
95
95
95
95
95
95
95
95
95
95
95
95
96
96
96
96
96
96
96
96
96
96
96
96
96
96
96
96
97
97
97
97
97
97
97
98
98
98
98
98
98
98
99
99
99
99
99
99
99
100
100
100
100
100
100
100
101
101
101
101
101
101
101
101
101
101
102
102
102
102
102
102
102
102
102
102
103
103
103
103
103
103
103
103
103
103
104
104
104
104
104
104
104
104
104
104
105
105
105
105
105
105
105
105
105
105
106
106
106
106
106
106
106
106
106
106
107
107
107
107
107
107
107
107
107
107
108
108
108
108
108
108
108
108
108
108
109
109
109
109
109
109
109
109
109
109
109
109
109
110
110
110
110
110
110
110
110
110
110
110
110
110
111
111
111
111
111
111
111
111
111
111
111
111
111
112
112
112
112
112
112
112
112
112
112
112
112
112
113
113
113
113
113
113
113
113
113
113
114
114
114
114
114
114
114
114
114
114
115
115
115
115
115
115
115
115
115
115
116
116
116
116
116
116
116
116
116
116
117
117
117
117
117
117
117
117
117
117
117
117
117
118
118
118
118
118
118
118
118
118
118
118
118
118
119
119
119
119
119
119
119
119
119
119
120
120
120
120
120
120
120
120
120
120
121
121
121
121
121
121
121
121
121
121
121
121
121
122
122
122
122
122
122
122
122
122
122
123
123
123
123
123
123
123
123
123
123
123
123
123
124
124
124
124
124
124
124
124
124
124
125
125
125
125
125
125
125
125
125
125
126
126
126
126
126
126
126
126
126
126
127
127
127
127
127
127
127
127
127
127
128
128
128
128
128
128
128
128
128
128
128
128
128
129
129
129
129
129
129
129
129
129
129
129
129
129
130
130
130
130
130
130
130
130
130
130
130
130
130
131
131
131
131
131
131
131
131
131
131
131
131
131
132
132
132
132
132
132
132
132
132
132
132
133
133
133
133
133
133
133
133
133
133
134
134
134
134
134
134
134
134
134
134
135
135
135
135
135
135
135
135
135
135
136
136
136
136
136
136
136
136
136
136
137
137
137
137
137
137
137
137
137
137
138
138
138
138
138
138
138
138
138
138
139
139
139
139
139
139
139
139
139
139
140
140
140
140
140
140
140
140
140
140
141
141
141
141
141
141
141
141
141
141
142
142
142
142
142
142
142
142
142
142
143
143
143
143
143
143
143
143
143
143
144
144
144
144
144
144
144
144
144
144
145
145
145
145
145
145
145
145
145
145
146
146
146
146
146
146
146
146
146
146
146
146
146
147
147
147
147
147
147
147
147
147
147
147
147
147
148
148
148
148
148
148
148
148
148
148
149
149
149
149
149
149
149
149
149
149
150
150
150
150
150
150
150
150
150
150
151
151
151
151
151
151
151
151
151
151
152
152
152
152
152
152
152
152
152
152
153
153
153
153
153
153
153
153
153
153
153
153
153
154
154
154
154
154
154
154
154
154
154
154
154
155
155
155
155
155
155
155
155
155
155
155
155
155
156
156
156
156
156
156
156
156
156
156
156
156
156
157
157
157
157
157
157
157
157
157
157
158
158
158
158
158
158
158
158
158
158
159
159
159
159
159
159
159
159
159
159
160
160
160
160
160
160
160
160
160
160
161
161
161
161
161
161
161
161
161
161
161
161
161
162
162
162
162
162
162
162
162
162
162
162
162
162
163
163
163
163
163
163
163
163
163
163
163
163
163
164
164
164
164
164
164
164
164
164
164
164
164
164
165
165
165
165
165
165
165
165
165
165
166
166
166
166
166
166
166
166
166
166
167
167
167
167
167
167
167
167
167
167
168
168
168
168
168
168
168
168
168
168
169
169
169
169
169
169
169
169
169
169
170
170
170
170
170
170
170
170
170
170
171
171
171
171
171
171
171
171
171
171
172
172
172
172
172
172
172
172
172
172
173
173
173
173
173
173
173
173
173
173
174
174
174
174
174
174
174
174
174
174
175
175
175
175
175
175
175
175
175
175
176
176
176
176
176
176
176
176
176
176
177
177
177
177
177
177
177
177
177
177
177
177
177
177
177
177
178
178
178
178
178
178
178
178
178
178
178
178
178
178
179
179
179
179
179
179
179
179
179
179
179
179
179
179
179
180
180
180
180
180
180
180
180
180
180
180
180
180
180
180
181
181
181
181
181
181
181
181
181
181
182
182
182
182
182
182
182
182
182
182
183
183
183
183
183
183
183
183
183
183
184
184
184
184
184
184
184
184
184
184
185
185
185
185
185
185
185
185
185
185
185
185
185
185
186
186
186
186
186
186
186
186
186
186
186
186
186
186
187
187
187
187
187
187
187
187
187
187
187
187
187
187
187
187
188
188
188
188
188
188
188
188
188
188
188
188
188
188
188
188
189
189
189
189
189
189
189
189
189
189
189
189
190
190
190
190
190
190
190
190
190
190
190
190
191
191
191
191
191
191
191
191
191
191
191
191
192
192
192
192
192
192
192
192
192
192
192
192
193
193
193
193
193
193
193
193
193
193
193
193
194
194
194
194
194
194
194
194
194
194
194
194
194
194
195
195
195
195
195
195
195
195
195
195
195
195
195
195
195
195
195
196
196
196
196
196
196
196
196
196
196
196
196
196
196
197
197
197
197
197
197
197
197
197
197
197
197
197
197
197
197
197
198
198
198
198
198
198
198
198
198
198
198
198
198
198
199
199
199
199
199
199
199
199
199
199
199
199
199
199
199
199
200
200
200
200
200
200
200
200
200
200
200
200
200
200
201
201
201
201
201
201
201
201
201
201
201
201
201
201
201
202
202
202
202
202
202
202
202
202
202
202
202
202
202
202
203
203
203
203
203
203
203
203
203
203
203
203
203
203
204
204
204
204
204
204
204
204
204
204
204
204
204
205
205
205
205
205
205
205
205
205
205
205
205
205
205
206
206
206
206
206
206
206
206
206
206
206
206
206
207
207
207
207
207
207
207
207
207
207
207
207
208
208
208
208
208
208
208
208
208
208
208
208
209
209
209
209
209
209
209
209
209
209
209
209
210
210
210
210
210
210
210
210
210
210
210
210
211
211
211
211
211
211
211
211
211
211
211
211
212
212
212
212
212
212
212
212
212
212
212
212
212
212
213
213
213
213
213
213
213
213
213
213
213
213
214
214
214
214
214
214
214
214
214
214
214
214
214
214
215
215
215
215
215
215
215
215
215
215
215
215
216
216
216
216
216
216
216
216
216
216
216
216
216
216
216
217
217
217
217
217
217
217
217
217
217
217
217
218
218
218
218
218
218
218
218
218
218
218
218
219
219
219
219
219
219
219
219
219
219
220
220
220
220
220
220
220
220
220
220
221
221
221
221
221
221
221
221
221
221
222
222
222
222
222
222
222
222
222
222
223
223
223
223
223
223
223
223
223
223
223
223
224
224
224
224
224
224
224
224
224
224
224
224
225
225
225
225
225
225
225
225
225
225
225
225
226
226
226
226
226
226
226
226
226
226
226
226
227
227
227
227
227
227
227
227
227
227
228
228
228
228
228
228
228
228
228
228
229
229
229
229
229
229
229
229
229
229
229
229
229
230
230
230
230
230
230
230
230
230
230
230
230
230
231
231
231
231
231
231
231
231
231
231
231
231
231
232
232
232
232
232
232
232
232
232
232
232
232
232
233
233
233
233
233
233
233
233
233
233
233
233
233
234
234
234
234
234
234
234
234
234
234
234
234
234
235
235
235
235
235
235
235
236
236
236
236
236
236
236
237
237
237
237
237
237
237
238
238
238
238
238
238
238
239
239
239
239
239
239
239
239
239
239
239
239
239
240
240
240
240
240
240
240
240
240
240
240
240
240
240
241
241
241
241
241
241
241
241
241
241
241
241
241
242
242
242
242
242
242
242
242
242
242
242
242
242
242
243
243
243
243
243
243
243
243
243
243
243
243
244
244
244
244
244
244
244
244
244
244
244
244
245
245
245
245
245
245
245
245
245
245
245
245
246
246
246
246
246
246
246
246
246
246
246
246
247
247
247
247
247
247
247
247
247
247
248
248
248
248
248
248
248
248
248
248
248
249
249
249
249
249
249
249
249
249
249
250
250
250
250
250
250
250
250
250
250
250
251
251
251
251
251
251
251
251
251
251
252
252
252
252
252
252
252
252
252
252
253
253
253
253
253
253
253
253
253
253
254
254
254
254
254
254
254
254
254
254
255
255
255
255
255
255
255
255
255
255
256
256
256
256
256
256
256
256
256
256
257
257
257
257
257
257
257
257
257
257
258
258
258
258
258
258
258
258
258
258
259
259
259
259
259
259
259
259
259
259
260
260
260
260
260
260
260
260
260
260
261
261
261
261
261
261
261
261
261
261
262
262
262
262
262
262
262
262
262
262
263
263
263
263
263
263
263
263
263
263
264
264
264
264
264
264
264
264
264
264
265
265
265
265
265
265
265
265
265
265
266
266
266
266
266
266
266
266
266
266
267
267
267
267
267
267
267
267
267
267
268
268
268
268
268
268
268
268
268
268
268
268
269
269
269
269
269
269
269
269
269
269
270
270
270
270
270
270
270
270
270
270
271
271
271
271
271
271
271
271
271
271
272
272
272
272
272
272
272
272
272
272
273
273
273
273
273
273
273
273
273
273
273
273
273
274
274
274
274
274
274
274
274
274
274
274
274
274
275
275
275
275
275
275
275
275
275
275
276
276
276
276
276
276
276
276
276
276
277
277
277
277
277
277
277
277
277
277
278
278
278
278
278
278
278
278
278
278
279
279
279
279
279
279
279
279
279
279
280
280
280
280
280
280
280
280
280
280
281
281
281
281
281
281
281
281
281
281
281
281
281
282
282
282
282
282
282
282
282
282
282
282
282
282
283
283
283
283
283
283
283
283
283
283
283
283
283
284
284
284
284
284
284
284
284
284
284
284
284
284
285
285
285
285
285
285
285
285
285
285
286
286
286
286
286
286
286
286
286
286
287
287
287
287
287
287
287
287
287
287
288
288
288
288
288
288
288
288
288
288
289
289
289
289
289
289
289
289
289
289
289
289
290
290
290
290
290
290
290
290
290
290
290
290
290
291
291
291
291
291
291
291
291
291
291
291
291
292
292
292
292
292
292
292
292
292
292
292
292
293
293
293
293
293
293
293
293
293
293
294
294
294
294
294
294
294
294
294
294
295
295
295
295
295
295
295
295
295
295
296
296
296
296
296
296
296
296
296
296
297
297
297
297
297
297
297
297
297
297
298
298
298
298
298
298
298
298
298
298
299
299
299
299
299
299
299
299
299
299
300
300
300
300
300
300
300
300
300
300
301
301
301
301
301
301
301
301
301
301
302
302
302
302
302
302
302
302
302
302
303
303
303
303
303
303
303
303
303
303
304
304
304
304
304
304
304
304
304
304
305
305
305
305
305
305
305
305
305
305
306
306
306
306
306
306
306
306
306
306
307
307
307
307
307
307
307
307
307
307
308
308
308
308
308
308
308
308
308
308
309
309
309
309
309
309
309
309
309
309
310
310
310
310
310
310
310
310
310
310
311
311
311
311
311
311
311
311
311
311
312
312
312
312
312
312
312
312
312
312
313
313
313
313
313
313
313
313
313
313
314
314
314
314
314
314
314
314
314
314
314
314
314
315
315
315
315
315
315
315
315
315
315
315
315
315
316
316
316
316
316
316
316
316
316
316
317
317
317
317
317
317
317
317
317
317
318
318
318
318
318
318
318
318
318
318
319
319
319
319
319
319
319
319
319
319
320
320
320
320
320
320
320
320
320
320
321
321
321
321
321
321
321
321
321
321
322
322
322
322
322
322
322
322
322
322
323
323
323
323
323
323
323
323
323
323
324
324
324
324
324
324
324
324
324
324
325
325
325
325
325
325
325
325
325
325
326
326
326
326
326
326
326
326
326
326
326
326
326
327
327
327
327
327
327
327
327
327
327
327
327
327
328
328
328
328
328
328
328
329
329
329
329
329
329
329
330
330
330
330
330
330
330
330
330
330
331
331
331
331
331
331
331
331
331
331
332
332
332
332
332
332
332
332
332
332
333
333
333
333
333
333
333
333
333
333
334
334
334
334
334
334
334
334
334
334
335
335
335
335
335
335
335
335
335
335
336
336
336
336
336
336
336
336
336
336
337
337
337
337
337
337
337
337
337
337
338
338
338
338
338
338
338
338
338
338
339
339
339
339
339
339
339
339
339
339
340
340
340
340
340
340
340
340
340
340
341
341
341
341
341
341
341
341
341
341
342
342
342
342
342
342
342
342
342
342
343
343
343
343
343
343
343
343
343
343
344
344
344
344
344
344
344
344
344
344
345
345
345
345
345
345
345
345
345
345
346
346
346
346
346
346
346
346
346
346
347
347
347
347
347
347
347
347
347
347
348
348
348
348
348
348
348
348
348
348
349
349
349
349
349
349
349
349
349
349
349
349
350
350
350
350
350
350
350
350
350
350
350
350
351
351
351
351
351
351
351
351
351
351
351
351
352
352
352
352
352
352
352
352
352
352
352
352
353
353
353
353
353
353
353
353
353
353
354
354
354
354
354
354
354
354
354
354
355
355
355
355
355
355
355
355
355
355
356
356
356
356
356
356
356
356
356
356
357
357
357
357
357
357
357
357
357
357
357
357
357
358
358
358
358
358
358
358
358
358
358
358
358
358
359
359
359
359
359
359
359
359
359
359
359
359
359
360
360
360
360
360
360
360
360
360
360
360
360
360
361
361
361
361
361
361
361
361
361
361
362
362
362
362
362
362
362
362
362
362
363
363
363
363
363
363
363
363
363
363
364
364
364
364
364
364
364
364
364
364
365
365
365
365
365
365
365
365
365
365
366
366
366
366
366
366
366
366
366
366
367
367
367
367
367
367
367
368
368
368
368
368
368
368
369
369
369
369
369
369
369
369
369
369
370
370
370
370
370
370
370
370
370
370
371
371
371
371
371
371
371
371
371
371
372
372
372
372
372
372
372
372
372
372
373
373
373
373
373
373
373
373
373
373
374
374
374
374
374
374
374
374
374
374
375
375
375
375
375
375
375
375
375
375
376
376
376
376
376
376
376
376
376
376
377
377
377
377
377
377
377
377
377
377
378
378
378
378
378
378
378
378
378
378
379
379
379
379
379
379
379
379
379
379
380
380
380
380
380
380
380
380
380
380
381
381
381
381
381
381
381
381
381
381
382
382
382
382
382
382
382
382
382
382
383
383
383
383
383
383
383
383
383
383
384
384
384
384
384
384
384
384
384
384
385
385
385
385
385
385
385
385
385
385
386
386
386
386
386
386
386
386
386
386
387
387
387
387
387
387
387
387
387
387
388
388
388
388
388
388
388
388
388
388
389
389
389
389
389
389
389
389
389
389
390
390
390
390
390
390
390
390
390
390
391
391
391
391
391
391
391
391
391
391
392
392
392
392
392
392
392
392
392
392
392
392
392
393
393
393
393
393
393
393
393
393
393
393
393
393
394
394
394
394
394
394
394
394
394
394
394
394
394
395
395
395
395
395
395
395
395
395
395
395
395
396
396
396
396
396
396
396
396
396
396
396
396
396
397
397
397
397
397
397
397
397
397
397
397
397
398
398
398
398
398
398
398
398
398
398
398
398
399
399
399
399
399
399
399
399
399
399
399
399
399
400
400
400
400
400
400
400
400
400
400
400
400
400
400
400
401
401
401
401
401
401
401
401
401
401
401
401
401
401
401
402
402
402
402
402
402
402
402
402
402
402
402
402
402
402
402
403
403
403
403
403
403
403
403
403
403
403
403
403
404
404
404
404
404
404
404
404
404
404
404
404
404
405
405
405
405
405
405
405
405
405
405
405
405
405
406
406
406
406
406
406
406
406
406
406
406
406
406
407
407
407
407
407
407
407
408
408
408
408
408
408
408
409
409
409
409
409
409
409
410
410
410
410
410
410
410
411
411
411
411
411
411
411
412
412
412
412
412
412
412
413
413
413
413
413
413
413
413
413
413
414
414
414
414
414
414
414
414
414
414
415
415
415
415
415
415
415
415
415
415
415
415
415
415
416
416
416
416
416
416
416
416
416
416
416
416
416
416
417
417
417
417
417
417
417
417
417
417
417
417
417
417
418
418
418
418
418
418
418
418
418
418
418
418
418
418
419
419
419
419
419
419
419
419
419
419
420
420
420
420
420
420
420
420
420
420
421
421
421
421
421
421
421
421
421
421
422
422
422
422
422
422
422
422
422
422
423
423
423
423
423
423
423
423
423
423
423
423
423
423
424
424
424
424
424
424
424
424
424
424
424
424
424
424
425
425
425
425
425
425
425
425
425
425
425
425
426
426
426
426
426
426
426
426
426
426
426
426
427
427
427
427
427
427
427
427
427
427
427
427
428
428
428
428
428
428
428
428
428
428
428
428
429
429
429
429
429
429
429
429
429
429
429
429
430
430
430
430
430
430
430
430
430
430
430
430
431
431
431
431
431
431
431
431
431
431
431
431
431
431
432
432
432
432
432
432
432
432
432
432
432
432
432
432
433
433
433
433
433
433
433
433
433
433
433
433
433
433
434
434
434
434
434
434
434
434
434
434
434
434
434
434
435
435
435
435
435
435
435
435
435
435
435
435
436
436
436
436
436
436
436
436
436
436
436
437
437
437
437
437
437
437
437
437
437
437
438
438
438
438
438
438
438
438
438
438
438
439
439
439
439
439
439
439
439
439
439
439
439
439
439
439
440
440
440
440
440
440
440
440
440
440
440
440
440
440
441
441
441
441
441
441
441
441
441
441
441
441
441
441
442
442
442
442
442
442
442
442
442
442
442
442
442
442
443
443
443
443
443
443
443
443
443
443
443
443
443
443
443
443
443
444
444
444
444
444
444
444
444
444
444
444
444
444
444
445
445
445
445
445
445
445
445
445
445
445
445
445
446
446
446
446
446
446
446
446
446
446
446
446
446
446
446
446
447
447
447
447
447
447
447
447
447
447
447
447
448
448
448
448
448
448
448
448
448
448
448
448
448
448
449
449
449
449
449
449
449
449
449
449
449
449
449
449
449
450
450
450
450
450
450
450
450
450
450
450
450
451
451
451
451
451
451
451
451
451
451
451
451
452
452
452
452
452
452
452
452
452
452
452
452
453
453
453
453
453
453
453
453
454
454
454
454
454
454
454
454
455
455
455
455
455
455
455
455
455
455
455
455
456
456
456
456
456
456
456
456
456
456
456
456
457
457
457
457
457
457
457
457
457
457
458
458
458
458
458
458
458
458
458
458
459
459
459
459
459
459
459
459
459
459
460
460
460
460
460
460
460
460
460
460
461
461
461
461
461
461
461
461
461
461
461
461
462
462
462
462
462
462
462
462
462
462
462
462
462
462
463
463
463
463
463
463
463
463
463
463
463
463
463
463
464
464
464
464
464
464
464
464
464
464
464
464
464
464
465
465
465
465
465
465
465
465
465
465
466
466
466
466
466
466
466
466
466
466
467
467
467
467
467
467
467
467
467
467
468
468
468
468
468
468
468
468
468
468
469
469
469
469
469
469
469
469
469
469
470
470
470
470
470
470
470
470
470
470
471
471
471
471
471
471
471
471
471
471
472
472
472
472
472
472
472
472
472
472
473
473
473
473
473
473
473
473
473
473
474
474
474
474
474
474
474
474
474
474
475
475
475
475
475
475
475
475
475
475
476
476
476
476
476
476
476
476
476
476
477
477
477
477
477
477
477
477
477
477
477
477
477
478
478
478
478
478
478
478
478
478
478
478
478
478
478
479
479
479
479
479
479
479
479
479
479
479
479
479
480
480
480
480
480
480
480
480
480
480
480
480
481
481
481
481
481
481
481
481
481
481
482
482
482
482
482
482
482
482
482
482
483
483
483
483
483
483
483
483
483
483
484
484
484
484
484
484
484
484
484
484
485
485
485
485
485
485
485
485
485
485
485
485
486
486
486
486
486
486
486
486
486
486
486
486
486
487
487
487
487
487
487
487
487
487
487
487
487
487
488
488
488
488
488
488
488
488
488
488
488
488
488
489
489
489
489
489
489
489
489
489
489
490
490
490
490
490
490
490
490
490
490
491
491
491
491
491
491
491
491
491
491
492
492
492
492
492
492
492
492
492
492
493
493
493
493
493
493
493
494
494
494
494
494
494
494
495
495
495
495
495
495
495
496
496
496
496
496
496
496
497
497
497
497
497
497
497
497
497
497
498
498
498
498
498
498
498
498
498
498
499
499
499
499
499
499
499
499
499
499
500
500
500
500
500
500
500
500
500
500
501
501
501
501
501
501
501
501
501
501
502
502
502
502
502
502
502
502
502
502
503
503
503
503
503
503
503
503
503
503
504
504
504
504
504
504
504
504
504
504
505
505
505
505
505
505
505
505
505
505
506
506
506
506
506
506
506
506
506
506
507
507
507
507
507
507
507
507
507
507
508
508
508
508
508
508
508
508
508
508
509
509
509
509
509
509
509
509
509
509
509
509
509
510
510
510
510
510
510
510
510
510
510
510
510
510
511
511
511
511
511
511
511
511
511
511
511
511
511
512
512
512
512
512
512
512
512
512
512
512
512
512
513
513
513
513
513
513
513
513
513
513
514
514
514
514
514
514
514
514
514
514
515
515
515
515
515
515
515
515
515
515
515
516
516
516
516
516
516
516
516
516
516
516
517
517
517
517
517
517
517
517
517
517
518
518
518
518
518
518
518
519
519
519
519
519
519
519
519
519
519
520
520
520
520
520
520
520
521
521
521
521
521
521
521
521
521
521
522
522
522
522
522
522
522
522
522
522
523
523
523
523
523
523
523
524
524
524
524
524
524
524
525
525
525
525
525
525
525
525
525
525
526
526
526
526
526
526
526
526
526
526
527
527
527
527
527
527
527
527
527
527
528
528
528
528
528
528
528
528
528
528
529
529
529
529
529
529
529
529
529
529
529
529
529
530
530
530
530
530
530
530
530
530
530
530
530
530
531
531
531
531
531
531
531
531
531
531
531
531
531
532
532
532
532
532
532
532
532
532
532
532
532
532
533
533
533
533
533
533
533
533
533
533
534
534
534
534
534
534
534
534
534
534
535
535
535
535
535
535
535
535
535
535
536
536
536
536
536
536
536
536
536
536
537
537
537
537
537
537
537
537
537
537
538
538
538
538
538
538
538
538
538
538
539
539
539
539
539
539
539
539
539
539
540
540
540
540
540
540
540
540
540
540
541
541
541
541
541
541
541
541
541
541
541
541
541
542
542
542
542
542
542
542
542
542
542
542
542
542
543
543
543
543
543
543
543
543
543
543
543
543
543
544
544
544
544
544
544
544
544
544
544
544
544
544
545
545
545
545
545
545
545
545
545
545
546
546
546
546
546
546
546
546
546
546
547
547
547
547
547
547
547
547
547
547
548
548
548
548
548
548
548
548
548
548
549
549
549
549
549
549
549
550
550
550
550
550
550
550
551
551
551
551
551
551
551
551
551
551
551
551
551
552
552
552
552
552
552
552
552
552
552
552
552
552
553
553
553
553
553
553
553
553
553
553
553
553
554
554
554
554
554
554
554
554
554
554
554
554
555
555
555
555
555
555
555
556
556
556
556
556
556
556
557
557
557
557
557
557
557
557
557
557
558
558
558
558
558
558
558
558
558
558
559
559
559
559
559
559
559
559
559
559
560
560
560
560
560
560
560
560
560
560
561
561
561
561
561
561
561
561
561
561
562
562
562
562
562
562
562
562
562
562
563
563
563
563
563
563
563
563
563
563
563
563
564
564
564
564
564
564
564
564
564
564
564
564
565
565
565
565
565
565
565
565
565
565
566
566
566
566
566
566
566
567
567
567
567
567
567
567
567
567
567
568
568
568
568
568
568
568
569
569
569
569
569
569
569
569
569
569
569
569
570
570
570
570
570
570
570
570
570
570
570
570
570
571
571
571
571
571
571
571
571
571
571
571
571
571
572
572
572
572
572
572
572
572
572
572
572
572
572
573
573
573
573
573
573
573
573
573
573
573
573
573
574
574
574
574
574
574
574
574
574
574
574
574
574
575
575
575
575
575
575
575
575
575
575
576
576
576
576
576
576
576
576
576
576
577
577
577
577
577
577
577
578
578
578
578
578
578
578
579
579
579
579
579
579
579
580
580
580
580
580
580
580
581
581
581
581
581
581
581
581
581
581
581
581
581
582
582
582
582
582
582
582
582
582
582
582
582
582
583
583
583
583
583
583
583
583
583
583
583
583
583
584
584
584
584
584
584
584
584
584
584
584
584
584
584
585
585
585
585
585
585
585
585
585
585
586
586
586
586
586
586
586
586
586
586
587
587
587
587
587
587
587
587
587
587
588
588
588
588
588
588
588
588
588
588
589
589
589
589
589
589
589
589
589
589
589
589
589
589
589
589
589
590
590
590
590
590
590
590
590
590
590
590
590
590
590
590
591
591
591
591
591
591
591
591
591
591
591
591
591
591
592
592
592
592
592
592
592
592
592
592
592
592
592
592
593
593
593
593
593
593
593
594
594
594
594
594
594
594
594
594
594
595
595
595
595
595
595
595
595
595
595
596
596
596
596
596
596
596
597
597
597
597
597
597
597
597
597
597
597
597
597
598
598
598
598
598
598
598
598
598
598
598
598
598
598
599
599
599
599
599
599
599
599
599
599
599
599
599
599
600
600
600
600
600
600
600
600
600
600
600
600
600
600
601
601
601
601
601
601
601
602
602
602
602
602
602
602
603
603
603
603
603
603
603
604
604
604
604
604
604
604
605
605
605
605
605
605
605
605
605
605
605
605
606
606
606
606
606
606
606
606
606
606
606
606
607
607
607
607
607
607
607
607
607
607
607
607
607
607
608
608
608
608
608
608
608
608
608
608
608
608
608
608
609
609
609
609
609
609
609
609
609
609
609
609
610
610
610
610
610
610
610
610
611
611
611
611
611
611
611
611
611
611
611
611
612
612
612
612
612
612
612
612
613
613
613
613
613
613
613
613
613
613
613
613
613
613
614
614
614
614
614
614
614
614
614
614
614
614
614
614
615
615
615
615
615
615
615
615
615
615
616
616
616
616
616
616
616
616
616
616
617
617
617
617
617
617
617
617
617
617
618
618
618
618
618
618
618
618
618
618
619
619
619
619
619
619
619
619
619
620
620
620
620
620
620
620
620
620
621
621
621
621
621
621
621
621
621
622
622
622
622
622
622
622
622
622
623
623
623
623
623
623
623
623
623
623
624
624
624
624
624
624
624
624
624
624
625
625
625
625
625
625
625
625
625
625
626
626
626
626
626
626
626
626
626
626
627
627
627
627
627
627
627
627
627
627
628
628
628
628
628
628
628
628
628
628
629
629
629
629
629
629
629
630
630
630
630
630
630
630
631
631
631
631
631
631
631
632
632
632
632
632
632
632
633
633
633
633
633
633
633
634
634
634
634
634
634
634
635
635
635
635
635
635
635
635
635
635
636
636
636
636
636
636
636
637
637
637
637
637
637
637
637
637
637
638
638
638
638
638
638
638
639
639
639
639
640
640
640
640
641
642
642
642
642
642
642
642
642
642
642
643
643
643
643
644
644
644
644
644
644
644
645
645
645
645
646
646
646
646
646
647
647
647
648
648
648
648
648
648
649
649
649
650
650
650
650
651
651
651
651
651
651
651
652
652
652
652
653
653
653
654
654
654
654
654
655
655
655
655
655
655
655
655
655
655
655
655
655
656
656
656
656
656
657
657
658
658
658
658
659
660
660
660
661
661
661
662
662
663
663
664
664
664
664
665
666
667
0
669
669
669
669
669
0
670
670
670
670
0
671
671
671
671
671
0
672
672
0
673
673
673
673
673
0
674
674
674
674
0
675
675
675
675
675
675
0
0
677
677
677
0
678
678
678
678
0
679
679
679
679
679
679
0
1
681
681
681
681
1
682
682
682
1
683
683
1
684
684
684
684
1
685
685
685
685
685
1
686
686
1
687
687
687
687
687
687
1
688
1
689
689
689
689
1
690
690
690
690
1
691
691
691
691
1
692
692
2
693
693
693
693
2
694
694
694
2
695
695
695
695
695
695
2
696
696
696
2
697
697
697
697
697
697
2
698
698
2
699
699
2
700
700
2
701
701
701
701
701
701
2
702
702
2
703
703
703
703
703
2
3
705
705
705
705
3
706
706
3
707
707
3
708
708
708
708
3
709
709
709
709
3
710
710
710
710
3
711
711
711
711
711
711
3
712
712
3
713
713
713
713
3
714
714
3
715
715
715
3
4
717
717
717
4
718
718
718
718
4
719
719
719
719
4
720
720
720
720
4
721
721
721
721
4
4
723
723
4
4
725
725
725
725
725
725
4
726
726
4
727
727
727
727
4
728
728
5
729
729
729
729
5
730
730
730
5
731
731
731
5
732
732
732
732
5
733
733
5
734
734
5
735
735
735
735
5
736
736
736
736
5
737
737
737
737
737
737
5
738
738
5
739
739
739
5
6
741
741
6
742
742
742
742
6
743
743
743
6
744
744
6
745
745
6
746
746
6
747
747
6
748
748
748
748
6
749
749
749
749
749
749
6
750
750
6
751
751
751
751
6
752
752
7
753
753
7
754
754
754
754
7
755
755
755
755
755
7
756
756
756
756
7
757
757
757
757
7
7
759
759
7
760
760
760
760
7
761
761
761
761
761
7
762
7
763
763
763
763
7
764
764
8
765
765
765
765
8
766
766
766
766
8
767
767
8
768
768
8
769
769
769
769
769
769
8
770
8
771
771
8
772
772
772
772
8
773
773
773
773
773
8
774
774
8
775
775
775
775
8
776
9
777
777
777
777
777
777
9
778
778
778
9
779
779
779
779
9
780
780
780
780
9
781
781
781
781
9
9
783
783
783
783
9
9
785
785
785
785
785
9
786
786
9
787
787
787
787
9
788
10
789
789
789
789
10
790
790
790
790
10
791
791
10
792
792
10
793
793
793
793
793
10
794
794
794
10
795
795
795
795
10
796
796
10
797
797
797
797
10
798
798
10
799
799
799
799
799
10
11
801
801
801
801
801
801
11
802
802
802
11
803
803
803
803
11
804
804
11
805
11
806
806
11
807
807
807
807
11
808
808
11
809
809
809
809
809
11
810
810
11
811
811
11
812
12
813
813
813
12
814
814
12
815
815
815
12
816
816
816
816
12
817
817
817
817
12
818
818
12
819
819
819
819
819
12
12
821
821
12
822
822
822
822
12
823
823
823
823
12
824
13
825
825
825
825
825
825
13
826
826
826
13
827
827
13
828
828
828
13
829
829
829
829
13
830
830
13
831
831
831
831
831
831
13
13
833
833
833
833
13
834
834
13
835
835
13
14
837
837
837
14
838
838
14
839
839
14
840
840
14
841
841
841
841
841
841
14
842
842
842
14
843
843
843
843
14
14
845
845
14
846
846
846
846
14
847
847
847
847
14
848
848
15
849
849
849
15
850
850
850
850
15
851
851
851
15
852
852
852
852
15
853
853
853
853
853
853
15
854
854
15
855
855
855
855
15
856
856
15
857
857
857
857
15
15
859
859
15
16
861
861
16
862
862
862
862
16
863
863
16
864
864
16
865
865
865
865
865
865
16
866
866
866
866
16
867
16
868
868
16
869
869
869
869
869
869
16
870
870
16
871
871
871
16
17
873
873
873
873
17
874
874
17
875
17
876
876
876
876
17
877
877
877
877
17
878
878
878
878
17
879
879
17
880
880
17
881
881
881
881
881
881
17
882
882
17
883
883
883
17
18
885
885
18
886
886
886
886
18
887
887
18
888
888
18
889
889
889
18
890
890
18
891
18
892
892
892
892
18
893
893
893
893
893
893
18
894
894
18
895
895
895
895
18
896
896
19
897
897
897
897
897
897
19
898
898
898
898
19
899
899
899
899
899
19
900
900
19
901
901
901
901
901
901
19
902
902
19
903
903
903
19
904
904
19
905
905
19
906
906
19
907
907
19
908
908
20
909
909
20
910
910
910
910
20
911
911
911
911
20
912
912
20
913
913
913
913
913
20
914
914
20
915
915
915
915
915
915
20
916
916
20
917
917
917
917
917
917
20
918
918
20
919
20
920
920
21
921
921
921
921
921
921
21
922
922
922
922
21
923
923
923
923
923
21
924
924
21
925
925
925
925
21
926
926
21
927
927
21
928
928
21
929
21
930
930
930
930
21
931
931
931
931
21
932
932
22
933
933
933
933
933
933
22
934
934
934
934
22
935
935
935
22
936
936
22
937
937
937
937
22
938
938
938
938
22
939
939
22
22
941
941
941
22
942
942
942
942
22
943
943
943
943
22
944
944
23
945
945
945
945
945
945
23
946
946
946
946
23
947
947
947
947
947
947
23
948
948
23
949
949
23
950
950
950
950
23
951
951
951
951
23
23
953
953
953
23
954
954
23
955
955
23
24
957
957
957
957
957
957
24
958
958
958
958
24
959
959
959
959
959
959
24
960
960
24
961
961
961
961
24
962
24
963
963
963
963
24
964
964
24
965
965
24
966
966
24
967
967
24
25
969
969
969
969
25
970
970
970
970
25
971
971
25
972
972
972
25
973
973
25
25
975
975
975
975
25
976
976
25
977
977
977
977
977
977
25
978
978
25
979
979
979
979
25
980
980
26
981
981
981
26
982
982
982
982
26
983
983
983
983
26
26
985
985
26
986
986
26
987
987
987
987
26
988
988
26
989
989
989
989
26
990
990
990
990
26
991
991
991
991
991
991
26
27
993
993
993
993
27
994
994
994
27
995
995
995
27
27
997
997
997
27
998
998
998
998
27
999
999
27
27
1001
1001
1001
1001
1001
27
1002
27
1003
1003
1003
27
1004
1004
28
1005
1005
28
1006
1006
1006
28
1007
1007
28
1008
1008
28
1009
1009
28
1010
1010
1010
28
1011
1011
1011
28
1012
1012
28
1013
1013
1013
28
1014
1014
1014
28
1015
1015
1015
1015
1015
28
29
1017
1017
1017
1017
1017
1017
29
1018
1018
1018
1018
29
1019
1019
1019
1019
1019
29
1020
1020
29
1021
1021
1021
1021
29
1022
1022
29
1023
1023
29
1024
1024
29
1025
1025
29
1026
1026
29
1027
1027
1027
1027
1027
29
30
1029
1029
1029
1029
30
1030
1030
1030
1030
30
1031
1031
30
1032
1032
30
1033
30
1034
1034
30
1035
1035
1035
1035
1035
30
1036
1036
30
1037
1037
30
1038
1038
1038
1038
30
1039
1039
1039
1039
30
1040
1040
31
1041
1041
1041
31
1042
1042
1042
31
1043
1043
31
1044
1044
31
1045
1045
1045
1045
1045
31
1046
1046
1046
1046
31
1047
1047
1047
1047
31
31
1049
1049
1049
31
1050
1050
1050
1050
31
1051
1051
1051
1051
31
1052
1052
32
1053
32
1054
1054
1054
1054
32
1055
1055
1055
1055
1055
32
1056
1056
1056
1056
32
1057
1057
32
1058
1058
32
1059
1059
32
1060
1060
32
1061
1061
1061
1061
1061
1061
32
1062
1062
32
1063
1063
1063
1063
32
33
1065
1065
1065
1065
33
1066
1066
1066
1066
33
1067
1067
33
1068
1068
1068
1068
33
1069
1069
1069
1069
1069
33
1070
1070
33
1071
1071
1071
1071
33
1072
1072
33
1073
1073
33
1074
1074
33
1075
1075
33
34
1077
1077
1077
1077
1077
1077
34
1078
1078
1078
1078
34
1079
1079
1079
1079
1079
34
1080
1080
34
1081
1081
1081
1081
34
1082
1082
34
1083
1083
34
1084
34
1085
1085
1085
34
1086
1086
34
1087
1087
34
35
1089
1089
1089
1089
1089
1089
35
1090
1090
1090
1090
35
1091
1091
1091
1091
35
1092
1092
1092
35
1093
1093
1093
35
1094
1094
35
1095
1095
1095
1095
35
35
1097
1097
35
1098
1098
35
1099
1099
1099
35
36
1101
1101
36
1102
1102
1102
1102
36
1103
1103
36
1104
1104
36
1105
1105
36
1106
1106
36
1107
1107
1107
1107
1107
36
1108
1108
36
1109
1109
1109
1109
1109
1109
36
1110
1110
36
1111
1111
36
1112
1112
37
1113
1113
1113
1113
1113
1113
37
1114
1114
1114
37
1115
1115
1115
1115
37
1116
1116
37
1117
1117
37
1118
1118
37
1119
1119
1119
1119
1119
37
1120
1120
37
1121
1121
37
1122
1122
1122
37
1123
1123
1123
1123
37
1124
38
1125
1125
1125
1125
1125
1125
38
1126
1126
1126
38
1127
1127
1127
1127
1127
38
1128
1128
38
1129
1129
38
1130
1130
1130
1130
38
1131
1131
38
1132
1132
38
1133
1133
1133
1133
38
1134
38
1135
1135
1135
1135
1135
38
39
1137
1137
1137
1137
39
1138
1138
1138
39
1139
1139
1139
1139
39
1140
1140
1140
1140
39
1141
1141
39
1142
1142
39
1143
1143
1143
1143
39
1144
1144
1144
39
1145
1145
1145
1145
39
1146
39
1147
1147
1147
1147
1147
39
40
1149
1149
1149
1149
1149
40
1150
1150
1150
1150
40
1151
1151
1151
1151
40
1152
1152
40
1153
1153
1153
1153
1153
1153
40
1154
40
1155
1155
1155
1155
40
40
1157
1157
40
1158
1158
1158
40
1159
1159
1159
1159
40
1160
41
1161
1161
1161
1161
1161
1161
41
1162
1162
1162
41
1163
1163
1163
1163
1163
1163
41
1164
1164
41
1165
1165
1165
1165
41
1166
1166
41
1167
1167
1167
41
1168
1168
41
1169
1169
1169
1169
41
41
1171
1171
41
42
1173
1173
1173
1173
42
1174
1174
1174
42
1175
1175
42
1176
1176
42
1177
1177
1177
1177
1177
42
1178
1178
1178
1178
42
1179
1179
1179
1179
1179
1179
42
42
1181
1181
1181
1181
42
1182
1182
42
1183
1183
42
43
1185
1185
43
1186
1186
1186
43
1187
1187
1187
1187
43
1188
1188
43
1189
1189
1189
1189
1189
1189
43
1190
1190
43
1191
1191
1191
1191
1191
43
1192
1192
43
1193
1193
43
1194
1194
43
1195
1195
43
1196
1196
44
1197
1197
44
1198
1198
1198
1198
44
1199
1199
1199
44
1200
1200
1200
1200
44
1201
1201
1201
1201
44
1202
1202
1202
1202
44
1203
1203
44
44
1205
1205
1205
1205
1205
1205
44
1206
44
1207
1207
1207
1207
44
45
1209
1209
1209
1209
1209
1209
45
1210
1210
1210
1210
45
1211
1211
1211
1211
45
1212
1212
45
1213
1213
1213
45
1214
1214
1214
1214
45
1215
1215
1215
1215
1215
1215
45
1216
1216
45
1217
45
1218
1218
45
1219
1219
1219
1219
45
46
1221
46
1222
1222
46
1223
46
1224
46
1225
1225
1225
1225
1225
46
1226
1226
46
1227
46
1228
1228
46
1229
1229
1229
46
47
1231
1231
47
1232
47
1233
47
1234
47
1235
1235
1235
47
1236
47
1237
1237
1237
1237
47
1238
1238
47
1239
47
1240
1240
48
1241
1241
1241
1241
48
1242
1242
1242
1242
48
1243
1243
1243
48
48
1245
1245
1245
1245
48
1246
1246
48
1247
1247
1247
1247
1247
1247
48
1248
1248
48
1249
1249
1249
1249
48
1250
1250
1250
1250
48
1251
1251
1251
1251
1251
48
49
1253
1253
1253
49
1254
1254
1254
1254
49
1255
49
1256
1256
1256
1256
49
1257
1257
49
49
1259
1259
1259
1259
49
1260
49
1261
1261
1261
1261
49
1262
1262
1262
1262
49
1263
1263
1263
1263
1263
1263
49
50
1265
1265
1265
1265
1265
50
1266
1266
1266
1266
50
1267
1267
1267
1267
50
1268
1268
50
1269
1269
1269
1269
1269
50
1270
1270
50
1271
1271
1271
1271
50
1272
50
1273
1273
50
1274
1274
50
1275
1275
50
51
1277
1277
1277
1277
1277
51
1278
1278
1278
1278
51
1279
1279
1279
1279
51
1280
1280
51
1281
1281
1281
1281
1281
51
1282
1282
51
1283
1283
1283
1283
51
1284
51
1285
1285
51
1286
1286
51
1287
1287
51
52
1289
1289
1289
1289
1289
1289
52
1290
1290
1290
52
1291
1291
1291
52
1292
1292
1292
1292
52
1293
1293
1293
1293
52
1294
1294
52
1295
1295
1295
1295
52
1296
1296
52
1297
1297
1297
1297
52
52
1299
52
53
1301
1301
1301
1301
53
1302
1302
1302
1302
53
1303
1303
53
1304
1304
53
1305
1305
53
1306
1306
53
1307
1307
53
1308
1308
1308
1308
53
1309
1309
1309
1309
53
1310
1310
1310
1310
53
1311
1311
1311
1311
1311
53
54
1313
1313
1313
1313
54
1314
1314
1314
1314
54
1315
1315
1315
1315
54
1316
1316
1316
1316
54
1317
1317
1317
1317
1317
1317
54
1318
1318
54
1319
1319
1319
1319
54
1320
1320
54
1321
54
1322
1322
54
1323
1323
54
55
1325
55
1326
1326
1326
1326
55
1327
1327
1327
1327
55
1328
1328
55
1329
1329
1329
1329
1329
1329
55
1330
1330
55
1331
1331
1331
1331
1331
1331
55
1332
1332
55
1333
1333
55
1334
1334
55
1335
1335
55
1336
1336
56
1337
1337
1337
1337
56
1338
1338
56
1339
1339
1339
1339
1339
1339
56
1340
1340
1340
1340
56
1341
1341
56
1342
1342
56
1343
1343
56
1344
1344
56
1345
1345
1345
1345
56
1346
1346
56
1347
1347
1347
1347
1347
56
57
1349
57
1350
1350
1350
1350
57
1351
1351
57
1352
57
1353
1353
57
1354
1354
1354
1354
57
1355
1355
1355
57
1356
1356
1356
1356
57
1357
1357
1357
1357
57
1358
57
1359
1359
1359
1359
1359
1359
57
58
1361
1361
1361
1361
58
1362
1362
1362
58
1363
1363
1363
1363
58
1364
1364
1364
1364
58
1365
1365
1365
1365
1365
58
1366
1366
58
1367
1367
1367
1367
58
1368
58
1369
1369
58
1370
1370
58
1371
58
59
1373
1373
1373
1373
59
1374
1374
1374
59
1375
1375
1375
1375
1375
59
1376
1376
59
1377
1377
59
1378
1378
59
1379
59
1380
1380
59
1381
1381
59
1382
1382
1382
59
1383
1383
1383
1383
59
1384
1384
60
1385
1385
1385
1385
60
1386
1386
1386
60
1387
60
1388
1388
60
1389
1389
1389
1389
1389
60
1390
1390
1390
1390
60
1391
1391
1391
1391
1391
1391
60
60
1393
1393
1393
60
1394
1394
60
1395
1395
60
61
1397
1397
1397
1397
61
1398
1398
1398
1398
61
1399
1399
1399
1399
1399
61
1400
1400
61
1401
1401
61
1402
1402
61
1403
61
1404
1404
1404
1404
61
1405
1405
1405
1405
1405
1405
61
1406
1406
61
1407
1407
1407
1407
61
1408
1408
62
1409
1409
1409
1409
1409
1409
62
1410
1410
1410
1410
62
1411
1411
1411
1411
1411
1411
62
1412
1412
62
1413
1413
1413
62
1414
1414
62
1415
1415
62
1416
1416
62
1417
1417
62
1418
1418
1418
1418
62
1419
1419
1419
62
1420
1420
63
1421
1421
1421
1421
1421
1421
63
1422
1422
1422
1422
63
1423
1423
1423
1423
1423
1423
63
1424
1424
63
1425
1425
1425
1425
63
1426
1426
63
1427
1427
1427
63
63
1429
1429
1429
1429
1429
63
1430
1430
63
1431
1431
63
1432
1432
64
1433
1433
1433
1433
1433
1433
64
1434
1434
1434
1434
64
1435
1435
1435
64
1436
1436
64
1437
1437
1437
1437
1437
1437
64
1438
1438
64
1439
1439
64
1440
1440
64
1441
1441
1441
1441
64
1442
1442
64
1443
1443
1443
1443
1443
64
65
1445
1445
65
1446
1446
1446
1446
65
1447
1447
1447
65
1448
1448
1448
65
1449
1449
65
65
1451
1451
1451
65
1452
1452
1452
1452
65
1453
1453
1453
1453
65
1454
65
1455
1455
1455
1455
65
1456
1456
66
1457
1457
1457
1457
1457
1457
66
1458
1458
1458
66
1459
1459
1459
1459
1459
66
1460
1460
66
1461
1461
1461
1461
66
1462
1462
66
1463
1463
1463
1463
66
66
1465
1465
1465
66
1466
66
1467
1467
66
67
1469
1469
1469
1469
67
1470
1470
1470
67
1471
1471
1471
1471
67
67
1473
1473
67
1474
1474
1474
67
1475
1475
67
67
1477
1477
1477
1477
1477
1477
67
1478
1478
67
1479
1479
1479
1479
67
68
1481
1481
1481
1481
68
1482
1482
1482
1482
68
1483
1483
1483
1483
68
1484
1484
1484
68
1485
1485
1485
1485
68
1486
1486
68
1487
1487
68
1488
1488
68
1489
1489
68
1490
68
1491
1491
68
69
1493
1493
69
1494
1494
1494
1494
69
1495
1495
69
1496
69
1497
1497
69
1498
1498
1498
69
1499
1499
1499
69
1500
1500
1500
1500
69
1501
1501
1501
1501
69
1502
1502
69
1503
1503
1503
1503
1503
1503
69
70
1505
1505
1505
1505
70
1506
1506
1506
1506
70
1507
1507
1507
1507
70
70
1509
1509
70
1510
70
1511
1511
1511
1511
70
1512
1512
1512
1512
70
1513
1513
1513
70
1514
1514
70
1515
1515
1515
1515
1515
70
71
1517
1517
1517
71
1518
1518
1518
71
1519
1519
71
1520
1520
71
1521
1521
1521
1521
71
1522
1522
1522
1522
71
1523
1523
71
71
1525
1525
1525
1525
1525
71
1526
1526
71
1527
1527
1527
1527
71
1528
1528
72
1529
1529
1529
1529
1529
1529
72
1530
1530
1530
1530
72
1531
1531
1531
1531
1531
72
1532
1532
72
1533
1533
1533
1533
72
1534
72
1535
1535
72
1536
72
1537
1537
72
1538
1538
72
1539
1539
1539
1539
72
73
1541
1541
1541
1541
1541
1541
73
1542
1542
1542
73
1543
1543
1543
1543
73
1544
1544
73
1545
1545
1545
1545
1545
1545
73
1546
1546
73
1547
1547
73
1548
1548
73
1549
1549
1549
1549
1549
73
1550
1550
73
1551
1551
1551
73
74
1553
1553
1553
1553
74
1554
1554
1554
74
1555
1555
1555
1555
74
74
1557
1557
74
1558
1558
74
1559
1559
1559
1559
74
1560
1560
74
1561
1561
1561
1561
1561
1561
74
1562
1562
74
1563
1563
1563
1563
74
1564
1564
75
1565
1565
1565
1565
75
1566
1566
1566
1566
75
1567
1567
1567
1567
1567
1567
75
1568
1568
75
1569
1569
1569
1569
1569
75
1570
1570
75
1571
1571
75
1572
1572
75
1573
1573
1573
1573
1573
75
1574
1574
75
1575
1575
75
1576
76
1577
1577
1577
1577
1577
1577
76
1578
1578
1578
76
1579
1579
1579
1579
76
1580
1580
76
1581
1581
76
1582
1582
1582
1582
76
1583
1583
1583
1583
76
1584
1584
76
1585
1585
1585
1585
76
1586
1586
76
1587
1587
76
77
1589
1589
1589
1589
77
1590
77
1591
1591
1591
1591
77
1592
1592
1592
77
1593
77
77
1595
1595
77
1596
1596
1596
1596
77
1597
1597
1597
1597
77
1598
1598
1598
1598
77
1599
1599
1599
1599
1599
1599
77
78
1601
1601
1601
1601
78
1602
1602
78
1603
1603
78
1604
1604
1604
78
1605
1605
78
1606
78
1607
1607
1607
1607
78
1608
1608
78
1609
1609
1609
1609
1609
78
1610
1610
78
1611
1611
1611
1611
78
1612
1612
79
1613
1613
79
1614
1614
1614
79
1615
1615
79
1616
1616
79
1617
1617
79
1618
1618
1618
79
1619
1619
1619
1619
79
1620
1620
79
1621
1621
1621
1621
1621
79
1622
1622
79
1623
1623
1623
1623
79
1624
1624
80
1625
1625
1625
1625
1625
1625
80
1626
1626
1626
1626
80
1627
1627
1627
1627
80
1628
80
1629
1629
80
1630
1630
80
1631
1631
1631
1631
1631
1631
80
1632
80
1633
80
1634
1634
80
1635
1635
1635
1635
80
81
1637
1637
1637
1637
81
1638
1638
81
1639
1639
1639
1639
81
1640
1640
1640
1640
81
1641
1641
81
1642
1642
1642
1642
81
1643
1643
1643
1643
81
1644
1644
81
1645
1645
81
1646
1646
81
1647
1647
1647
81
82
1649
1649
1649
1649
1649
82
1650
1650
1650
1650
82
1651
1651
1651
1651
1651
1651
82
1652
1652
82
1653
1653
1653
1653
82
1654
82
1655
1655
1655
1655
82
82
1657
82
1658
1658
82
1659
1659
1659
1659
82
83
1661
1661
1661
1661
83
1662
1662
83
1663
1663
83
1664
1664
1664
83
1665
83
1666
1666
83
1667
1667
1667
83
1668
1668
1668
1668
83
1669
1669
1669
1669
83
1670
1670
83
1671
1671
1671
1671
1671
1671
83
84
1673
1673
1673
1673
1673
1673
84
1674
1674
1674
1674
84
1675
1675
1675
1675
84
1676
1676
84
1677
1677
1677
84
1678
1678
84
1679
1679
1679
1679
84
1680
1680
84
1681
1681
84
1682
1682
84
1683
1683
84
85
1685
1685
1685
1685
85
1686
1686
1686
1686
85
1687
1687
1687
1687
85
1688
1688
1688
1688
85
1689
1689
1689
1689
1689
85
1690
1690
85
1691
1691
1691
85
85
1693
1693
1693
1693
1693
1693
85
1694
1694
85
1695
1695
1695
1695
85
86
1697
1697
1697
1697
1697
1697
86
1698
1698
1698
1698
86
1699
1699
1699
86
1700
1700
1700
1700
86
1701
1701
1701
1701
86
1702
1702
86
1703
1703
1703
1703
1703
1703
86
1704
1704
86
1705
86
1706
1706
86
1707
1707
1707
1707
86
87
1709
1709
1709
1709
87
1710
1710
1710
1710
87
1711
1711
1711
1711
87
87
1713
1713
87
1714
1714
87
1715
1715
1715
87
1716
1716
87
1717
1717
1717
1717
87
1718
1718
1718
1718
87
1719
1719
1719
1719
1719
1719
87
88
1721
1721
1721
1721
1721
1721
88
1722
1722
1722
1722
88
1723
1723
1723
88
1724
1724
88
1725
1725
1725
1725
88
1726
1726
88
1727
1727
88
88
1729
1729
88
1730
1730
1730
1730
88
1731
1731
1731
1731
88
1732
1732
89
1733
1733
89
1734
1734
1734
1734
89
1735
1735
89
1736
1736
89
1737
1737
1737
1737
1737
1737
89
1738
1738
1738
1738
89
1739
1739
89
1740
1740
89
1741
1741
1741
89
1742
1742
89
1743
1743
1743
1743
1743
1743
89
90
1745
1745
1745
90
1746
1746
1746
1746
90
1747
1747
1747
1747
90
1748
1748
1748
1748
90
1749
1749
1749
1749
90
90
1751
1751
90
90
1753
1753
1753
1753
90
1754
1754
1754
1754
90
1755
1755
1755
1755
1755
1755
90
91
1757
1757
1757
1757
91
1758
1758
1758
1758
91
1759
1759
1759
1759
91
1760
1760
1760
1760
91
1761
1761
1761
91
1762
1762
1762
1762
91
1763
91
1764
1764
91
1765
1765
1765
1765
1765
1765
91
1766
1766
91
1767
1767
1767
1767
91
92
1769
1769
1769
1769
1769
92
1770
1770
1770
1770
92
1771
1771
1771
1771
1771
1771
92
1772
1772
92
1773
1773
1773
1773
92
1774
1774
92
1775
1775
1775
1775
1775
1775
92
1776
1776
92
1777
1777
1777
1777
92
1778
1778
92
1779
92
93
1781
1781
93
1782
1782
1782
93
1783
1783
1783
1783
93
1784
1784
93
1785
1785
1785
1785
1785
1785
93
1786
1786
1786
1786
93
1787
1787
1787
1787
1787
1787
93
93
1789
1789
93
1790
1790
1790
1790
93
1791
1791
1791
1791
93
1792
1792
94
1793
1793
1793
1793
1793
1793
94
1794
1794
1794
1794
94
1795
1795
1795
1795
1795
1795
94
1796
1796
1796
1796
94
1797
1797
1797
1797
1797
1797
94
94
1799
1799
1799
1799
94
1800
94
1801
1801
94
1802
1802
94
1803
1803
94
1804
1804
95
1805
1805
1805
1805
1805
1805
95
1806
1806
1806
1806
95
1807
1807
1807
1807
95
1808
95
1809
1809
95
1810
1810
95
1811
1811
1811
1811
1811
1811
95
1812
1812
95
1813
1813
95
1814
1814
1814
1814
95
1815
1815
1815
1815
95
1816
1816
96
1817
1817
1817
1817
96
1818
1818
1818
1818
96
1819
1819
1819
96
1820
1820
1820
1820
96
1821
1821
96
96
1823
1823
1823
1823
1823
1823
96
1824
1824
96
1825
1825
1825
1825
96
1826
1826
1826
1826
96
1827
1827
1827
1827
96
1828
1828
97
1829
1829
97
1830
1830
1830
1830
97
1831
1831
97
1832
97
1833
1833
1833
1833
97
1834
97
1835
1835
1835
1835
1835
1835
97
1836
1836
97
1837
1837
1837
1837
97
1838
1838
97
1839
1839
97
98
1841
1841
1841
1841
98
1842
1842
1842
1842
98
1843
1843
98
1844
98
1845
1845
1845
1845
1845
1845
98
1846
98
1847
1847
1847
1847
98
1848
1848
98
1849
1849
98
1850
1850
98
1851
1851
98
99
1853
1853
1853
1853
99
1854
1854
1854
99
1855
1855
99
1856
1856
1856
99
1857
1857
99
99
1859
1859
1859
1859
1859
1859
99
1860
1860
99
1861
1861
99
1862
1862
99
1863
1863
1863
1863
99
100
1865
1865
1865
1865
100
1866
1866
1866
1866
100
1867
1867
1867
100
100
1869
1869
1869
1869
100
100
1871
1871
100
1872
1872
100
1873
1873
1873
1873
100
1874
100
1875
1875
1875
1875
100
1876
1876
101
1877
1877
101
1878
1878
1878
1878
101
1879
1879
1879
1879
101
1880
101
1881
1881
101
1882
101
1883
1883
101
1884
1884
1884
1884
101
1885
1885
1885
1885
1885
1885
101
1886
1886
101
1887
1887
1887
1887
101
1888
1888
102
1889
1889
102
1890
1890
1890
102
1891
1891
1891
1891
1891
102
1892
1892
1892
1892
102
1893
1893
1893
1893
102
1894
1894
102
1895
1895
102
102
1897
1897
1897
1897
1897
1897
102
1898
1898
102
1899
1899
1899
1899
102
103
1901
1901
103
1902
1902
1902
103
1903
1903
1903
1903
103
1904
1904
103
1905
1905
1905
1905
103
1906
1906
1906
103
1907
1907
103
103
1909
1909
1909
1909
103
1910
1910
1910
1910
103
1911
1911
1911
1911
1911
1911
103
104
1913
1913
1913
1913
104
1914
1914
1914
104
1915
1915
1915
104
1916
1916
1916
1916
104
1917
1917
104
1918
1918
104
1919
1919
104
104
1921
1921
1921
1921
1921
1921
104
1922
1922
104
1923
1923
1923
1923
104
1924
1924
105
1925
1925
1925
105
1926
1926
105
1927
1927
1927
1927
1927
105
1928
1928
1928
1928
105
1929
1929
105
1930
1930
105
1931
1931
1931
1931
105
105
1933
1933
105
1934
1934
1934
1934
105
1935
1935
1935
1935
105
1936
1936
106
1937
1937
1937
1937
106
1938
1938
1938
1938
106
1939
1939
1939
1939
106
1940
1940
1940
1940
106
1941
1941
1941
1941
106
106
1943
106
106
1945
1945
1945
1945
1945
1945
106
1946
1946
106
1947
1947
1947
106
1948
1948
107
1949
107
1950
1950
1950
1950
107
1951
1951
1951
1951
107
1952
1952
107
1953
1953
1953
1953
1953
1953
107
1954
1954
107
1955
1955
1955
1955
1955
107
1956
1956
107
1957
1957
107
1958
1958
107
1959
1959
107
1960
1960
108
1961
1961
1961
1961
108
1962
1962
1962
1962
108
1963
1963
108
1964
1964
108
1965
108
1966
1966
108
1967
1967
108
1968
1968
1968
1968
108
1969
1969
1969
1969
1969
108
1970
1970
108
1971
1971
1971
1971
108
1972
1972
109
1973
1973
1973
1973
109
1974
1974
109
1975
1975
109
1976
1976
109
1977
1977
1977
1977
1977
1977
109
1978
1978
1978
109
1979
1979
109
1980
1980
109
1981
1981
1981
1981
1981
109
1982
109
1983
1983
1983
1983
109
110
1985
1985
1985
1985
110
1986
1986
1986
110
1987
1987
110
1988
1988
1988
1988
110
1989
1989
110
110
1991
1991
1991
1991
110
1992
1992
110
1993
1993
1993
1993
110
1994
1994
1994
110
1995
1995
1995
1995
1995
110
111
1997
1997
1997
1997
111
1998
1998
1998
1998
111
1999
1999
111
2000
2000
111
2001
2001
111
2002
2002
111
2003
2003
2003
2003
2003
111
2004
2004
111
2005
2005
2005
2005
2005
111
2006
111
2007
2007
111
2008
2008
112
2009
2009
2009
2009
112
2010
2010
112
2011
2011
112
2012
2012
112
2013
2013
112
2014
2014
2014
2014
112
2015
2015
2015
2015
112
2016
2016
2016
112
2017
2017
2017
2017
112
2018
112
2019
2019
2019
2019
2019
112
113
2021
2021
2021
2021
113
2022
2022
2022
113
2023
113
2024
2024
2024
2024
113
2025
2025
113
113
2027
2027
2027
2027
113
2028
2028
113
2029
2029
2029
2029
2029
113
2030
2030
113
2031
2031
113
2032
114
2033
2033
2033
2033
114
2034
2034
2034
2034
114
2035
2035
2035
2035
114
2036
2036
2036
114
2037
2037
2037
114
114
2039
2039
114
2040
2040
114
2041
2041
2041
114
2042
2042
114
2043
2043
2043
114
115
2045
2045
2045
115
2046
2046
2046
2046
115
2047
2047
2047
115
2048
2048
115
2049
2049
115
2050
2050
2050
2050
115
2051
2051
2051
2051
115
2052
115
2053
2053
2053
115
2054
2054
115
2055
2055
115
116
2057
2057
2057
2057
116
2058
2058
116
2059
116
2060
2060
116
2061
2061
2061
2061
2061
116
2062
2062
2062
2062
116
2063
2063
2063
2063
116
116
2065
2065
116
2066
2066
2066
116
2067
2067
116
2068
117
2069
2069
2069
2069
2069
117
2070
2070
2070
2070
117
2071
2071
2071
117
2072
117
2073
2073
2073
2073
2073
2073
117
2074
2074
2074
2074
117
2075
2075
2075
2075
117
2076
2076
117
2077
2077
2077
2077
117
2078
2078
117
2079
2079
117
118
2081
2081
2081
118
2082
2082
118
2083
2083
2083
118
2084
2084
118
2085
2085
118
2086
2086
2086
2086
118
2087
2087
2087
2087
118
2088
2088
2088
2088
118
2089
2089
2089
2089
2089
118
2090
2090
118
2091
2091
2091
2091
2091
2091
118
119
2093
2093
2093
2093
2093
2093
119
2094
2094
2094
2094
119
2095
2095
2095
2095
119
2096
2096
119
2097
2097
2097
2097
2097
2097
119
2098
2098
119
2099
2099
2099
2099
119
2100
2100
119
2101
2101
2101
119
119
2103
2103
119
120
2105
2105
2105
120
2106
2106
120
2107
2107
120
2108
2108
120
2109
2109
120
2110
2110
2110
2110
120
2111
2111
2111
2111
120
2112
2112
2112
2112
120
2113
2113
2113
2113
120
2114
2114
120
2115
2115
2115
2115
2115
2115
120
121
2117
2117
2117
2117
121
2118
121
2119
2119
2119
2119
2119
121
2120
2120
2120
121
2121
2121
2121
121
2122
2122
121
2123
2123
2123
2123
2123
121
121
2125
2125
2125
2125
2125
2125
121
2126
121
2127
2127
121
2128
2128
122
2129
2129
2129
2129
2129
122
2130
2130
2130
122
2131
2131
2131
2131
122
2132
2132
122
2133
2133
122
2134
2134
122
2135
2135
2135
2135
2135
122
2136
2136
122
2137
2137
2137
2137
122
2138
122
2139
2139
122
123
2141
2141
2141
2141
2141
123
2142
2142
2142
123
2143
2143
2143
2143
123
2144
2144
2144
123
2145
2145
2145
2145
123
2146
123
2147
2147
123
2148
123
2149
2149
2149
2149
2149
123
2150
2150
123
2151
2151
2151
2151
123
124
2153
2153
2153
2153
124
2154
2154
2154
124
2155
2155
2155
2155
2155
124
2156
2156
124
2157
2157
124
2158
2158
124
2159
2159
124
2160
124
2161
2161
124
2162
2162
2162
2162
124
2163
2163
2163
2163
124
2164
125
2165
2165
2165
125
2166
2166
2166
2166
125
2167
2167
2167
2167
2167
2167
125
2168
125
2169
2169
2169
2169
2169
2169
125
2170
2170
125
2171
2171
2171
2171
125
2172
2172
125
2173
2173
125
2174
125
2175
2175
125
126
2177
2177
126
2178
2178
2178
126
2179
2179
2179
126
2180
2180
126
2181
2181
126
2182
2182
126
2183
2183
126
2184
2184
2184
2184
126
2185
2185
2185
2185
2185
2185
126
2186
126
2187
2187
2187
2187
126
2188
2188
127
2189
2189
2189
2189
2189
2189
127
2190
2190
2190
127
2191
2191
127
2192
2192
2192
127
2193
2193
2193
127
2194
2194
127
2195
2195
127
127
2197
2197
127
2198
2198
2198
2198
127
2199
2199
2199
2199
127
2200
2200
128
2201
2201
2201
2201
128
2202
128
2203
2203
2203
128
2204
2204
128
2205
2205
2205
2205
2205
2205
128
2206
2206
2206
128
2207
2207
2207
2207
2207
2207
128
128
2209
2209
128
2210
2210
128
2211
2211
128
2212
2212
129
2213
2213
2213
2213
129
2214
2214
129
2215
2215
2215
2215
129
2216
2216
2216
2216
129
2217
2217
129
2218
2218
129
2219
2219
2219
2219
129
129
2221
2221
129
2222
2222
2222
2222
129
2223
2223
2223
2223
129
2224
130
2225
2225
2225
2225
130
2226
2226
130
2227
130
2228
2228
130
2229
2229
2229
2229
130
2230
2230
130
2231
2231
2231
2231
2231
130
2232
2232
130
2233
2233
130
2234
2234
2234
2234
130
2235
2235
2235
2235
130
2236
131
2237
131
2238
2238
2238
2238
131
2239
2239
2239
2239
2239
2239
131
2240
2240
2240
131
2241
2241
2241
2241
131
2242
2242
131
2243
2243
2243
2243
2243
131
131
2245
2245
131
2246
2246
131
2247
2247
131
2248
2248
132
2249
2249
132
2250
2250
2250
2250
132
2251
2251
2251
2251
132
2252
2252
132
2253
2253
2253
2253
132
2254
2254
132
2255
2255
2255
2255
2255
2255
132
2256
132
2257
2257
132
2258
2258
132
2259
2259
132
2260
2260
133
2261
2261
2261
133
2262
2262
2262
2262
133
2263
2263
2263
2263
133
2264
2264
133
2265
2265
133
133
2267
2267
2267
2267
2267
2267
133
2268
2268
133
2269
133
2270
2270
2270
2270
133
2271
2271
2271
2271
133
2272
2272
134
2273
2273
2273
2273
2273
2273
134
2274
2274
2274
2274
134
2275
2275
2275
2275
2275
2275
134
2276
2276
134
2277
2277
134
2278
2278
2278
2278
134
2279
2279
2279
134
134
2281
2281
134
2282
2282
134
2283
134
2284
2284
135
2285
2285
2285
2285
2285
2285
135
2286
2286
2286
2286
135
2287
2287
2287
2287
2287
2287
135
2288
2288
135
2289
2289
2289
2289
135
2290
2290
135
2291
135
2292
2292
135
2293
2293
135
2294
2294
135
2295
2295
2295
135
136
2297
2297
2297
2297
2297
2297
136
2298
2298
2298
2298
136
2299
2299
2299
136
2300
2300
136
2301
2301
2301
2301
136
136
2303
2303
136
2304
2304
136
2305
2305
2305
2305
2305
2305
136
2306
2306
136
2307
2307
2307
136
137
2309
2309
2309
137
2310
2310
2310
2310
137
2311
2311
2311
137
2312
2312
2312
2312
137
2313
2313
2313
2313
2313
2313
137
2314
2314
137
2315
2315
2315
2315
137
2316
2316
137
2317
2317
137
2318
2318
137
2319
2319
137
138
2321
2321
2321
2321
2321
2321
138
2322
2322
2322
2322
138
2323
2323
2323
138
2324
2324
138
2325
2325
2325
2325
2325
2325
138
2326
2326
138
2327
2327
2327
2327
138
138
2329
2329
138
2330
2330
138
2331
2331
2331
138
139
2333
2333
2333
139
2334
2334
2334
2334
139
2335
2335
2335
2335
2335
2335
139
2336
2336
139
2337
2337
2337
2337
2337
2337
139
2338
2338
139
2339
2339
2339
139
2340
2340
139
2341
2341
2341
2341
139
139
2343
2343
139
140
2345
2345
140
2346
2346
2346
2346
140
2347
2347
140
2348
2348
140
2349
2349
2349
140
2350
2350
140
2351
140
2352
2352
2352
2352
140
2353
2353
2353
2353
2353
2353
140
2354
2354
140
2355
2355
2355
2355
140
2356
2356
141
2357
2357
141
2358
2358
2358
2358
141
2359
2359
2359
2359
2359
2359
141
2360
2360
2360
2360
141
2361
2361
141
2362
2362
141
2363
2363
2363
2363
2363
141
141
2365
2365
2365
141
2366
2366
141
2367
2367
141
142
2369
2369
142
2370
2370
2370
2370
142
2371
2371
142
2372
2372
142
2373
2373
2373
142
2374
2374
142
2375
142
2376
2376
2376
142
2377
2377
2377
2377
2377
2377
142
2378
2378
142
2379
2379
2379
142
2380
2380
143
2381
2381
2381
2381
2381
143
2382
2382
2382
2382
143
2383
2383
2383
2383
2383
2383
143
2384
2384
143
2385
2385
2385
143
2386
2386
143
2387
2387
2387
143
2388
143
2389
2389
143
2390
2390
143
2391
2391
143
144
2393
2393
144
2394
2394
2394
2394
144
2395
2395
144
2396
2396
144
2397
144
2398
2398
2398
2398
144
2399
2399
144
2400
2400
144
2401
2401
2401
2401
2401
144
2402
2402
144
2403
2403
2403
2403
144
2404
2404
145
2405
2405
2405
2405
2405
145
2406
2406
145
2407
2407
145
2408
2408
2408
145
2409
2409
2409
145
2410
2410
145
2411
2411
2411
145
2412
145
2413
145
146
2415
2415
2415
2415
2415
2415
146
2416
2416
2416
2416
146
2417
2417
2417
2417
146
2418
2418
146
2419
2419
2419
146
146
2421
2421
2421
2421
2421
146
2422
2422
146
2423
2423
2423
2423
146
2424
2424
146
2425
2425
2425
2425
2425
2425
146
147
2427
147
2428
2428
2428
2428
147
2429
2429
2429
2429
2429
147
2430
2430
2430
2430
147
2431
2431
2431
2431
2431
2431
147
2432
2432
147
2433
2433
147
2434
2434
147
2435
2435
2435
2435
147
2436
2436
147
2437
2437
2437
2437
2437
2437
147
148
2439
2439
148
2440
148
2441
2441
2441
148
2442
148
2443
2443
2443
2443
2443
148
2444
148
2445
148
2446
2446
2446
148
2447
2447
2447
148
2448
2448
149
2449
2449
2449
2449
2449
2449
149
2450
2450
2450
149
2451
2451
2451
2451
2451
149
2452
2452
149
2453
2453
2453
2453
149
2454
2454
149
2455
149
2456
2456
149
2457
2457
149
2458
2458
149
2459
2459
149
2460
2460
150
2461
2461
2461
2461
150
2462
2462
150
2463
2463
2463
2463
150
2464
2464
2464
2464
150
2465
2465
150
150
2467
2467
2467
2467
150
2468
2468
150
2469
2469
150
2470
2470
2470
2470
150
2471
2471
2471
2471
150
2472
151
2473
2473
2473
2473
151
2474
2474
2474
2474
151
2475
2475
2475
2475
151
151
2477
2477
2477
2477
151
2478
2478
2478
151
2479
2479
2479
2479
151
2480
2480
151
2481
2481
2481
2481
151
2482
2482
151
2483
2483
151
152
2485
2485
2485
2485
2485
2485
152
2486
2486
2486
152
2487
2487
2487
2487
152
2488
2488
152
2489
2489
152
2490
2490
152
2491
2491
2491
2491
2491
152
2492
2492
152
2493
2493
2493
2493
152
2494
2494
152
2495
152
153
2497
2497
2497
2497
2497
2497
153
2498
2498
2498
2498
153
2499
2499
2499
2499
2499
2499
153
2500
2500
153
2501
2501
2501
2501
153
2502
2502
153
2503
2503
153
2504
2504
153
2505
2505
153
2506
153
2507
2507
2507
2507
153
154
2509
2509
2509
2509
2509
2509
154
2510
2510
2510
2510
154
2511
2511
2511
154
2512
2512
154
2513
2513
2513
2513
2513
2513
154
2514
2514
154
2515
2515
2515
2515
154
2516
2516
154
2517
2517
2517
2517
154
154
2519
2519
154
155
2521
2521
2521
2521
155
2522
2522
2522
2522
155
2523
2523
2523
2523
2523
2523
155
2524
2524
155
2525
2525
2525
2525
2525
2525
155
2526
2526
155
2527
2527
155
2528
2528
155
2529
2529
155
2530
155
2531
2531
155
2532
2532
156
2533
2533
2533
2533
2533
2533
156
2534
2534
2534
2534
156
2535
2535
2535
2535
2535
2535
156
2536
2536
156
2537
2537
2537
2537
156
2538
2538
156
2539
2539
2539
2539
156
156
2541
2541
156
2542
156
2543
2543
2543
2543
156
157
2545
2545
157
2546
2546
2546
2546
157
2547
2547
2547
2547
157
2548
2548
157
2549
157
2550
2550
157
2551
2551
2551
2551
2551
157
2552
2552
157
2553
2553
2553
2553
2553
2553
157
2554
2554
157
2555
2555
157
2556
2556
158
2557
2557
2557
2557
158
2558
2558
2558
2558
158
2559
2559
2559
2559
158
158
2561
2561
2561
158
2562
2562
2562
2562
158
2563
2563
2563
2563
2563
2563
158
2564
2564
158
2565
158
2566
2566
158
2567
2567
2567
2567
158
159
2569
2569
2569
2569
2569
159
2570
2570
2570
2570
159
2571
2571
2571
2571
159
2572
2572
159
2573
2573
2573
2573
2573
2573
159
2574
2574
159
2575
2575
2575
2575
159
2576
2576
159
2577
159
2578
2578
159
2579
2579
159
160
2581
2581
2581
2581
2581
160
2582
2582
2582
2582
160
2583
2583
2583
2583
160
2584
2584
160
2585
2585
160
2586
2586
160
2587
2587
2587
2587
2587
2587
160
2588
2588
160
2589
160
2590
2590
160
2591
2591
160
2592
2592
161
2593
2593
2593
2593
2593
2593
161
2594
2594
2594
161
2595
2595
161
2596
2596
2596
161
2597
2597
2597
2597
2597
2597
161
2598
2598
161
2599
2599
2599
161
161
2601
2601
2601
161
2602
2602
161
2603
2603
161
162
2605
2605
162
2606
2606
2606
162
2607
2607
2607
162
2608
2608
162
2609
2609
2609
2609
2609
2609
162
2610
162
2611
2611
162
2612
2612
162
2613
162
2614
2614
2614
2614
162
2615
2615
2615
2615
162
2616
2616
163
2617
2617
163
2618
2618
2618
163
2619
2619
2619
2619
2619
2619
163
2620
2620
2620
163
2621
2621
2621
2621
2621
2621
163
2622
2622
163
2623
2623
2623
163
163
2625
2625
163
2626
2626
163
2627
163
2628
2628
164
2629
2629
2629
164
2630
2630
2630
2630
164
2631
2631
2631
2631
2631
2631
164
2632
164
2633
2633
2633
164
2634
2634
2634
2634
164
2635
2635
2635
2635
164
2636
2636
164
2637
2637
2637
164
164
2639
2639
164
165
2641
2641
165
2642
2642
2642
165
2643
2643
2643
165
2644
2644
165
2645
2645
2645
2645
2645
165
2646
2646
165
2647
2647
2647
2647
2647
165
2648
2648
165
2649
2649
165
2650
2650
165
2651
2651
165
2652
2652
166
2653
2653
2653
166
2654
2654
2654
166
2655
2655
2655
2655
166
166
2657
2657
2657
2657
2657
2657
166
2658
2658
2658
166
2659
2659
2659
166
2660
2660
166
2661
2661
2661
2661
166
2662
2662
166
2663
2663
166
167
2665
2665
2665
2665
2665
2665
167
2666
2666
2666
167
2667
2667
2667
2667
2667
167
2668
2668
167
2669
2669
2669
2669
167
2670
167
2671
2671
167
2672
167
2673
2673
2673
2673
167
2674
2674
167
2675
2675
167
168
2677
2677
168
2678
2678
2678
168
2679
2679
2679
2679
2679
168
2680
2680
2680
2680
168
2681
2681
2681
168
168
2683
2683
2683
2683
2683
168
2684
2684
168
2685
2685
168
2686
2686
168
2687
2687
168
2688
2688
169
2689
2689
2689
2689
2689
2689
169
2690
2690
2690
2690
169
2691
2691
2691
2691
2691
2691
169
2692
2692
169
2693
2693
2693
2693
169
2694
2694
169
2695
169
2696
2696
169
2697
2697
2697
2697
169
2698
2698
169
2699
2699
169
170
2701
2701
170
2702
2702
2702
2702
170
2703
2703
2703
2703
170
2704
2704
170
2705
2705
2705
2705
2705
2705
170
2706
2706
2706
2706
170
2707
2707
2707
2707
2707
170
170
2709
2709
170
2710
2710
170
2711
2711
170
2712
2712
171
2713
2713
2713
2713
171
2714
2714
2714
2714
171
2715
2715
2715
2715
2715
171
2716
2716
171
2717
2717
2717
2717
2717
2717
171
2718
2718
171
2719
2719
2719
2719
171
2720
2720
171
2721
2721
2721
2721
171
171
2723
2723
171
172
2725
2725
2725
2725
2725
2725
172
2726
2726
2726
2726
172
2727
2727
2727
2727
2727
2727
172
2728
2728
172
2729
172
2730
2730
2730
2730
172
2731
2731
2731
2731
172
172
2733
2733
172
2734
2734
172
2735
2735
172
2736
2736
173
2737
2737
2737
173
2738
2738
2738
2738
173
2739
2739
2739
2739
2739
173
2740
2740
2740
2740
173
2741
2741
2741
2741
2741
2741
173
173
2743
2743
173
2744
2744
173
2745
2745
173
2746
2746
173
2747
2747
173
2748
174
2749
2749
2749
2749
2749
2749
174
2750
2750
2750
2750
174
2751
2751
2751
2751
174
2752
2752
174
2753
2753
2753
2753
174
174
2755
2755
174
2756
2756
174
2757
2757
174
2758
2758
174
2759
2759
2759
2759
2759
174
175
2761
2761
2761
2761
2761
175
2762
2762
2762
2762
175
2763
2763
2763
2763
2763
2763
175
2764
2764
175
2765
2765
2765
2765
175
2766
2766
175
2767
2767
175
2768
2768
175
2769
2769
175
2770
2770
175
2771
2771
175
176
2773
2773
2773
2773
176
2774
2774
2774
176
2775
2775
2775
2775
2775
2775
176
2776
2776
2776
2776
176
2777
2777
2777
176
2778
2778
176
2779
2779
2779
2779
176
176
2781
2781
2781
176
2782
2782
176
2783
2783
176
177
2785
2785
2785
2785
2785
2785
177
2786
2786
2786
2786
177
2787
2787
2787
2787
2787
177
2788
2788
177
2789
2789
2789
2789
177
2790
177
2791
2791
2791
2791
177
2792
2792
177
2793
2793
177
2794
2794
177
2795
2795
177
178
2797
2797
2797
2797
2797
2797
178
2798
2798
2798
178
2799
2799
2799
2799
2799
2799
178
2800
2800
178
2801
2801
2801
178
2802
2802
178
2803
2803
2803
2803
178
178
2805
2805
2805
2805
178
2806
2806
178
2807
2807
178
179
2809
2809
2809
2809
179
2810
2810
2810
179
2811
2811
2811
2811
2811
2811
179
2812
2812
179
2813
2813
2813
2813
2813
2813
179
2814
2814
179
2815
2815
2815
179
2816
2816
179
2817
2817
179
2818
2818
179
2819
2819
179
180
2821
2821
2821
2821
180
2822
2822
2822
180
2823
2823
2823
2823
2823
2823
180
2824
2824
180
2825
2825
2825
2825
2825
180
2826
2826
180
2827
2827
2827
2827
180
2828
2828
180
2829
2829
180
2830
2830
180
2831
2831
180
181
2833
2833
2833
2833
2833
181
2834
2834
2834
2834
181
2835
2835
2835
2835
2835
2835
181
2836
2836
181
2837
2837
2837
2837
181
2838
2838
181
2839
2839
2839
2839
181
181
2841
2841
2841
2841
181
2842
2842
181
2843
181
182
2845
2845
2845
2845
182
2846
2846
2846
2846
182
2847
2847
2847
2847
2847
182
2848
2848
182
2849
2849
2849
2849
2849
2849
182
2850
2850
182
2851
2851
2851
2851
182
2852
2852
182
2853
2853
182
2854
2854
182
2855
182
183
2857
2857
2857
2857
2857
183
2858
2858
2858
2858
183
2859
2859
2859
2859
2859
2859
183
2860
2860
183
2861
2861
2861
2861
183
2862
2862
183
2863
2863
2863
183
183
2865
2865
2865
2865
183
2866
2866
183
2867
2867
183
184
2869
2869
2869
2869
184
2870
2870
2870
2870
184
2871
2871
2871
184
2872
2872
2872
2872
184
2873
2873
2873
2873
2873
2873
184
2874
2874
184
2875
2875
2875
2875
184
2876
2876
184
2877
184
2878
2878
184
2879
2879
184
185
2881
2881
2881
2881
2881
2881
185
2882
2882
2882
185
2883
2883
185
2884
2884
2884
185
2885
2885
185
2886
2886
185
2887
2887
185
2888
2888
185
2889
2889
2889
2889
2889
2889
185
2890
2890
185
2891
2891
2891
2891
185
186
2893
2893
2893
2893
2893
2893
186
2894
2894
2894
186
2895
2895
2895
2895
186
2896
2896
186
2897
2897
2897
2897
2897
2897
186
2898
2898
186
2899
2899
186
2900
186
2901
2901
2901
2901
186
2902
2902
186
2903
2903
186
187
2905
2905
2905
2905
187
2906
2906
2906
187
2907
2907
2907
187
2908
2908
2908
2908
187
2909
2909
2909
2909
2909
2909
187
2910
2910
187
2911
2911
2911
2911
187
2912
187
2913
2913
2913
187
2914
2914
187
2915
2915
187
188
2917
2917
2917
188
2918
2918
2918
2918
188
2919
2919
188
2920
2920
188
2921
188
2922
2922
2922
2922
188
2923
2923
2923
188
2924
2924
188
2925
2925
2925
2925
2925
188
2926
2926
188
2927
2927
2927
2927
188
2928
2928
189
2929
2929
2929
189
2930
2930
2930
2930
189
2931
2931
2931
2931
2931
189
2932
2932
2932
2932
189
2933
2933
2933
2933
189
2934
2934
189
2935
2935
189
2936
2936
189
2937
2937
2937
2937
189
189
2939
2939
189
190
2941
2941
2941
190
2942
2942
2942
2942
190
2943
2943
2943
2943
190
2944
2944
190
2945
2945
190
190
2947
190
2948
2948
2948
190
2949
2949
2949
190
2950
2950
2950
2950
190
2951
2951
2951
2951
2951
2951
190
191
2953
2953
2953
2953
2953
191
2954
2954
2954
2954
191
2955
2955
2955
2955
2955
2955
191
2956
2956
191
2957
2957
2957
2957
191
2958
2958
191
2959
2959
2959
2959
191
2960
2960
191
2961
2961
2961
2961
191
191
2963
2963
191
192
2965
192
2966
2966
2966
2966
192
2967
2967
2967
2967
192
2968
2968
192
2969
2969
192
2970
2970
192
2971
2971
192
2972
2972
2972
2972
192
2973
2973
2973
2973
2973
2973
192
2974
2974
192
2975
2975
2975
2975
192
2976
2976
193
2977
2977
2977
2977
193
2978
2978
2978
2978
193
2979
2979
2979
2979
193
193
2981
193
2982
2982
193
2983
2983
2983
2983
193
2984
2984
2984
2984
193
2985
2985
2985
2985
193
2986
2986
2986
2986
193
2987
2987
2987
2987
193
194
2989
2989
2989
2989
194
2990
2990
194
2991
2991
194
2992
2992
2992
2992
194
2993
2993
2993
2993
2993
2993
194
2994
2994
194
2995
2995
2995
2995
2995
194
2996
2996
194
2997
2997
194
2998
2998
194
2999
2999
2999
2999
194
195
3001
3001
3001
195
3002
3002
3002
3002
195
3003
3003
3003
3003
3003
3003
195
3004
195
3005
3005
3005
3005
3005
3005
195
3006
3006
195
3007
3007
3007
3007
195
3008
3008
195
3009
3009
3009
195
195
3011
3011
195
196
3013
3013
196
3014
3014
3014
196
3015
3015
196
3016
3016
196
3017
3017
3017
3017
3017
3017
196
3018
3018
3018
196
3019
3019
196
3020
3020
196
3021
3021
3021
3021
3021
3021
196
3022
3022
196
3023
3023
3023
196
197
3025
3025
3025
197
3026
3026
197
3027
3027
3027
3027
3027
3027
197
3028
3028
3028
197
3029
3029
197
3030
3030
3030
3030
197
3031
3031
3031
3031
197
3032
3032
197
3033
3033
197
3034
3034
197
3035
3035
3035
197
198
3037
3037
3037
3037
3037
3037
198
3038
3038
3038
198
3039
3039
3039
198
3040
3040
198
3041
3041
3041
3041
198
3042
3042
3042
3042
198
3043
3043
3043
3043
198
3044
3044
198
3045
3045
198
3046
198
3047
3047
198
199
3049
3049
3049
3049
199
3050
3050
3050
199
3051
3051
199
3052
3052
199
3053
3053
199
3054
3054
199
3055
3055
199
3056
3056
3056
199
3057
3057
3057
3057
199
3058
3058
3058
3058
199
3059
3059
3059
3059
3059
199
200
3061
3061
3061
200
3062
3062
3062
3062
200
3063
3063
3063
3063
200
3064
3064
3064
3064
200
3065
3065
3065
3065
200
3066
3066
3066
200
3067
3067
3067
3067
3067
3067
200
200
3069
3069
3069
3069
200
200
3071
200
201
3073
3073
3073
3073
201
3074
3074
3074
201
3075
201
3076
3076
201
3077
3077
201
3078
201
3079
3079
201
3080
3080
3080
3080
201
3081
3081
3081
3081
201
3082
3082
3082
3082
201
3083
3083
3083
3083
3083
3083
201
202
3085
3085
3085
3085
202
3086
3086
3086
202
3087
3087
3087
3087
202
3088
3088
3088
202
3089
3089
3089
3089
3089
202
3090
3090
202
3091
3091
3091
3091
202
3092
3092
202
3093
3093
202
3094
3094
202
3095
3095
202
203
3097
3097
3097
3097
203
3098
3098
3098
3098
203
3099
3099
3099
3099
203
3100
3100
3100
3100
203
3101
203
3102
3102
203
3103
3103
203
203
3105
3105
3105
3105
203
3106
3106
3106
3106
203
3107
3107
3107
3107
3107
3107
203
204
3109
3109
3109
3109
204
3110
3110
204
3111
3111
3111
3111
204
3112
3112
3112
3112
204
3113
3113
204
204
3115
3115
204
3116
3116
3116
3116
204
3117
3117
3117
3117
204
3118
3118
3118
3118
204
3119
3119
3119
3119
3119
204
205
3121
3121
3121
3121
205
3122
3122
3122
3122
205
3123
3123
3123
3123
205
205
3125
3125
3125
3125
3125
205
3126
3126
3126
3126
205
3127
3127
3127
3127
205
3128
3128
205
3129
3129
3129
3129
205
3130
3130
205
3131
3131
205
206
3133
3133
3133
3133
3133
3133
206
3134
3134
3134
3134
206
3135
206
3136
3136
3136
3136
206
3137
3137
3137
3137
3137
3137
206
3138
3138
206
3139
3139
3139
3139
206
206
3141
3141
3141
3141
206
3142
3142
206
3143
3143
206
207
3145
3145
3145
3145
207
3146
3146
3146
3146
207
3147
3147
3147
3147
3147
3147
207
3148
3148
207
3149
3149
3149
3149
3149
207
3150
3150
207
3151
3151
3151
3151
207
3152
3152
207
3153
207
3154
3154
207
3155
3155
207
208
3157
3157
3157
3157
208
3158
3158
3158
3158
208
3159
3159
3159
3159
3159
208
3160
3160
208
3161
3161
3161
3161
208
3162
3162
3162
3162
208
3163
3163
3163
3163
208
3164
3164
208
3165
3165
208
3166
3166
208
3167
208
209
3169
3169
3169
3169
209
3170
3170
3170
3170
209
3171
3171
3171
3171
3171
209
3172
3172
209
3173
3173
3173
3173
3173
3173
209
3174
3174
209
3175
3175
3175
3175
209
3176
3176
209
3177
3177
209
3178
3178
209
3179
209
210
3181
3181
3181
3181
210
3182
3182
3182
3182
210
3183
3183
3183
3183
3183
3183
210
3184
3184
210
3185
210
3186
3186
210
3187
3187
210
3188
3188
210
3189
3189
3189
3189
3189
210
3190
3190
210
3191
3191
210
3192
3192
211
3193
3193
3193
3193
211
3194
3194
211
3195
3195
3195
211
3196
3196
3196
3196
211
3197
3197
211
211
3199
3199
211
3200
3200
3200
3200
211
3201
3201
3201
3201
3201
211
3202
211
3203
3203
3203
3203
211
3204
3204
212
3205
3205
3205
3205
212
3206
3206
212
3207
3207
3207
3207
212
3208
3208
3208
3208
212
3209
3209
212
212
3211
3211
212
3212
3212
3212
212
3213
3213
3213
212
3214
3214
3214
212
3215
3215
3215
3215
3215
3215
212
213
3217
3217
3217
3217
3217
3217
213
3218
3218
3218
213
3219
3219
213
3220
3220
3220
3220
213
3221
3221
3221
3221
213
213
3223
3223
3223
3223
3223
213
3224
3224
213
3225
3225
3225
3225
213
3226
213
3227
3227
213
214
3229
3229
3229
3229
3229
214
3230
3230
3230
214
3231
3231
3231
3231
3231
3231
214
3232
3232
214
3233
3233
214
3234
3234
3234
3234
214
3235
3235
3235
214
214
3237
3237
3237
3237
214
3238
3238
214
3239
3239
214
215
3241
3241
3241
215
3242
3242
215
3243
3243
215
3244
215
3245
3245
3245
3245
215
3246
3246
215
3247
3247
215
3248
3248
3248
215
3249
3249
3249
3249
3249
215
3250
3250
215
3251
3251
3251
3251
215
3252
3252
216
3253
3253
3253
3253
216
3254
216
3255
3255
216
3256
3256
3256
3256
216
3257
216
3258
3258
216
3259
3259
3259
3259
216
3260
216
3261
3261
3261
3261
3261
3261
216
3262
3262
216
3263
3263
3263
216
3264
3264
217
3265
217
3266
3266
3266
3266
217
3267
3267
217
3268
217
3269
3269
3269
3269
217
3270
217
3271
3271
217
3272
3272
3272
3272
217
3273
3273
3273
3273
3273
3273
217
3274
3274
217
3275
3275
3275
217
3276
3276
218
3277
3277
3277
3277
3277
218
3278
3278
3278
3278
218
3279
3279
3279
3279
218
3280
3280
218
3281
3281
218
3282
3282
3282
218
3283
218
218
3285
3285
3285
3285
218
3286
3286
218
3287
3287
3287
3287
3287
218
219
3289
3289
3289
219
3290
3290
3290
219
3291
3291
219
3292
3292
219
3293
3293
219
3294
3294
219
3295
3295
219
3296
3296
3296
3296
219
3297
3297
3297
3297
3297
219
3298
3298
219
3299
3299
3299
3299
219
3300
3300
220
3301
3301
3301
3301
3301
3301
220
3302
3302
3302
3302
220
3303
3303
220
3304
3304
3304
3304
220
3305
3305
3305
3305
220
220
3307
3307
3307
3307
3307
220
3308
3308
220
3309
3309
220
3310
220
3311
3311
220
3312
221
3313
3313
221
3314
3314
3314
3314
221
3315
3315
3315
3315
221
3316
3316
221
3317
3317
221
3318
221
3319
3319
221
3320
3320
3320
221
3321
3321
3321
3321
3321
3321
221
3322
3322
221
3323
3323
3323
221
3324
3324
222
3325
3325
3325
222
3326
3326
3326
222
3327
3327
222
3328
3328
222
3329
3329
222
3330
3330
222
3331
3331
3331
3331
3331
222
3332
3332
222
3333
3333
222
3334
3334
3334
3334
222
3335
3335
3335
3335
222
3336
3336
223
3337
3337
3337
3337
223
3338
3338
223
3339
3339
223
3340
3340
223
3341
3341
223
3342
3342
3342
223
3343
3343
3343
3343
223
3344
3344
223
3345
3345
3345
3345
223
3346
3346
3346
3346
223
3347
3347
3347
3347
3347
3347
223
224
3349
3349
224
3350
3350
3350
3350
224
3351
3351
224
3352
3352
224
3353
3353
3353
3353
3353
3353
224
3354
3354
3354
224
3355
3355
3355
3355
3355
3355
224
3356
3356
224
3357
3357
3357
3357
224
224
3359
3359
224
3360
3360
225
3361
3361
3361
3361
225
3362
3362
3362
225
3363
3363
3363
3363
225
3364
3364
3364
3364
225
3365
3365
225
3366
3366
225
3367
3367
225
225
3369
3369
3369
3369
225
3370
3370
3370
3370
225
3371
3371
3371
3371
3371
3371
225
226
3373
3373
3373
3373
3373
3373
226
3374
3374
3374
3374
226
3375
3375
3375
3375
3375
226
3376
3376
226
3377
3377
3377
3377
226
3378
3378
226
3379
3379
3379
3379
226
3380
3380
226
3381
3381
3381
3381
226
226
3383
3383
226
227
3385
3385
3385
3385
3385
3385
227
3386
3386
3386
227
3387
3387
3387
227
3388
3388
227
3389
3389
227
3390
3390
227
3391
3391
3391
3391
3391
3391
227
3392
3392
227
3393
3393
227
3394
3394
227
3395
3395
3395
3395
227
228
3397
3397
3397
3397
3397
3397
228
3398
3398
3398
228
3399
3399
3399
3399
228
3400
3400
228
3401
3401
228
3402
228
3403
3403
228
3404
3404
228
3405
3405
3405
3405
3405
3405
228
3406
3406
228
3407
3407
228
3408
3408
229
3409
3409
3409
3409
3409
229
3410
3410
3410
3410
229
3411
3411
3411
3411
3411
3411
229
3412
3412
229
3413
3413
3413
3413
229
3414
3414
3414
3414
229
3415
3415
3415
3415
229
3416
3416
229
3417
3417
3417
229
229
3419
3419
3419
3419
229
230
3421
230
3422
3422
3422
3422
230
3423
3423
230
3424
3424
3424
3424
230
3425
3425
3425
3425
230
3426
3426
230
3427
3427
3427
3427
230
3428
3428
3428
3428
230
3429
3429
3429
3429
3429
3429
230
3430
3430
230
3431
3431
3431
230
3432
3432
231
3433
3433
3433
3433
231
3434
3434
3434
3434
231
3435
3435
231
3436
3436
231
3437
3437
3437
3437
3437
231
3438
3438
3438
231
3439
3439
3439
3439
3439
3439
231
231
3441
3441
231
3442
3442
3442
3442
231
3443
3443
3443
3443
231
3444
232
3445
3445
3445
3445
232
3446
3446
3446
3446
232
3447
3447
3447
3447
3447
232
3448
3448
232
3449
3449
3449
3449
3449
232
3450
232
3451
3451
3451
3451
3451
3451
232
3452
3452
232
3453
3453
3453
3453
232
3454
3454
232
3455
3455
232
233
3457
3457
3457
3457
233
3458
3458
3458
3458
233
3459
3459
3459
3459
3459
233
3460
3460
3460
233
3461
3461
3461
3461
233
3462
3462
233
3463
3463
3463
3463
233
233
3465
3465
3465
3465
3465
233
3466
3466
233
3467
3467
3467
3467
233
234
3469
3469
3469
3469
234
3470
3470
3470
3470
234
3471
3471
3471
3471
234
3472
3472
3472
234
3473
3473
3473
234
3474
3474
3474
234
3475
3475
3475
3475
3475
3475
234
3476
3476
234
3477
3477
234
3478
3478
234
3479
3479
3479
3479
234
235
3481
3481
235
3482
3482
3482
3482
235
3483
3483
3483
235
3484
3484
235
3485
3485
3485
3485
3485
3485
235
3486
3486
235
3487
3487
3487
3487
235
3488
3488
235
3489
3489
3489
235
235
3491
3491
235
236
3493
236
3494
3494
3494
3494
236
3495
3495
236
3496
3496
236
3497
3497
3497
3497
236
3498
3498
236
3499
3499
3499
3499
3499
3499
236
3500
3500
236
3501
3501
236
3502
3502
236
3503
236
3504
3504
237
3505
3505
3505
237
3506
3506
3506
3506
237
3507
237
3508
3508
3508
3508
237
3509
3509
3509
3509
237
237
3511
3511
237
237
3513
3513
3513
3513
3513
3513
237
3514
3514
237
3515
3515
3515
3515
237
238
3517
3517
3517
238
3518
3518
238
3519
3519
238
3520
3520
3520
3520
238
3521
3521
238
3522
3522
238
3523
3523
238
3524
3524
238
3525
3525
3525
3525
238
3526
3526
3526
3526
238
3527
3527
3527
238
239
3529
3529
239
3530
3530
3530
239
3531
3531
239
3532
3532
239
3533
3533
3533
3533
239
3534
3534
239
3535
3535
239
3536
3536
3536
3536
239
3537
3537
3537
3537
239
3538
3538
3538
239
3539
3539
3539
3539
3539
3539
239
240
3541
3541
3541
240
3542
3542
240
3543
3543
3543
3543
240
3544
3544
3544
3544
240
3545
3545
240
240
3547
3547
3547
3547
3547
3547
240
3548
3548
3548
240
3549
3549
240
3550
3550
240
3551
3551
3551
3551
3551
3551
240
241
3553
3553
3553
3553
3553
3553
241
3554
3554
3554
241
3555
3555
241
3556
3556
3556
241
3557
3557
3557
3557
241
3558
3558
241
3559
3559
241
241
3561
3561
3561
3561
241
3562
3562
241
3563
3563
3563
3563
3563
3563
241
242
3565
3565
3565
3565
3565
3565
242
3566
3566
3566
242
3567
3567
3567
3567
242
3568
3568
242
3569
3569
3569
3569
3569
3569
242
3570
3570
242
3571
3571
3571
3571
242
3572
3572
242
3573
3573
242
3574
242
3575
3575
242
243
3577
3577
3577
3577
243
3578
3578
243
3579
243
3580
3580
243
3581
3581
3581
3581
243
3582
3582
243
3583
3583
3583
3583
3583
3583
243
3584
3584
243
3585
3585
3585
3585
3585
243
3586
3586
243
3587
3587
243
3588
244
3589
3589
3589
3589
244
3590
3590
3590
3590
244
3591
3591
3591
3591
244
244
3593
3593
3593
3593
244
3594
3594
3594
3594
244
3595
3595
244
3596
3596
244
3597
3597
3597
3597
244
3598
3598
244
3599
3599
3599
244
245
3601
3601
3601
3601
245
3602
3602
245
3603
3603
245
3604
3604
245
3605
3605
245
3606
3606
3606
3606
245
3607
3607
3607
3607
245
3608
3608
3608
3608
245
3609
3609
3609
245
3610
3610
245
3611
3611
3611
3611
245
246
3613
246
3614
3614
3614
3614
246
3615
3615
3615
3615
3615
3615
246
3616
3616
3616
3616
246
3617
3617
3617
3617
246
246
3619
3619
3619
3619
3619
246
3620
3620
246
3621
3621
246
3622
3622
246
3623
3623
246
3624
247
3625
3625
3625
3625
247
3626
3626
247
3627
3627
247
3628
247
3629
3629
247
3630
3630
3630
247
3631
3631
3631
3631
247
3632
3632
3632
3632
247
3633
3633
3633
3633
3633
247
3634
3634
247
3635
3635
3635
3635
247
248
3637
3637
3637
3637
248
3638
248
3639
3639
3639
3639
3639
3639
248
3640
3640
3640
248
3641
3641
3641
3641
248
3642
3642
248
3643
3643
3643
3643
3643
3643
248
3644
3644
248
3645
248
248
3647
3647
248
3648
3648
249
3649
249
3650
3650
3650
3650
249
3651
3651
249
3652
249
3653
3653
3653
3653
3653
3653
249
3654
3654
3654
249
3655
3655
3655
3655
249
249
3657
3657
249
3658
3658
3658
3658
249
3659
3659
3659
3659
249
3660
3660
250
3661
3661
3661
3661
250
3662
3662
3662
250
3663
3663
3663
3663
250
3664
3664
3664
3664
250
3665
3665
3665
3665
3665
250
3666
3666
250
3667
3667
3667
3667
250
250
3669
3669
3669
3669
250
3670
250
3671
3671
250
251
3673
3673
3673
3673
251
3674
3674
3674
3674
251
3675
3675
251
3676
251
3677
3677
251
3678
3678
251
3679
3679
3679
3679
3679
3679
251
3680
3680
251
3681
3681
251
3682
3682
3682
3682
251
3683
3683
3683
3683
251
3684
3684
252
3685
3685
3685
3685
252
3686
3686
3686
3686
252
3687
3687
3687
3687
3687
3687
252
3688
3688
252
3689
3689
3689
3689
252
3690
3690
3690
3690
252
3691
3691
3691
3691
252
3692
3692
252
3693
3693
252
3694
252
3695
3695
252
253
3697
3697
3697
3697
3697
3697
253
3698
3698
3698
3698
253
3699
3699
3699
3699
253
3700
3700
253
3701
3701
253
3702
3702
3702
253
3703
3703
253
253
3705
3705
3705
3705
253
3706
3706
253
3707
3707
3707
3707
3707
3707
253
254
3709
3709
3709
3709
254
3710
3710
3710
3710
254
3711
3711
254
3712
254
3713
3713
3713
3713
3713
3713
254
3714
3714
254
3715
3715
254
3716
3716
254
3717
3717
3717
3717
3717
3717
254
3718
3718
254
3719
3719
254
3720
3720
255
3721
255
3722
3722
3722
3722
255
3723
3723
255
3724
3724
255
3725
3725
255
3726
3726
3726
3726
255
3727
3727
3727
255
3728
3728
3728
3728
255
3729
3729
3729
3729
255
3730
3730
255
3731
3731
3731
3731
3731
3731
255
256
3733
3733
3733
3733
3733
3733
256
3734
3734
3734
3734
256
3735
3735
3735
3735
3735
256
3736
3736
256
3737
3737
3737
3737
256
3738
3738
256
3739
3739
3739
3739
256
3740
3740
256
3741
3741
3741
256
256
3743
3743
256
257
3745
3745
3745
3745
257
3746
3746
3746
3746
257
3747
3747
257
3748
3748
257
3749
257
3750
3750
257
3751
3751
3751
3751
3751
257
3752
3752
257
3753
3753
257
3754
3754
3754
3754
257
3755
3755
3755
3755
257
3756
3756
258
3757
3757
3757
3757
258
3758
3758
3758
3758
258
3759
3759
3759
3759
258
3760
3760
3760
3760
258
3761
258
3762
3762
258
3763
3763
258
258
3765
3765
3765
3765
3765
3765
258
3766
3766
258
3767
3767
3767
258
3768
3768
259
3769
259
3770
3770
3770
3770
259
3771
3771
259
3772
3772
259
3773
3773
259
3774
3774
3774
3774
259
3775
3775
3775
259
3776
3776
3776
3776
259
3777
3777
3777
3777
259
3778
3778
259
3779
3779
3779
3779
3779
3779
259
260
3781
3781
260
3782
3782
3782
3782
260
3783
3783
3783
3783
260
3784
3784
260
3785
260
3786
3786
260
3787
3787
260
3788
3788
3788
3788
260
3789
3789
3789
3789
260
3790
3790
3790
3790
260
3791
3791
3791
3791
3791
260
261
3793
3793
261
3794
3794
3794
3794
261
3795
261
3796
3796
261
3797
3797
261
3798
3798
3798
3798
261
3799
3799
3799
3799
261
3800
3800
3800
3800
261
3801
3801
3801
3801
3801
261
3802
3802
261
3803
3803
3803
3803
261
262
3805
3805
3805
3805
262
3806
3806
3806
3806
262
3807
3807
3807
3807
3807
3807
262
3808
3808
262
3809
3809
3809
3809
3809
262
3810
3810
262
3811
262
3812
3812
262
3813
3813
3813
3813
262
3814
3814
262
3815
3815
262
263
3817
3817
3817
3817
263
3818
3818
263
3819
3819
263
3820
3820
3820
263
3821
3821
263
3822
263
3823
3823
3823
3823
263
3824
3824
263
3825
3825
3825
3825
3825
3825
263
3826
3826
263
3827
3827
3827
3827
263
3828
3828
264
3829
3829
3829
3829
3829
3829
264
3830
3830
3830
264
3831
3831
3831
3831
264
3832
3832
264
3833
3833
3833
3833
3833
3833
264
3834
3834
264
3835
3835
264
3836
3836
264
3837
3837
3837
264
3838
3838
264
3839
3839
264
265
3841
3841
3841
3841
3841
3841
265
3842
3842
3842
3842
265
3843
3843
3843
3843
3843
3843
265
3844
265
3845
3845
3845
265
3846
3846
265
3847
3847
3847
3847
265
265
3849
3849
265
3850
3850
265
3851
3851
3851
3851
265
266
3853
3853
3853
3853
3853
3853
266
3854
3854
3854
3854
266
3855
3855
266
3856
3856
3856
266
3857
3857
3857
3857
266
266
3859
3859
266
3860
3860
266
3861
3861
3861
3861
3861
266
3862
3862
266
3863
3863
266
3864
3864
267
3865
3865
3865
3865
267
3866
3866
3866
3866
267
3867
3867
3867
3867
267
3868
3868
3868
3868
267
3869
3869
3869
3869
3869
3869
267
3870
3870
267
3871
3871
3871
267
3872
3872
267
3873
3873
267
3874
3874
267
3875
3875
267
268
3877
3877
3877
3877
268
3878
3878
3878
3878
268
3879
3879
3879
268
3880
3880
3880
3880
268
3881
3881
3881
3881
3881
3881
268
3882
3882
268
3883
3883
268
3884
3884
268
3885
3885
3885
3885
268
3886
3886
268
3887
3887
268
269
3889
3889
269
3890
3890
3890
3890
269
3891
3891
269
3892
3892
269
3893
3893
269
3894
3894
3894
3894
269
3895
3895
3895
269
3896
3896
269
3897
3897
3897
3897
3897
3897
269
3898
3898
269
3899
3899
3899
3899
269
3900
3900
270
3901
3901
3901
3901
270
3902
3902
3902
3902
270
3903
3903
3903
3903
270
3904
3904
3904
3904
270
3905
3905
3905
3905
3905
3905
270
3906
3906
270
3907
3907
3907
3907
270
270
3909
3909
3909
270
3910
3910
270
3911
3911
270
271
3913
3913
3913
271
3914
3914
271
3915
3915
3915
3915
3915
3915
271
3916
3916
3916
271
3917
3917
271
3918
3918
271
3919
3919
3919
3919
3919
3919
271
3920
3920
271
3921
3921
271
3922
3922
271
3923
3923
3923
271
272
3925
3925
3925
3925
3925
3925
272
3926
3926
3926
272
3927
3927
3927
272
3928
3928
272
3929
3929
272
3930
272
3931
3931
272
3932
3932
272
3933
3933
272
3934
3934
3934
3934
272
3935
3935
3935
3935
272
3936
3936
273
3937
3937
3937
3937
3937
3937
273
3938
3938
3938
3938
273
3939
3939
3939
3939
3939
273
3940
3940
273
3941
3941
3941
3941
273
3942
3942
3942
273
3943
3943
3943
273
3944
3944
273
3945
3945
3945
3945
273
3946
3946
273
3947
3947
273
274
3949
3949
3949
3949
274
3950
3950
274
3951
3951
274
3952
3952
274
3953
3953
3953
3953
3953
274
3954
3954
274
3955
3955
3955
3955
3955
3955
274
3956
3956
274
3957
3957
3957
3957
3957
3957
274
3958
3958
274
3959
3959
274
3960
3960
275
3961
3961
3961
3961
3961
3961
275
3962
3962
3962
3962
275
3963
275
3964
3964
3964
3964
275
3965
3965
3965
3965
3965
3965
275
3966
3966
275
3967
3967
3967
3967
275
275
3969
3969
3969
3969
275
3970
3970
275
3971
3971
275
276
3973
3973
276
3974
3974
3974
3974
276
3975
3975
276
3976
3976
276
3977
3977
3977
3977
276
3978
3978
276
3979
3979
276
3980
3980
3980
3980
276
3981
3981
3981
3981
3981
276
3982
3982
276
3983
3983
3983
3983
276
3984
3984
277
3985
3985
3985
3985
277
3986
3986
3986
3986
277
3987
3987
3987
3987
277
3988
3988
3988
277
3989
3989
277
3990
3990
277
3991
3991
277
277
3993
3993
3993
3993
3993
3993
277
3994
3994
277
3995
3995
3995
3995
3995
3995
277
278
3997
3997
3997
3997
3997
278
3998
3998
3998
3998
278
3999
3999
3999
3999
278
4000
4000
4000
4000
278
4001
4001
4001
4001
278
4002
4002
278
4003
4003
278
4004
4004
278
4005
4005
278
4006
4006
278
4007
4007
278
4008
4008
279
4009
4009
4009
4009
4009
4009
279
4010
4010
4010
4010
279
4011
4011
4011
4011
279
4012
4012
279
4013
4013
4013
4013
279
4014
4014
4014
279
4015
4015
4015
4015
279
4016
4016
279
4017
4017
279
4018
4018
279
4019
4019
279
280
4021
4021
4021
4021
280
4022
4022
280
4023
4023
280
4024
4024
4024
4024
280
4025
4025
4025
4025
280
280
4027
4027
4027
4027
280
4028
280
4029
4029
4029
4029
280
4030
4030
4030
4030
280
4031
4031
4031
4031
4031
4031
280
281
4033
4033
4033
281
4034
4034
281
4035
4035
281
4036
4036
281
4037
4037
4037
4037
281
4038
4038
281
4039
4039
4039
4039
4039
281
4040
4040
281
4041
4041
281
4042
4042
4042
4042
281
4043
4043
4043
4043
4043
4043
281
282
4045
4045
4045
4045
4045
4045
282
4046
4046
4046
4046
282
4047
4047
4047
4047
282
4048
4048
282
4049
282
4050
4050
282
4051
4051
282
4052
4052
282
4053
4053
282
4054
4054
4054
4054
282
4055
4055
4055
282
4056
4056
283
4057
283
4058
4058
4058
4058
283
4059
4059
283
4060
4060
283
4061
4061
4061
4061
4061
4061
283
4062
4062
4062
4062
283
4063
4063
4063
4063
283
283
4065
4065
4065
4065
4065
283
4066
4066
283
4067
4067
283
4068
4068
284
4069
4069
4069
4069
284
4070
4070
4070
4070
284
4071
4071
4071
4071
4071
284
4072
4072
284
4073
4073
4073
284
4074
4074
284
4075
4075
284
284
4077
4077
284
4078
4078
4078
4078
284
4079
4079
4079
4079
284
4080
4080
285
4081
4081
4081
285
4082
4082
285
4083
4083
285
4084
4084
285
4085
4085
4085
4085
4085
285
4086
4086
4086
285
4087
4087
4087
285
285
4089
4089
4089
4089
4089
285
4090
4090
285
4091
4091
285
4092
286
4093
4093
4093
4093
286
4094
4094
4094
286
4095
4095
4095
286
286
4097
4097
4097
286
4098
4098
4098
286
4099
4099
286
4100
4100
286
4101
4101
4101
4101
286
4102
4102
4102
286
4103
4103
4103
286
287
4105
4105
4105
287
4106
4106
287
4107
4107
287
4108
4108
4108
287
4109
4109
4109
287
4110
4110
4110
4110
287
4111
4111
287
287
4113
4113
4113
4113
4113
287
4114
287
4115
4115
4115
287
4116
4116
288
4117
4117
288
4118
4118
4118
288
4119
4119
288
4120
4120
288
4121
4121
4121
288
4122
4122
288
4123
4123
4123
4123
4123
288
4124
288
4125
4125
4125
4125
4125
288
4126
4126
288
4127
4127
288
4128
289
4129
4129
4129
4129
4129
4129
289
4130
4130
4130
289
4131
4131
4131
289
4132
4132
289
4133
4133
289
4134
4134
4134
4134
289
4135
4135
4135
289
289
4137
4137
4137
4137
289
4138
4138
289
4139
289
290
4141
4141
4141
4141
290
4142
4142
290
4143
4143
290
4144
4144
4144
290
4145
290
4146
4146
290
4147
4147
290
4148
4148
4148
290
4149
4149
4149
4149
290
4150
4150
290
4151
4151
4151
4151
4151
290
291
4153
4153
4153
4153
291
4154
4154
4154
291
4155
4155
4155
4155
291
4156
291
4157
4157
4157
4157
291
291
4159
291
4160
4160
291
4161
4161
4161
4161
4161
291
4162
4162
291
4163
4163
4163
4163
291
292
4165
4165
4165
4165
292
4166
4166
4166
4166
292
4167
4167
4167
292
4168
4168
4168
4168
292
4169
4169
4169
4169
292
4170
292
4171
4171
4171
292
4172
4172
292
4173
4173
292
4174
4174
292
4175
292
293
4177
4177
4177
4177
293
4178
4178
4178
4178
293
4179
293
4180
4180
293
4181
4181
4181
4181
4181
293
4182
4182
293
4183
4183
4183
4183
4183
4183
293
4184
293
4185
4185
293
4186
4186
293
4187
4187
293
4188
4188
294
4189
4189
4189
4189
294
4190
4190
4190
4190
294
4191
4191
4191
4191
294
4192
4192
4192
294
4193
4193
294
4194
4194
4194
4194
294
4195
4195
294
294
4197
4197
4197
4197
294
4198
4198
294
4199
4199
4199
4199
294
295
4201
4201
4201
4201
295
4202
4202
4202
4202
295
4203
4203
4203
4203
295
4204
4204
4204
295
4205
4205
4205
4205
295
4206
4206
295
4207
4207
4207
4207
295
295
4209
4209
295
4210
4210
295
4211
4211
4211
4211
295
296
4213
296
4214
4214
4214
4214
296
4215
4215
4215
4215
296
4216
4216
296
4217
4217
4217
4217
4217
296
4218
4218
296
4219
4219
4219
4219
4219
4219
296
4220
296
4221
4221
296
4222
4222
296
4223
4223
296
4224
4224
297
4225
4225
4225
4225
4225
297
4226
4226
4226
4226
297
4227
4227
4227
4227
4227
297
4228
297
4229
4229
4229
4229
297
4230
4230
297
4231
4231
297
4232
4232
297
4233
4233
297
4234
4234
297
4235
4235
4235
4235
297
298
4237
4237
4237
4237
298
4238
4238
4238
298
4239
4239
4239
4239
4239
298
4240
4240
298
4241
4241
298
4242
4242
298
4243
4243
4243
4243
4243
4243
298
4244
298
4245
4245
298
4246
4246
298
4247
4247
298
4248
4248
299
4249
4249
4249
4249
4249
299
4250
4250
4250
299
4251
4251
4251
4251
299
4252
4252
299
4253
4253
299
4254
4254
299
4255
4255
299
4256
4256
299
4257
4257
4257
4257
4257
4257
299
4258
299
4259
4259
299
4260
4260
300
4261
4261
4261
4261
300
4262
4262
4262
300
4263
4263
4263
4263
300
300
4265
4265
4265
4265
300
4266
4266
4266
300
4267
4267
300
4268
4268
300
4269
4269
4269
4269
4269
300
4270
4270
300
4271
4271
4271
4271
300
301
4273
4273
4273
4273
4273
301
4274
4274
4274
301
4275
4275
4275
4275
4275
301
4276
4276
301
4277
4277
4277
4277
301
4278
4278
301
4279
4279
4279
4279
301
301
4281
4281
301
4282
301
4283
4283
4283
4283
301
302
4285
4285
4285
302
4286
4286
4286
4286
302
4287
4287
4287
4287
302
302
4289
4289
4289
4289
302
4290
4290
4290
302
4291
4291
302
4292
4292
302
4293
4293
4293
4293
4293
302
4294
302
4295
4295
4295
4295
302
303
4297
4297
303
4298
4298
4298
4298
303
4299
4299
4299
4299
4299
4299
303
4300
4300
4300
303
4301
4301
4301
303
4302
4302
303
4303
4303
303
303
4305
4305
4305
4305
303
4306
303
4307
4307
4307
4307
4307
303
304
4309
4309
4309
4309
304
4310
4310
4310
304
4311
4311
4311
4311
4311
304
4312
4312
304
4313
4313
4313
4313
4313
304
4314
304
4315
4315
304
4316
4316
304
4317
4317
304
4318
4318
304
4319
4319
304
4320
4320
305
4321
4321
4321
305
4322
4322
305
4323
4323
305
4324
4324
305
4325
4325
4325
4325
4325
4325
305
4326
4326
4326
305
4327
305
4328
4328
305
4329
4329
4329
4329
4329
4329
305
4330
4330
305
4331
4331
4331
305
306
4333
4333
4333
306
4334
4334
4334
4334
306
4335
4335
4335
4335
4335
4335
306
4336
4336
306
4337
4337
4337
306
4338
4338
4338
306
4339
4339
4339
306
4340
4340
306
4341
4341
4341
4341
306
306
4343
4343
306
307
4345
4345
4345
307
4346
4346
4346
4346
307
4347
4347
4347
4347
307
307
4349
4349
307
4350
4350
307
4351
4351
4351
4351
307
4352
4352
4352
4352
307
4353
4353
307
4354
4354
307
4355
4355
4355
4355
4355
307
308
4357
4357
4357
308
4358
4358
4358
4358
308
4359
4359
4359
308
4360
4360
4360
4360
308
4361
4361
4361
4361
308
308
4363
4363
308
308
4365
4365
4365
4365
4365
4365
308
4366
4366
308
4367
4367
4367
4367
308
4368
4368
309
4369
4369
4369
309
4370
4370
4370
4370
309
4371
4371
4371
4371
4371
4371
309
4372
4372
309
4373
4373
309
4374
4374
309
4375
4375
4375
4375
4375
4375
309
4376
4376
309
4377
4377
309
4378
4378
309
4379
309
4380
4380
310
4381
4381
4381
310
4382
4382
4382
4382
310
4383
4383
4383
310
4384
4384
4384
4384
310
4385
4385
310
4386
4386
310
4387
4387
310
310
4389
4389
4389
4389
310
4390
4390
4390
4390
310
4391
4391
4391
4391
4391
4391
310
311
4393
4393
311
4394
4394
4394
4394
311
4395
4395
4395
311
4396
4396
311
4397
4397
311
4398
4398
311
4399
4399
4399
4399
4399
4399
311
4400
4400
311
4401
311
4402
4402
4402
4402
311
4403
4403
4403
4403
311
4404
4404
312
4405
4405
4405
4405
4405
312
4406
4406
312
4407
4407
4407
312
4408
312
4409
312
4410
312
4411
4411
4411
4411
312
4412
4412
312
4413
312
4414
4414
313
4415
4415
313
4416
4416
4416
313
4417
4417
313
313
4419
4419
4419
313
4420
4420
4420
313
4421
4421
4421
313
4422
313
4423
4423
4423
4423
4423
313
314
4425
4425
4425
314
4426
4426
4426
314
4427
4427
314
4428
4428
314
4429
4429
314
4430
4430
314
4431
4431
4431
4431
4431
314
4432
4432
314
4433
4433
4433
4433
4433
314
4434
4434
314
4435
4435
314
4436
4436
315
4437
4437
4437
4437
4437
4437
315
4438
4438
4438
315
4439
4439
4439
4439
315
4440
4440
315
4441
4441
4441
4441
315
4442
315
4443
4443
315
4444
4444
4444
315
4445
4445
315
315
4447
4447
4447
315
4448
4448
316
4449
4449
4449
4449
316
4450
4450
4450
316
4451
4451
4451
4451
316
4452
4452
4452
316
4453
4453
316
4454
4454
316
4455
4455
316
316
4457
4457
4457
4457
4457
4457
316
4458
4458
316
4459
4459
4459
4459
316
4460
4460
317
4461
4461
4461
317
4462
4462
4462
4462
317
4463
4463
4463
4463
317
4464
4464
4464
4464
317
4465
4465
4465
4465
317
317
4467
4467
4467
4467
4467
4467
317
4468
317
4469
4469
4469
4469
317
317
4471
4471
4471
4471
317
318
4473
4473
4473
4473
318
4474
4474
4474
318
4475
318
4476
4476
318
4477
4477
4477
4477
318
4478
4478
4478
4478
318
4479
4479
318
4480
318
4481
4481
4481
4481
4481
318
4482
4482
318
4483
4483
4483
4483
318
319
4485
4485
4485
319
4486
4486
4486
4486
319
4487
4487
4487
4487
319
4488
4488
4488
319
4489
4489
4489
4489
319
4490
4490
4490
4490
319
4491
4491
4491
4491
4491
4491
319
319
4493
4493
4493
4493
319
319
4495
4495
319
320
4497
4497
320
4498
4498
4498
320
4499
4499
4499
4499
320
4500
4500
4500
320
4501
320
320
4503
4503
4503
4503
320
4504
4504
4504
4504
320
4505
4505
4505
4505
320
4506
4506
320
4507
4507
4507
4507
4507
320
321
4509
321
4510
4510
4510
4510
321
4511
4511
4511
4511
321
4512
321
4513
4513
4513
4513
4513
4513
321
4514
4514
321
4515
4515
321
4516
321
4517
4517
4517
4517
4517
321
4518
4518
321
4519
4519
321
4520
4520
322
4521
4521
4521
4521
322
4522
4522
4522
322
4523
4523
4523
4523
322
4524
4524
4524
4524
322
4525
4525
4525
4525
322
322
4527
4527
322
4528
322
4529
4529
4529
4529
322
4530
4530
4530
4530
322
4531
4531
4531
4531
322
323
4533
323
4534
4534
4534
4534
323
4535
4535
323
4536
323
4537
4537
323
4538
4538
4538
4538
323
4539
4539
4539
4539
4539
323
4540
4540
323
4541
4541
4541
4541
4541
4541
323
4542
323
4543
4543
4543
4543
323
324
4545
4545
324
4546
4546
4546
324
4547
4547
4547
4547
324
4548
4548
324
4549
4549
4549
4549
324
4550
4550
4550
324
4551
4551
324
324
4553
4553
4553
4553
324
4554
4554
4554
4554
324
4555
4555
4555
4555
324
4556
4556
325
4557
4557
4557
4557
4557
4557
325
4558
4558
4558
4558
325
4559
4559
4559
4559
4559
4559
325
4560
325
4561
4561
4561
325
4562
4562
325
4563
4563
4563
4563
325
325
4565
4565
325
4566
4566
325
4567
4567
4567
4567
325
326
4569
4569
326
4570
4570
4570
326
4571
4571
326
4572
4572
326
4573
4573
4573
4573
4573
326
4574
4574
4574
4574
326
4575
4575
4575
4575
326
326
4577
4577
326
4578
4578
4578
326
4579
4579
4579
4579
326
4580
327
4581
4581
4581
4581
4581
327
4582
4582
4582
327
4583
4583
4583
4583
4583
327
4584
4584
327
4585
4585
4585
4585
327
4586
4586
327
4587
4587
327
4588
4588
327
4589
4589
4589
327
4590
4590
327
4591
4591
327
328
4593
328
4594
4594
328
4595
4595
4595
328
4596
328
4597
328
4598
328
4599
328
4600
4600
4600
328
4601
4601
4601
328
4602
4602
329
4603
4603
4603
4603
4603
329
4604
4604
329
4605
4605
4605
329
4606
329
4607
329
4608
329
4609
4609
329
4610
4610
329
4611
329
330
4613
4613
4613
4613
4613
4613
330
4614
4614
4614
4614
330
4615
4615
4615
330
4616
4616
330
4617
4617
4617
4617
4617
4617
330
4618
4618
330
4619
4619
4619
330
4620
4620
330
4621
4621
4621
4621
330
330
4623
4623
330
331
4625
4625
331
4626
4626
4626
4626
331
4627
4627
4627
331
4628
4628
331
4629
4629
4629
4629
4629
4629
331
4630
4630
331
4631
4631
4631
4631
4631
4631
331
4632
4632
331
4633
4633
331
4634
4634
331
4635
331
4636
4636
332
4637
4637
4637
332
4638
4638
4638
4638
332
4639
4639
4639
332
4640
4640
4640
4640
332
4641
4641
4641
4641
332
4642
4642
4642
4642
332
4643
4643
4643
4643
4643
4643
332
332
4645
4645
332
4646
4646
332
4647
4647
332
333
4649
4649
4649
4649
4649
4649
333
4650
4650
4650
4650
333
4651
4651
4651
333
4652
4652
333
4653
4653
4653
4653
333
333
4655
4655
333
4656
4656
333
4657
4657
4657
4657
4657
4657
333
4658
4658
333
4659
4659
4659
333
334
4661
4661
4661
334
4662
4662
4662
4662
334
4663
4663
4663
4663
4663
334
4664
4664
4664
4664
334
4665
4665
4665
4665
334
4666
4666
334
4667
4667
4667
4667
334
334
4669
4669
334
4670
4670
334
4671
4671
334
335
4673
4673
4673
4673
4673
4673
335
4674
4674
4674
4674
335
4675
4675
4675
335
4676
4676
335
4677
4677
4677
4677
4677
335
4678
4678
335
4679
4679
4679
335
4680
335
4681
4681
335
4682
4682
335
4683
4683
335
336
4685
4685
4685
4685
4685
4685
336
4686
4686
4686
336
4687
4687
336
4688
4688
4688
336
4689
4689
4689
336
336
4691
4691
4691
4691
4691
4691
336
4692
4692
336
4693
4693
336
4694
4694
336
4695
336
4696
4696
337
4697
4697
4697
337
4698
4698
4698
337
4699
4699
4699
337
4700
4700
4700
4700
337
4701
4701
4701
4701
337
337
4703
4703
337
4704
4704
337
4705
4705
4705
4705
4705
4705
337
4706
337
4707
4707
4707
4707
337
338
4709
4709
4709
4709
338
4710
4710
338
4711
4711
338
4712
4712
4712
338
4713
4713
338
4714
338
4715
4715
4715
338
4716
4716
338
4717
4717
4717
4717
338
4718
4718
4718
4718
338
4719
4719
4719
4719
4719
338
339
4721
4721
4721
4721
4721
339
4722
4722
4722
4722
339
4723
4723
4723
4723
339
4724
4724
339
4725
4725
4725
4725
4725
339
4726
4726
339
4727
4727
4727
4727
339
339
4729
4729
339
4730
339
4731
4731
4731
339
340
4733
4733
4733
4733
340
4734
4734
4734
340
4735
4735
4735
340
4736
4736
4736
340
4737
4737
340
4738
4738
340
4739
4739
340
340
4741
4741
4741
340
4742
4742
4742
4742
340
4743
4743
4743
4743
4743
4743
340
341
4745
4745
341
4746
4746
4746
4746
341
4747
4747
341
4748
341
4749
4749
341
4750
4750
4750
4750
341
4751
4751
4751
4751
341
4752
4752
4752
4752
341
4753
4753
4753
4753
4753
4753
341
4754
4754
341
4755
4755
4755
4755
341
342
4757
4757
342
4758
4758
4758
342
4759
4759
4759
4759
342
4760
4760
342
4761
4761
342
4762
4762
342
4763
4763
342
4764
4764
4764
4764
342
4765
4765
4765
4765
4765
4765
342
4766
4766
342
4767
4767
4767
4767
342
4768
4768
343
4769
4769
4769
4769
4769
4769
343
4770
4770
4770
4770
343
4771
4771
4771
4771
4771
4771
343
4772
4772
343
4773
4773
4773
4773
343
4774
343
4775
4775
343
4776
4776
343
4777
4777
343
4778
4778
343
4779
4779
343
4780
4780
344
4781
4781
4781
4781
344
4782
344
4783
4783
344
4784
4784
4784
4784
344
4785
4785
4785
4785
344
4786
4786
4786
4786
344
4787
4787
4787
4787
4787
4787
344
4788
4788
344
4789
4789
4789
4789
344
4790
4790
344
4791
4791
344
345
4793
4793
4793
4793
4793
345
4794
4794
4794
4794
345
4795
4795
4795
4795
345
4796
4796
345
4797
4797
345
4798
4798
345
4799
4799
345
4800
4800
345
4801
4801
4801
4801
4801
4801
345
4802
4802
345
4803
4803
345
4804
4804
346
4805
4805
4805
4805
346
4806
4806
4806
4806
346
4807
4807
4807
4807
346
346
4809
4809
4809
4809
346
4810
4810
4810
4810
346
4811
346
4812
4812
346
4813
4813
4813
4813
4813
4813
346
4814
4814
346
4815
4815
4815
4815
346
347
4817
4817
4817
4817
347
4818
4818
4818
4818
347
4819
4819
4819
4819
347
347
4821
347
4822
4822
347
4823
4823
4823
4823
347
4824
4824
4824
4824
347
4825
4825
4825
4825
347
4826
4826
347
4827
4827
4827
4827
4827
4827
347
348
4829
4829
4829
4829
4829
4829
348
4830
4830
4830
4830
348
4831
4831
4831
4831
348
4832
4832
4832
4832
348
4833
4833
4833
4833
4833
348
348
4835
4835
348
4836
4836
348
4837
4837
4837
4837
348
4838
4838
348
4839
4839
348
349
4841
4841
4841
4841
349
4842
4842
349
4843
349
4844
4844
349
4845
4845
4845
4845
349
4846
4846
349
4847
4847
4847
4847
4847
4847
349
4848
4848
349
4849
4849
4849
4849
4849
349
4850
4850
349
4851
4851
349
4852
4852
350
4853
4853
4853
350
4854
4854
350
4855
4855
350
4856
4856
4856
4856
350
4857
4857
4857
4857
350
4858
4858
4858
4858
350
4859
4859
4859
4859
350
4860
4860
4860
4860
350
4861
4861
4861
4861
4861
350
350
4863
4863
350
351
4865
4865
4865
4865
351
4866
4866
4866
4866
351
4867
4867
4867
351
351
4869
4869
4869
4869
351
4870
4870
4870
4870
351
4871
4871
4871
4871
4871
351
4872
4872
351
4873
4873
351
4874
4874
351
4875
4875
4875
4875
351
352
4877
4877
4877
4877
4877
4877
352
4878
4878
4878
4878
352
4879
4879
4879
4879
352
4880
4880
352
4881
352
4882
4882
352
4883
4883
4883
4883
4883
352
4884
4884
352
4885
4885
4885
4885
352
4886
4886
352
4887
4887
352
353
4889
4889
4889
4889
4889
4889
353
4890
4890
4890
353
4891
4891
353
4892
4892
4892
353
4893
4893
4893
4893
353
353
4895
4895
353
4896
4896
353
4897
4897
4897
4897
4897
4897
353
4898
4898
353
4899
4899
353
4900
4900
354
4901
4901
4901
354
4902
4902
354
4903
4903
354
4904
4904
354
4905
4905
354
4906
4906
4906
4906
354
4907
4907
4907
4907
354
4908
4908
354
4909
4909
4909
4909
354
4910
4910
4910
354
4911
4911
4911
4911
4911
4911
354
355
4913
4913
4913
4913
4913
4913
355
4914
4914
4914
355
4915
4915
4915
4915
355
4916
4916
355
4917
4917
4917
4917
4917
4917
355
4918
4918
355
4919
4919
4919
4919
355
4920
4920
355
4921
4921
355
4922
355
4923
4923
355
356
4925
4925
4925
4925
4925
4925
356
4926
4926
4926
356
4927
4927
356
4928
4928
4928
356
4929
4929
356
4930
4930
356
4931
4931
356
4932
4932
356
4933
4933
4933
4933
4933
4933
356
4934
4934
356
4935
4935
4935
4935
356
357
4937
4937
4937
4937
4937
4937
357
4938
4938
4938
4938
357
4939
4939
4939
4939
357
4940
4940
357
4941
357
4942
4942
357
4943
4943
357
4944
4944
357
4945
4945
4945
4945
4945
357
4946
4946
357
4947
4947
357
4948
4948
358
4949
4949
358
4950
4950
4950
4950
358
4951
4951
4951
4951
358
4952
4952
358
4953
4953
4953
4953
4953
358
4954
4954
358
4955
4955
4955
4955
4955
4955
358
4956
4956
358
4957
358
4958
4958
358
4959
4959
358
4960
4960
359
4961
4961
4961
4961
4961
4961
359
4962
4962
4962
4962
359
4963
4963
4963
4963
359
4964
4964
359
4965
4965
4965
4965
4965
359
4966
4966
359
4967
4967
4967
359
359
4969
4969
4969
4969
359
359
4971
4971
4971
4971
359
360
4973
4973
4973
4973
360
4974
4974
4974
4974
360
4975
360
4976
4976
360
4977
4977
4977
4977
4977
360
4978
4978
4978
4978
360
4979
4979
4979
4979
4979
4979
360
360
4981
4981
4981
4981
360
4982
4982
360
4983
4983
360
361
4985
4985
4985
4985
4985
4985
361
4986
4986
4986
361
4987
4987
4987
361
4988
361
4989
4989
4989
4989
4989
4989
361
4990
4990
361
4991
4991
361
4992
4992
361
4993
4993
4993
4993
361
4994
4994
361
4995
4995
361
362
4997
4997
4997
4997
362
4998
362
4999
4999
362
5000
5000
5000
362
5001
5001
5001
5001
5001
362
5002
5002
362
5003
5003
362
5004
5004
362
5005
5005
5005
5005
5005
5005
362
5006
5006
362
5007
5007
5007
5007
362
363
5009
5009
5009
5009
363
5010
5010
363
5011
5011
5011
5011
363
5012
5012
363
5013
5013
5013
363
5014
5014
5014
363
5015
5015
363
363
5017
5017
5017
5017
5017
363
5018
5018
363
5019
5019
5019
5019
5019
5019
363
364
5021
5021
5021
5021
364
5022
5022
5022
5022
364
5023
5023
5023
5023
364
5024
5024
5024
5024
364
5025
5025
5025
5025
364
5026
5026
5026
364
5027
5027
5027
364
5028
364
5029
5029
364
5030
5030
364
5031
5031
364
365
5033
5033
5033
5033
5033
5033
365
5034
5034
5034
5034
365
5035
5035
5035
5035
5035
365
5036
5036
365
5037
5037
5037
5037
365
5038
5038
365
5039
5039
365
5040
365
5041
5041
5041
5041
365
5042
5042
365
5043
365
366
5045
5045
5045
5045
366
5046
5046
5046
5046
366
5047
5047
5047
5047
366
366
5049
5049
5049
366
5050
5050
5050
5050
366
5051
5051
366
366
5053
5053
5053
5053
366
5054
5054
366
5055
5055
5055
5055
366
5056
5056
367
5057
5057
5057
5057
367
5058
5058
367
5059
5059
5059
5059
367
367
5061
5061
5061
367
5062
5062
5062
5062
367
5063
5063
367
367
5065
5065
367
5066
5066
5066
5066
367
5067
5067
5067
5067
367
5068
5068
368
5069
5069
368
5070
5070
5070
5070
368
5071
368
5072
5072
368
5073
5073
5073
5073
368
5074
5074
368
5075
5075
368
5076
5076
368
5077
5077
368
5078
5078
5078
5078
368
5079
5079
5079
5079
5079
5079
368
369
5081
5081
5081
5081
5081
5081
369
5082
5082
5082
369
5083
5083
5083
5083
369
5084
5084
369
5085
5085
5085
369
369
5087
5087
369
5088
5088
369
5089
5089
5089
5089
5089
5089
369
5090
5090
369
5091
5091
5091
369
370
5093
5093
370
5094
5094
5094
370
5095
5095
5095
5095
5095
5095
370
5096
5096
5096
370
5097
5097
5097
5097
5097
5097
370
5098
5098
370
5099
5099
5099
370
370
5101
5101
370
5102
5102
370
5103
5103
370
5104
5104
371
5105
5105
5105
5105
5105
371
5106
5106
5106
5106
371
5107
5107
5107
5107
5107
5107
371
5108
5108
371
5109
5109
371
5110
5110
371
5111
5111
5111
5111
371
5112
5112
371
5113
5113
371
5114
5114
371
5115
5115
371
372
5117
5117
372
5118
5118
5118
5118
372
5119
5119
5119
372
5120
5120
372
5121
5121
372
5122
5122
372
5123
5123
372
5124
5124
5124
372
5125
5125
5125
5125
5125
5125
372
5126
5126
372
5127
5127
5127
372
5128
5128
373
5129
5129
5129
5129
5129
5129
373
5130
5130
5130
5130
373
5131
5131
5131
373
5132
5132
373
5133
5133
5133
5133
5133
373
5134
5134
373
5135
5135
5135
5135
373
5136
373
5137
5137
5137
5137
373
373
5139
5139
373
374
5141
5141
5141
5141
5141
374
5142
5142
5142
5142
374
5143
5143
5143
5143
5143
5143
374
5144
5144
374
5145
5145
5145
5145
374
5146
5146
374
5147
5147
5147
5147
374
374
5149
5149
374
5150
5150
374
5151
5151
374
375
5153
5153
5153
375
5154
5154
5154
5154
375
5155
5155
5155
5155
375
5156
5156
5156
5156
375
5157
5157
5157
5157
375
375
5159
5159
375
5160
5160
375
5161
5161
5161
5161
5161
5161
375
5162
375
5163
5163
5163
5163
375
376
5165
5165
376
5166
5166
5166
376
5167
5167
376
5168
5168
376
5169
5169
5169
5169
376
5170
5170
376
5171
5171
376
5172
5172
5172
376
5173
5173
5173
5173
5173
5173
376
5174
5174
376
5175
5175
5175
5175
376
5176
5176
377
5177
5177
5177
5177
5177
377
5178
5178
5178
5178
377
5179
5179
5179
5179
5179
5179
377
5180
5180
377
5181
5181
5181
5181
377
5182
5182
377
5183
5183
5183
5183
377
377
5185
5185
5185
5185
377
5186
377
5187
5187
377
378
5189
5189
5189
5189
5189
5189
378
5190
5190
5190
378
5191
5191
378
5192
5192
5192
5192
378
5193
5193
5193
5193
378
378
5195
5195
378
5196
378
5197
5197
5197
5197
5197
5197
378
5198
5198
378
5199
5199
378
5200
5200
379
5201
5201
5201
5201
379
5202
5202
5202
5202
379
5203
5203
379
5204
5204
379
5205
379
5206
5206
379
5207
5207
379
5208
5208
5208
5208
379
5209
5209
5209
5209
379
5210
5210
5210
5210
379
5211
5211
5211
5211
5211
379
380
5213
5213
5213
5213
380
5214
5214
5214
5214
380
5215
5215
5215
5215
380
380
5217
5217
5217
380
5218
5218
5218
5218
380
5219
380
5220
5220
380
5221
5221
5221
5221
5221
5221
380
5222
5222
380
5223
5223
5223
5223
380
381
5225
381
5226
5226
5226
5226
381
5227
5227
381
5228
5228
381
5229
5229
381
5230
5230
5230
5230
381
5231
5231
5231
5231
381
5232
5232
381
5233
5233
5233
5233
5233
5233
381
5234
5234
381
5235
5235
5235
381
5236
5236
382
5237
5237
5237
5237
5237
382
5238
5238
5238
5238
382
5239
5239
5239
5239
5239
5239
382
5240
5240
382
5241
5241
5241
5241
382
5242
5242
382
5243
5243
382
5244
5244
382
5245
5245
5245
5245
382
5246
5246
382
5247
382
383
5249
5249
5249
5249
383
5250
5250
5250
5250
383
5251
5251
5251
5251
383
5252
5252
5252
5252
383
5253
5253
5253
383
383
5255
5255
5255
5255
5255
383
5256
5256
383
5257
5257
383
5258
5258
383
5259
5259
5259
5259
383
384
5261
5261
5261
5261
384
5262
5262
384
5263
384
5264
5264
384
5265
5265
384
5266
5266
5266
5266
384
5267
5267
5267
5267
384
5268
5268
384
5269
5269
5269
384
5270
5270
5270
5270
384
5271
5271
5271
5271
5271
5271
384
385
5273
5273
5273
5273
385
5274
5274
5274
5274
385
5275
5275
5275
5275
385
5276
5276
5276
5276
385
5277
5277
5277
5277
5277
5277
385
5278
5278
385
5279
5279
5279
385
5280
5280
385
5281
5281
5281
5281
385
385
5283
385
386
5285
5285
5285
5285
5285
5285
386
5286
5286
5286
5286
386
5287
5287
5287
5287
386
5288
5288
386
5289
5289
5289
5289
5289
386
5290
5290
386
5291
5291
5291
386
386
5293
5293
5293
5293
386
5294
5294
386
5295
5295
386
387
5297
5297
5297
5297
387
5298
5298
5298
5298
387
5299
5299
387
5300
5300
387
5301
5301
5301
5301
5301
5301
387
5302
387
5303
5303
387
5304
5304
387
5305
5305
5305
5305
5305
387
5306
5306
387
5307
5307
387
5308
388
5309
5309
5309
5309
388
5310
5310
5310
5310
388
5311
5311
5311
5311
388
388
5313
5313
5313
5313
388
5314
5314
5314
388
5315
5315
388
5316
5316
388
5317
5317
5317
5317
5317
388
5318
5318
388
5319
5319
5319
388
389
5321
5321
5321
5321
389
5322
5322
5322
5322
389
5323
5323
5323
5323
389
389
5325
5325
389
5326
5326
389
5327
5327
5327
5327
389
5328
5328
5328
389
5329
5329
5329
389
5330
5330
389
5331
5331
5331
5331
5331
389
390
5333
5333
5333
5333
390
5334
5334
5334
5334
390
5335
5335
5335
5335
5335
5335
390
5336
390
5337
5337
5337
5337
5337
390
5338
5338
390
5339
5339
5339
5339
390
5340
390
5341
5341
5341
5341
390
390
5343
5343
390
391
5345
5345
5345
5345
5345
5345
391
5346
5346
5346
5346
391
5347
5347
5347
391
5348
5348
391
5349
5349
5349
5349
5349
5349
391
5350
391
5351
5351
5351
5351
391
391
5353
5353
5353
5353
391
5354
5354
391
5355
391
392
5357
5357
5357
5357
5357
392
5358
5358
5358
5358
392
5359
5359
392
5360
5360
5360
392
5361
5361
392
5362
5362
392
5363
5363
5363
5363
392
5364
5364
392
5365
5365
392
5366
5366
392
5367
5367
5367
5367
5367
392
393
5369
5369
5369
5369
393
5370
5370
5370
393
5371
5371
5371
5371
393
5372
5372
5372
393
5373
5373
5373
5373
393
393
5375
5375
393
393
5377
5377
5377
5377
393
5378
5378
5378
5378
393
5379
5379
5379
5379
5379
393
394
5381
5381
5381
5381
394
5382
5382
5382
394
5383
5383
5383
5383
5383
5383
394
5384
5384
5384
5384
394
5385
5385
5385
394
5386
5386
394
5387
5387
5387
5387
394
394
5389
394
394
5391
5391
5391
5391
5391
5391
394
395
5393
5393
395
5394
5394
5394
5394
395
5395
5395
5395
5395
5395
5395
395
5396
5396
5396
5396
395
5397
5397
5397
5397
395
5398
5398
395
5399
5399
5399
5399
5399
395
395
5401
5401
5401
5401
395
5402
5402
395
5403
5403
395
396
5405
5405
5405
5405
5405
5405
396
5406
5406
5406
5406
396
5407
5407
5407
5407
5407
5407
396
5408
5408
396
5409
5409
5409
5409
396
5410
5410
396
5411
5411
5411
5411
396
396
5413
396
5414
5414
396
5415
5415
5415
5415
396
397
5417
5417
5417
5417
397
5418
5418
5418
5418
397
5419
5419
5419
5419
5419
5419
397
5420
5420
397
5421
5421
5421
5421
397
5422
5422
397
5423
397
397
5425
5425
397
5426
5426
5426
5426
397
5427
5427
5427
5427
397
5428
5428
398
5429
5429
5429
5429
398
5430
5430
5430
5430
398
5431
5431
5431
5431
398
5432
5432
5432
5432
398
5433
5433
5433
5433
5433
398
5434
5434
398
5435
5435
5435
5435
398
5436
5436
398
5437
5437
398
5438
5438
398
5439
5439
398
399
5441
5441
399
5442
5442
5442
399
5443
5443
5443
5443
399
5444
5444
399
5445
5445
5445
5445
5445
5445
399
5446
399
5447
5447
5447
5447
5447
5447
399
5448
5448
399
5449
5449
5449
5449
399
5450
5450
399
5451
5451
399
400
5453
5453
5453
5453
5453
5453
400
5454
5454
5454
400
5455
5455
5455
5455
400
5456
5456
5456
5456
400
5457
5457
5457
5457
5457
5457
400
400
5459
5459
5459
400
5460
5460
400
5461
5461
400
5462
5462
400
5463
5463
400
401
5465
5465
5465
401
5466
5466
401
5467
5467
401
5468
5468
5468
5468
401
5469
5469
5469
5469
401
5470
5470
5470
401
5471
5471
5471
5471
5471
5471
401
5472
5472
401
5473
5473
5473
5473
401
5474
5474
401
5475
5475
401
402
5477
5477
5477
402
5478
5478
402
5479
5479
5479
5479
5479
5479
402
5480
5480
5480
402
5481
5481
402
5482
5482
5482
5482
402
5483
5483
5483
5483
402
5484
5484
402
5485
5485
5485
5485
402
5486
5486
402
5487
5487
402
403
5489
5489
5489
5489
5489
403
5490
5490
5490
5490
403
5491
5491
5491
5491
5491
5491
403
5492
5492
403
5493
5493
5493
5493
403
5494
5494
403
5495
5495
5495
5495
5495
5495
403
5496
5496
403
5497
5497
5497
403
5498
5498
403
5499
5499
403
404
5501
5501
5501
5501
5501
5501
404
5502
5502
5502
5502
404
5503
5503
5503
5503
5503
5503
404
5504
5504
404
5505
5505
5505
404
5506
5506
404
5507
5507
404
5508
5508
404
5509
5509
5509
5509
5509
404
5510
5510
404
5511
5511
5511
5511
404
405
5513
5513
5513
5513
5513
405
5514
5514
5514
5514
405
5515
5515
5515
405
5516
5516
5516
5516
405
5517
5517
405
5518
5518
405
5519
5519
5519
5519
405
405
5521
5521
5521
5521
5521
5521
405
5522
5522
405
5523
5523
5523
5523
405
5524
5524
406
5525
5525
5525
5525
406
5526
5526
406
5527
5527
5527
406
5528
5528
406
5529
5529
406
5530
5530
5530
5530
406
5531
5531
5531
406
5532
5532
5532
5532
406
5533
5533
5533
5533
5533
5533
406
5534
5534
406
5535
5535
5535
5535
5535
5535
406
407
5537
5537
5537
5537
407
5538
5538
5538
5538
407
5539
5539
5539
5539
5539
5539
407
5540
5540
407
5541
5541
5541
5541
407
5542
5542
407
5543
5543
407
5544
407
5545
5545
5545
5545
407
407
5547
5547
407
408
5549
5549
5549
5549
408
5550
5550
5550
5550
408
5551
5551
408
5552
5552
5552
408
5553
5553
408
408
5555
5555
408
5556
5556
408
5557
5557
408
5558
5558
5558
5558
408
5559
5559
5559
5559
408
5560
5560
409
5561
5561
5561
5561
5561
5561
409
5562
5562
5562
5562
409
5563
5563
5563
5563
409
5564
5564
409
5565
5565
5565
409
409
5567
5567
409
5568
5568
409
5569
5569
409
5570
5570
409
5571
5571
5571
5571
409
410
5573
5573
5573
5573
410
5574
5574
410
5575
5575
5575
410
410
5577
5577
410
5578
5578
410
5579
5579
5579
5579
410
5580
5580
410
5581
5581
5581
5581
5581
5581
410
5582
5582
410
5583
5583
410
5584
5584
411
5585
5585
5585
411
5586
5586
5586
5586
411
5587
5587
5587
411
5588
5588
411
5589
5589
411
5590
5590
411
5591
411
5592
5592
411
5593
5593
5593
5593
411
5594
411
5595
5595
411
412
5597
412
5598
5598
5598
5598
412
5599
5599
5599
5599
412
5600
5600
5600
412
5601
5601
5601
5601
412
5602
412
5603
5603
412
412
5605
5605
412
5606
5606
412
5607
5607
5607
412
413
5609
5609
5609
413
5610
5610
413
5611
5611
5611
5611
5611
5611
413
5612
5612
5612
413
5613
5613
413
5614
5614
5614
5614
413
5615
5615
5615
5615
413
5616
5616
413
5617
5617
413
5618
5618
413
5619
5619
5619
5619
413
414
5621
5621
5621
414
5622
5622
414
5623
5623
414
5624
5624
414
5625
5625
414
5626
5626
5626
5626
414
5627
5627
5627
5627
414
5628
5628
414
5629
5629
5629
5629
414
5630
5630
5630
414
5631
5631
5631
5631
5631
5631
414
415
5633
5633
5633
415
5634
5634
5634
415
5635
5635
5635
5635
5635
5635
415
5636
5636
5636
5636
415
5637
5637
5637
415
5638
5638
415
5639
5639
5639
5639
415
415
5641
5641
5641
5641
415
5642
5642
415
5643
5643
415
416
5645
5645
5645
5645
5645
5645
416
5646
5646
5646
5646
416
5647
5647
5647
5647
5647
416
5648
5648
416
5649
5649
416
5650
5650
5650
416
5651
5651
416
5652
5652
416
5653
5653
5653
416
416
5655
5655
416
5656
5656
417
5657
5657
5657
5657
417
5658
5658
417
5659
5659
417
5660
417
5661
5661
5661
5661
5661
417
5662
5662
5662
5662
417
5663
5663
5663
417
417
5665
5665
5665
5665
5665
5665
417
5666
5666
417
5667
5667
417
5668
5668
418
5669
5669
5669
5669
418
5670
5670
5670
5670
418
5671
5671
418
5672
5672
418
5673
5673
5673
5673
5673
5673
418
5674
5674
418
5675
5675
5675
5675
5675
418
5676
5676
418
5677
5677
5677
418
5678
418
5679
5679
418
419
5681
5681
5681
5681
5681
5681
419
5682
5682
5682
419
5683
5683
5683
5683
419
5684
5684
419
5685
5685
419
5686
5686
5686
5686
419
5687
5687
5687
5687
419
5688
5688
419
5689
5689
5689
5689
419
5690
5690
419
5691
5691
419
420
5693
5693
5693
5693
420
5694
5694
5694
420
5695
5695
5695
5695
420
420
5697
5697
5697
5697
420
5698
5698
5698
5698
420
5699
5699
5699
5699
5699
5699
420
5700
5700
420
5701
5701
5701
5701
420
5702
5702
420
5703
5703
420
421
5705
5705
421
5706
5706
5706
5706
421
5707
5707
421
5708
5708
421
5709
5709
421
5710
5710
5710
421
5711
5711
5711
5711
421
5712
5712
5712
5712
421
5713
5713
5713
5713
5713
5713
421
5714
5714
421
5715
5715
5715
5715
421
422
5717
5717
5717
5717
422
5718
5718
5718
422
5719
5719
5719
5719
5719
5719
422
5720
5720
422
5721
5721
422
5722
5722
422
5723
5723
422
5724
5724
422
5725
5725
5725
5725
5725
5725
422
5726
5726
422
5727
5727
422
5728
5728
423
5729
5729
5729
5729
423
5730
5730
5730
423
5731
5731
5731
5731
5731
423
5732
5732
5732
5732
423
5733
5733
5733
5733
5733
5733
423
423
5735
5735
5735
423
5736
5736
423
5737
423
5738
5738
423
5739
5739
423
424
5741
5741
5741
5741
424
5742
5742
5742
424
5743
5743
5743
5743
5743
424
5744
5744
424
5745
5745
5745
5745
5745
424
5746
5746
424
5747
5747
5747
5747
424
5748
5748
424
5749
5749
424
5750
5750
424
5751
424
425
5753
5753
425
5754
5754
5754
425
5755
425
5756
5756
425
5757
5757
425
5758
5758
5758
425
5759
5759
5759
5759
425
5760
5760
5760
5760
425
5761
5761
5761
5761
425
5762
5762
425
5763
5763
5763
5763
5763
425
426
5765
426
5766
5766
5766
5766
426
5767
5767
426
5768
426
5769
5769
5769
5769
426
5770
426
5771
5771
5771
5771
5771
5771
426
5772
5772
426
5773
5773
5773
5773
5773
426
5774
5774
426
5775
5775
426
5776
5776
427
5777
5777
5777
427
5778
5778
427
5779
5779
427
5780
5780
5780
5780
427
5781
5781
5781
5781
5781
5781
427
5782
5782
5782
5782
427
5783
5783
5783
5783
427
5784
5784
427
5785
5785
427
5786
5786
427
5787
5787
5787
5787
427
428
5789
5789
5789
5789
5789
5789
428
5790
5790
5790
5790
428
5791
5791
5791
5791
428
5792
5792
428
5793
5793
5793
5793
428
5794
5794
5794
5794
428
5795
5795
5795
5795
5795
5795
428
428
5797
5797
5797
428
428
5799
5799
428
429
5801
5801
5801
5801
5801
5801
429
5802
5802
5802
5802
429
5803
5803
429
5804
5804
5804
429
5805
5805
5805
5805
429
5806
5806
429
5807
5807
429
429
5809
5809
5809
5809
5809
5809
429
5810
5810
429
5811
5811
5811
5811
429
430
5813
5813
5813
5813
430
5814
5814
5814
5814
430
5815
5815
5815
5815
430
5816
5816
5816
5816
430
5817
5817
5817
430
430
5819
5819
430
430
5821
5821
5821
5821
430
5822
5822
5822
5822
430
5823
5823
5823
5823
5823
5823
430
431
5825
5825
431
5826
5826
5826
5826
431
5827
5827
5827
5827
431
5828
5828
431
5829
5829
5829
5829
5829
431
5830
5830
431
5831
5831
5831
5831
5831
5831
431
5832
5832
431
5833
5833
5833
5833
431
5834
5834
431
5835
431
432
5837
5837
5837
5837
5837
5837
432
5838
5838
5838
5838
432
5839
5839
5839
5839
5839
432
5840
5840
432
5841
5841
5841
5841
432
5842
5842
432
5843
5843
5843
5843
432
432
5845
432
5846
5846
432
5847
5847
5847
5847
432
433
5849
5849
5849
5849
433
5850
5850
433
5851
5851
5851
5851
5851
5851
433
5852
5852
5852
5852
433
5853
433
5854
5854
433
5855
5855
5855
5855
433
433
5857
5857
5857
5857
5857
433
5858
5858
433
5859
5859
433
5860
5860
434
5861
5861
434
5862
5862
5862
5862
434
5863
434
5864
5864
434
5865
5865
434
5866
5866
5866
5866
434
5867
5867
5867
5867
434
5868
5868
5868
5868
434
5869
5869
5869
5869
5869
434
5870
5870
434
5871
5871
5871
5871
434
435
5873
5873
5873
5873
435
5874
5874
5874
5874
435
5875
5875
5875
5875
5875
5875
435
5876
5876
435
5877
5877
5877
5877
435
5878
5878
435
5879
5879
5879
435
5880
5880
435
5881
5881
5881
5881
435
435
5883
5883
435
436
5885
5885
5885
5885
5885
436
5886
5886
5886
5886
436
5887
5887
5887
5887
5887
5887
436
5888
5888
436
5889
5889
5889
5889
436
5890
5890
436
5891
5891
5891
5891
436
5892
5892
436
5893
5893
436
5894
436
5895
436
437
5897
5897
5897
5897
437
5898
5898
437
5899
5899
437
5900
5900
5900
437
5901
5901
5901
437
5902
5902
5902
5902
437
5903
5903
5903
5903
437
5904
5904
5904
5904
437
5905
5905
5905
5905
5905
5905
437
437
5907
437
438
5909
5909
5909
5909
438
5910
5910
438
5911
5911
5911
5911
438
5912
5912
5912
5912
438
5913
5913
5913
438
5914
5914
438
5915
5915
5915
5915
5915
5915
438
5916
5916
438
5917
5917
438
438
5919
5919
438
5920
5920
439
5921
5921
5921
5921
5921
5921
439
5922
5922
5922
5922
439
5923
5923
5923
5923
5923
5923
439
5924
439
5925
5925
5925
5925
439
5926
439
5927
5927
439
5928
5928
439
5929
439
5930
5930
439
5931
5931
5931
5931
439
440
5933
5933
5933
5933
5933
440
5934
5934
5934
5934
440
5935
5935
5935
5935
5935
440
5936
5936
440
5937
5937
5937
5937
440
5938
5938
440
5939
5939
5939
5939
440
5940
440
5941
5941
5941
5941
440
440
5943
5943
440
441
5945
5945
441
5946
5946
5946
441
5947
5947
5947
5947
441
5948
5948
5948
441
5949
5949
441
441
5951
5951
5951
5951
441
5952
5952
441
5953
5953
5953
5953
441
5954
5954
5954
5954
441
5955
5955
5955
5955
5955
441
442
5957
5957
5957
5957
442
5958
5958
5958
442
5959
442
5960
5960
442
5961
5961
442
5962
442
5963
5963
442
5964
5964
5964
5964
442
5965
5965
5965
5965
5965
5965
442
5966
5966
442
5967
5967
5967
5967
442
5968
5968
443
5969
5969
5969
5969
5969
5969
443
5970
5970
5970
443
5971
5971
5971
5971
5971
5971
443
5972
5972
443
5973
5973
443
5974
5974
5974
443
5975
5975
5975
443
443
5977
5977
5977
5977
443
5978
5978
443
5979
5979
443
444
5981
5981
5981
5981
5981
5981
444
5982
5982
5982
444
5983
5983
5983
5983
5983
5983
444
5984
5984
444
5985
5985
5985
444
5986
5986
444
5987
5987
444
5988
5988
444
5989
5989
444
5990
5990
444
5991
5991
5991
444
445
5993
5993
5993
5993
5993
5993
445
5994
5994
5994
445
5995
5995
5995
5995
445
5996
5996
445
5997
5997
5997
445
445
5999
5999
5999
5999
5999
5999
445
6000
6000
445
6001
6001
6001
445
6002
6002
445
6003
6003
445
446
6005
6005
446
6006
6006
6006
446
6007
6007
446
6008
6008
446
6009
6009
6009
6009
6009
6009
446
6010
6010
6010
446
6011
6011
6011
446
446
6013
6013
6013
6013
6013
6013
446
6014
6014
446
6015
6015
446
6016
6016
447
6017
6017
6017
6017
447
6018
6018
6018
6018
447
6019
6019
6019
6019
447
6020
6020
6020
6020
447
6021
6021
6021
6021
6021
447
6022
6022
447
6023
6023
6023
6023
447
6024
447
6025
6025
447
6026
6026
447
6027
447
448
6029
6029
6029
6029
6029
6029
448
6030
6030
6030
448
6031
6031
6031
6031
448
6032
6032
448
6033
6033
6033
6033
448
6034
6034
6034
6034
448
6035
6035
6035
6035
448
448
6037
6037
448
6038
6038
448
6039
6039
448
449
6041
6041
6041
6041
449
6042
6042
6042
6042
449
6043
6043
6043
6043
6043
6043
449
6044
449
6045
6045
6045
6045
449
6046
6046
449
6047
6047
6047
6047
449
449
6049
6049
6049
6049
449
6050
6050
449
6051
6051
449
450
6053
6053
6053
6053
450
6054
6054
6054
6054
450
6055
6055
6055
6055
6055
450
6056
6056
450
6057
450
6058
6058
450
6059
6059
6059
6059
6059
6059
450
6060
450
6061
6061
450
6062
6062
450
6063
6063
450
6064
6064
451
6065
6065
6065
6065
451
6066
6066
451
6067
451
6068
6068
6068
451
6069
6069
451
6070
6070
451
6071
6071
6071
451
6072
6072
6072
6072
451
6073
6073
6073
451
6074
6074
451
6075
6075
6075
6075
6075
6075
451
452
6077
6077
6077
6077
452
6078
6078
452
6079
452
6080
6080
6080
6080
452
6081
6081
6081
6081
452
6082
6082
6082
6082
452
6083
6083
6083
6083
6083
452
6084
6084
452
6085
6085
452
6086
6086
452
6087
6087
452
453
6089
453
6090
6090
6090
6090
453
6091
6091
6091
453
6092
6092
6092
6092
453
6093
6093
6093
6093
453
6094
6094
453
6095
6095
6095
6095
453
6096
6096
453
6097
6097
453
6098
6098
453
6099
6099
453
454
6101
6101
6101
6101
454
6102
6102
6102
6102
454
6103
6103
6103
6103
6103
6103
454
6104
6104
454
6105
6105
6105
454
454
6107
6107
6107
6107
454
454
6109
6109
6109
454
6110
6110
454
6111
6111
454
455
6113
6113
6113
455
6114
6114
6114
6114
455
6115
6115
455
6116
455
6117
6117
455
6118
6118
455
6119
6119
6119
6119
6119
455
6120
455
6121
6121
455
6122
6122
6122
455
6123
6123
6123
455
6124
6124
456
6125
6125
6125
456
6126
6126
6126
6126
456
6127
6127
6127
6127
456
6128
6128
6128
456
6129
6129
6129
456
456
6131
6131
456
456
6133
6133
6133
6133
6133
456
6134
456
6135
6135
6135
456
6136
6136
457
6137
6137
6137
6137
6137
6137
457
6138
6138
6138
6138
457
6139
6139
6139
6139
6139
457
6140
6140
457
6141
6141
6141
6141
457
6142
6142
457
6143
6143
6143
6143
457
6144
6144
457
6145
6145
457
6146
6146
457
6147
457
458
6149
6149
6149
6149
6149
458
6150
6150
6150
6150
458
6151
6151
6151
6151
458
6152
6152
458
6153
6153
6153
6153
6153
6153
458
6154
6154
458
6155
6155
6155
6155
458
458
6157
6157
6157
6157
458
6158
6158
458
6159
458
459
6161
6161
6161
6161
459
6162
6162
6162
6162
459
6163
459
6164
6164
459
6165
6165
6165
6165
6165
6165
459
6166
6166
459
6167
6167
6167
6167
6167
459
6168
6168
459
6169
6169
459
6170
6170
459
6171
6171
459
6172
6172
460
6173
6173
6173
6173
460
6174
6174
6174
6174
460
6175
6175
460
6176
6176
460
6177
460
6178
6178
460
6179
6179
6179
6179
6179
460
6180
6180
460
6181
6181
460
6182
6182
6182
6182
460
6183
6183
6183
6183
460
6184
6184
461
6185
6185
6185
6185
461
6186
6186
6186
461
6187
6187
6187
461
6188
6188
6188
6188
461
6189
6189
6189
6189
461
6190
6190
6190
6190
461
6191
6191
6191
6191
6191
6191
461
461
6193
6193
461
6194
6194
461
6195
6195
461
462
6197
6197
6197
6197
462
6198
6198
6198
462
6199
6199
6199
6199
6199
6199
462
6200
6200
6200
6200
462
6201
6201
6201
6201
462
6202
6202
462
6203
6203
6203
6203
462
6204
462
6205
6205
6205
6205
462
462
6207
6207
462
463
6209
6209
6209
6209
463
6210
6210
6210
463
6211
6211
6211
6211
463
6212
6212
6212
6212
463
6213
6213
6213
6213
463
463
6215
6215
463
6216
463
6217
6217
6217
6217
463
6218
6218
463
6219
6219
6219
6219
6219
6219
463
464
6221
6221
464
6222
6222
6222
6222
464
6223
6223
6223
6223
464
6224
464
6225
6225
464
6226
464
6227
6227
464
6228
6228
6228
6228
464
6229
6229
6229
6229
6229
6229
464
6230
6230
464
6231
6231
6231
6231
464
6232
6232
465
6233
6233
6233
6233
6233
6233
465
6234
6234
6234
6234
465
6235
6235
6235
6235
6235
6235
465
6236
6236
465
6237
6237
6237
6237
465
6238
6238
465
6239
6239
6239
465
6240
6240
465
6241
6241
6241
6241
465
465
6243
6243
465
466
6245
6245
6245
6245
6245
6245
466
6246
6246
6246
6246
466
6247
6247
6247
6247
6247
6247
466
6248
6248
466
6249
6249
6249
466
6250
6250
466
6251
6251
6251
6251
466
6252
6252
466
6253
6253
466
6254
6254
466
6255
6255
466
467
6257
6257
6257
6257
467
6258
6258
467
6259
6259
467
6260
6260
467
6261
6261
6261
467
6262
6262
467
6263
6263
6263
6263
6263
6263
467
6264
6264
467
6265
6265
6265
6265
6265
6265
467
6266
6266
467
6267
6267
467
6268
6268
468
6269
6269
6269
6269
6269
6269
468
6270
6270
6270
6270
468
6271
6271
468
6272
6272
6272
6272
468
6273
6273
6273
6273
468
6274
6274
468
6275
6275
468
468
6277
6277
6277
6277
6277
6277
468
6278
6278
468
6279
6279
6279
468
469
6281
6281
6281
6281
469
6282
6282
6282
6282
469
6283
6283
6283
6283
469
6284
6284
6284
6284
469
6285
6285
6285
6285
469
6286
469
6287
6287
6287
6287
469
6288
6288
469
6289
6289
469
6290
6290
469
6291
6291
469
470
6293
6293
6293
6293
6293
6293
470
6294
6294
6294
470
6295
6295
6295
6295
470
6296
6296
470
6297
6297
6297
6297
470
6298
6298
6298
6298
470
6299
6299
6299
6299
6299
470
470
6301
6301
6301
6301
470
470
6303
470
471
6305
6305
6305
6305
471
6306
6306
471
6307
6307
6307
6307
6307
471
6308
6308
6308
6308
471
6309
6309
471
6310
6310
6310
6310
471
6311
6311
6311
6311
471
6312
471
6313
6313
6313
6313
471
6314
6314
471
6315
471
472
6317
6317
6317
6317
472
6318
6318
6318
6318
472
6319
6319
6319
6319
472
6320
6320
6320
472
6321
6321
6321
6321
472
6322
6322
472
6323
6323
6323
6323
472
472
6325
6325
472
6326
6326
472
6327
6327
6327
6327
472
473
6329
6329
473
6330
6330
6330
6330
473
6331
6331
6331
6331
473
6332
473
6333
6333
6333
6333
6333
6333
473
6334
6334
6334
473
6335
6335
6335
6335
6335
473
473
6337
6337
473
6338
473
6339
6339
473
6340
6340
474
6341
6341
474
6342
6342
6342
474
6343
6343
474
6344
6344
474
6345
6345
6345
6345
6345
474
6346
6346
6346
474
6347
6347
474
6348
6348
474
6349
6349
6349
6349
6349
474
6350
6350
474
6351
6351
6351
6351
474
475
6353
6353
475
6354
6354
6354
475
6355
6355
6355
6355
475
6356
6356
475
6357
6357
475
6358
6358
475
6359
6359
475
6360
6360
6360
475
6361
6361
6361
6361
6361
475
6362
6362
475
6363
6363
6363
6363
475
6364
476
6365
6365
6365
6365
476
6366
476
6367
6367
476
6368
6368
476
6369
6369
6369
6369
6369
476
6370
6370
6370
476
6371
6371
6371
6371
476
476
6373
6373
6373
6373
6373
6373
476
6374
476
6375
6375
476
6376
6376
477
6377
6377
477
6378
6378
6378
477
6379
6379
6379
477
6380
6380
477
6381
6381
6381
6381
6381
6381
477
6382
477
6383
6383
477
6384
6384
477
6385
6385
6385
6385
6385
6385
477
6386
6386
477
6387
477
6388
6388
478
6389
6389
6389
478
6390
6390
478
6391
478
6392
6392
6392
6392
478
6393
6393
6393
478
6394
6394
6394
6394
478
6395
6395
478
478
6397
6397
6397
6397
478
6398
6398
6398
478
6399
6399
6399
6399
6399
6399
478
479
6401
6401
6401
479
6402
6402
6402
6402
479
6403
6403
6403
479
6404
6404
6404
6404
479
6405
6405
6405
479
479
6407
6407
479
479
6409
6409
6409
6409
6409
6409
479
6410
479
6411
6411
6411
6411
479
6412
6412
480
6413
6413
6413
6413
6413
6413
480
6414
6414
6414
480
6415
6415
480
6416
6416
6416
480
6417
6417
6417
480
480
6419
6419
6419
6419
6419
6419
480
6420
6420
480
6421
6421
480
6422
6422
480
6423
480
6424
6424
481
6425
6425
6425
6425
481
6426
6426
6426
6426
481
6427
6427
6427
6427
6427
481
6428
6428
481
6429
6429
6429
6429
481
6430
481
6431
6431
6431
6431
481
6432
481
6433
481
6434
6434
481
6435
6435
481
482
6437
6437
6437
482
6438
6438
6438
6438
482
6439
6439
6439
6439
6439
6439
482
6440
482
6441
6441
6441
6441
482
6442
6442
482
6443
6443
6443
482
482
6445
6445
6445
482
6446
6446
482
6447
6447
482
483
6449
6449
6449
483
6450
6450
6450
6450
483
6451
6451
6451
483
6452
6452
483
6453
6453
6453
483
6454
6454
483
6455
6455
483
483
6457
6457
483
6458
6458
6458
6458
483
6459
6459
6459
6459
483
6460
484
6461
6461
6461
6461
484
6462
6462
6462
6462
484
6463
6463
6463
6463
6463
484
6464
6464
484
6465
484
6466
6466
484
6467
6467
484
6468
6468
484
6469
6469
484
6470
6470
6470
484
6471
6471
484
6472
485
6473
6473
6473
6473
6473
485
6474
6474
6474
485
6475
6475
6475
6475
485
6476
6476
6476
6476
485
6477
6477
6477
6477
485
6478
485
6479
6479
6479
6479
485
485
6481
6481
485
6482
6482
485
6483
6483
6483
6483
485
486
6485
6485
6485
6485
6485
486
6486
6486
6486
486
6487
6487
6487
6487
486
6488
6488
486
6489
6489
6489
6489
6489
486
6490
6490
486
6491
6491
6491
6491
486
6492
6492
486
6493
6493
6493
6493
486
486
6495
6495
486
487
6497
6497
6497
6497
487
6498
6498
6498
6498
487
6499
6499
6499
6499
6499
487
6500
6500
487
6501
6501
6501
6501
487
6502
6502
487
6503
6503
487
487
6505
6505
487
6506
6506
6506
487
6507
6507
6507
6507
487
6508
488
6509
6509
6509
6509
6509
6509
488
6510
6510
6510
488
6511
6511
6511
6511
488
6512
6512
488
6513
6513
488
6514
6514
6514
6514
488
6515
6515
488
488
6517
6517
6517
6517
6517
488
6518
488
6519
6519
6519
6519
488
489
6521
6521
6521
6521
489
6522
6522
6522
6522
489
6523
6523
489
6524
6524
489
6525
6525
489
6526
6526
489
6527
6527
6527
6527
6527
489
6528
6528
489
6529
6529
6529
6529
6529
6529
489
6530
6530
489
6531
6531
489
6532
6532
490
6533
6533
6533
6533
490
6534
6534
490
6535
6535
490
6536
6536
6536
6536
490
6537
6537
6537
6537
490
6538
6538
6538
6538
490
6539
490
6540
6540
490
6541
6541
6541
6541
6541
6541
490
6542
6542
490
6543
6543
6543
6543
490
491
6545
491
6546
6546
6546
6546
491
6547
6547
491
6548
6548
491
6549
6549
6549
6549
6549
6549
491
6550
6550
6550
6550
491
6551
6551
6551
6551
491
491
6553
6553
491
6554
6554
6554
6554
491
6555
6555
6555
6555
491
6556
6556
492
6557
6557
6557
6557
6557
492
6558
6558
6558
6558
492
6559
6559
6559
6559
6559
6559
492
6560
6560
492
6561
6561
6561
6561
492
6562
6562
492
6563
6563
6563
6563
492
6564
6564
492
6565
6565
492
6566
6566
492
6567
6567
492
493
6569
6569
6569
493
6570
6570
493
6571
493
6572
493
6573
493
6574
493
6575
6575
6575
6575
493
6576
6576
493
6577
493
6578
6578
494
6579
6579
6579
6579
6579
494
6580
6580
6580
6580
494
6581
6581
6581
494
6582
6582
494
6583
6583
6583
6583
494
6584
6584
494
6585
6585
494
494
6587
6587
6587
6587
494
6588
6588
494
6589
6589
494
495
6591
6591
6591
6591
495
6592
6592
6592
6592
495
6593
6593
6593
6593
495
495
6595
6595
6595
495
6596
6596
6596
6596
495
6597
495
6598
6598
495
6599
6599
6599
6599
495
6600
6600
495
6601
6601
495
496
6603
6603
496
6604
6604
6604
496
6605
496
6606
6606
496
6607
496
496
6609
6609
6609
6609
6609
496
6610
496
6611
6611
6611
496
497
6613
6613
6613
6613
6613
6613
497
6614
6614
6614
6614
497
6615
6615
6615
497
6616
6616
497
6617
6617
6617
6617
6617
497
6618
6618
497
6619
6619
497
6620
6620
497
6621
6621
6621
6621
497
497
6623
6623
497
498
6625
6625
6625
498
6626
6626
6626
498
6627
6627
6627
498
6628
6628
6628
6628
498
6629
6629
6629
6629
6629
6629
498
6630
6630
498
6631
6631
6631
6631
498
498
6633
6633
6633
498
6634
6634
498
6635
6635
498
499
6637
6637
499
6638
6638
6638
6638
499
6639
6639
6639
6639
6639
6639
499
6640
6640
6640
6640
499
6641
6641
6641
499
499
6643
6643
499
6644
6644
499
6645
499
6646
6646
6646
499
6647
6647
6647
499
6648
6648
500
6649
6649
500
6650
6650
6650
6650
500
6651
6651
500
6652
6652
500
6653
6653
6653
6653
6653
500
6654
6654
500
6655
6655
6655
6655
6655
6655
500
6656
6656
500
6657
6657
6657
500
6658
6658
500
6659
6659
500
501
6661
6661
6661
501
6662
6662
6662
6662
501
6663
6663
6663
6663
501
6664
6664
6664
6664
501
6665
6665
6665
6665
6665
6665
501
6666
6666
501
6667
6667
6667
501
6668
6668
501
6669
6669
6669
6669
501
501
6671
6671
501
502
6673
6673
6673
502
6674
6674
6674
6674
502
6675
6675
6675
502
6676
6676
6676
6676
502
6677
6677
502
6678
6678
502
6679
6679
502
502
6681
6681
6681
6681
502
6682
6682
6682
6682
502
6683
6683
6683
6683
6683
6683
502
503
6685
6685
6685
6685
503
6686
6686
503
6687
6687
6687
6687
6687
6687
503
6688
6688
6688
6688
503
6689
503
6690
6690
503
6691
6691
6691
6691
6691
6691
503
6692
6692
503
6693
6693
503
6694
6694
503
6695
6695
6695
503
504
6697
6697
6697
6697
6697
6697
504
6698
6698
6698
6698
504
6699
6699
6699
6699
6699
6699
504
6700
6700
504
6701
6701
6701
504
6702
6702
504
6703
6703
6703
504
6704
6704
504
6705
6705
504
6706
6706
504
6707
6707
504
505
6709
6709
6709
6709
6709
6709
505
6710
6710
6710
6710
505
6711
6711
6711
6711
505
6712
6712
505
6713
505
6714
6714
505
6715
6715
6715
6715
6715
6715
505
6716
6716
505
6717
6717
505
6718
6718
505
6719
6719
6719
505
506
6721
6721
6721
506
6722
6722
6722
6722
506
6723
6723
6723
506
6724
6724
6724
6724
506
6725
6725
506
6726
6726
506
6727
6727
506
506
6729
6729
6729
6729
6729
6729
506
6730
6730
506
6731
6731
6731
6731
506
6732
6732
507
6733
6733
6733
6733
6733
6733
507
6734
6734
6734
6734
507
6735
6735
507
6736
6736
6736
6736
507
6737
6737
6737
507
507
6739
6739
6739
6739
6739
6739
507
6740
6740
507
6741
6741
507
6742
6742
507
6743
507
6744
6744
508
6745
6745
6745
6745
508
6746
6746
508
6747
6747
6747
6747
6747
6747
508
6748
6748
6748
6748
508
6749
508
6750
6750
6750
6750
508
6751
6751
6751
6751
508
6752
6752
508
6753
6753
6753
508
6754
6754
508
6755
6755
508
509
6757
6757
6757
6757
509
6758
6758
6758
6758
509
6759
509
6760
6760
509
6761
6761
509
6762
6762
509
6763
6763
6763
6763
6763
6763
509
6764
6764
509
6765
6765
509
6766
6766
6766
6766
509
6767
6767
6767
6767
509
6768
6768
510
6769
6769
6769
6769
6769
6769
510
6770
6770
6770
6770
510
6771
6771
6771
6771
510
6772
6772
510
6773
6773
6773
6773
510
510
6775
6775
510
6776
6776
510
6777
6777
6777
6777
510
6778
6778
510
6779
6779
6779
6779
6779
510
511
6781
6781
511
6782
6782
6782
6782
511
6783
6783
6783
6783
6783
6783
511
6784
6784
6784
6784
511
6785
6785
6785
6785
511
6786
6786
511
6787
6787
511
511
6789
6789
6789
6789
6789
511
6790
6790
511
6791
6791
6791
6791
511
512
6793
6793
6793
6793
512
6794
6794
6794
6794
512
6795
6795
6795
6795
512
6796
6796
6796
6796
512
6797
6797
6797
6797
6797
6797
512
6798
6798
512
6799
6799
6799
6799
512
6800
6800
512
6801
6801
6801
6801
512
512
6803
512
513
6805
6805
513
6806
6806
6806
513
6807
6807
6807
513
6808
6808
513
6809
6809
6809
6809
6809
513
6810
6810
513
6811
6811
6811
6811
6811
6811
513
6812
6812
513
6813
6813
513
6814
6814
513
6815
6815
513
6816
6816
514
6817
6817
6817
514
6818
6818
514
6819
6819
514
6820
6820
6820
6820
514
6821
6821
6821
6821
6821
6821
514
6822
514
6823
6823
514
6824
6824
514
6825
6825
6825
514
6826
6826
514
6827
6827
6827
6827
6827
6827
514
515
6829
6829
6829
6829
515
6830
6830
6830
6830
515
6831
6831
6831
6831
6831
6831
515
6832
515
6833
6833
515
6834
6834
6834
515
6835
6835
515
515
6837
6837
6837
515
6838
6838
515
6839
6839
6839
6839
6839
6839
515
516
6841
6841
6841
6841
6841
6841
516
6842
6842
6842
516
6843
6843
516
6844
6844
6844
516
6845
6845
6845
6845
516
6846
6846
6846
6846
516
6847
6847
6847
516
516
6849
6849
6849
6849
516
6850
6850
516
6851
6851
516
517
6853
6853
6853
517
6854
6854
6854
517
6855
6855
6855
6855
6855
517
6856
6856
517
6857
6857
6857
6857
6857
517
6858
6858
517
6859
6859
6859
6859
517
6860
6860
517
6861
6861
6861
6861
517
517
6863
6863
517
518
6865
6865
6865
6865
518
6866
518
6867
6867
518
6868
6868
518
6869
6869
6869
6869
6869
6869
518
6870
6870
6870
518
6871
6871
6871
6871
518
518
6873
6873
518
6874
6874
518
6875
6875
518
6876
6876
519
6877
6877
6877
6877
6877
6877
519
6878
6878
6878
519
6879
6879
6879
6879
519
6880
6880
519
6881
6881
6881
6881
6881
519
6882
6882
519
6883
6883
6883
519
6884
519
6885
6885
519
6886
6886
519
6887
6887
519
520
6889
6889
6889
6889
6889
520
6890
6890
6890
6890
520
6891
6891
520
6892
6892
6892
520
6893
6893
6893
6893
520
6894
6894
520
6895
6895
520
520
6897
6897
6897
6897
520
6898
6898
520
6899
6899
520
521
6901
6901
6901
6901
6901
521
6902
6902
6902
521
6903
6903
6903
6903
521
6904
521
6905
6905
6905
6905
521
6906
6906
6906
6906
521
6907
6907
6907
6907
6907
6907
521
521
6909
6909
521
6910
6910
521
6911
6911
521
522
6913
6913
6913
6913
6913
6913
522
6914
6914
6914
522
6915
6915
6915
6915
522
6916
6916
522
6917
6917
522
6918
6918
522
6919
6919
6919
6919
6919
522
6920
6920
522
6921
6921
522
6922
6922
522
6923
6923
6923
522
523
6925
6925
6925
6925
523
6926
6926
6926
523
6927
6927
6927
6927
6927
6927
523
6928
6928
523
6929
6929
523
6930
6930
523
6931
6931
523
6932
6932
523
6933
6933
523
6934
6934
523
6935
6935
523
6936
6936
524
6937
6937
6937
6937
524
6938
6938
6938
6938
524
6939
6939
6939
6939
6939
6939
524
6940
524
6941
6941
6941
6941
524
6942
6942
524
6943
6943
6943
6943
524
524
6945
6945
524
6946
6946
524
6947
6947
524
525
6949
6949
6949
6949
525
6950
6950
6950
6950
525
6951
6951
6951
6951
525
6952
6952
6952
6952
525
6953
6953
525
6954
6954
525
6955
525
525
6957
6957
6957
6957
525
6958
6958
6958
6958
525
6959
6959
6959
6959
6959
525
526
6961
526
6962
6962
6962
6962
526
6963
6963
526
6964
6964
526
6965
6965
6965
6965
6965
6965
526
6966
6966
6966
6966
526
6967
6967
6967
6967
526
526
6969
6969
6969
6969
6969
526
6970
6970
526
6971
6971
526
6972
6972
527
6973
527
6974
6974
6974
6974
527
6975
6975
6975
6975
6975
6975
527
6976
6976
6976
6976
527
6977
6977
6977
6977
527
527
6979
6979
6979
6979
6979
527
6980
6980
527
6981
6981
6981
6981
527
6982
6982
527
6983
6983
527
528
6985
6985
528
6986
6986
6986
6986
528
6987
6987
6987
6987
528
6988
6988
528
6989
6989
6989
6989
6989
528
6990
6990
528
6991
6991
6991
6991
6991
6991
528
6992
6992
528
6993
528
6994
6994
528
6995
6995
528
6996
6996
529
6997
6997
6997
6997
6997
6997
529
6998
6998
6998
6998
529
6999
6999
6999
6999
529
7000
7000
529
7001
7001
529
7002
7002
7002
529
7003
7003
529
529
7005
7005
7005
7005
7005
7005
529
7006
7006
529
7007
7007
7007
7007
529
530
7009
7009
7009
7009
530
7010
530
7011
7011
530
7012
7012
530
7013
7013
7013
7013
530
7014
7014
530
7015
7015
7015
7015
7015
7015
530
7016
7016
530
7017
7017
7017
7017
7017
7017
530
7018
7018
530
7019
7019
530
7020
7020
531
7021
7021
7021
531
7022
7022
7022
7022
531
7023
7023
7023
7023
531
7024
7024
7024
7024
531
7025
7025
7025
7025
531
7026
7026
7026
7026
531
7027
7027
7027
7027
7027
7027
531
531
7029
7029
531
7030
7030
531
7031
7031
531
532
7033
7033
7033
7033
7033
7033
532
7034
7034
7034
7034
532
7035
7035
7035
7035
7035
7035
532
7036
7036
532
7037
7037
7037
7037
532
7038
7038
532
7039
7039
7039
7039
532
532
7041
7041
7041
7041
532
7042
532
7043
7043
532
533
7045
7045
7045
7045
533
7046
7046
533
7047
533
7048
7048
533
7049
7049
533
7050
7050
7050
7050
533
7051
7051
7051
533
7052
7052
7052
7052
533
7053
7053
7053
7053
533
7054
7054
533
7055
7055
7055
7055
7055
7055
533
534
7057
7057
7057
7057
534
7058
7058
7058
7058
534
7059
7059
7059
7059
534
7060
7060
7060
7060
534
7061
7061
7061
7061
7061
534
7062
7062
534
7063
7063
7063
534
534
7065
7065
7065
7065
534
7066
7066
534
7067
7067
534
535
7069
7069
7069
7069
7069
7069
535
7070
7070
7070
7070
535
7071
7071
7071
7071
7071
535
7072
7072
535
7073
7073
7073
7073
535
7074
7074
535
7075
7075
535
7076
7076
535
7077
7077
7077
7077
535
7078
7078
535
7079
535
536
7081
7081
7081
7081
7081
7081
536
7082
7082
7082
7082
536
7083
7083
7083
7083
536
7084
7084
536
7085
7085
7085
7085
536
7086
7086
7086
7086
536
7087
7087
7087
536
7088
7088
536
7089
536
7090
7090
536
7091
7091
536
537
7093
7093
7093
7093
537
7094
7094
7094
537
7095
7095
7095
7095
537
7096
7096
7096
7096
537
7097
7097
7097
7097
537
537
7099
7099
7099
7099
7099
7099
537
7100
7100
537
7101
7101
7101
7101
537
7102
537
7103
7103
537
538
7105
7105
7105
7105
7105
7105
538
7106
7106
7106
538
7107
7107
7107
538
7108
7108
7108
7108
538
7109
7109
7109
7109
538
7110
7110
538
7111
7111
7111
7111
538
7112
7112
538
7113
7113
7113
7113
538
538
7115
7115
538
539
7117
7117
7117
7117
7117
7117
539
7118
7118
7118
539
7119
7119
7119
7119
7119
7119
539
7120
7120
539
7121
7121
7121
539
7122
7122
539
7123
7123
7123
7123
539
539
7125
7125
539
7126
7126
539
7127
7127
7127
7127
539
540
7129
7129
7129
7129
7129
540
7130
7130
7130
7130
540
7131
7131
7131
7131
7131
7131
540
7132
7132
540
7133
7133
7133
7133
540
7134
540
7135
7135
7135
7135
540
7136
7136
540
7137
7137
540
7138
7138
540
7139
7139
540
541
7141
7141
7141
7141
541
7142
7142
7142
541
7143
7143
7143
7143
7143
541
7144
7144
7144
7144
541
7145
7145
7145
7145
7145
7145
541
541
7147
7147
541
7148
7148
541
7149
7149
541
7150
7150
7150
7150
541
7151
7151
7151
7151
541
7152
7152
542
7153
7153
7153
7153
7153
7153
542
7154
7154
7154
7154
542
7155
7155
7155
7155
7155
7155
542
7156
542
7157
7157
7157
7157
7157
7157
542
7158
7158
542
7159
7159
7159
542
7160
7160
542
7161
7161
7161
7161
542
7162
7162
542
7163
7163
542
543
7165
7165
7165
7165
7165
7165
543
7166
7166
7166
543
7167
7167
7167
7167
543
7168
7168
543
7169
7169
7169
7169
7169
7169
543
7170
7170
543
7171
7171
7171
7171
7171
7171
543
7172
7172
543
7173
7173
7173
543
7174
7174
543
7175
7175
543
544
7177
7177
7177
544
7178
7178
544
7179
7179
544
7180
7180
7180
7180
544
7181
7181
7181
7181
544
7182
7182
7182
544
7183
7183
7183
7183
544
7184
7184
7184
7184
544
7185
7185
7185
7185
7185
7185
544
7186
7186
544
7187
7187
7187
7187
544
545
7189
7189
545
7190
7190
7190
7190
545
7191
7191
545
7192
7192
545
7193
7193
545
7194
7194
545
7195
7195
545
7196
7196
7196
545
7197
7197
7197
545
7198
7198
545
7199
7199
7199
7199
7199
545
546
7201
7201
7201
7201
546
7202
7202
7202
546
7203
7203
7203
7203
546
546
7205
7205
7205
546
7206
7206
7206
546
7207
7207
7207
7207
546
7208
7208
546
7209
7209
546
7210
7210
546
7211
7211
546
547
7213
7213
7213
7213
547
7214
7214
7214
547
7215
7215
7215
7215
547
547
7217
7217
7217
7217
547
7218
7218
7218
547
7219
7219
7219
547
7220
7220
547
7221
7221
547
7222
7222
547
7223
7223
547
548
7225
7225
7225
7225
548
7226
7226
7226
548
7227
7227
7227
7227
548
548
7229
7229
7229
7229
548
548
7231
7231
7231
7231
7231
548
7232
7232
548
7233
7233
548
7234
7234
548
7235
7235
7235
548
549
7237
7237
7237
7237
7237
549
7238
7238
7238
7238
549
7239
7239
7239
7239
549
7240
7240
549
7241
7241
549
7242
7242
7242
7242
549
7243
7243
7243
7243
549
549
7245
549
7246
7246
549
7247
7247
549
550
7249
7249
7249
7249
7249
550
7250
7250
7250
7250
550
7251
7251
7251
7251
550
7252
7252
550
7253
7253
7253
7253
550
550
7255
7255
7255
7255
550
7256
7256
550
7257
7257
550
7258
7258
550
7259
550
551
7261
7261
7261
7261
551
7262
7262
551
7263
7263
7263
7263
7263
7263
551
7264
7264
7264
7264
551
7265
7265
7265
551
7266
7266
551
7267
7267
551
551
7269
7269
551
7270
7270
7270
551
7271
7271
7271
551
7272
7272
552
7273
7273
7273
7273
7273
552
7274
7274
7274
7274
552
7275
7275
552
7276
7276
552
7277
7277
552
7278
7278
552
7279
7279
552
7280
7280
552
7281
7281
552
7282
7282
7282
7282
552
7283
7283
7283
7283
552
7284
7284
553
7285
7285
7285
7285
7285
553
7286
7286
7286
7286
553
7287
7287
7287
7287
7287
7287
553
7288
7288
553
7289
7289
553
7290
7290
553
7291
7291
553
7292
7292
553
7293
7293
553
7294
7294
553
7295
7295
553
7296
7296
554
7297
7297
7297
554
7298
7298
7298
7298
554
7299
7299
554
7300
7300
554
7301
7301
554
7302
7302
554
7303
7303
554
7304
7304
7304
554
7305
7305
7305
554
7306
7306
7306
7306
554
7307
7307
7307
7307
7307
7307
554
555
7309
7309
7309
555
7310
7310
555
7311
7311
7311
7311
7311
555
7312
7312
7312
7312
555
7313
7313
7313
7313
555
7314
7314
555
7315
7315
555
555
7317
7317
555
7318
7318
555
7319
7319
7319
7319
555
556
7321
7321
7321
7321
556
7322
7322
7322
7322
556
7323
7323
7323
556
7324
7324
7324
7324
556
7325
7325
556
7326
7326
7326
7326
556
7327
7327
7327
7327
556
556
7329
7329
7329
7329
556
556
7331
556
557
7333
7333
7333
7333
557
7334
7334
557
7335
7335
557
7336
7336
7336
7336
557
7337
7337
7337
7337
557
7338
7338
7338
7338
557
7339
557
7340
7340
557
7341
7341
7341
7341
557
7342
7342
557
7343
7343
7343
7343
7343
7343
557
558
7345
7345
558
7346
7346
7346
7346
558
7347
7347
7347
7347
558
7348
7348
558
7349
7349
7349
7349
558
7350
7350
7350
7350
558
7351
7351
558
558
7353
7353
7353
7353
558
7354
7354
7354
7354
558
7355
7355
7355
7355
7355
558
559
7357
7357
7357
7357
559
7358
7358
7358
7358
559
7359
7359
7359
7359
7359
559
7360
7360
559
7361
7361
7361
7361
7361
7361
559
7362
7362
559
7363
7363
7363
7363
559
7364
7364
559
7365
7365
559
7366
7366
559
7367
7367
559
560
7369
560
7370
7370
7370
7370
560
7371
7371
7371
7371
560
7372
7372
560
7373
7373
7373
7373
560
7374
7374
7374
7374
560
7375
7375
560
560
7377
7377
7377
7377
7377
7377
560
7378
7378
560
7379
7379
7379
7379
560
7380
7380
561
7381
7381
7381
7381
7381
561
7382
7382
7382
7382
561
7383
7383
7383
7383
561
7384
7384
561
7385
7385
7385
7385
561
561
7387
7387
7387
7387
7387
561
7388
7388
561
7389
7389
561
7390
561
7391
7391
7391
7391
561
562
7393
562
7394
7394
7394
7394
562
7395
7395
7395
7395
7395
7395
562
7396
7396
7396
7396
562
7397
7397
7397
7397
7397
7397
562
7398
562
7399
7399
7399
7399
562
562
7401
7401
7401
562
7402
7402
562
7403
7403
562
563
7405
7405
7405
7405
7405
7405
563
7406
7406
7406
563
7407
7407
7407
7407
563
7408
7408
563
7409
7409
7409
7409
7409
7409
563
7410
7410
563
7411
7411
7411
563
7412
7412
563
7413
7413
7413
7413
563
563
7415
563
564
7417
7417
7417
7417
7417
564
7418
7418
7418
7418
564
7419
7419
7419
7419
564
7420
564
7421
7421
7421
7421
7421
564
7422
7422
564
7423
7423
7423
7423
564
7424
7424
564
7425
7425
564
564
7427
7427
564
7428
7428
565
7429
7429
7429
7429
565
7430
7430
7430
7430
565
7431
7431
7431
7431
565
7432
7432
7432
7432
565
7433
7433
7433
7433
7433
565
7434
7434
565
7435
7435
7435
565
7436
565
7437
7437
7437
7437
565
565
7439
7439
565
566
7441
7441
7441
7441
7441
7441
566
7442
7442
7442
7442
566
7443
7443
7443
7443
566
7444
7444
566
7445
7445
7445
7445
566
7446
7446
566
7447
7447
7447
566
566
7449
7449
566
7450
7450
566
7451
7451
566
567
7453
7453
7453
7453
567
7454
7454
7454
7454
567
7455
7455
567
7456
7456
567
7457
7457
7457
567
7458
7458
7458
567
7459
7459
567
567
7461
7461
7461
567
7462
7462
7462
7462
567
7463
7463
7463
7463
7463
7463
567
568
7465
7465
7465
7465
568
7466
7466
7466
7466
568
7467
7467
7467
7467
568
568
7469
7469
568
7470
7470
7470
568
7471
7471
568
568
7473
7473
7473
7473
568
7474
7474
568
7475
7475
7475
7475
568
7476
7476
569
7477
7477
7477
7477
569
7478
7478
569
7479
7479
569
7480
7480
7480
569
7481
7481
7481
7481
569
7482
7482
7482
7482
569
7483
7483
7483
7483
7483
7483
569
7484
7484
569
7485
7485
569
7486
7486
569
7487
7487
7487
7487
569
570
7489
7489
7489
7489
570
7490
7490
570
7491
7491
570
7492
7492
570
7493
7493
570
7494
7494
7494
7494
570
7495
7495
7495
7495
570
7496
570
7497
7497
7497
7497
7497
7497
570
7498
7498
570
7499
7499
7499
7499
570
7500
7500
571
7501
7501
7501
7501
571
7502
7502
571
7503
7503
571
7504
7504
7504
7504
571
7505
7505
7505
7505
571
7506
7506
7506
7506
571
7507
7507
571
7508
7508
571
7509
7509
7509
7509
571
7510
571
7511
7511
7511
7511
7511
7511
571
572
7513
7513
7513
7513
7513
572
7514
7514
7514
7514
572
7515
7515
572
7516
7516
7516
7516
572
7517
7517
7517
7517
572
7518
7518
572
7519
7519
572
572
7521
7521
7521
7521
572
7522
7522
572
7523
7523
7523
7523
7523
7523
572
573
7525
7525
7525
7525
573
7526
7526
7526
573
7527
7527
7527
573
7528
7528
7528
573
7529
7529
7529
7529
573
7530
7530
7530
573
7531
7531
7531
7531
7531
573
7532
7532
573
7533
7533
7533
7533
573
7534
573
7535
7535
573
574
7537
7537
7537
7537
7537
574
7538
7538
7538
574
7539
7539
7539
574
7540
7540
7540
7540
574
7541
7541
574
7542
7542
574
7543
7543
7543
574
574
7545
7545
7545
7545
7545
574
7546
7546
574
7547
7547
7547
7547
574
7548
575
7549
7549
575
7550
7550
7550
7550
575
7551
7551
7551
7551
575
7552
575
7553
7553
7553
7553
7553
575
7554
7554
575
7555
7555
575
7556
575
7557
7557
7557
7557
7557
7557
575
7558
575
7559
7559
575
7560
7560
576
7561
7561
7561
7561
7561
576
7562
7562
7562
576
7563
7563
7563
7563
576
7564
7564
576
7565
7565
7565
7565
7565
576
7566
7566
576
7567
7567
7567
7567
576
576
7569
7569
7569
576
576
7571
7571
7571
7571
576
577
7573
7573
7573
577
7574
7574
7574
7574
577
7575
7575
7575
7575
577
577
7577
7577
577
7578
7578
577
7579
7579
7579
7579
7579
7579
577
7580
7580
577
7581
577
7582
7582
577
7583
7583
7583
7583
577
578
7585
7585
7585
578
7586
7586
578
7587
7587
7587
7587
578
578
7589
7589
578
7590
7590
578
7591
7591
578
7592
7592
7592
7592
578
7593
7593
7593
7593
578
7594
7594
7594
7594
578
7595
7595
7595
578
579
7597
7597
7597
579
7598
7598
7598
7598
579
7599
7599
579
7600
7600
579
7601
7601
579
7602
7602
579
7603
579
7604
7604
579
7605
7605
579
7606
7606
7606
7606
579
7607
7607
7607
7607
579
7608
7608
580
7609
7609
7609
580
7610
7610
7610
7610
580
7611
7611
7611
7611
580
7612
7612
7612
7612
580
7613
7613
7613
7613
7613
7613
580
580
7615
7615
7615
7615
580
580
7617
7617
580
7618
7618
580
7619
580
581
7621
7621
7621
7621
7621
581
7622
7622
7622
7622
581
7623
7623
7623
7623
581
7624
581
7625
7625
581
7626
7626
581
7627
7627
7627
7627
7627
581
7628
7628
581
7629
581
7630
7630
581
7631
7631
581
7632
7632
582
7633
582
7634
7634
7634
7634
582
7635
7635
7635
582
7636
7636
7636
7636
582
7637
7637
582
582
7639
7639
7639
7639
582
7640
582
7641
7641
7641
582
7642
7642
7642
7642
582
7643
7643
7643
7643
7643
7643
582
583
7645
7645
7645
7645
7645
7645
583
7646
7646
7646
583
7647
7647
7647
7647
583
7648
7648
583
7649
7649
7649
7649
7649
583
7650
7650
583
7651
7651
7651
583
7652
7652
583
7653
583
7654
7654
583
7655
7655
583
584
7657
7657
7657
7657
584
7658
7658
7658
584
7659
7659
7659
584
7660
7660
584
7661
7661
584
584
7663
7663
7663
7663
7663
584
7664
7664
584
7665
7665
7665
7665
7665
584
7666
7666
584
7667
7667
584
7668
7668
585
7669
7669
7669
7669
585
7670
7670
7670
585
7671
7671
7671
7671
585
585
7673
585
7674
7674
585
7675
7675
7675
7675
585
7676
7676
585
7677
7677
7677
7677
7677
7677
585
7678
7678
585
7679
7679
7679
585
7680
7680
586
7681
7681
7681
7681
586
7682
7682
7682
7682
586
7683
7683
7683
7683
586
7684
7684
7684
7684
586
7685
7685
7685
7685
586
586
7687
7687
586
7688
7688
586
7689
7689
7689
7689
586
7690
7690
586
7691
7691
7691
586
587
7693
7693
7693
587
7694
7694
7694
7694
587
7695
7695
587
7696
7696
587
7697
7697
587
7698
7698
587
7699
7699
7699
7699
587
7700
7700
587
7701
7701
587
7702
7702
7702
7702
587
7703
7703
7703
7703
587
7704
7704
588
7705
588
7706
7706
7706
7706
588
7707
7707
7707
7707
588
7708
7708
588
7709
7709
7709
7709
7709
7709
588
7710
7710
588
7711
7711
588
7712
7712
588
7713
7713
7713
7713
7713
588
7714
7714
588
7715
7715
588
7716
589
7717
7717
7717
7717
7717
589
7718
7718
7718
7718
589
7719
7719
7719
7719
7719
589
7720
7720
589
7721
7721
7721
7721
589
7722
7722
589
7723
7723
7723
7723
589
7724
589
7725
7725
7725
7725
589
589
7727
7727
589
590
7729
7729
7729
7729
590
7730
590
7731
590
7732
7732
590
7733
7733
7733
7733
590
7734
590
7735
7735
7735
7735
7735
7735
590
7736
7736
590
7737
7737
7737
7737
7737
7737
590
7738
7738
590
7739
7739
590
7740
7740
591
7741
591
7742
7742
7742
7742
591
7743
7743
7743
7743
591
7744
591
7745
7745
7745
591
7746
7746
7746
7746
591
7747
7747
591
591
7749
7749
7749
7749
591
7750
7750
7750
7750
591
7751
7751
7751
7751
7751
7751
591
592
7753
7753
7753
7753
592
7754
7754
7754
592
7755
7755
592
7756
7756
592
7757
7757
592
7758
7758
592
7759
7759
592
7760
7760
7760
592
7761
7761
7761
7761
592
7762
7762
7762
7762
592
7763
7763
7763
7763
7763
592
593
7765
7765
593
7766
7766
7766
7766
593
7767
7767
7767
7767
593
7768
7768
593
7769
7769
7769
7769
593
7770
7770
593
7771
593
593
7773
7773
593
7774
7774
7774
7774
593
7775
7775
7775
593
7776
7776
594
7777
7777
594
7778
594
7779
7779
7779
594
7780
594
7781
594
7782
7782
7782
594
7783
7783
7783
7783
7783
594
7784
594
7785
7785
7785
594
7786
7786
595
7787
7787
7787
7787
7787
595
7788
7788
595
7789
7789
7789
595
7790
595
7791
595
7792
595
7793
595
7794
7794
7794
595
7795
7795
7795
595
7796
7796
596
7797
7797
7797
596
7798
7798
596
7799
7799
7799
7799
7799
596
7800
7800
7800
7800
596
7801
7801
596
7802
7802
596
7803
7803
596
7804
7804
596
7805
7805
596
7806
7806
596
7807
7807
7807
7807
596
597
7809
7809
7809
7809
7809
597
7810
7810
7810
7810
597
7811
7811
7811
7811
597
7812
7812
597
7813
7813
7813
7813
7813
7813
597
7814
7814
597
7815
7815
7815
7815
597
597
7817
7817
7817
7817
597
7818
597
7819
7819
597
598
7821
7821
598
7822
7822
7822
7822
598
7823
7823
598
7824
598
7825
7825
598
7826
7826
7826
7826
598
7827
7827
7827
7827
598
7828
7828
7828
7828
598
7829
7829
7829
7829
598
7830
598
7831
7831
7831
7831
7831
7831
598
599
7833
7833
7833
7833
599
7834
599
7835
7835
7835
7835
7835
7835
599
7836
7836
7836
599
7837
7837
599
7838
7838
7838
7838
599
7839
7839
7839
7839
599
7840
7840
599
7841
7841
599
7842
7842
599
7843
7843
7843
7843
599
600
7845
7845
7845
7845
600
7846
7846
600
7847
7847
600
7848
7848
7848
600
7849
7849
7849
7849
600
7850
7850
7850
7850
600
7851
7851
600
7852
600
7853
7853
7853
7853
7853
7853
600
7854
7854
600
7855
7855
7855
7855
600
601
7857
7857
7857
7857
7857
601
7858
7858
7858
7858
601
7859
7859
7859
7859
601
7860
601
7861
7861
601
7862
601
7863
7863
601
7864
7864
601
7865
7865
7865
7865
601
7866
601
7867
7867
601
602
7869
7869
7869
7869
602
7870
602
7871
7871
602
7872
7872
7872
602
7873
7873
602
602
7875
7875
602
7876
7876
7876
7876
602
7877
7877
7877
602
7878
7878
602
7879
7879
7879
7879
7879
602
603
7881
7881
7881
603
7882
7882
7882
7882
603
7883
7883
7883
7883
7883
603
7884
7884
603
7885
7885
603
7886
7886
7886
603
7887
7887
7887
603
603
7889
7889
603
7890
7890
603
7891
7891
603
604
7893
7893
7893
604
7894
7894
7894
604
7895
7895
7895
7895
604
604
7897
7897
604
7898
7898
604
7899
7899
604
7900
604
7901
7901
7901
7901
604
7902
7902
604
7903
7903
7903
604
7904
7904
605
7905
7905
605
7906
7906
7906
7906
605
7907
7907
7907
7907
7907
7907
605
7908
7908
7908
7908
605
7909
7909
7909
605
7910
7910
605
7911
7911
7911
7911
7911
7911
605
605
7913
7913
7913
7913
605
7914
7914
605
7915
7915
605
606
7917
7917
7917
606
7918
7918
7918
7918
606
7919
7919
7919
7919
7919
7919
606
7920
7920
7920
7920
606
7921
7921
7921
7921
7921
7921
606
606
7923
7923
7923
7923
606
7924
7924
606
7925
7925
7925
7925
606
606
7927
7927
606
607
7929
7929
607
7930
7930
7930
7930
607
7931
7931
607
7932
7932
607
7933
7933
7933
607
7934
7934
607
7935
7935
7935
7935
7935
7935
607
7936
7936
607
7937
7937
7937
7937
7937
7937
607
7938
7938
607
7939
7939
607
7940
7940
608
7941
7941
7941
608
7942
7942
7942
7942
608
7943
7943
608
7944
7944
608
7945
7945
608
7946
7946
608
7947
7947
608
7948
7948
7948
7948
608
7949
7949
7949
7949
7949
7949
608
7950
7950
608
7951
7951
7951
7951
608
7952
7952
609
7953
7953
609
7954
7954
7954
7954
609
7955
7955
7955
609
7956
7956
609
7957
7957
7957
609
7958
7958
609
7959
609
7960
7960
609
7961
7961
609
7962
7962
7962
7962
609
7963
7963
7963
7963
609
7964
610
7965
7965
7965
7965
610
7966
7966
610
7967
7967
610
7968
7968
610
7969
610
7970
7970
7970
610
7971
7971
7971
7971
7971
610
7972
7972
610
7973
7973
7973
7973
610
7974
7974
610
7975
610
611
7977
7977
7977
7977
611
7978
7978
7978
7978
611
7979
611
7980
7980
611
7981
7981
7981
7981
611
7982
7982
7982
611
7983
7983
611
611
7985
7985
611
7986
7986
7986
611
7987
7987
7987
7987
7987
611
612
7989
7989
612
7990
7990
7990
7990
612
7991
7991
612
7992
7992
612
7993
7993
612
7994
7994
612
7995
612
7996
7996
612
7997
7997
7997
7997
7997
7997
612
7998
612
7999
7999
612
8000
8000
613
8001
8001
8001
8001
8001
8001
613
8002
8002
8002
613
8003
8003
8003
8003
8003
8003
613
8004
8004
613
8005
8005
8005
8005
613
8006
8006
613
8007
8007
8007
8007
613
8008
8008
613
8009
8009
613
8010
613
8011
8011
613
614
8013
8013
614
8014
8014
8014
614
8015
8015
8015
8015
614
8016
8016
614
8017
8017
8017
8017
8017
8017
614
8018
8018
8018
614
8019
8019
8019
8019
8019
8019
614
614
8021
8021
614
8022
8022
614
8023
8023
614
8024
8024
615
8025
8025
8025
8025
615
8026
8026
8026
8026
615
8027
8027
8027
8027
8027
615
8028
8028
615
8029
8029
8029
8029
8029
615
8030
615
8031
8031
8031
8031
615
8032
8032
615
8033
8033
615
8034
8034
615
8035
8035
615
616
8037
8037
616
8038
8038
8038
8038
616
8039
8039
8039
8039
616
8040
616
8041
8041
8041
8041
8041
616
8042
8042
616
8043
8043
8043
8043
8043
8043
616
8044
616
8045
8045
616
8046
8046
616
8047
8047
616
8048
8048
617
8049
8049
8049
8049
617
8050
8050
617
8051
8051
617
8052
8052
617
8053
8053
8053
8053
617
8054
617
8055
8055
617
8056
8056
8056
8056
617
8057
8057
8057
8057
8057
617
8058
8058
617
8059
8059
8059
8059
617
8060
618
8061
8061
8061
8061
8061
618
8062
8062
8062
618
8063
8063
8063
8063
618
8064
8064
618
8065
8065
8065
8065
618
618
8067
8067
618
8068
8068
618
8069
8069
8069
8069
8069
618
8070
8070
618
8071
8071
8071
8071
618
619
8073
8073
8073
8073
619
8074
8074
8074
8074
619
8075
8075
8075
8075
619
8076
8076
8076
8076
619
8077
8077
8077
619
619
8079
8079
8079
619
8080
8080
619
8081
8081
8081
8081
619
619
8083
8083
619
620
8085
8085
8085
8085
620
8086
8086
8086
8086
620
8087
8087
8087
8087
8087
8087
620
8088
8088
620
8089
8089
8089
8089
620
8090
8090
620
8091
620
8092
8092
620
8093
8093
620
8094
8094
620
8095
620
621
8097
8097
8097
8097
621
8098
8098
8098
8098
621
8099
8099
8099
8099
8099
8099
621
8100
8100
621
8101
8101
621
8102
8102
8102
8102
621
8103
621
621
8105
8105
621
8106
8106
621
8107
621
8108
8108
622
8109
8109
8109
8109
622
8110
8110
622
8111
622
8112
8112
622
8113
8113
622
8114
8114
8114
8114
622
8115
8115
8115
8115
622
8116
8116
8116
8116
622
8117
8117
8117
622
8118
8118
622
8119
8119
622
623
8121
8121
8121
8121
8121
8121
623
8122
8122
8122
8122
623
8123
8123
8123
8123
623
8124
8124
623
8125
623
8126
8126
623
8127
8127
8127
8127
8127
8127
623
8128
8128
623
8129
8129
623
8130
8130
623
8131
8131
8131
623
624
8133
8133
8133
624
8134
8134
8134
8134
624
8135
8135
8135
8135
624
8136
8136
8136
8136
624
8137
8137
8137
8137
8137
8137
624
8138
8138
624
8139
8139
8139
624
8140
8140
624
8141
8141
8141
8141
624
624
8143
8143
624
625
8145
8145
8145
8145
8145
8145
625
8146
8146
8146
8146
625
8147
8147
625
8148
8148
8148
8148
625
8149
8149
8149
625
625
8151
8151
625
8152
8152
625
8153
8153
8153
8153
8153
8153
625
8154
8154
625
8155
625
8156
8156
626
8157
8157
8157
8157
8157
8157
626
8158
8158
8158
8158
626
8159
8159
8159
8159
8159
8159
626
8160
8160
626
8161
8161
8161
626
8162
8162
626
8163
8163
8163
626
8164
8164
626
8165
8165
626
8166
8166
626
8167
8167
626
627
8169
8169
8169
8169
8169
8169
627
8170
8170
8170
627
8171
8171
8171
627
8172
8172
627
8173
8173
627
8174
8174
627
8175
8175
627
8176
8176
627
8177
8177
8177
8177
8177
8177
627
8178
8178
627
8179
8179
8179
8179
627
628
8181
8181
8181
628
8182
8182
628
8183
8183
628
8184
8184
628
8185
8185
8185
8185
628
8186
8186
628
8187
8187
628
8188
8188
8188
8188
628
8189
8189
8189
8189
628
8190
8190
8190
628
8191
8191
8191
8191
8191
8191
628
629
8193
8193
8193
8193
629
8194
8194
8194
8194
629
8195
8195
8195
629
8196
8196
8196
8196
629
8197
629
8198
8198
8198
8198
629
8199
8199
629
629
8201
8201
629
8202
8202
629
8203
8203
8203
8203
629
630
8205
8205
8205
630
8206
8206
630
8207
8207
8207
8207
8207
630
8208
8208
8208
8208
630
8209
8209
8209
8209
630
8210
8210
630
8211
8211
630
630
8213
8213
8213
8213
630
8214
8214
630
8215
8215
630
631
8217
8217
8217
8217
631
8218
8218
8218
8218
631
8219
8219
8219
8219
8219
8219
631
8220
8220
631
8221
8221
8221
631
631
8223
8223
8223
8223
631
8224
8224
631
8225
8225
631
8226
8226
631
8227
8227
631
632
8229
8229
632
8230
8230
8230
632
8231
8231
8231
8231
632
8232
8232
8232
8232
632
8233
8233
8233
8233
632
8234
8234
8234
8234
632
8235
8235
8235
8235
632
632
8237
8237
632
8238
8238
632
8239
8239
632
633
8241
8241
8241
8241
633
8242
8242
8242
8242
633
8243
8243
633
8244
633
8245
8245
8245
8245
633
8246
8246
8246
8246
633
8247
8247
8247
8247
633
8248
8248
633
8249
8249
633
8250
8250
633
8251
8251
633
634
8253
8253
8253
634
8254
8254
634
8255
8255
8255
8255
634
634
8257
8257
8257
8257
8257
8257
634
8258
8258
8258
8258
634
8259
8259
634
8260
8260
634
8261
8261
8261
8261
634
8262
8262
634
8263
8263
634
635
8265
8265
8265
8265
8265
8265
635
8266
8266
8266
8266
635
8267
8267
8267
8267
635
8268
8268
635
8269
8269
8269
8269
635
635
8271
8271
635
8272
8272
635
8273
8273
8273
8273
8273
635
8274
8274
635
8275
8275
635
636
8277
8277
8277
8277
636
8278
8278
8278
8278
636
8279
8279
8279
8279
636
636
8281
8281
8281
8281
636
636
8283
8283
636
8284
8284
636
8285
8285
8285
8285
8285
8285
636
8286
8286
636
8287
8287
8287
636
637
8289
8289
637
8290
8290
8290
8290
637
8291
8291
8291
8291
8291
8291
637
8292
8292
8292
8292
637
8293
8293
8293
637
637
8295
8295
8295
8295
8295
637
8296
8296
637
8297
8297
8297
8297
637
8298
637
8299
8299
637
638
8301
8301
8301
8301
638
8302
8302
8302
8302
638
8303
638
8304
8304
638
8305
8305
8305
8305
8305
8305
638
8306
8306
638
8307
8307
8307
8307
638
8308
8308
638
8309
8309
638
8310
8310
638
8311
8311
638
639
8313
8313
8313
639
8314
8314
639
8315
8315
8315
8315
639
8316
8316
8316
639
8317
8317
639
8318
8318
639
8319
639
639
8321
8321
8321
8321
639
8322
8322
639
8323
8323
639
640
8325
8325
8325
8325
640
8326
8326
8326
640
8327
8327
8327
8327
640
8328
8328
640
8329
8329
8329
8329
640
640
8331
8331
8331
640
640
8333
640
8334
8334
640
8335
8335
640
641
8337
8337
8337
8337
641
8338
641
8339
8339
641
8340
8340
641
8341
641
8342
8342
641
8343
641
8344
8344
641
8345
8345
641
8346
641
8347
8347
641
669
670
671
672
673
674
675
676
677
678
679
680
681
682
683
684
685
686
687
688
689
690
691
692
693
694
695
696
697
698
699
700
701
702
703
704
705
706
707
708
709
710
711
712
713
714
715
716
717
718
719
720
721
722
723
724
725
726
727
728
729
730
731
732
733
734
735
736
737
738
739
740
741
742
743
744
745
746
747
748
749
750
751
752
753
754
755
756
757
758
759
760
761
762
763
764
765
766
767
768
769
770
771
772
773
774
775
776
777
778
779
780
781
782
783
784
785
786
787
788
789
790
791
792
793
794
795
796
797
798
799
800
801
802
803
804
805
806
807
808
809
810
811
812
813
814
815
816
817
818
819
820
821
822
823
824
825
826
827
828
829
830
831
832
833
834
835
836
837
838
839
840
841
842
843
844
845
846
847
848
849
850
851
852
853
854
855
856
857
858
859
860
861
862
863
864
865
866
867
868
869
870
871
872
873
874
875
876
877
878
879
880
881
882
883
884
885
886
887
888
889
890
891
892
893
894
895
896
897
898
899
900
901
902
903
904
905
906
907
908
909
910
911
912
913
914
915
916
917
918
919
920
921
922
923
924
925
926
927
928
929
930
931
932
933
934
935
936
937
938
939
940
941
942
943
944
945
946
947
948
949
950
951
952
953
954
955
956
957
958
959
960
961
962
963
964
965
966
967
968
969
970
971
972
973
974
975
976
977
978
979
980
981
982
983
984
985
986
987
988
989
990
991
992
993
994
995
996
997
998
999
1000
1001
1002
1003
1004
1005
1006
1007
1008
1009
1010
1011
1012
1013
1014
1015
1016
1017
1018
1019
1020
1021
1022
1023
1024
1025
1026
1027
1028
1029
1030
1031
1032
1033
1034
1035
1036
1037
1038
1039
1040
1041
1042
1043
1044
1045
1046
1047
1048
1049
1050
1051
1052
1053
1054
1055
1056
1057
1058
1059
1060
1061
1062
1063
1064
1065
1066
1067
1068
1069
1070
1071
1072
1073
1074
1075
1076
1077
1078
1079
1080
1081
1082
1083
1084
1085
1086
1087
1088
1089
1090
1091
1092
1093
1094
1095
1096
1097
1098
1099
1100
1101
1102
1103
1104
1105
1106
1107
1108
1109
1110
1111
1112
1113
1114
1115
1116
1117
1118
1119
1120
1121
1122
1123
1124
1125
1126
1127
1128
1129
1130
1131
1132
1133
1134
1135
1136
1137
1138
1139
1140
1141
1142
1143
1144
1145
1146
1147
1148
1149
1150
1151
1152
1153
1154
1155
1156
1157
1158
1159
1160
1161
1162
1163
1164
1165
1166
1167
1168
1169
1170
1171
1172
1173
1174
1175
1176
1177
1178
1179
1180
1181
1182
1183
1184
1185
1186
1187
1188
1189
1190
1191
1192
1193
1194
1195
1196
1197
1198
1199
1200
1201
1202
1203
1204
1205
1206
1207
1208
1209
1210
1211
1212
1213
1214
1215
1216
1217
1218
1219
1220
1221
1222
1223
1224
1225
1226
1227
1228
1229
1230
1231
1232
1233
1234
1235
1236
1237
1238
1239
1240
1241
1242
1243
1244
1245
1246
1247
1248
1249
1250
1251
1252
1253
1254
1255
1256
1257
1258
1259
1260
1261
1262
1263
1264
1265
1266
1267
1268
1269
1270
1271
1272
1273
1274
1275
1276
1277
1278
1279
1280
1281
1282
1283
1284
1285
1286
1287
1288
1289
1290
1291
1292
1293
1294
1295
1296
1297
1298
1299
1300
1301
1302
1303
1304
1305
1306
1307
1308
1309
1310
1311
1312
1313
1314
1315
1316
1317
1318
1319
1320
1321
1322
1323
1324
1325
1326
1327
1328
1329
1330
1331
1332
1333
1334
1335
1336
1337
1338
1339
1340
1341
1342
1343
1344
1345
1346
1347
1348
1349
1350
1351
1352
1353
1354
1355
1356
1357
1358
1359
1360
1361
1362
1363
1364
1365
1366
1367
1368
1369
1370
1371
1372
1373
1374
1375
1376
1377
1378
1379
1380
1381
1382
1383
1384
1385
1386
1387
1388
1389
1390
1391
1392
1393
1394
1395
1396
1397
1398
1399
1400
1401
1402
1403
1404
1405
1406
1407
1408
1409
1410
1411
1412
1413
1414
1415
1416
1417
1418
1419
1420
1421
1422
1423
1424
1425
1426
1427
1428
1429
1430
1431
1432
1433
1434
1435
1436
1437
1438
1439
1440
1441
1442
1443
1444
1445
1446
1447
1448
1449
1450
1451
1452
1453
1454
1455
1456
1457
1458
1459
1460
1461
1462
1463
1464
1465
1466
1467
1468
1469
1470
1471
1472
1473
1474
1475
1476
1477
1478
1479
1480
1481
1482
1483
1484
1485
1486
1487
1488
1489
1490
1491
1492
1493
1494
1495
1496
1497
1498
1499
1500
1501
1502
1503
1504
1505
1506
1507
1508
1509
1510
1511
1512
1513
1514
1515
1516
1517
1518
1519
1520
1521
1522
1523
1524
1525
1526
1527
1528
1529
1530
1531
1532
1533
1534
1535
1536
1537
1538
1539
1540
1541
1542
1543
1544
1545
1546
1547
1548
1549
1550
1551
1552
1553
1554
1555
1556
1557
1558
1559
1560
1561
1562
1563
1564
1565
1566
1567
1568
1569
1570
1571
1572
1573
1574
1575
1576
1577
1578
1579
1580
1581
1582
1583
1584
1585
1586
1587
1588
1589
1590
1591
1592
1593
1594
1595
1596
1597
1598
1599
1600
1601
1602
1603
1604
1605
1606
1607
1608
1609
1610
1611
1612
1613
1614
1615
1616
1617
1618
1619
1620
1621
1622
1623
1624
1625
1626
1627
1628
1629
1630
1631
1632
1633
1634
1635
1636
1637
1638
1639
1640
1641
1642
1643
1644
1645
1646
1647
1648
1649
1650
1651
1652
1653
1654
1655
1656
1657
1658
1659
1660
1661
1662
1663
1664
1665
1666
1667
1668
1669
1670
1671
1672
1673
1674
1675
1676
1677
1678
1679
1680
1681
1682
1683
1684
1685
1686
1687
1688
1689
1690
1691
1692
1693
1694
1695
1696
1697
1698
1699
1700
1701
1702
1703
1704
1705
1706
1707
1708
1709
1710
1711
1712
1713
1714
1715
1716
1717
1718
1719
1720
1721
1722
1723
1724
1725
1726
1727
1728
1729
1730
1731
1732
1733
1734
1735
1736
1737
1738
1739
1740
1741
1742
1743
1744
1745
1746
1747
1748
1749
1750
1751
1752
1753
1754
1755
1756
1757
1758
1759
1760
1761
1762
1763
1764
1765
1766
1767
1768
1769
1770
1771
1772
1773
1774
1775
1776
1777
1778
1779
1780
1781
1782
1783
1784
1785
1786
1787
1788
1789
1790
1791
1792
1793
1794
1795
1796
1797
1798
1799
1800
1801
1802
1803
1804
1805
1806
1807
1808
1809
1810
1811
1812
1813
1814
1815
1816
1817
1818
1819
1820
1821
1822
1823
1824
1825
1826
1827
1828
1829
1830
1831
1832
1833
1834
1835
1836
1837
1838
1839
1840
1841
1842
1843
1844
1845
1846
1847
1848
1849
1850
1851
1852
1853
1854
1855
1856
1857
1858
1859
1860
1861
1862
1863
1864
1865
1866
1867
1868
1869
1870
1871
1872
1873
1874
1875
1876
1877
1878
1879
1880
1881
1882
1883
1884
1885
1886
1887
1888
1889
1890
1891
1892
1893
1894
1895
1896
1897
1898
1899
1900
1901
1902
1903
1904
1905
1906
1907
1908
1909
1910
1911
1912
1913
1914
1915
1916
1917
1918
1919
1920
1921
1922
1923
1924
1925
1926
1927
1928
1929
1930
1931
1932
1933
1934
1935
1936
1937
1938
1939
1940
1941
1942
1943
1944
1945
1946
1947
1948
1949
1950
1951
1952
1953
1954
1955
1956
1957
1958
1959
1960
1961
1962
1963
1964
1965
1966
1967
1968
1969
1970
1971
1972
1973
1974
1975
1976
1977
1978
1979
1980
1981
1982
1983
1984
1985
1986
1987
1988
1989
1990
1991
1992
1993
1994
1995
1996
1997
1998
1999
2000
2001
2002
2003
2004
2005
2006
2007
2008
2009
2010
2011
2012
2013
2014
2015
2016
2017
2018
2019
2020
2021
2022
2023
2024
2025
2026
2027
2028
2029
2030
2031
2032
2033
2034
2035
2036
2037
2038
2039
2040
2041
2042
2043
2044
2045
2046
2047
2048
2049
2050
2051
2052
2053
2054
2055
2056
2057
2058
2059
2060
2061
2062
2063
2064
2065
2066
2067
2068
2069
2070
2071
2072
2073
2074
2075
2076
2077
2078
2079
2080
2081
2082
2083
2084
2085
2086
2087
2088
2089
2090
2091
2092
2093
2094
2095
2096
2097
2098
2099
2100
2101
2102
2103
2104
2105
2106
2107
2108
2109
2110
2111
2112
2113
2114
2115
2116
2117
2118
2119
2120
2121
2122
2123
2124
2125
2126
2127
2128
2129
2130
2131
2132
2133
2134
2135
2136
2137
2138
2139
2140
2141
2142
2143
2144
2145
2146
2147
2148
2149
2150
2151
2152
2153
2154
2155
2156
2157
2158
2159
2160
2161
2162
2163
2164
2165
2166
2167
2168
2169
2170
2171
2172
2173
2174
2175
2176
2177
2178
2179
2180
2181
2182
2183
2184
2185
2186
2187
2188
2189
2190
2191
2192
2193
2194
2195
2196
2197
2198
2199
2200
2201
2202
2203
2204
2205
2206
2207
2208
2209
2210
2211
2212
2213
2214
2215
2216
2217
2218
2219
2220
2221
2222
2223
2224
2225
2226
2227
2228
2229
2230
2231
2232
2233
2234
2235
2236
2237
2238
2239
2240
2241
2242
2243
2244
2245
2246
2247
2248
2249
2250
2251
2252
2253
2254
2255
2256
2257
2258
2259
2260
2261
2262
2263
2264
2265
2266
2267
2268
2269
2270
2271
2272
2273
2274
2275
2276
2277
2278
2279
2280
2281
2282
2283
2284
2285
2286
2287
2288
2289
2290
2291
2292
2293
2294
2295
2296
2297
2298
2299
2300
2301
2302
2303
2304
2305
2306
2307
2308
2309
2310
2311
2312
2313
2314
2315
2316
2317
2318
2319
2320
2321
2322
2323
2324
2325
2326
2327
2328
2329
2330
2331
2332
2333
2334
2335
2336
2337
2338
2339
2340
2341
2342
2343
2344
2345
2346
2347
2348
2349
2350
2351
2352
2353
2354
2355
2356
2357
2358
2359
2360
2361
2362
2363
2364
2365
2366
2367
2368
2369
2370
2371
2372
2373
2374
2375
2376
2377
2378
2379
2380
2381
2382
2383
2384
2385
2386
2387
2388
2389
2390
2391
2392
2393
2394
2395
2396
2397
2398
2399
2400
2401
2402
2403
2404
2405
2406
2407
2408
2409
2410
2411
2412
2413
2414
2415
2416
2417
2418
2419
2420
2421
2422
2423
2424
2425
2426
2427
2428
2429
2430
2431
2432
2433
2434
2435
2436
2437
2438
2439
2440
2441
2442
2443
2444
2445
2446
2447
2448
2449
2450
2451
2452
2453
2454
2455
2456
2457
2458
2459
2460
2461
2462
2463
2464
2465
2466
2467
2468
2469
2470
2471
2472
2473
2474
2475
2476
2477
2478
2479
2480
2481
2482
2483
2484
2485
2486
2487
2488
2489
2490
2491
2492
2493
2494
2495
2496
2497
2498
2499
2500
2501
2502
2503
2504
2505
2506
2507
2508
2509
2510
2511
2512
2513
2514
2515
2516
2517
2518
2519
2520
2521
2522
2523
2524
2525
2526
2527
2528
2529
2530
2531
2532
2533
2534
2535
2536
2537
2538
2539
2540
2541
2542
2543
2544
2545
2546
2547
2548
2549
2550
2551
2552
2553
2554
2555
2556
2557
2558
2559
2560
2561
2562
2563
2564
2565
2566
2567
2568
2569
2570
2571
2572
2573
2574
2575
2576
2577
2578
2579
2580
2581
2582
2583
2584
2585
2586
2587
2588
2589
2590
2591
2592
2593
2594
2595
2596
2597
2598
2599
2600
2601
2602
2603
2604
2605
2606
2607
2608
2609
2610
2611
2612
2613
2614
2615
2616
2617
2618
2619
2620
2621
2622
2623
2624
2625
2626
2627
2628
2629
2630
2631
2632
2633
2634
2635
2636
2637
2638
2639
2640
2641
2642
2643
2644
2645
2646
2647
2648
2649
2650
2651
2652
2653
2654
2655
2656
2657
2658
2659
2660
2661
2662
2663
2664
2665
2666
2667
2668
2669
2670
2671
2672
2673
2674
2675
2676
2677
2678
2679
2680
2681
2682
2683
2684
2685
2686
2687
2688
2689
2690
2691
2692
2693
2694
2695
2696
2697
2698
2699
2700
2701
2702
2703
2704
2705
2706
2707
2708
2709
2710
2711
2712
2713
2714
2715
2716
2717
2718
2719
2720
2721
2722
2723
2724
2725
2726
2727
2728
2729
2730
2731
2732
2733
2734
2735
2736
2737
2738
2739
2740
2741
2742
2743
2744
2745
2746
2747
2748
2749
2750
2751
2752
2753
2754
2755
2756
2757
2758
2759
2760
2761
2762
2763
2764
2765
2766
2767
2768
2769
2770
2771
2772
2773
2774
2775
2776
2777
2778
2779
2780
2781
2782
2783
2784
2785
2786
2787
2788
2789
2790
2791
2792
2793
2794
2795
2796
2797
2798
2799
2800
2801
2802
2803
2804
2805
2806
2807
2808
2809
2810
2811
2812
2813
2814
2815
2816
2817
2818
2819
2820
2821
2822
2823
2824
2825
2826
2827
2828
2829
2830
2831
2832
2833
2834
2835
2836
2837
2838
2839
2840
2841
2842
2843
2844
2845
2846
2847
2848
2849
2850
2851
2852
2853
2854
2855
2856
2857
2858
2859
2860
2861
2862
2863
2864
2865
2866
2867
2868
2869
2870
2871
2872
2873
2874
2875
2876
2877
2878
2879
2880
2881
2882
2883
2884
2885
2886
2887
2888
2889
2890
2891
2892
2893
2894
2895
2896
2897
2898
2899
2900
2901
2902
2903
2904
2905
2906
2907
2908
2909
2910
2911
2912
2913
2914
2915
2916
2917
2918
2919
2920
2921
2922
2923
2924
2925
2926
2927
2928
2929
2930
2931
2932
2933
2934
2935
2936
2937
2938
2939
2940
2941
2942
2943
2944
2945
2946
2947
2948
2949
2950
2951
2952
2953
2954
2955
2956
2957
2958
2959
2960
2961
2962
2963
2964
2965
2966
2967
2968
2969
2970
2971
2972
2973
2974
2975
2976
2977
2978
2979
2980
2981
2982
2983
2984
2985
2986
2987
2988
2989
2990
2991
2992
2993
2994
2995
2996
2997
2998
2999
3000
3001
3002
3003
3004
3005
3006
3007
3008
3009
3010
3011
3012
3013
3014
3015
3016
3017
3018
3019
3020
3021
3022
3023
3024
3025
3026
3027
3028
3029
3030
3031
3032
3033
3034
3035
3036
3037
3038
3039
3040
3041
3042
3043
3044
3045
3046
3047
3048
3049
3050
3051
3052
3053
3054
3055
3056
3057
3058
3059
3060
3061
3062
3063
3064
3065
3066
3067
3068
3069
3070
3071
3072
3073
3074
3075
3076
3077
3078
3079
3080
3081
3082
3083
3084
3085
3086
3087
3088
3089
3090
3091
3092
3093
3094
3095
3096
3097
3098
3099
3100
3101
3102
3103
3104
3105
3106
3107
3108
3109
3110
3111
3112
3113
3114
3115
3116
3117
3118
3119
3120
3121
3122
3123
3124
3125
3126
3127
3128
3129
3130
3131
3132
3133
3134
3135
3136
3137
3138
3139
3140
3141
3142
3143
3144
3145
3146
3147
3148
3149
3150
3151
3152
3153
3154
3155
3156
3157
3158
3159
3160
3161
3162
3163
3164
3165
3166
3167
3168
3169
3170
3171
3172
3173
3174
3175
3176
3177
3178
3179
3180
3181
3182
3183
3184
3185
3186
3187
3188
3189
3190
3191
3192
3193
3194
3195
3196
3197
3198
3199
3200
3201
3202
3203
3204
3205
3206
3207
3208
3209
3210
3211
3212
3213
3214
3215
3216
3217
3218
3219
3220
3221
3222
3223
3224
3225
3226
3227
3228
3229
3230
3231
3232
3233
3234
3235
3236
3237
3238
3239
3240
3241
3242
3243
3244
3245
3246
3247
3248
3249
3250
3251
3252
3253
3254
3255
3256
3257
3258
3259
3260
3261
3262
3263
3264
3265
3266
3267
3268
3269
3270
3271
3272
3273
3274
3275
3276
3277
3278
3279
3280
3281
3282
3283
3284
3285
3286
3287
3288
3289
3290
3291
3292
3293
3294
3295
3296
3297
3298
3299
3300
3301
3302
3303
3304
3305
3306
3307
3308
3309
3310
3311
3312
3313
3314
3315
3316
3317
3318
3319
3320
3321
3322
3323
3324
3325
3326
3327
3328
3329
3330
3331
3332
3333
3334
3335
3336
3337
3338
3339
3340
3341
3342
3343
3344
3345
3346
3347
3348
3349
3350
3351
3352
3353
3354
3355
3356
3357
3358
3359
3360
3361
3362
3363
3364
3365
3366
3367
3368
3369
3370
3371
3372
3373
3374
3375
3376
3377
3378
3379
3380
3381
3382
3383
3384
3385
3386
3387
3388
3389
3390
3391
3392
3393
3394
3395
3396
3397
3398
3399
3400
3401
3402
3403
3404
3405
3406
3407
3408
3409
3410
3411
3412
3413
3414
3415
3416
3417
3418
3419
3420
3421
3422
3423
3424
3425
3426
3427
3428
3429
3430
3431
3432
3433
3434
3435
3436
3437
3438
3439
3440
3441
3442
3443
3444
3445
3446
3447
3448
3449
3450
3451
3452
3453
3454
3455
3456
3457
3458
3459
3460
3461
3462
3463
3464
3465
3466
3467
3468
3469
3470
3471
3472
3473
3474
3475
3476
3477
3478
3479
3480
3481
3482
3483
3484
3485
3486
3487
3488
3489
3490
3491
3492
3493
3494
3495
3496
3497
3498
3499
3500
3501
3502
3503
3504
3505
3506
3507
3508
3509
3510
3511
3512
3513
3514
3515
3516
3517
3518
3519
3520
3521
3522
3523
3524
3525
3526
3527
3528
3529
3530
3531
3532
3533
3534
3535
3536
3537
3538
3539
3540
3541
3542
3543
3544
3545
3546
3547
3548
3549
3550
3551
3552
3553
3554
3555
3556
3557
3558
3559
3560
3561
3562
3563
3564
3565
3566
3567
3568
3569
3570
3571
3572
3573
3574
3575
3576
3577
3578
3579
3580
3581
3582
3583
3584
3585
3586
3587
3588
3589
3590
3591
3592
3593
3594
3595
3596
3597
3598
3599
3600
3601
3602
3603
3604
3605
3606
3607
3608
3609
3610
3611
3612
3613
3614
3615
3616
3617
3618
3619
3620
3621
3622
3623
3624
3625
3626
3627
3628
3629
3630
3631
3632
3633
3634
3635
3636
3637
3638
3639
3640
3641
3642
3643
3644
3645
3646
3647
3648
3649
3650
3651
3652
3653
3654
3655
3656
3657
3658
3659
3660
3661
3662
3663
3664
3665
3666
3667
3668
3669
3670
3671
3672
3673
3674
3675
3676
3677
3678
3679
3680
3681
3682
3683
3684
3685
3686
3687
3688
3689
3690
3691
3692
3693
3694
3695
3696
3697
3698
3699
3700
3701
3702
3703
3704
3705
3706
3707
3708
3709
3710
3711
3712
3713
3714
3715
3716
3717
3718
3719
3720
3721
3722
3723
3724
3725
3726
3727
3728
3729
3730
3731
3732
3733
3734
3735
3736
3737
3738
3739
3740
3741
3742
3743
3744
3745
3746
3747
3748
3749
3750
3751
3752
3753
3754
3755
3756
3757
3758
3759
3760
3761
3762
3763
3764
3765
3766
3767
3768
3769
3770
3771
3772
3773
3774
3775
3776
3777
3778
3779
3780
3781
3782
3783
3784
3785
3786
3787
3788
3789
3790
3791
3792
3793
3794
3795
3796
3797
3798
3799
3800
3801
3802
3803
3804
3805
3806
3807
3808
3809
3810
3811
3812
3813
3814
3815
3816
3817
3818
3819
3820
3821
3822
3823
3824
3825
3826
3827
3828
3829
3830
3831
3832
3833
3834
3835
3836
3837
3838
3839
3840
3841
3842
3843
3844
3845
3846
3847
3848
3849
3850
3851
3852
3853
3854
3855
3856
3857
3858
3859
3860
3861
3862
3863
3864
3865
3866
3867
3868
3869
3870
3871
3872
3873
3874
3875
3876
3877
3878
3879
3880
3881
3882
3883
3884
3885
3886
3887
3888
3889
3890
3891
3892
3893
3894
3895
3896
3897
3898
3899
3900
3901
3902
3903
3904
3905
3906
3907
3908
3909
3910
3911
3912
3913
3914
3915
3916
3917
3918
3919
3920
3921
3922
3923
3924
3925
3926
3927
3928
3929
3930
3931
3932
3933
3934
3935
3936
3937
3938
3939
3940
3941
3942
3943
3944
3945
3946
3947
3948
3949
3950
3951
3952
3953
3954
3955
3956
3957
3958
3959
3960
3961
3962
3963
3964
3965
3966
3967
3968
3969
3970
3971
3972
3973
3974
3975
3976
3977
3978
3979
3980
3981
3982
3983
3984
3985
3986
3987
3988
3989
3990
3991
3992
3993
3994
3995
3996
3997
3998
3999
4000
4001
4002
4003
4004
4005
4006
4007
4008
4009
4010
4011
4012
4013
4014
4015
4016
4017
4018
4019
4020
4021
4022
4023
4024
4025
4026
4027
4028
4029
4030
4031
4032
4033
4034
4035
4036
4037
4038
4039
4040
4041
4042
4043
4044
4045
4046
4047
4048
4049
4050
4051
4052
4053
4054
4055
4056
4057
4058
4059
4060
4061
4062
4063
4064
4065
4066
4067
4068
4069
4070
4071
4072
4073
4074
4075
4076
4077
4078
4079
4080
4081
4082
4083
4084
4085
4086
4087
4088
4089
4090
4091
4092
4093
4094
4095
4096
4097
4098
4099
4100
4101
4102
4103
4104
4105
4106
4107
4108
4109
4110
4111
4112
4113
4114
4115
4116
4117
4118
4119
4120
4121
4122
4123
4124
4125
4126
4127
4128
4129
4130
4131
4132
4133
4134
4135
4136
4137
4138
4139
4140
4141
4142
4143
4144
4145
4146
4147
4148
4149
4150
4151
4152
4153
4154
4155
4156
4157
4158
4159
4160
4161
4162
4163
4164
4165
4166
4167
4168
4169
4170
4171
4172
4173
4174
4175
4176
4177
4178
4179
4180
4181
4182
4183
4184
4185
4186
4187
4188
4189
4190
4191
4192
4193
4194
4195
4196
4197
4198
4199
4200
4201
4202
4203
4204
4205
4206
4207
4208
4209
4210
4211
4212
4213
4214
4215
4216
4217
4218
4219
4220
4221
4222
4223
4224
4225
4226
4227
4228
4229
4230
4231
4232
4233
4234
4235
4236
4237
4238
4239
4240
4241
4242
4243
4244
4245
4246
4247
4248
4249
4250
4251
4252
4253
4254
4255
4256
4257
4258
4259
4260
4261
4262
4263
4264
4265
4266
4267
4268
4269
4270
4271
4272
4273
4274
4275
4276
4277
4278
4279
4280
4281
4282
4283
4284
4285
4286
4287
4288
4289
4290
4291
4292
4293
4294
4295
4296
4297
4298
4299
4300
4301
4302
4303
4304
4305
4306
4307
4308
4309
4310
4311
4312
4313
4314
4315
4316
4317
4318
4319
4320
4321
4322
4323
4324
4325
4326
4327
4328
4329
4330
4331
4332
4333
4334
4335
4336
4337
4338
4339
4340
4341
4342
4343
4344
4345
4346
4347
4348
4349
4350
4351
4352
4353
4354
4355
4356
4357
4358
4359
4360
4361
4362
4363
4364
4365
4366
4367
4368
4369
4370
4371
4372
4373
4374
4375
4376
4377
4378
4379
4380
4381
4382
4383
4384
4385
4386
4387
4388
4389
4390
4391
4392
4393
4394
4395
4396
4397
4398
4399
4400
4401
4402
4403
4404
4405
4406
4407
4408
4409
4410
4411
4412
4413
4414
4415
4416
4417
4418
4419
4420
4421
4422
4423
4424
4425
4426
4427
4428
4429
4430
4431
4432
4433
4434
4435
4436
4437
4438
4439
4440
4441
4442
4443
4444
4445
4446
4447
4448
4449
4450
4451
4452
4453
4454
4455
4456
4457
4458
4459
4460
4461
4462
4463
4464
4465
4466
4467
4468
4469
4470
4471
4472
4473
4474
4475
4476
4477
4478
4479
4480
4481
4482
4483
4484
4485
4486
4487
4488
4489
4490
4491
4492
4493
4494
4495
4496
4497
4498
4499
4500
4501
4502
4503
4504
4505
4506
4507
4508
4509
4510
4511
4512
4513
4514
4515
4516
4517
4518
4519
4520
4521
4522
4523
4524
4525
4526
4527
4528
4529
4530
4531
4532
4533
4534
4535
4536
4537
4538
4539
4540
4541
4542
4543
4544
4545
4546
4547
4548
4549
4550
4551
4552
4553
4554
4555
4556
4557
4558
4559
4560
4561
4562
4563
4564
4565
4566
4567
4568
4569
4570
4571
4572
4573
4574
4575
4576
4577
4578
4579
4580
4581
4582
4583
4584
4585
4586
4587
4588
4589
4590
4591
4592
4593
4594
4595
4596
4597
4598
4599
4600
4601
4602
4603
4604
4605
4606
4607
4608
4609
4610
4611
4612
4613
4614
4615
4616
4617
4618
4619
4620
4621
4622
4623
4624
4625
4626
4627
4628
4629
4630
4631
4632
4633
4634
4635
4636
4637
4638
4639
4640
4641
4642
4643
4644
4645
4646
4647
4648
4649
4650
4651
4652
4653
4654
4655
4656
4657
4658
4659
4660
4661
4662
4663
4664
4665
4666
4667
4668
4669
4670
4671
4672
4673
4674
4675
4676
4677
4678
4679
4680
4681
4682
4683
4684
4685
4686
4687
4688
4689
4690
4691
4692
4693
4694
4695
4696
4697
4698
4699
4700
4701
4702
4703
4704
4705
4706
4707
4708
4709
4710
4711
4712
4713
4714
4715
4716
4717
4718
4719
4720
4721
4722
4723
4724
4725
4726
4727
4728
4729
4730
4731
4732
4733
4734
4735
4736
4737
4738
4739
4740
4741
4742
4743
4744
4745
4746
4747
4748
4749
4750
4751
4752
4753
4754
4755
4756
4757
4758
4759
4760
4761
4762
4763
4764
4765
4766
4767
4768
4769
4770
4771
4772
4773
4774
4775
4776
4777
4778
4779
4780
4781
4782
4783
4784
4785
4786
4787
4788
4789
4790
4791
4792
4793
4794
4795
4796
4797
4798
4799
4800
4801
4802
4803
4804
4805
4806
4807
4808
4809
4810
4811
4812
4813
4814
4815
4816
4817
4818
4819
4820
4821
4822
4823
4824
4825
4826
4827
4828
4829
4830
4831
4832
4833
4834
4835
4836
4837
4838
4839
4840
4841
4842
4843
4844
4845
4846
4847
4848
4849
4850
4851
4852
4853
4854
4855
4856
4857
4858
4859
4860
4861
4862
4863
4864
4865
4866
4867
4868
4869
4870
4871
4872
4873
4874
4875
4876
4877
4878
4879
4880
4881
4882
4883
4884
4885
4886
4887
4888
4889
4890
4891
4892
4893
4894
4895
4896
4897
4898
4899
4900
4901
4902
4903
4904
4905
4906
4907
4908
4909
4910
4911
4912
4913
4914
4915
4916
4917
4918
4919
4920
4921
4922
4923
4924
4925
4926
4927
4928
4929
4930
4931
4932
4933
4934
4935
4936
4937
4938
4939
4940
4941
4942
4943
4944
4945
4946
4947
4948
4949
4950
4951
4952
4953
4954
4955
4956
4957
4958
4959
4960
4961
4962
4963
4964
4965
4966
4967
4968
4969
4970
4971
4972
4973
4974
4975
4976
4977
4978
4979
4980
4981
4982
4983
4984
4985
4986
4987
4988
4989
4990
4991
4992
4993
4994
4995
4996
4997
4998
4999
5000
5001
5002
5003
5004
5005
5006
5007
5008
5009
5010
5011
5012
5013
5014
5015
5016
5017
5018
5019
5020
5021
5022
5023
5024
5025
5026
5027
5028
5029
5030
5031
5032
5033
5034
5035
5036
5037
5038
5039
5040
5041
5042
5043
5044
5045
5046
5047
5048
5049
5050
5051
5052
5053
5054
5055
5056
5057
5058
5059
5060
5061
5062
5063
5064
5065
5066
5067
5068
5069
5070
5071
5072
5073
5074
5075
5076
5077
5078
5079
5080
5081
5082
5083
5084
5085
5086
5087
5088
5089
5090
5091
5092
5093
5094
5095
5096
5097
5098
5099
5100
5101
5102
5103
5104
5105
5106
5107
5108
5109
5110
5111
5112
5113
5114
5115
5116
5117
5118
5119
5120
5121
5122
5123
5124
5125
5126
5127
5128
5129
5130
5131
5132
5133
5134
5135
5136
5137
5138
5139
5140
5141
5142
5143
5144
5145
5146
5147
5148
5149
5150
5151
5152
5153
5154
5155
5156
5157
5158
5159
5160
5161
5162
5163
5164
5165
5166
5167
5168
5169
5170
5171
5172
5173
5174
5175
5176
5177
5178
5179
5180
5181
5182
5183
5184
5185
5186
5187
5188
5189
5190
5191
5192
5193
5194
5195
5196
5197
5198
5199
5200
5201
5202
5203
5204
5205
5206
5207
5208
5209
5210
5211
5212
5213
5214
5215
5216
5217
5218
5219
5220
5221
5222
5223
5224
5225
5226
5227
5228
5229
5230
5231
5232
5233
5234
5235
5236
5237
5238
5239
5240
5241
5242
5243
5244
5245
5246
5247
5248
5249
5250
5251
5252
5253
5254
5255
5256
5257
5258
5259
5260
5261
5262
5263
5264
5265
5266
5267
5268
5269
5270
5271
5272
5273
5274
5275
5276
5277
5278
5279
5280
5281
5282
5283
5284
5285
5286
5287
5288
5289
5290
5291
5292
5293
5294
5295
5296
5297
5298
5299
5300
5301
5302
5303
5304
5305
5306
5307
5308
5309
5310
5311
5312
5313
5314
5315
5316
5317
5318
5319
5320
5321
5322
5323
5324
5325
5326
5327
5328
5329
5330
5331
5332
5333
5334
5335
5336
5337
5338
5339
5340
5341
5342
5343
5344
5345
5346
5347
5348
5349
5350
5351
5352
5353
5354
5355
5356
5357
5358
5359
5360
5361
5362
5363
5364
5365
5366
5367
5368
5369
5370
5371
5372
5373
5374
5375
5376
5377
5378
5379
5380
5381
5382
5383
5384
5385
5386
5387
5388
5389
5390
5391
5392
5393
5394
5395
5396
5397
5398
5399
5400
5401
5402
5403
5404
5405
5406
5407
5408
5409
5410
5411
5412
5413
5414
5415
5416
5417
5418
5419
5420
5421
5422
5423
5424
5425
5426
5427
5428
5429
5430
5431
5432
5433
5434
5435
5436
5437
5438
5439
5440
5441
5442
5443
5444
5445
5446
5447
5448
5449
5450
5451
5452
5453
5454
5455
5456
5457
5458
5459
5460
5461
5462
5463
5464
5465
5466
5467
5468
5469
5470
5471
5472
5473
5474
5475
5476
5477
5478
5479
5480
5481
5482
5483
5484
5485
5486
5487
5488
5489
5490
5491
5492
5493
5494
5495
5496
5497
5498
5499
5500
5501
5502
5503
5504
5505
5506
5507
5508
5509
5510
5511
5512
5513
5514
5515
5516
5517
5518
5519
5520
5521
5522
5523
5524
5525
5526
5527
5528
5529
5530
5531
5532
5533
5534
5535
5536
5537
5538
5539
5540
5541
5542
5543
5544
5545
5546
5547
5548
5549
5550
5551
5552
5553
5554
5555
5556
5557
5558
5559
5560
5561
5562
5563
5564
5565
5566
5567
5568
5569
5570
5571
5572
5573
5574
5575
5576
5577
5578
5579
5580
5581
5582
5583
5584
5585
5586
5587
5588
5589
5590
5591
5592
5593
5594
5595
5596
5597
5598
5599
5600
5601
5602
5603
5604
5605
5606
5607
5608
5609
5610
5611
5612
5613
5614
5615
5616
5617
5618
5619
5620
5621
5622
5623
5624
5625
5626
5627
5628
5629
5630
5631
5632
5633
5634
5635
5636
5637
5638
5639
5640
5641
5642
5643
5644
5645
5646
5647
5648
5649
5650
5651
5652
5653
5654
5655
5656
5657
5658
5659
5660
5661
5662
5663
5664
5665
5666
5667
5668
5669
5670
5671
5672
5673
5674
5675
5676
5677
5678
5679
5680
5681
5682
5683
5684
5685
5686
5687
5688
5689
5690
5691
5692
5693
5694
5695
5696
5697
5698
5699
5700
5701
5702
5703
5704
5705
5706
5707
5708
5709
5710
5711
5712
5713
5714
5715
5716
5717
5718
5719
5720
5721
5722
5723
5724
5725
5726
5727
5728
5729
5730
5731
5732
5733
5734
5735
5736
5737
5738
5739
5740
5741
5742
5743
5744
5745
5746
5747
5748
5749
5750
5751
5752
5753
5754
5755
5756
5757
5758
5759
5760
5761
5762
5763
5764
5765
5766
5767
5768
5769
5770
5771
5772
5773
5774
5775
5776
5777
5778
5779
5780
5781
5782
5783
5784
5785
5786
5787
5788
5789
5790
5791
5792
5793
5794
5795
5796
5797
5798
5799
5800
5801
5802
5803
5804
5805
5806
5807
5808
5809
5810
5811
5812
5813
5814
5815
5816
5817
5818
5819
5820
5821
5822
5823
5824
5825
5826
5827
5828
5829
5830
5831
5832
5833
5834
5835
5836
5837
5838
5839
5840
5841
5842
5843
5844
5845
5846
5847
5848
5849
5850
5851
5852
5853
5854
5855
5856
5857
5858
5859
5860
5861
5862
5863
5864
5865
5866
5867
5868
5869
5870
5871
5872
5873
5874
5875
5876
5877
5878
5879
5880
5881
5882
5883
5884
5885
5886
5887
5888
5889
5890
5891
5892
5893
5894
5895
5896
5897
5898
5899
5900
5901
5902
5903
5904
5905
5906
5907
5908
5909
5910
5911
5912
5913
5914
5915
5916
5917
5918
5919
5920
5921
5922
5923
5924
5925
5926
5927
5928
5929
5930
5931
5932
5933
5934
5935
5936
5937
5938
5939
5940
5941
5942
5943
5944
5945
5946
5947
5948
5949
5950
5951
5952
5953
5954
5955
5956
5957
5958
5959
5960
5961
5962
5963
5964
5965
5966
5967
5968
5969
5970
5971
5972
5973
5974
5975
5976
5977
5978
5979
5980
5981
5982
5983
5984
5985
5986
5987
5988
5989
5990
5991
5992
5993
5994
5995
5996
5997
5998
5999
6000
6001
6002
6003
6004
6005
6006
6007
6008
6009
6010
6011
6012
6013
6014
6015
6016
6017
6018
6019
6020
6021
6022
6023
6024
6025
6026
6027
6028
6029
6030
6031
6032
6033
6034
6035
6036
6037
6038
6039
6040
6041
6042
6043
6044
6045
6046
6047
6048
6049
6050
6051
6052
6053
6054
6055
6056
6057
6058
6059
6060
6061
6062
6063
6064
6065
6066
6067
6068
6069
6070
6071
6072
6073
6074
6075
6076
6077
6078
6079
6080
6081
6082
6083
6084
6085
6086
6087
6088
6089
6090
6091
6092
6093
6094
6095
6096
6097
6098
6099
6100
6101
6102
6103
6104
6105
6106
6107
6108
6109
6110
6111
6112
6113
6114
6115
6116
6117
6118
6119
6120
6121
6122
6123
6124
6125
6126
6127
6128
6129
6130
6131
6132
6133
6134
6135
6136
6137
6138
6139
6140
6141
6142
6143
6144
6145
6146
6147
6148
6149
6150
6151
6152
6153
6154
6155
6156
6157
6158
6159
6160
6161
6162
6163
6164
6165
6166
6167
6168
6169
6170
6171
6172
6173
6174
6175
6176
6177
6178
6179
6180
6181
6182
6183
6184
6185
6186
6187
6188
6189
6190
6191
6192
6193
6194
6195
6196
6197
6198
6199
6200
6201
6202
6203
6204
6205
6206
6207
6208
6209
6210
6211
6212
6213
6214
6215
6216
6217
6218
6219
6220
6221
6222
6223
6224
6225
6226
6227
6228
6229
6230
6231
6232
6233
6234
6235
6236
6237
6238
6239
6240
6241
6242
6243
6244
6245
6246
6247
6248
6249
6250
6251
6252
6253
6254
6255
6256
6257
6258
6259
6260
6261
6262
6263
6264
6265
6266
6267
6268
6269
6270
6271
6272
6273
6274
6275
6276
6277
6278
6279
6280
6281
6282
6283
6284
6285
6286
6287
6288
6289
6290
6291
6292
6293
6294
6295
6296
6297
6298
6299
6300
6301
6302
6303
6304
6305
6306
6307
6308
6309
6310
6311
6312
6313
6314
6315
6316
6317
6318
6319
6320
6321
6322
6323
6324
6325
6326
6327
6328
6329
6330
6331
6332
6333
6334
6335
6336
6337
6338
6339
6340
6341
6342
6343
6344
6345
6346
6347
6348
6349
6350
6351
6352
6353
6354
6355
6356
6357
6358
6359
6360
6361
6362
6363
6364
6365
6366
6367
6368
6369
6370
6371
6372
6373
6374
6375
6376
6377
6378
6379
6380
6381
6382
6383
6384
6385
6386
6387
6388
6389
6390
6391
6392
6393
6394
6395
6396
6397
6398
6399
6400
6401
6402
6403
6404
6405
6406
6407
6408
6409
6410
6411
6412
6413
6414
6415
6416
6417
6418
6419
6420
6421
6422
6423
6424
6425
6426
6427
6428
6429
6430
6431
6432
6433
6434
6435
6436
6437
6438
6439
6440
6441
6442
6443
6444
6445
6446
6447
6448
6449
6450
6451
6452
6453
6454
6455
6456
6457
6458
6459
6460
6461
6462
6463
6464
6465
6466
6467
6468
6469
6470
6471
6472
6473
6474
6475
6476
6477
6478
6479
6480
6481
6482
6483
6484
6485
6486
6487
6488
6489
6490
6491
6492
6493
6494
6495
6496
6497
6498
6499
6500
6501
6502
6503
6504
6505
6506
6507
6508
6509
6510
6511
6512
6513
6514
6515
6516
6517
6518
6519
6520
6521
6522
6523
6524
6525
6526
6527
6528
6529
6530
6531
6532
6533
6534
6535
6536
6537
6538
6539
6540
6541
6542
6543
6544
6545
6546
6547
6548
6549
6550
6551
6552
6553
6554
6555
6556
6557
6558
6559
6560
6561
6562
6563
6564
6565
6566
6567
6568
6569
6570
6571
6572
6573
6574
6575
6576
6577
6578
6579
6580
6581
6582
6583
6584
6585
6586
6587
6588
6589
6590
6591
6592
6593
6594
6595
6596
6597
6598
6599
6600
6601
6602
6603
6604
6605
6606
6607
6608
6609
6610
6611
6612
6613
6614
6615
6616
6617
6618
6619
6620
6621
6622
6623
6624
6625
6626
6627
6628
6629
6630
6631
6632
6633
6634
6635
6636
6637
6638
6639
6640
6641
6642
6643
6644
6645
6646
6647
6648
6649
6650
6651
6652
6653
6654
6655
6656
6657
6658
6659
6660
6661
6662
6663
6664
6665
6666
6667
6668
6669
6670
6671
6672
6673
6674
6675
6676
6677
6678
6679
6680
6681
6682
6683
6684
6685
6686
6687
6688
6689
6690
6691
6692
6693
6694
6695
6696
6697
6698
6699
6700
6701
6702
6703
6704
6705
6706
6707
6708
6709
6710
6711
6712
6713
6714
6715
6716
6717
6718
6719
6720
6721
6722
6723
6724
6725
6726
6727
6728
6729
6730
6731
6732
6733
6734
6735
6736
6737
6738
6739
6740
6741
6742
6743
6744
6745
6746
6747
6748
6749
6750
6751
6752
6753
6754
6755
6756
6757
6758
6759
6760
6761
6762
6763
6764
6765
6766
6767
6768
6769
6770
6771
6772
6773
6774
6775
6776
6777
6778
6779
6780
6781
6782
6783
6784
6785
6786
6787
6788
6789
6790
6791
6792
6793
6794
6795
6796
6797
6798
6799
6800
6801
6802
6803
6804
6805
6806
6807
6808
6809
6810
6811
6812
6813
6814
6815
6816
6817
6818
6819
6820
6821
6822
6823
6824
6825
6826
6827
6828
6829
6830
6831
6832
6833
6834
6835
6836
6837
6838
6839
6840
6841
6842
6843
6844
6845
6846
6847
6848
6849
6850
6851
6852
6853
6854
6855
6856
6857
6858
6859
6860
6861
6862
6863
6864
6865
6866
6867
6868
6869
6870
6871
6872
6873
6874
6875
6876
6877
6878
6879
6880
6881
6882
6883
6884
6885
6886
6887
6888
6889
6890
6891
6892
6893
6894
6895
6896
6897
6898
6899
6900
6901
6902
6903
6904
6905
6906
6907
6908
6909
6910
6911
6912
6913
6914
6915
6916
6917
6918
6919
6920
6921
6922
6923
6924
6925
6926
6927
6928
6929
6930
6931
6932
6933
6934
6935
6936
6937
6938
6939
6940
6941
6942
6943
6944
6945
6946
6947
6948
6949
6950
6951
6952
6953
6954
6955
6956
6957
6958
6959
6960
6961
6962
6963
6964
6965
6966
6967
6968
6969
6970
6971
6972
6973
6974
6975
6976
6977
6978
6979
6980
6981
6982
6983
6984
6985
6986
6987
6988
6989
6990
6991
6992
6993
6994
6995
6996
6997
6998
6999
7000
7001
7002
7003
7004
7005
7006
7007
7008
7009
7010
7011
7012
7013
7014
7015
7016
7017
7018
7019
7020
7021
7022
7023
7024
7025
7026
7027
7028
7029
7030
7031
7032
7033
7034
7035
7036
7037
7038
7039
7040
7041
7042
7043
7044
7045
7046
7047
7048
7049
7050
7051
7052
7053
7054
7055
7056
7057
7058
7059
7060
7061
7062
7063
7064
7065
7066
7067
7068
7069
7070
7071
7072
7073
7074
7075
7076
7077
7078
7079
7080
7081
7082
7083
7084
7085
7086
7087
7088
7089
7090
7091
7092
7093
7094
7095
7096
7097
7098
7099
7100
7101
7102
7103
7104
7105
7106
7107
7108
7109
7110
7111
7112
7113
7114
7115
7116
7117
7118
7119
7120
7121
7122
7123
7124
7125
7126
7127
7128
7129
7130
7131
7132
7133
7134
7135
7136
7137
7138
7139
7140
7141
7142
7143
7144
7145
7146
7147
7148
7149
7150
7151
7152
7153
7154
7155
7156
7157
7158
7159
7160
7161
7162
7163
7164
7165
7166
7167
7168
7169
7170
7171
7172
7173
7174
7175
7176
7177
7178
7179
7180
7181
7182
7183
7184
7185
7186
7187
7188
7189
7190
7191
7192
7193
7194
7195
7196
7197
7198
7199
7200
7201
7202
7203
7204
7205
7206
7207
7208
7209
7210
7211
7212
7213
7214
7215
7216
7217
7218
7219
7220
7221
7222
7223
7224
7225
7226
7227
7228
7229
7230
7231
7232
7233
7234
7235
7236
7237
7238
7239
7240
7241
7242
7243
7244
7245
7246
7247
7248
7249
7250
7251
7252
7253
7254
7255
7256
7257
7258
7259
7260
7261
7262
7263
7264
7265
7266
7267
7268
7269
7270
7271
7272
7273
7274
7275
7276
7277
7278
7279
7280
7281
7282
7283
7284
7285
7286
7287
7288
7289
7290
7291
7292
7293
7294
7295
7296
7297
7298
7299
7300
7301
7302
7303
7304
7305
7306
7307
7308
7309
7310
7311
7312
7313
7314
7315
7316
7317
7318
7319
7320
7321
7322
7323
7324
7325
7326
7327
7328
7329
7330
7331
7332
7333
7334
7335
7336
7337
7338
7339
7340
7341
7342
7343
7344
7345
7346
7347
7348
7349
7350
7351
7352
7353
7354
7355
7356
7357
7358
7359
7360
7361
7362
7363
7364
7365
7366
7367
7368
7369
7370
7371
7372
7373
7374
7375
7376
7377
7378
7379
7380
7381
7382
7383
7384
7385
7386
7387
7388
7389
7390
7391
7392
7393
7394
7395
7396
7397
7398
7399
7400
7401
7402
7403
7404
7405
7406
7407
7408
7409
7410
7411
7412
7413
7414
7415
7416
7417
7418
7419
7420
7421
7422
7423
7424
7425
7426
7427
7428
7429
7430
7431
7432
7433
7434
7435
7436
7437
7438
7439
7440
7441
7442
7443
7444
7445
7446
7447
7448
7449
7450
7451
7452
7453
7454
7455
7456
7457
7458
7459
7460
7461
7462
7463
7464
7465
7466
7467
7468
7469
7470
7471
7472
7473
7474
7475
7476
7477
7478
7479
7480
7481
7482
7483
7484
7485
7486
7487
7488
7489
7490
7491
7492
7493
7494
7495
7496
7497
7498
7499
7500
7501
7502
7503
7504
7505
7506
7507
7508
7509
7510
7511
7512
7513
7514
7515
7516
7517
7518
7519
7520
7521
7522
7523
7524
7525
7526
7527
7528
7529
7530
7531
7532
7533
7534
7535
7536
7537
7538
7539
7540
7541
7542
7543
7544
7545
7546
7547
7548
7549
7550
7551
7552
7553
7554
7555
7556
7557
7558
7559
7560
7561
7562
7563
7564
7565
7566
7567
7568
7569
7570
7571
7572
7573
7574
7575
7576
7577
7578
7579
7580
7581
7582
7583
7584
7585
7586
7587
7588
7589
7590
7591
7592
7593
7594
7595
7596
7597
7598
7599
7600
7601
7602
7603
7604
7605
7606
7607
7608
7609
7610
7611
7612
7613
7614
7615
7616
7617
7618
7619
7620
7621
7622
7623
7624
7625
7626
7627
7628
7629
7630
7631
7632
7633
7634
7635
7636
7637
7638
7639
7640
7641
7642
7643
7644
7645
7646
7647
7648
7649
7650
7651
7652
7653
7654
7655
7656
7657
7658
7659
7660
7661
7662
7663
7664
7665
7666
7667
7668
7669
7670
7671
7672
7673
7674
7675
7676
7677
7678
7679
7680
7681
7682
7683
7684
7685
7686
7687
7688
7689
7690
7691
7692
7693
7694
7695
7696
7697
7698
7699
7700
7701
7702
7703
7704
7705
7706
7707
7708
7709
7710
7711
7712
7713
7714
7715
7716
7717
7718
7719
7720
7721
7722
7723
7724
7725
7726
7727
7728
7729
7730
7731
7732
7733
7734
7735
7736
7737
7738
7739
7740
7741
7742
7743
7744
7745
7746
7747
7748
7749
7750
7751
7752
7753
7754
7755
7756
7757
7758
7759
7760
7761
7762
7763
7764
7765
7766
7767
7768
7769
7770
7771
7772
7773
7774
7775
7776
7777
7778
7779
7780
7781
7782
7783
7784
7785
7786
7787
7788
7789
7790
7791
7792
7793
7794
7795
7796
7797
7798
7799
7800
7801
7802
7803
7804
7805
7806
7807
7808
7809
7810
7811
7812
7813
7814
7815
7816
7817
7818
7819
7820
7821
7822
7823
7824
7825
7826
7827
7828
7829
7830
7831
7832
7833
7834
7835
7836
7837
7838
7839
7840
7841
7842
7843
7844
7845
7846
7847
7848
7849
7850
7851
7852
7853
7854
7855
7856
7857
7858
7859
7860
7861
7862
7863
7864
7865
7866
7867
7868
7869
7870
7871
7872
7873
7874
7875
7876
7877
7878
7879
7880
7881
7882
7883
7884
7885
7886
7887
7888
7889
7890
7891
7892
7893
7894
7895
7896
7897
7898
7899
7900
7901
7902
7903
7904
7905
7906
7907
7908
7909
7910
7911
7912
7913
7914
7915
7916
7917
7918
7919
7920
7921
7922
7923
7924
7925
7926
7927
7928
7929
7930
7931
7932
7933
7934
7935
7936
7937
7938
7939
7940
7941
7942
7943
7944
7945
7946
7947
7948
7949
7950
7951
7952
7953
7954
7955
7956
7957
7958
7959
7960
7961
7962
7963
7964
7965
7966
7967
7968
7969
7970
7971
7972
7973
7974
7975
7976
7977
7978
7979
7980
7981
7982
7983
7984
7985
7986
7987
7988
7989
7990
7991
7992
7993
7994
7995
7996
7997
7998
7999
8000
8001
8002
8003
8004
8005
8006
8007
8008
8009
8010
8011
8012
8013
8014
8015
8016
8017
8018
8019
8020
8021
8022
8023
8024
8025
8026
8027
8028
8029
8030
8031
8032
8033
8034
8035
8036
8037
8038
8039
8040
8041
8042
8043
8044
8045
8046
8047
8048
8049
8050
8051
8052
8053
8054
8055
8056
8057
8058
8059
8060
8061
8062
8063
8064
8065
8066
8067
8068
8069
8070
8071
8072
8073
8074
8075
8076
8077
8078
8079
8080
8081
8082
8083
8084
8085
8086
8087
8088
8089
8090
8091
8092
8093
8094
8095
8096
8097
8098
8099
8100
8101
8102
8103
8104
8105
8106
8107
8108
8109
8110
8111
8112
8113
8114
8115
8116
8117
8118
8119
8120
8121
8122
8123
8124
8125
8126
8127
8128
8129
8130
8131
8132
8133
8134
8135
8136
8137
8138
8139
8140
8141
8142
8143
8144
8145
8146
8147
8148
8149
8150
8151
8152
8153
8154
8155
8156
8157
8158
8159
8160
8161
8162
8163
8164
8165
8166
8167
8168
8169
8170
8171
8172
8173
8174
8175
8176
8177
8178
8179
8180
8181
8182
8183
8184
8185
8186
8187
8188
8189
8190
8191
8192
8193
8194
8195
8196
8197
8198
8199
8200
8201
8202
8203
8204
8205
8206
8207
8208
8209
8210
8211
8212
8213
8214
8215
8216
8217
8218
8219
8220
8221
8222
8223
8224
8225
8226
8227
8228
8229
8230
8231
8232
8233
8234
8235
8236
8237
8238
8239
8240
8241
8242
8243
8244
8245
8246
8247
8248
8249
8250
8251
8252
8253
8254
8255
8256
8257
8258
8259
8260
8261
8262
8263
8264
8265
8266
8267
8268
8269
8270
8271
8272
8273
8274
8275
8276
8277
8278
8279
8280
8281
8282
8283
8284
8285
8286
8287
8288
8289
8290
8291
8292
8293
8294
8295
8296
8297
8298
8299
8300
8301
8302
8303
8304
8305
8306
8307
8308
8309
8310
8311
8312
8313
8314
8315
8316
8317
8318
8319
8320
8321
8322
8323
8324
8325
8326
8327
8328
8329
8330
8331
8332
8333
8334
8335
8336
8337
8338
8339
8340
8341
8342
8343
8344
8345
8346
8347
8348
)

// ************************************************************************* //
