/*--------------------------------*- C++ -*----------------------------------*\
  =========                 |
  \\      /  F ield         | OpenFOAM: The Open Source CFD Toolbox
   \\    /   O peration     |
    \\  /    A nd           | Version: 13
     \\/     M anipulation  |
\*---------------------------------------------------------------------------*/
FoamFile
{
    version     2.0;
    format      ascii;
    class       vectorField;
    location    "constant/polyMesh";
    object      points;
}
// * * * * * * * * * * * * * * * * * * * * * * * * * * * * * * * * * * * * //
9336
(
(0.22719171 -0.440416018 -0.23085936)
(0.447988473 -0.23930686 -0.234205616)
(0.240483788 -0.235174269 -0.446721621)
(-0.428173853 -0.119648022 -0.199363041)
(-0.41830682 0.216163556 -0.104692669)
(-0.420129375 0.113415289 -0.210182357)
(0.201985966 0.426931879 -0.126709341)
(0.124326054 0.426640586 -0.204732398)
(-0.202406179 0.426729691 -0.113915845)
(-0.120489591 0.426505031 -0.201179947)
(0.673449146 0.419802582 -0.502735054)
(-0.395965204 0.679489943 -0.497869229)
(-0.288761513 0.645045948 -0.534231124)
(0.429351977 -0.197378904 0.129742015)
(0.429955508 -0.182356384 -0.172390767)
(0.646946251 -0.285220176 -0.284911046)
(0.425417897 0.209041616 -0.114480377)
(0.426611105 0.121690087 -0.198049373)
(0.792763833 0.0264665967 -0.327973556)
(0.670863724 0.350597775 -0.17379078)
(-0.657912066 -0.201214447 -0.340596869)
(-0.781394474 -0.156331405 -0.354453029)
(-0.289827562 -0.485828545 -0.672730079)
(-0.413089923 -0.453003209 -0.707984945)
(-0.669562293 0.183880896 -0.357701265)
(0.580848666 -0.429235619 -0.604185447)
(0.524636306 -0.442226606 -0.649083749)
(0.924009181 0.0362157642 -0.158740019)
(0.897112181 0.03500794 -0.255918396)
(0.903801973 0.067632572 -0.211909548)
(-0.152671618 0.514635 -0.770949316)
(0.933780532 -0.0410108033 -0.0605688539)
(0.792320578 0.090517073 -0.339804544)
(0.683000601 0.256446322 -0.503477349)
(0.664293108 0.169950689 -0.351391855)
(-0.358915399 0.668893442 -0.174677634)
(-0.207202892 0.661932316 -0.341914349)
(-0.295091617 0.688059834 -0.487566896)
(-0.299681736 0.703604347 -0.254883402)
(-0.403719144 0.718663714 -0.449527673)
(0.357378441 0.664339829 -0.18135344)
(0.428317996 -0.122623399 0.206282564)
(0.192934119 -0.42894391 0.127729982)
(-0.11499461 -0.437051828 -0.187430434)
(0.166801569 -0.440231914 -0.172050084)
(0.15636536 -0.926887089 -0.0259403574)
(-0.162183415 -0.926200176 -0.0265289958)
(-0.259914449 -0.899201283 -0.0244704321)
(-0.215451292 -0.900670421 -0.0576005182)
(-0.221046156 -0.899737131 -0.12301132)
(-0.271924456 -0.865153669 -0.152689979)
(-0.0614674539 -0.933476694 -0.0375955993)
(-0.11753827 -0.923521954 -0.0612261179)
(-0.26544266 -0.546063957 -0.631548711)
(-0.262297103 -0.592189677 -0.566043658)
(-0.195532264 -0.659558556 -0.330554959)
(-0.276787168 -0.854303192 -0.215502429)
(-0.677526254 -0.302006493 -0.486985531)
(-0.763819361 -0.246156617 -0.475908628)
(-0.757452886 -0.205465597 -0.528367362)
(-0.856272159 -0.24829084 -0.228234568)
(-0.852454029 -0.217650434 -0.276580108)
(-0.715067146 -0.215092856 -0.579087196)
(-0.65841184 -0.383908584 -0.551006778)
(-0.63576339 -0.277937606 -0.547464201)
(0.337272688 -0.791864593 0.101879776)
(0.499284376 -0.682055304 0.26413708)
(-0.940414147 0.087006568 0)
(-0.913786372 0.149809397 -0.00117468987)
(-0.724891015 0.274312395 -0.30561604)
(0.347044534 0.162826998 -0.665040928)
(0.202444323 0.118310324 -0.425728095)
(0.119480114 0.203932498 -0.425692958)
(0.180866138 -0.179120185 -0.425894368)
(-0.20499954 0.125807962 -0.42578214)
(-0.131957367 0.200078804 -0.425730964)
(0.289729084 -0.284016813 -0.645813466)
(0.217566405 -0.333988595 -0.663367801)
(0.344569811 -0.21292562 -0.661311461)
(-0.128046305 -0.192882368 -0.425946014)
(-0.201946611 -0.120745367 -0.425916983)
(-0.198376259 -0.338330555 -0.65460942)
(-0.343472912 -0.205539871 -0.656106334)
(0.493412993 -0.297870865 -0.68575344)
(0.457262256 -0.397165124 -0.720873126)
(0.541575483 -0.293250258 -0.646511465)
(0.504679233 -0.389177275 -0.681898002)
(0.897309514 -0.0310205374 -0.255887472)
(0.774880703 -0.0422371638 -0.319602046)
(-0.551691716 0.172615799 -0.745632387)
(-0.0343684609 0.159866365 -0.924128084)
(0.0345486401 0.159878721 -0.92410997)
(0.924374566 -0.0324993729 -0.158502847)
(0.915492965 -0.067132052 -0.116439843)
(0.902420491 -0.0637678251 -0.21174295)
(0.919697343 -0.131972734 -0.115597428)
(0.819477182 -0.0759773772 -0.453810421)
(0.774126743 -0.495233117 -0.181061439)
(0.643725112 -0.532913126 -0.294281973)
(0.606379403 -0.480689191 -0.558370008)
(0.603470222 -0.575563895 -0.439953516)
(0.713236867 0.412555969 -0.452466236)
(0.737668274 0.361463159 -0.447629913)
(0.724333215 0.295520713 -0.2596342)
(0.713847935 0.26297273 -0.30180177)
(0.74406789 0.426229645 -0.343288199)
(0.719576557 0.452012902 -0.401505626)
(0.695906624 0.490228832 -0.256201191)
(0.77959309 0.501504428 -0.174577548)
(0.663878241 0.545514633 -0.256784017)
(0.745581962 0.554112088 -0.174656404)
(0.808563055 0.118830842 -0.463591445)
(0.817124984 0.054214025 -0.45247042)
(0.919708209 0.136192717 -0.115978055)
(0.933666389 0.0438613216 -0.0620852831)
(0.919172842 0.0701070118 -0.116592552)
(-0.275092409 0.588350904 -0.563891463)
(-0.509990918 0.687066732 -0.265248756)
(-0.504993537 0.673034505 -0.417766028)
(-0.454179056 0.711974233 -0.409650754)
(-0.449915326 0.736991204 -0.359028316)
(-0.274345185 0.853305442 -0.224330791)
(0.179110813 0.35540489 -0.665902107)
(0.148109604 0.513949787 -0.769784392)
(0.0624377295 0.933662296 -0.0435154797)
(0.159965543 0.924361957 0.0345508671)
(-0.0625330595 0.933612727 -0.0436109705)
(-1.50560166e-05 0.93569831 -0.080555811)
(-3.34549016e-05 0.913083016 -0.14117543)
(-0.118250772 0.916789078 -0.068848118)
(0.159952657 0.924380777 -0.0343628856)
(0.118106668 0.916866695 -0.0688206495)
(0.0608910852 0.895890953 -0.231338489)
(0.0617944214 0.919441759 -0.167665313)
(0.116966843 0.919770557 -0.134120922)
(0.304021269 0.708345926 -0.263688971)
(0.202553845 0.657371452 -0.346971564)
(-0.160071489 0.924365884 -0.0343721949)
(-0.0652974855 -0.942142429 0.046810403)
(0.213142302 0.903280748 0.0658328301)
(0.218621428 0.898476705 0.131870285)
(0.26901521 0.860192712 0.161034708)
(0.344657626 0.796317257 0.0990633843)
(-0.177017096 -0.886812036 0.235714823)
(-0.380539071 -0.555366129 -0.657105163)
(-0.381981225 -0.599300663 -0.607589228)
(-0.420746219 -0.503467352 -0.668436672)
(0.112042017 -0.922240441 -0.0604255364)
(0.0570434979 -0.936347026 -0.0335682191)
(-0.00175868178 -0.937992974 -0.0671653804)
(-0.688142842 -0.653370089 -0.0727993272)
(-0.764101414 -0.563689549 -0.0594631824)
(-0.791858111 -0.506275494 -0.0590831927)
(-0.432266547 -0.200367559 -0.112051007)
(-0.788572042 -0.336330036 -0.0835083289)
(-0.804411156 -0.475634959 -0.118184969)
(-0.19493655 -0.433018122 -0.111130704)
(-0.646961358 -0.692756171 -0.0751336977)
(-0.656464833 -0.340736915 -0.199154859)
(-0.684345277 -0.495297985 -0.286204816)
(-0.778823422 -0.500611287 -0.174288117)
(-0.499405057 -0.806756002 0.0332705914)
(-0.643020985 -0.543486145 -0.280064688)
(-0.781606622 -0.336505539 -0.15558914)
(-0.779303384 -0.467538193 -0.227805084)
(-0.547386228 -0.771236258 -0.0546279908)
(-0.499456884 -0.806796238 -0.0326829161)
(-0.597729127 -0.581100558 -0.271318927)
(-0.457615489 -0.822791653 -0.0648031729)
(-0.335530059 -0.798617341 -0.0263053566)
(-0.478338946 -0.710789993 -0.281129931)
(-0.340695474 -0.665554533 -0.192413435)
(-0.35332997 -0.784526736 -0.151737453)
(-0.467319076 -0.812548918 -0.129671441)
(-0.347323485 -0.799365774 -0.0902487253)
(-0.58976465 -0.468996856 -0.543491073)
(-0.47140637 -0.499396536 -0.636315295)
(-0.709884857 -0.416517969 -0.448885398)
(-0.643664595 -0.522758128 -0.442557409)
(-0.668852049 -0.422592212 -0.498344337)
(-0.638303307 -0.474648814 -0.496787488)
(-0.715695227 -0.455268911 -0.397258561)
(-0.676283532 -0.502150104 -0.388745054)
(-0.744721743 -0.553092848 -0.174392003)
(-0.698517043 -0.621073198 -0.122960938)
(-0.740119005 -0.584653601 -0.119359077)
(-0.715253809 -0.577744154 -0.228054252)
(-0.670447696 -0.623366809 -0.224551992)
(-0.670930355 -0.651798259 -0.174119094)
(0.231581302 -0.061093141 -0.895537869)
(-0.237601743 -0.471249468 -0.76102762)
(-0.154439186 -0.347487889 -0.778639831)
(-0.224336791 -0.274440795 -0.853062821)
(-0.342343282 -0.155880598 -0.783997745)
(-0.254754175 -0.225959043 -0.855515904)
(0.463269469 -0.80831214 0.123581893)
(-0.933037039 0.0451468348 0.0623868223)
(-0.92461927 -0.0280752761 0.1569102)
(-0.9311589 -0.039888019 -0.0619019073)
(-0.937282571 0.0465689416 -0.064960661)
(-0.919512029 -0.0635241456 -0.118397511)
(-0.786284114 0.0396069812 -0.334583969)
(-0.771024499 -0.152510553 -0.51448218)
(-0.659810729 0.382975822 -0.18619487)
(-0.712255042 0.333667968 -0.268222881)
(-0.720663151 0.454621233 -0.395409933)
(-0.681124536 0.501323596 -0.386401571)
(-0.89267308 0.272058689 -0.00236407678)
(-0.787389819 0.386403274 -0.0653557424)
(-0.745986065 0.336768694 -0.0016727953)
(-0.650845829 0.172185421 -0.672292117)
(-0.7143778 0.115367667 -0.612680295)
(-0.69652029 0.165799821 -0.62388857)
(-0.0436847872 -0.0625980906 -0.933224988)
(-0.0688895987 -0.118425459 -0.91641218)
(-0.0688124207 0.118021469 -0.916630689)
(-0.141203319 -9.35967885e-05 -0.912856731)
(-0.0434187714 0.0623323645 -0.933367121)
(-0.0805356288 -4.21814034e-05 -0.935373116)
(-0.457370238 0.401879216 -0.712630364)
(-0.210421499 0.342861108 -0.654142498)
(-0.163111889 0.3519577 -0.781093577)
(-0.495684679 0.288801635 -0.681680335)
(-0.348190294 0.20192977 -0.653442468)
(-0.224330533 0.274136133 -0.853071116)
(0.636373569 0.259162108 -0.544855258)
(0.662179094 0.379872228 -0.554928304)
(0.328374351 -0.00852939179 -0.756914686)
(0.265046826 -0.000145476341 -0.893357888)
(0.470874377 0.107448865 -0.799270304)
(0.341603191 0.0711725591 -0.788852172)
(0.614621781 -0.380891108 -0.602166629)
(0.57724009 -0.282786056 -0.593881533)
(0.621810422 -0.00555001281 -0.713057058)
(0.721546643 -0.00481264806 -0.613638865)
(0.572896938 -0.240130605 -0.711078487)
(0.616985648 -0.237000865 -0.664772915)
(0.260231198 -0.120003017 -0.884325333)
(0.33881651 -0.165271759 -0.778502687)
(0.463636794 -0.239443842 -0.776046847)
(0.337540167 -0.0927104552 -0.783015174)
(0.885043394 -0.224459911 -0.172644791)
(0.897434482 -0.16191026 -0.169430708)
(0.898232028 -0.129677301 -0.217286515)
(-0.205631025 0.528461203 -0.757303419)
(-0.418554882 0.453184185 -0.706550428)
(-0.30450776 0.49146348 -0.673777853)
(-0.246309219 0.475958132 -0.763611041)
(-0.280902127 0.55254359 -0.632874497)
(-0.21526152 0.579141191 -0.714882955)
(-0.448806254 0.645711999 -0.517943116)
(-0.498854768 0.640680234 -0.467417411)
(0.741135806 -0.548234242 -0.181507978)
(0.71097337 -0.572919887 -0.235257555)
(0.503372594 -0.636001303 -0.478157144)
(0.548047606 -0.590746767 -0.476118864)
(0.55967024 -0.55967024 -0.55967024)
(0.665029994 -0.617408652 -0.232011936)
(0.581565314 -0.561553884 -0.280466536)
(0.601559082 -0.607722296 -0.38833644)
(0.572485497 -0.711096553 -0.220197779)
(0.506191423 -0.668181328 -0.426626128)
(0.548797266 -0.630706095 -0.286328298)
(0.557638231 -0.656835735 -0.386430923)
(0.452588546 -0.817459762 0.0588116545)
(0.322326556 -0.785322998 0.0365033226)
(0.254371251 -0.898612381 0.0415447124)
(0.85495103 0.25679588 -0.224522878)
(0.853108045 0.226493195 -0.273053105)
(0.861042838 0.162999869 -0.268019185)
(0.885189185 0.228678139 -0.172800943)
(0.898231299 0.133757506 -0.217445742)
(0.896060353 0.165915826 -0.169772795)
(0.747513506 -0.00774360872 -0.57340467)
(0.768812858 -0.0652905387 -0.543328008)
(0.763915771 0.045266963 -0.540584385)
(0.801626028 -0.0437634035 -0.493646765)
(0.803325007 0.0221819726 -0.495933209)
(0.172009546 0.672382934 -0.650700484)
(0.16561688 0.62400646 -0.696390143)
(-0.108523767 0.562737975 -0.757847482)
(-0.227279474 0.67210837 -0.622366198)
(-0.230731244 0.716746388 -0.576458068)
(-0.225858423 0.855758766 -0.254745855)
(-0.155949209 0.784345386 -0.342166858)
(-0.230439034 0.780948365 -0.466338511)
(0.490063311 0.242001709 -0.69103833)
(0.496936876 0.163458517 -0.774948187)
(0.423219951 0.49951681 -0.671647967)
(0.269546832 0.50479238 -0.683962489)
(0.201056488 0.528622467 -0.757282403)
(0.384431009 0.552062753 -0.66110077)
(0.273373734 0.548192816 -0.63777579)
(0.210571283 0.579596578 -0.715183573)
(0.17245174 0.745675545 -0.55149742)
(0.255667299 0.659929324 -0.546250073)
(0.289343451 0.684373848 -0.49318174)
(0.679794665 0.499410832 -0.392922728)
(0.68558807 0.540392271 -0.346809402)
(0.635031995 0.574112851 -0.271584295)
(0.213133474 0.903208787 -0.0656369744)
(0.34466599 0.796366805 -0.0988663635)
(0.468066517 0.81338008 -0.129962548)
(-0.269096992 0.860063624 -0.160823773)
(-0.218723073 0.898469513 -0.131667681)
(-0.213250069 0.903187276 -0.0656406315)
(-0.257294169 0.897478696 -0.0329354926)
(-0.344828585 0.796554695 -0.0987439822)
(-0.468109871 0.813566021 -0.129856102)
(-0.331944161 0.79249512 -0.0347050846)
(-0.458493209 0.823899954 -0.0649984728)
(-0.257295848 0.897468555 0.0331379212)
(-0.331826545 0.792170114 0.0350891481)
(-0.573533081 0.75021909 6.33918054e-05)
(-0.548467983 0.772388824 -0.054701947)
(-0.500326261 0.807815968 -0.0328524513)
(-0.899074875 -0.157541818 -0.172911659)
(-0.894375492 -0.224335704 -0.0630306441)
(-0.884527675 -0.253268885 -0.122146974)
(-0.884214908 -0.219758636 -0.176174827)
(-0.918531022 -0.127600819 -0.118854554)
(-0.919985484 -0.160514009 -0.0637616722)
(0.17083449 0.897332067 0.164109074)
(0.0629244028 -0.935327481 0.0457664666)
(0 -0.947543393 0.0876661604)
(0.804526419 0.0328554768 0.502927857)
(0.740904571 0.58559777 -0.119574612)
(0.699497401 0.622329736 -0.123064177)
(0.54088599 -0.634361639 0.266937726)
(0.557304555 -0.557304555 0.557304555)
(0.634971818 -0.276220505 0.55393852)
(0.919335001 -0.16545451 -0.0605282362)
(0.759409158 -0.558443874 0.0538643697)
(0.788285155 -0.502195585 0.0533575494)
(-0.547447904 -0.771353163 0.0551836045)
(-0.618355 -0.731333733 9.56572068e-05)
(-0.572421224 -0.749058089 0.000178487477)
(-0.277315664 -0.854945921 0.233448389)
(-0.228742614 -0.85642373 0.263704199)
(-0.353836992 -0.783739248 0.170237156)
(-0.122763604 -0.885616385 0.26929451)
(-0.174408475 -0.896271563 0.172702215)
(-0.120601115 -0.920730877 0.143585105)
(-0.16335765 -0.924544653 0.0423145763)
(-0.121761625 -0.924555064 0.0754587433)
(-0.272656239 -0.864916171 0.169945495)
(-0.221771414 -0.899750313 0.140572309)
(-0.260059208 -0.898338095 0.0415804866)
(-0.216283521 -0.907120312 0.0740968496)
(-0.346523722 -0.795091659 0.107726276)
(-0.467300019 -0.812544871 0.130275142)
(-0.331345637 -0.78505554 0.0432098071)
(-0.457647945 -0.822848862 0.0653951294)
(0.16791627 -0.346172098 -0.777830939)
(-0.503854085 -0.686156389 -0.266284901)
(-0.546989759 -0.640624371 -0.269832993)
(-0.444641969 -0.736989702 -0.360111281)
(-0.449633827 -0.712897322 -0.411288502)
(-0.273187522 -0.640311282 -0.533142369)
(-0.389098715 -0.678948706 -0.497522743)
(-0.280453052 -0.68367251 -0.48542658)
(-0.398480445 -0.719050677 -0.450728582)
(-0.00214464094 -0.919123318 -0.129303771)
(0.0689531375 0.118029762 -0.91682192)
(0.0435579731 0.0624106715 -0.933364647)
(0.167931492 -0.0620053457 -0.919154589)
(0.141471115 -9.29441419e-05 -0.912808636)
(0.0438240188 -0.0626773964 -0.933223126)
(0.0808563271 -4.03015099e-05 -0.935368196)
(-0.206346065 -0.574156243 -0.71182456)
(-0.196681675 -0.522926923 -0.753721853)
(-0.0930473184 -0.340997833 -0.792291961)
(-0.131683162 -0.218828363 -0.89820929)
(-0.160829607 -0.269198818 -0.859752583)
(-0.226508608 -0.174134928 -0.885032244)
(-0.163934003 -0.171042014 -0.897149476)
(-0.134176168 -0.117179692 -0.91945198)
(-0.167708153 -0.0619902644 -0.919187835)
(-0.91818563 -0.0627124271 0.11335995)
(-0.916050224 -0.132278017 -0.00185858456)
(-0.935488714 -0.0703767475 -0.00142838592)
(-0.933914372 -0.0359981841 0.0579264111)
(-0.782496556 0.102919673 -0.378586548)
(-0.814365482 0.0711504565 -0.368542627)
(-0.860707451 0.136250686 -0.31841789)
(-0.76994138 0.148287312 -0.513845613)
(-0.821611557 0.063024859 -0.459058765)
(-0.758136425 0.10430193 -0.563335903)
(-0.917806272 0.175641546 -0.0646921179)
(-0.894317902 0.238840673 -0.0635122764)
(-0.896413495 0.0395574581 -0.259874515)
(-0.923957914 -0.0286198478 -0.162258506)
(-0.795476492 -0.0945407111 -0.348220585)
(-0.81144607 -0.132026189 -0.4687082)
(-0.792686195 -0.0308301227 -0.335974466)
(-0.8219947 -0.0671376547 -0.459278662)
(-0.862232678 -0.154722998 -0.271686149)
(-0.897717004 -0.125193087 -0.22092241)
(-0.899330652 -0.0596171388 -0.215540014)
(-0.897099586 -0.0265777022 -0.259751044)
(-0.832021222 0.320121064 -0.230062166)
(-0.85341352 0.32881565 -0.120372025)
(-0.790228858 0.387142755 -0.100628367)
(-0.780035179 0.381738365 -0.140106192)
(-0.779637934 0.501704751 -0.174466782)
(-0.883676279 0.267162768 -0.122484741)
(-0.583809416 0.11764332 -0.741536404)
(-0.618958629 0.121475837 -0.698409578)
(-0.639694019 0.271823035 -0.544817679)
(-0.715343666 0.210750501 -0.579505686)
(-0.685985392 0.268309885 -0.501823375)
(-0.757433228 0.201230707 -0.52851655)
(-0.714978443 0.415883668 -0.447243767)
(-0.738220497 0.363956171 -0.441426845)
(-0.131669479 0.218520043 -0.898229653)
(-0.160825095 0.268901081 -0.859839018)
(-0.0329392407 0.257086901 -0.897236304)
(-0.0656407313 0.213050246 -0.902952264)
(-0.0673012451 0.45939426 -0.821859799)
(-0.0369112286 0.331502708 -0.78735048)
(-0.132190855 0.468806218 -0.811291842)
(-0.101074499 0.345157545 -0.793766983)
(-0.466356354 0.225995813 -0.780511848)
(-0.342658468 0.151401728 -0.784196461)
(-0.499714761 0.172553892 -0.780379164)
(-0.343162143 0.079607205 -0.792493202)
(-0.474460864 0.116440624 -0.805670965)
(-0.254737188 0.225649499 -0.855473477)
(0.575539897 0.25980749 -0.595993194)
(0.5027628 0.389803523 -0.678910685)
(0.61314106 0.382349199 -0.599945217)
(0.68900103 0.0575472704 -0.641611074)
(0.649619566 0.056913694 -0.682501891)
(0.755131488 0.0956354381 -0.558355202)
(0.712234383 0.105759255 -0.609128985)
(0.693091741 0.156627757 -0.618470318)
(0.712665177 0.201642418 -0.574651166)
(0.754227022 0.19210632 -0.523152351)
(0.767204698 0.139640292 -0.509002783)
(0.578686504 -0.00844480134 -0.742332188)
(0.4764255 -0.010822053 -0.809530586)
(0.558747687 0.0493185862 -0.759057663)
(0.503453543 0.0487803196 -0.789123325)
(0.754400074 -0.116991992 -0.553679507)
(0.646175773 -0.187710316 -0.666128117)
(0.709337804 -0.134095519 -0.600627717)
(0.692759526 -0.180854481 -0.615888232)
(0.615955645 -0.135609808 -0.698783366)
(0.657489067 -0.0772005337 -0.693361842)
(0.699683848 -0.0773721413 -0.653684617)
(0.548739365 -0.186234929 -0.741970893)
(0.495005934 -0.185672091 -0.774024754)
(0.471420556 -0.129588582 -0.80097856)
(0.577674316 -0.131330781 -0.735510895)
(0.558830787 -0.0702253832 -0.760919751)
(0.497374435 -0.0695764506 -0.784208683)
(0.808345439 -0.141150084 -0.462675338)
(0.769121981 -0.162077102 -0.508734297)
(0.791914786 -0.10929776 -0.337715128)
(0.859973172 -0.158899354 -0.267674337)
(-0.38612724 0.555199123 -0.655374391)
(-0.388022193 0.599155742 -0.60620613)
(-0.439552975 0.600937446 -0.573834221)
(-0.47395235 0.544889926 -0.587570243)
(-0.425874556 0.503401639 -0.666422373)
(-0.477662119 0.501072312 -0.634645012)
(-0.581264529 0.274284956 -0.593714441)
(-0.62280616 0.222732461 -0.672215985)
(-0.525303887 0.448090969 -0.640133001)
(-0.54406974 0.283612407 -0.641112898)
(-0.576745618 0.226236089 -0.716665715)
(-0.504609231 0.393997003 -0.673218878)
(0.735501653 -0.578401268 -0.126717933)
(0.760531386 -0.558475921 -0.0659232772)
(0.741089368 -0.575860644 -0.00453288662)
(0.20967494 -0.902210602 -0.0572850544)
(0.254267295 -0.899412236 -0.0243278108)
(0.321755445 -0.78743928 -0.0319167409)
(0.540982132 -0.764933529 0.049662895)
(0.495334317 -0.802860902 0.0268222669)
(0.117487224 0.741632052 -0.583671563)
(0.12135126 0.698339034 -0.61867274)
(0.0705841924 0.688191078 -0.652934298)
(-0.000666092775 0.724823556 -0.624581076)
(0.115160261 0.612774926 -0.714220832)
(0.0698243099 0.647411882 -0.693114061)
(0.104128172 0.563464287 -0.757989547)
(-0.00100904797 0.620694758 -0.727765578)
(-0.0770432802 0.691949497 -0.656149793)
(-0.0768983746 0.649681953 -0.695399521)
(-0.126260397 0.69990915 -0.618958797)
(-0.176946075 0.6721747 -0.650387251)
(-0.170434701 0.623600124 -0.696338879)
(-0.120645978 0.611230744 -0.713587526)
(-0.174037577 0.885296905 -0.226495833)
(-0.170926444 0.897419559 -0.163913191)
(-0.117072284 0.919745655 -0.134135856)
(-0.0618930893 0.919449066 -0.167672373)
(-5.19324174e-05 0.893622055 -0.264822271)
(-0.0609911336 0.895854693 -0.231341546)
(-0.119900181 0.884586173 -0.260011405)
(-0.00163178965 0.746474948 -0.325121547)
(-0.083948279 0.791753498 -0.342282181)
(-0.177065758 0.74628053 -0.551735177)
(-0.176901731 0.780346695 -0.499273114)
(-0.120774061 0.806083254 -0.474410823)
(-0.122148042 0.741529152 -0.583078354)
(0.475153032 0.49788079 -0.641245174)
(0.57899472 0.431053363 -0.601435268)
(0.52345418 0.44359276 -0.646431602)
(0.455847996 0.398365425 -0.718497661)
(0.417052179 0.449948298 -0.712622278)
(0.365270646 0.444327325 -0.736241175)
(0.431291557 0.341355972 -0.744678846)
(0.294354198 0.255404606 -0.716625814)
(0.254935122 0.225652903 -0.855447756)
(0.266715533 0.302344795 -0.7170326)
(0.224533867 0.274142085 -0.853078127)
(0.161028834 0.268924493 -0.859933514)
(0.127668478 0.468942604 -0.811323952)
(0.0967346301 0.345566318 -0.794059998)
(0.131868367 0.21852807 -0.898229612)
(0.0628576447 0.459156992 -0.821446847)
(0.0330290601 0.333049555 -0.791012893)
(0.0331333338 0.257088512 -0.89722655)
(0.0658284662 0.213058684 -0.903021401)
(0.231572456 0.0608129353 -0.895640202)
(0.164106119 0.170752273 -0.897029275)
(0.134340551 0.116903257 -0.919522701)
(0.167911374 0.061729218 -0.919133854)
(0.260219991 0.11970539 -0.884308343)
(0.22670538 0.173845004 -0.885071922)
(0.172391861 0.78048961 -0.499575845)
(0.151327057 0.784540094 -0.34251169)
(0.225825466 0.780588981 -0.466192344)
(0.119793969 0.884580136 -0.260007453)
(0.0795308418 0.792878011 -0.343018019)
(0.116278157 0.805752022 -0.474294566)
(0.471075442 0.547202644 -0.594251852)
(0.513290105 0.77209599 -0.150452077)
(-0.160084456 0.924347029 0.0345600758)
(-0.21325893 0.903259432 0.0658364199)
(-0.548488872 0.772428593 0.0548971842)
(-0.458504313 0.82391953 0.0652056542)
(-0.500308846 0.80780222 0.0330581576)
(0.173939383 0.885315894 0.226707244)
(0.17465375 0.778810012 0.500691193)
(0.116986632 0.919771125 0.134336404)
(0.0625204439 0.933661049 0.0436614421)
(0.118115586 0.917066385 0.0689674488)
(0.174763719 0.744783806 0.553233884)
(0.224931352 0.67042503 0.62343322)
(0.174513262 0.670923539 0.651879406)
(-0.923431879 0.0402973767 0.15761992)
(-0.922766597 0.0734031649 0.115055252)
(-0.805274217 0.476764992 0.118571866)
(-0.792016313 0.352687804 0.0796620315)
(-0.67133602 0.624504355 0.224910438)
(-0.862955704 0.167722567 0.267279376)
(-0.898048762 0.138314749 0.216394072)
(-0.896679534 0.0395073903 0.254681582)
(-0.905107832 0.0720245689 0.210752558)
(-0.900675706 -0.059342189 0.210225758)
(-0.897319044 -0.0264469443 0.254589233)
(-0.91968445 -0.127021628 0.114055643)
(-0.919713544 -0.160286113 0.0591198351)
(0.157221159 -0.925389565 0.0421364851)
(0.114372455 -0.926321783 0.0750159604)
(0.210364611 -0.907830533 0.0740528044)
(0.769495633 0.0543421018 0.551605173)
(0.746737961 -2.73396427e-05 0.577072977)
(0.884041175 0.262190318 -0.118641239)
(0.805218908 0.476562019 -0.118471939)
(0.791423557 0.347217674 -0.0805046943)
(0.74222384 0.329261345 0.000898498331)
(0.740904625 0.58559805 0.119572303)
(0.935222111 0.0839781952 0.000169456626)
(0.69949671 0.622329618 0.123061767)
(0.468066584 0.813380094 0.12996029)
(0.722065161 0.627603691 -4.84694458e-07)
(0.689334125 0.654427766 0.0734242519)
(0.648174544 0.69390293 0.0761121257)
(0.689335022 0.654427737 -0.0734286523)
(0.557451207 -0.754781868 0.100367301)
(0.574060858 -0.712115287 0.206589624)
(0.522802928 -0.753993346 0.196920896)
(0.507281195 -0.765608197 0.144465351)
(0.548574788 -0.595741975 0.472256692)
(0.55176744 -0.661466827 0.382848809)
(0.497148684 -0.641725682 0.47331995)
(0.499103574 -0.672046784 0.421642093)
(0.566545343 -0.271389856 0.592446367)
(0.789675525 -0.0333317381 0.336228076)
(0.637310463 -0.475112812 0.499978827)
(0.668864897 -0.423670968 0.502710089)
(0.657811641 -0.383973315 0.554699117)
(0.591201024 -0.468831628 0.544469817)
(0.608729508 -0.38611603 0.59906652)
(0.57573185 -0.436687086 0.600618221)
(0.935348098 -0.0774231809 0.000499754205)
(0.914400247 -0.138367716 0.000862476902)
(0.637932237 -0.538819392 0.277916119)
(0.590275402 -0.574725695 0.268277919)
(0.67503794 -0.50213777 0.392563947)
(0.642663413 -0.523419597 0.447087542)
(0.597799213 -0.577858931 0.434846289)
(0.597103452 -0.612788128 0.385960853)
(0.665986909 -0.618815547 0.218402538)
(0.735847743 -0.580448545 0.113483471)
(0.739294334 -0.547601694 0.168357579)
(0.711088316 -0.573506021 0.22185722)
(0.785527971 -0.498713382 -0.0653987567)
(0.80944232 -0.476131068 -0.00624822151)
(0.744460434 -0.31993103 -0.00363336135)
(0.893388614 -0.262776907 0.00124212199)
(0.800500873 -0.471029443 -0.12495337)
(0.784526104 -0.335845599 -0.0869184364)
(0.884308323 -0.257959609 -0.118531365)
(0.895922095 -0.229237351 -0.0596751234)
(-0.343329431 -0.665984944 0.215812452)
(-0.205040841 -0.423804444 0.122707492)
(-0.435910094 -0.197503088 0.127174031)
(-0.00115602194 -0.916497669 0.152456655)
(-0.0650565555 -0.919626261 0.177874781)
(-0.0637905388 -0.896581021 0.240972449)
(0.476669754 -0.497525888 -0.643860829)
(0.474883601 -0.549124856 -0.596040735)
(0.157638975 -0.508010433 -0.767439029)
(0.210246534 -0.522224888 -0.753736796)
(0.25082046 -0.469337702 -0.759246568)
(0.424260857 -0.498228892 -0.673579707)
(0.308760956 -0.481159834 -0.679034783)
(0.418685693 -0.448980131 -0.715159559)
(0.226714422 -0.174142667 -0.885039352)
(0.254952178 -0.225962465 -0.855490295)
(0.224540136 -0.274446775 -0.853069843)
(-0.552188713 -0.661698235 -0.378514528)
(-0.598561785 -0.577588538 -0.429298099)
(-0.597461222 -0.61261175 -0.381207228)
(-0.499458053 -0.672618773 -0.417836425)
(-0.578112015 -0.716445068 -0.212691671)
(-0.561496734 -0.759138641 -0.106170466)
(-0.512261763 -0.770990053 -0.150220096)
(-0.527001435 -0.758480181 -0.203092316)
(-0.611185703 -0.71543512 -0.117722118)
(-0.622199957 -0.697316709 -0.167804174)
(-0.149697413 -0.780057352 -0.330210456)
(-0.221238889 -0.774544646 -0.46257835)
(-0.0778287808 -0.787985326 -0.330046908)
(-0.228453779 -0.85851498 -0.246194001)
(0.113594463 -0.921880417 -0.124640306)
(0.0587254367 -0.922098082 -0.157813793)
(0.0613753727 -0.542743436 -0.767586612)
(0.112962535 -0.554830285 -0.754106851)
(0.450899629 -0.641475658 -0.525933342)
(0.438725752 -0.59682557 -0.579600151)
(-0.721194591 -0.626597668 0.000128003831)
(-0.743691261 -0.57840666 0.000210369093)
(-0.651342735 -0.338774946 0.202521119)
(-0.512357813 -0.771155306 0.150829357)
(-0.561394849 -0.759122278 0.106757986)
(-0.606218377 -0.384622451 0.600418615)
(0.00421689999 -0.570840892 -0.745942565)
(0.00262289706 -0.613767334 -0.722986854)
(-0.123346631 -0.463398838 -0.808039048)
(-0.144220953 -0.507385195 -0.765310843)
(-0.0494126344 -0.541122225 -0.764642303)
(-0.100125795 -0.557601468 -0.754515078)
(-0.163910294 0.170735401 -0.897095111)
(-0.231357561 0.0608052289 -0.8956395)
(-0.226499613 0.173837294 -0.885064813)
(-0.260013549 0.119700165 -0.884321159)
(-0.134134018 0.116884222 -0.919522173)
(-0.167688265 0.0617139197 -0.919167255)
(-0.342472516 -0.0838891198 -0.791395886)
(-0.325224237 -0.00157801812 -0.745748307)
(-0.264835578 -0.00014551769 -0.89336773)
(-0.231366286 -0.0610855045 -0.895537323)
(-0.260024693 -0.119997824 -0.884338106)
(-0.75800656 -0.108371559 -0.562661988)
(-0.74563403 0.55432858 -0.174538683)
(-0.740957025 0.58581849 -0.119444555)
(-0.699570443 0.622615781 -0.122894821)
(-0.620664197 0.576900558 -0.260186241)
(-0.666340789 0.549071123 -0.250680328)
(-0.687002754 0.543290152 -0.340664633)
(-0.603149604 0.580438193 -0.268424261)
(-0.601289372 0.611843256 -0.378542031)
(-0.671346964 0.624520603 -0.224691274)
(-0.671775326 0.652904549 -0.1742047)
(-0.553644807 0.642204429 -0.269169106)
(-0.556848601 0.661348467 -0.37696562)
(-0.805557367 -0.0349763436 -0.500818131)
(-0.805832416 0.0308924513 -0.501161956)
(-0.748733979 -0.0014034403 -0.575774914)
(-0.7700516 0.0527026217 -0.549099316)
(-0.770799608 -0.0565857045 -0.549509859)
(-0.904361774 0.0720958769 -0.216166413)
(-0.918561481 0.141582043 -0.120222354)
(-0.920737566 0.0740010643 -0.121767304)
(-0.922660017 0.0405395904 -0.163200625)
(-0.884687419 0.233595245 -0.176713253)
(-0.897707014 0.138537701 -0.221506629)
(-0.894692568 0.170744486 -0.174112262)
(-0.861863883 0.167787948 -0.2722733)
(-0.852929355 0.23130257 -0.276997269)
(-0.854583913 0.261608154 -0.2284764)
(-0.505607583 0.0574302632 -0.793716389)
(-0.562378384 0.0578543946 -0.765326168)
(-0.578081973 -0.00142155258 -0.746011691)
(-0.479811005 -0.00203837202 -0.815210629)
(-0.69316217 0.0702421973 -0.647384755)
(-0.653037949 0.0707849911 -0.688230984)
(-0.624808469 -0.000643393437 -0.724535798)
(-0.728127832 -0.000911425807 -0.62052155)
(-0.556150778 0.556150778 -0.556150778)
(-0.649086903 0.521947106 -0.439917078)
(-0.603641926 0.578911662 -0.427441731)
(-0.554719706 0.602415242 -0.477546722)
(-0.663198798 0.383153363 -0.549424136)
(-0.614827525 0.386922733 -0.595262374)
(-0.578630466 0.43501506 -0.595294813)
(-0.595599262 0.47214356 -0.548443374)
(-0.673240931 0.421020276 -0.496261092)
(-0.643896577 0.473226498 -0.495446466)
(0.619453248 0.213458181 -0.666427947)
(0.648109863 0.16283419 -0.667148668)
(0.547640362 0.163502495 -0.738812496)
(0.543673982 0.24160684 -0.658224095)
(0.57231899 0.24064841 -0.580226858)
(0.54441147 0.343691289 -0.684864172)
(0.581259383 0.108540635 -0.736132472)
(0.616776235 0.111931332 -0.692538062)
(0.663728419 -0.378620094 -0.557197826)
(0.639445185 -0.283702939 -0.549046265)
(0.710898317 -0.225178845 -0.57189323)
(0.754255918 -0.214756387 -0.521989678)
(0.855488823 -0.252740437 -0.224454201)
(0.852965194 -0.222322245 -0.272932998)
(0.663741302 -0.214016509 -0.336547123)
(0.778051884 -0.170078095 -0.344153137)
(0.680626801 -0.307088627 -0.488388367)
(0.759077083 -0.255193932 -0.468628984)
(0.6602628 -0.336661001 -0.212697921)
(0.685088578 -0.486051607 -0.299517155)
(0.778558636 -0.336635331 -0.159135532)
(0.775518082 -0.4632483 -0.234651615)
(0.714800311 -0.621472079 -0.00286267389)
(0.666164016 -0.646426413 -0.182311676)
(0.696423916 -0.615306359 -0.1310138)
(0.616437879 -0.692467725 -0.175687396)
(0.688443049 -0.652824761 -0.0766528649)
(0.453363527 -0.818824748 -0.071381624)
(0.494004737 -0.801898295 -0.0392930826)
(0.488184401 -0.672310309 -0.309537567)
(0.455609636 -0.707918695 -0.418816165)
(0.338151517 -0.604050321 -0.343197134)
(0.234436119 -0.678372666 -0.234355904)
(0.157703775 -0.779926379 -0.328974261)
(-0.0351374359 0.500912723 -0.805393047)
(0.0307250054 0.501283279 -0.805690097)
(-0.0567234194 0.549656346 -0.770689499)
(-0.00152976834 0.576019302 -0.748634713)
(0.0525264393 0.549213905 -0.769886515)
(-0.00152954804 0.746187918 -0.577973494)
(-0.00220153278 0.815310608 -0.479648317)
(0.0572765827 0.793851676 -0.505481444)
(0.0577075008 0.76540575 -0.562192197)
(-0.0619825172 0.765780382 -0.562197367)
(-0.0615535486 0.793010895 -0.504463498)
(0.173931384 0.885308442 -0.226492658)
(0.170817049 0.897400223 -0.163904782)
(0.218613092 0.89847671 -0.131662839)
(0.268990792 0.860094274 -0.160822191)
(0.274236498 0.853308356 -0.224328574)
(0.225747993 0.855743656 -0.25473982)
(0.402749357 0.715386918 -0.455247773)
(0.558271295 0.558271295 -0.558271295)
(0.642187823 0.47033369 -0.498592324)
(0.601480556 0.476805778 -0.553859023)
(0.647012114 0.520170631 -0.446508232)
(-0.073176502 0.688274888 0.65344728)
(-0.174364717 0.670929093 0.651889077)
(-0.123177669 0.698632869 0.6212496)
(2.92245597e-05 0.7211364 0.626739112)
(0.0734302225 0.688322472 0.653442044)
(0.123323095 0.698675903 0.621257023)
(0.119726142 0.740114232 0.584717733)
(-0.150455473 0.512297973 0.771149154)
(-0.168051345 0.622183396 0.697409771)
(-0.212933427 0.578104023 0.716543654)
(-0.203329899 0.526994521 0.758583458)
(0.13004217 0.467305999 0.812647897)
(-0.11825977 0.916990074 0.0689944567)
(-0.0626161567 0.933611728 0.0437569562)
(-1.43525682e-05 0.93569547 0.0808923038)
(-0.917353072 0.175149957 0.0602949154)
(-0.919717082 0.140752986 0.115270189)
(-0.896102671 0.238614194 0.0589515291)
(-0.893637058 0.170260896 0.169021603)
(-0.883370984 0.266937381 0.11761209)
(-0.885228488 0.233418701 0.171802827)
(-0.745660364 0.554339524 0.174753568)
(-0.779631363 0.50169148 0.174676963)
(-0.780704846 0.381869872 0.135452512)
(-0.642312939 0.47068136 0.498870892)
(-0.275843476 0.546626969 0.638667177)
(-0.202666204 0.42748701 0.127549837)
(-0.125588454 0.427777544 0.205442139)
(-0.421834627 0.21364416 0.115494327)
(-0.64713527 0.520447664 0.446756819)
(-0.204676332 0.656480462 0.34855446)
(-0.595942403 0.57433251 0.273618256)
(-0.272144582 0.503408083 0.68560233)
(-0.657338165 0.379740526 0.18854323)
(-0.679927971 0.499692768 0.393161667)
(-0.635521707 0.574639165 0.271979469)
(-0.664020233 0.545977735 0.257066191)
(-0.685728297 0.540664509 0.347012027)
(-0.753305252 0.348608809 0.253492763)
(-0.673580505 0.420117617 0.502959645)
(-0.662301025 0.380176155 0.555115703)
(-0.658628815 -0.0773343596 0.694563777)
(-0.627026468 -0.00196309953 0.721056677)
(-0.70109092 -0.0775277371 0.654999183)
(-0.43475126 -0.133515189 0.191346129)
(-0.621763004 -0.127941716 0.700522715)
(-0.654097805 0.0657186883 0.687809059)
(-0.584381213 -0.12417078 0.740411215)
(-0.651797108 -0.179283141 0.67114228)
(-0.730876183 -0.00152729681 0.618848994)
(-0.426558265 0.116038028 0.206665501)
(-0.693631148 0.0669365616 0.646719745)
(-0.71519489 -0.123582102 0.60999366)
(-0.623356526 -0.229488998 0.670630291)
(-0.568230495 -0.275760897 0.592601881)
(-0.697618273 -0.172870211 0.622195435)
(-0.475878242 0.114040892 0.804517641)
(-0.71630352 0.112634294 0.612774279)
(-0.75932975 -0.110733628 0.561130061)
(-0.759577123 0.102060387 0.562609223)
(-0.668973197 0.179185323 0.356253858)
(-0.69775845 0.163331171 0.622991095)
(-0.772661848 -0.154974738 0.51350588)
(-0.782651541 -0.158517224 0.348010398)
(-0.654232903 -0.204016106 0.33796725)
(-0.791369718 -0.0324479907 0.328230339)
(-0.823564762 -0.0694725546 0.458297688)
(-0.789161445 0.0368721943 0.328421988)
(-0.822728616 0.0607248758 0.457822603)
(-0.770576252 0.145983483 0.512376224)
(-0.686853638 0.263475604 0.507446657)
(-0.758789123 0.198870825 0.527553621)
(-0.64115226 0.267002651 0.550403958)
(-0.717037292 0.208348158 0.57889507)
(-0.796403173 -0.0971092013 0.341537371)
(-0.812824216 -0.134415681 0.467566994)
(-0.793863477 0.100989803 0.341789874)
(-0.81288281 0.125501313 0.467840485)
(-0.581442802 -0.00330703051 0.745660005)
(-0.481299503 -0.00435028433 0.814159131)
(-0.505591632 -0.0635510229 0.791332917)
(-0.564100649 -0.0639514048 0.764812563)
(-0.564070319 0.0554755572 0.764151974)
(-0.507538657 0.0551038574 0.79298822)
(-0.476109502 -0.12290859 0.805146378)
(0.442992392 -0.646824458 0.522106135)
(0.444041733 -0.736630556 0.363857528)
(0.449546464 -0.712949423 0.415517125)
(0.472853066 -0.705879466 0.277962218)
(0.335060254 -0.663179937 0.208093503)
(0.344485476 -0.779829718 0.163466969)
(0.475269445 -0.552074412 0.599542503)
(0.430957754 -0.601648066 0.578081346)
(-0.395848802 -0.717991549 0.45648887)
(-0.230393734 -0.834086388 0.322328865)
(-0.267963676 -0.708372442 0.33595459)
(-0.120660134 -0.855590657 0.331021227)
(0.756920799 0.106177649 0.564970476)
(0.756306473 0.203253967 0.530256766)
(0.769852144 0.150223694 0.516433848)
(0.744441262 0.579556921 -7.99960543e-07)
(0.814536848 0.481869498 -1.10275223e-06)
(0.7648554 0.564714037 0.0597089587)
(0.792642769 0.507279266 0.0593489949)
(0.764855565 0.564714045 -0.0597111093)
(0.792642359 0.507278785 -0.0593511386)
(0.745581679 0.554111971 0.174654104)
(0.893185866 0.267111397 0.00123487352)
(0.913561488 0.143789718 0.000753672067)
(0.918636 0.170014775 -0.0608596718)
(0.895947481 0.233637525 -0.0598387032)
(0.67129615 0.624325111 0.224810524)
(0.671715745 0.652699134 0.174335651)
(0.458452624 0.823718245 -0.065101958)
(0.458452505 0.823718036 0.065099741)
(0.331671409 0.792004695 0.0349839643)
(0.25718343 0.897473634 0.0331359092)
(0.331715369 0.792153107 -0.0347920115)
(0.257181762 0.89748376 -0.0329334538)
(0.548422056 0.772220714 0.0548008419)
(0.5002697 0.807622127 -0.0329574889)
(0.500269887 0.807622275 0.0329552877)
(0.274242685 0.853315695 0.224540628)
(0.225751505 0.855717065 0.254946272)
(0.153607188 0.782750221 0.343851712)
(0.228182438 0.779335805 0.46765541)
(0.500873873 0.639389881 0.472217974)
(0.599071361 0.577039875 0.271686856)
(0.601213692 0.610759776 0.383174709)
(0.358566679 0.666798973 0.179330734)
(0.303298955 0.707729245 0.260914898)
(0.550968744 0.598341767 0.474317598)
(0.60313484 0.577963374 0.433167431)
(0.20518465 0.658633244 0.346990538)
(0.292616698 0.684970835 0.492584341)
(0.403669639 0.717340403 0.45322621)
(0.449282072 0.644597806 0.521470529)
(0.648322071 0.521592497 0.444204618)
(0.202431373 0.427717803 0.123740479)
(0.123764541 0.427926516 0.205300033)
(0.395192511 0.677371805 0.500477482)
(0.438683196 0.599849564 0.576680392)
(0.680186834 0.500214385 0.38997928)
(0.275249711 0.636445876 0.575772091)
(0.349016538 0.683431911 0.541557555)
(0.259061271 0.660525906 0.545827737)
(0.276361503 0.592638789 0.574993238)
(0.388346011 0.598699818 0.610272873)
(0.658875767 0.37650872 0.189107222)
(0.633462357 0.576222582 0.268598066)
(0.66520825 0.547437717 0.254594799)
(0.68666332 0.542215434 0.344641877)
(0.424817861 0.210734995 0.112915638)
(0.42563947 0.115679966 0.208586612)
(0.277422038 0.548664089 0.636658835)
(0.385687933 0.553948783 0.659046531)
(0.547121157 0.255775001 0.662713119)
(0.685180683 0.269403221 0.507747991)
(0.667853785 0.180273632 0.360274819)
(0.273473631 0.505138808 0.683524956)
(0.519977758 -0.447037148 0.645576918)
(0.470226787 -0.498802076 0.640562521)
(0.4518055 -0.401883282 0.718198639)
(0.49909236 -0.393231061 0.678319055)
(0.488735133 -0.290949184 0.689097214)
(0.535999033 -0.284582 0.646318108)
(0.715118668 -0.455487468 0.401311521)
(0.708984449 -0.416490034 0.452550645)
(0.652475411 -0.341886394 0.199446543)
(0.678899706 -0.490326133 0.283467954)
(0.713866157 -0.212849059 0.580841639)
(0.695599618 -0.167937386 0.62562318)
(0.712617595 -0.117646058 0.613203174)
(0.895063346 -0.229302316 0.0620665878)
(0.919498403 -0.165606204 0.0628978436)
(0.691652353 -0.614375893 0.117476863)
(0.641069777 -0.68783062 0.0643436941)
(0.682051019 -0.64863389 0.0634005816)
(0.666780462 -0.647540141 0.167961799)
(0.607856222 -0.711395876 0.111338845)
(0.617906008 -0.692707306 0.161687422)
(-0.474934223 -0.765387816 0.24451311)
(-0.483833961 -0.680380419 0.301266271)
(-0.526979143 -0.758483048 0.203703723)
(-0.447724044 -0.712357369 0.417961142)
(-0.496820474 -0.670684009 0.423373805)
(-0.496192264 -0.640837873 0.475946142)
(0.115108286 -0.921936337 0.14267522)
(0.0602398087 -0.919099682 0.177277513)
(0.0395080013 -0.494109285 -0.801600374)
(-0.0265925367 -0.495482255 -0.802598137)
(-0.0585839432 -0.452701325 -0.817164159)
(-0.0287256387 -0.328495256 -0.790674297)
(0.161033333 -0.269222432 -0.859847767)
(0.10683975 -0.339620413 -0.791403965)
(0.136709252 -0.462842947 -0.807911645)
(0.0406071064 -0.322876938 -0.778146661)
(0.0716020127 -0.453502849 -0.818573019)
(-0.551469001 -0.598885037 -0.474748259)
(-0.495851902 -0.641951603 -0.468556634)
(-0.55476478 -0.55476478 -0.55476478)
(-0.442988253 -0.646783446 -0.518690058)
(-0.432522658 -0.601362687 -0.575208865)
(-0.469764615 -0.545679983 -0.592598271)
(-0.218176154 -0.666140822 -0.618603879)
(-0.221628724 -0.711200732 -0.573238801)
(0.0853713505 -0.785864789 -0.327837833)
(0.0028150269 -0.743209542 -0.309713509)
(0.00646614887 -0.809553074 -0.475829708)
(-0.00265722257 -0.89543906 -0.255607058)
(0.05806929 -0.898265645 -0.221891515)
(0.116948288 -0.886368225 -0.250905395)
(-0.172936291 -0.901798732 -0.155349395)
(-0.176342462 -0.886163204 -0.21753852)
(-0.122346617 -0.886642087 -0.251057631)
(-0.0631921011 -0.896595042 -0.221956186)
(-0.118863302 -0.920678388 -0.125200172)
(-0.0638732301 -0.922370671 -0.15802781)
(0.220433625 -0.572503169 -0.710758757)
(0.286410486 -0.585110399 -0.576843564)
(0.389823411 -0.596699672 -0.615188956)
(0.284912189 -0.540677601 -0.635323684)
(0.3860454 -0.550982781 -0.663387973)
(0.00467048033 -0.741273956 -0.575634684)
(0.00288754555 -0.714958828 -0.621070321)
(-0.764147001 -0.563691353 0.0600363563)
(-0.740104283 -0.584575564 0.11997722)
(-0.698708521 -0.621106313 0.123604793)
(-0.610998475 -0.715359176 0.118463766)
(-0.647169878 -0.692728824 0.0765069576)
(-0.68835113 -0.653349494 0.0739242494)
(-0.161439557 -0.618043821 -0.692470109)
(-0.11106946 -0.60794316 -0.711110636)
(-0.167727886 -0.66687839 -0.647271891)
(-0.117298859 -0.691628976 -0.614035554)
(-0.0631920496 -0.682024335 -0.648411784)
(-0.0639151906 -0.641144635 -0.687752337)
(-0.572907523 -0.276772272 -0.591109583)
(-0.622499613 -0.227096262 -0.671999009)
(-0.520582314 -0.447686933 -0.641746751)
(-0.609574232 -0.386665303 -0.595950432)
(-0.575384495 -0.436394146 -0.596832923)
(-0.466491654 -0.230266229 -0.780843737)
(-0.576615179 -0.230552846 -0.716649652)
(-0.491038055 -0.293547255 -0.683952411)
(-0.452471588 -0.402109759 -0.714358207)
(-0.538250333 -0.287687358 -0.642105189)
(-0.498909009 -0.392831688 -0.673845044)
(-0.474568567 -0.120602596 -0.805976465)
(-0.499435279 -0.176728101 -0.780246738)
(-0.551911406 -0.176886152 -0.746189611)
(-0.583262135 -0.121954817 -0.74144061)
(-0.562383991 -0.0618139109 -0.765669442)
(-0.504668702 -0.0613903213 -0.792938966)
(-0.69647096 -0.170261205 -0.623513035)
(-0.713797796 -0.12045021 -0.611265105)
(-0.650555806 -0.176753288 -0.672101722)
(-0.619219181 -0.126012568 -0.699848616)
(-0.655762821 -0.0769978431 -0.691541412)
(-0.695272988 -0.0768843823 -0.649563739)
(-0.619149141 0.733090785 3.13333097e-05)
(-0.648279461 0.69404663 -0.075988881)
(-0.68942461 0.654604793 -0.0731457093)
(-0.792672432 0.507476424 0.0594449988)
(-0.814579313 0.482071356 0.000103077137)
(-0.792710659 0.507521009 -0.0592445979)
(-0.764888568 0.564939155 -0.0595992065)
(-0.579005158 0.717569794 -0.212830909)
(-0.527835153 0.759538054 -0.20327939)
(-0.513327153 0.772255325 -0.150339461)
(-0.56245237 0.76020265 -0.106322313)
(-0.612174725 0.716577469 -0.117720811)
(-0.623114933 0.698417095 -0.167911744)
(0.643606241 -0.469127319 -0.499793305)
(0.675373392 -0.419195727 -0.505329917)
(0.714551738 -0.411308464 -0.454626025)
(0.648241909 -0.519450209 -0.449078275)
(0.682101936 -0.499526927 -0.396463674)
(0.721157162 -0.451025065 -0.403998047)
(0.570559355 -0.74617111 -0.00401044699)
(0.61356625 -0.723539161 -0.00242618372)
(0.648938105 -0.694603328 -0.0768103305)
(0.603200968 -0.70966423 -0.127604275)
(0.554770038 -0.754399318 -0.112772256)
(0.542553214 -0.767805409 -0.0612047891)
(0.46273235 -0.808190926 -0.136487759)
(0.336857854 -0.795398593 -0.098046136)
(0.342646764 -0.779908882 -0.158448959)
(0.469324484 -0.759629615 -0.250618885)
(0.522126963 -0.754008938 -0.21002437)
(0.507816858 -0.767596978 -0.15742813)
(0.348131617 0.681659432 -0.543642958)
(0.393771379 0.674943669 -0.50171589)
(0.448630552 0.642793534 -0.523327899)
(0.387571575 0.597329724 -0.612508953)
(0.436882984 0.598013578 -0.577826145)
(0.271740449 0.635036424 -0.577460446)
(0.273384201 0.59371977 -0.57641553)
(0.222564258 0.67234201 -0.622694694)
(0.601992224 0.576229036 -0.436317736)
(0.501034392 0.637433223 -0.474859243)
(0.546123728 0.592825548 -0.470424748)
(0.0618102078 0.919407163 0.167897963)
(-3.32119686e-05 0.913032511 0.141455123)
(-0.119586493 0.740117563 0.584735307)
(0.0598085273 0.764129248 0.5638142)
(4.75426895e-05 0.743591029 0.578403702)
(-0.0596789532 0.764119003 0.56381378)
(-0.0593013354 0.791816388 0.506341589)
(-0.468103634 0.813564741 0.130067128)
(-0.34480082 0.796489757 0.0991549282)
(-0.357817193 0.664837783 0.181857082)
(-0.304516393 0.708931971 0.264219045)
(-0.224789322 0.670432596 0.623444391)
(-0.27679099 0.59362495 0.579504018)
(-0.27472332 0.635706949 0.579096495)
(-0.218731436 0.898469507 0.131875127)
(-0.269121486 0.860162318 0.161036286)
(-0.274351382 0.853312786 0.224542848)
(-0.448792312 0.643045882 0.52352041)
(0.693569051 -0.0725490755 0.648505352)
(0.725249238 -2.09998936e-05 0.623220612)
(0.498482999 -0.174745242 0.78218119)
(-0.129905744 0.467310295 0.812648804)
(0.0760488594 0.647147231 0.692794316)
(0.0549716947 0.547423494 0.771407282)
(-0.0757359 0.647098405 0.692801029)
(2.12255863e-05 0.618331175 0.731559884)
(3.99964922e-05 0.572243805 0.749059229)
(-0.118000559 0.611147022 0.715523636)
(-0.106399913 0.561464505 0.759235853)
(-0.0548461303 0.547409563 0.771380831)
(0.366490935 0.446373295 0.734246502)
(0.494099672 0.289443933 0.687156708)
(0.287373991 0.47933768 0.707433239)
(0.0330433078 0.499425739 0.80687369)
(0.0651668671 0.457635638 0.822930085)
(-0.0329105027 0.499437441 0.806882774)
(-0.0650330944 0.457628308 0.822917158)
(0.617314506 0.124167739 0.700035551)
(0.653476799 0.0767294252 0.689130662)
(0.693554504 0.0724092577 0.648507062)
(0.712629729 0.117553148 0.613231726)
(0.545508577 0.345839539 0.682808613)
(0.57881077 0.271735513 0.637654913)
(-0.719708771 0.452284874 0.40170653)
(-0.73780285 0.361738946 0.44782304)
(-0.713368378 0.4128499 0.452674592)
(-0.744255259 0.426541501 0.343530701)
(-0.853061866 0.23119362 0.271973505)
(-0.718846972 0.269571882 0.30392879)
(-0.853816368 0.261285661 0.223376781)
(-0.720507856 0.299255268 0.257382326)
(-0.806771502 -0.0372927393 0.499484222)
(-0.807363107 0.0286085573 0.500236054)
(-0.770761914 0.0507042981 0.547491156)
(-0.751059879 -0.0029368043 0.57581102)
(-0.772457141 -0.0589318258 0.548392719)
(-0.262608919 -0.0014942673 0.893667863)
(-0.327485849 -0.00446713305 0.752399628)
(-0.229127862 -0.0622988898 0.895280741)
(-0.229052217 0.059421345 0.896306494)
(-0.257897003 -0.121319693 0.884743533)
(-0.340986826 -0.08725517 0.78890719)
(-0.16542675 -0.0631207927 0.91982301)
(-0.165246915 0.0602679112 0.919628529)
(-0.342571982 0.0758155028 0.791973441)
(-0.257790059 0.118268888 0.884574669)
(-0.224292501 0.17238123 0.885337435)
(-0.341274594 -0.1594711 0.782562306)
(-0.138063566 -0.00104888908 0.915036085)
(-0.131761813 0.115316722 0.920043959)
(-0.349072034 0.166311924 0.669158523)
(-0.202319215 -0.113969621 0.43069817)
(-0.341723875 -0.206636516 0.663674329)
(-0.252999464 -0.297789192 0.705454968)
(-0.0771874489 -0.000613891997 0.935676752)
(-0.0669364715 0.116041904 0.915886254)
(-0.125393378 0.197709594 0.431833114)
(-0.207016381 0.113176999 0.432153925)
(-0.161733852 0.169138819 0.897740644)
(-0.0406920514 0.0602840506 0.934233351)
(-0.129508888 0.217009782 0.898520599)
(0.0351969836 -0.25886937 0.897237404)
(0.0678506754 -0.214966064 0.9036298)
(0.043769499 0.0619032278 0.934118418)
(-0.096962191 0.342415 0.796129403)
(-0.158742001 0.267395983 0.860282446)
(-0.0326103085 0.329476358 0.792375999)
(0.0701603007 0.116205978 0.919759375)
(0.136287933 0.115720195 0.920056071)
(0.166031056 0.16950068 0.896270455)
(0.0367972963 0.328421398 0.789004348)
(0.206280036 -0.120330875 0.426431327)
(0.204353031 0.126146269 0.427978173)
(0.130648034 0.200389474 0.429200669)
(0.13388913 0.217178013 0.898520795)
(0.346045555 -0.205302588 0.663145621)
(0.262117083 -0.303860618 0.710215144)
(0.163150493 0.267769754 0.86147409)
(0.101313818 0.34221342 0.795064454)
(0.377023174 -0.172084746 0.780038638)
(0.373726967 -0.139795991 0.782951071)
(0.31544838 -0.228996947 0.832297702)
(0.34948756 0.201959858 0.66032773)
(0.210253147 0.340446298 0.660680029)
(0.22664128 0.272796947 0.853378266)
(0.16324223 0.349234569 0.782799363)
(-0.0309305562 -0.258830737 0.897456441)
(-0.553713006 -0.179213335 0.745738085)
(-0.500636854 -0.179013494 0.779067508)
(-0.468017979 -0.232660013 0.780068502)
(-0.577917955 -0.232941155 0.715628314)
(-0.536439816 -0.288058828 0.646405921)
(-0.497612149 -0.392642902 0.681150455)
(-0.489659724 -0.294654238 0.689345963)
(-0.449585082 -0.400888056 0.720474265)
(-0.417092211 -0.501952303 0.674455257)
(-0.358993773 -0.447109895 0.738628734)
(-0.409830338 -0.451667995 0.714043464)
(-0.377033519 -0.554366815 0.663106656)
(0.381791157 -0.599939968 0.611642388)
(0.757175716 0.346635778 0.255887896)
(0.790742867 0.347117778 0.0829715746)
(0.80521875 0.47656196 0.118469692)
(0.780073912 0.37661321 0.139180292)
(0.779593161 0.501504571 0.174575299)
(0.792101259 0.100538199 0.348498049)
(0.810270448 0.129851743 0.47058815)
(0.78671595 0.0371097394 0.335388599)
(0.820698938 0.0650242738 0.461071172)
(0.897190077 -0.0310755625 0.258568344)
(0.896985469 0.0350502143 0.25860429)
(0.903331051 0.0677041239 0.214701726)
(0.556863156 0.659975496 0.381270919)
(0.505126261 0.671447965 0.421632206)
(0.509503542 0.68540127 0.269349338)
(0.553288818 0.639716786 0.27341387)
(0.44973121 0.735514184 0.362752169)
(0.454516084 0.710889955 0.413825127)
(0.648175486 0.693902918 -0.0761176159)
(0.612045247 0.716349825 -0.117874756)
(0.619141612 0.732691947 -3.45430004e-07)
(0.573386453 0.749950214 -6.78065e-07)
(0.562373725 0.760008993 -0.106426189)
(0.54842228 0.772221139 -0.0548029304)
(0.419763963 -0.503148158 0.672181008)
(0.379663479 -0.555235558 0.660847577)
(0.361280791 -0.447998731 0.736320363)
(0.412316308 -0.452771641 0.711811718)
(0.575535628 -0.228462077 0.718405654)
(0.621932418 -0.224992389 0.674181411)
(0.649536482 -0.174496324 0.673798184)
(0.55036057 -0.174851535 0.747347266)
(0.756306837 -0.203332549 0.530254139)
(0.680086817 -0.271685589 0.509479532)
(0.733070648 -0.365001188 0.447266807)
(0.793136864 -0.0967207614 0.348677697)
(0.660682811 -0.178943283 0.359724711)
(0.706461353 -0.261615474 0.30306207)
(-0.595512049 -0.577041578 0.43793806)
(-0.545825574 -0.591987033 0.4737202)
(-0.640294411 -0.523061144 0.449798497)
(-0.634735104 -0.474627544 0.501699704)
(-0.440959961 -0.646226657 0.523716846)
(-0.379477349 -0.599589387 0.613896744)
(-0.427215767 -0.601213667 0.579156354)
(-0.387850369 -0.679165863 0.503826875)
(-0.341165714 -0.684508441 0.545148865)
(0.216152915 -0.900098677 0.140347313)
(0.168794187 -0.895081938 0.17216344)
(0.267158397 -0.865959042 0.16988552)
(0.27179799 -0.855069959 0.233334045)
(-0.00259432974 -0.894637523 0.274206809)
(0.0587714207 -0.898486421 0.240719699)
(0.0331390225 -0.257403706 -0.897212139)
(-0.0343946896 -0.160199521 -0.924086099)
(-0.06565106 -0.213377265 -0.902891609)
(-0.0329450022 -0.257402066 -0.897221934)
(0.164129977 -0.171058955 -0.897083884)
(0.131882053 -0.218836464 -0.898209245)
(0.134382931 -0.117198862 -0.919452504)
(0.0658386122 -0.213385792 -0.902961274)
(0.0690290687 -0.11843396 -0.916606939)
(0.0345745968 -0.160212095 -0.924067891)
(-0.113277044 -0.735951807 -0.580187679)
(-0.0536746864 -0.759484788 -0.558103471)
(-0.0531528443 -0.78844384 -0.501946843)
(-0.111941884 -0.799582061 -0.470413304)
(-0.167990093 -0.774782019 -0.496095676)
(-0.168140395 -0.739310837 -0.547247386)
(0.127892124 -0.603025285 -0.709284016)
(0.17592561 -0.616516129 -0.692236292)
(0.0768058934 -0.648900618 -0.694563203)
(0.0766902969 -0.688779238 -0.653143556)
(0.234887816 -0.775635335 -0.462963312)
(0.296672774 -0.639093308 -0.540695283)
(0.396496987 -0.674388051 -0.504924363)
(0.300514417 -0.677946614 -0.492661509)
(0.404483875 -0.714178126 -0.457753467)
(-0.744799076 -0.553123819 0.175006926)
(-0.715251629 -0.577724965 0.22867611)
(-0.639856151 -0.542139683 0.287839112)
(-0.672389204 -0.501242178 0.394647524)
(-0.680768291 -0.49438057 0.293104161)
(-0.712970787 -0.454898089 0.403695701)
(-0.782013231 -0.336372272 0.151272213)
(-0.779350332 -0.46755751 0.228420682)
(-0.778803635 -0.500570868 0.174889451)
(-0.622145283 -0.697306502 0.168450799)
(-0.670414159 -0.623317382 0.225180625)
(-0.670905607 -0.651755377 0.174776652)
(-0.591073252 -0.579222341 0.278387745)
(-0.595196287 -0.612184963 0.388751252)
(-0.578054353 -0.716406641 0.213319676)
(-0.543571597 -0.637448113 0.276711741)
(-0.549748083 -0.660630329 0.385322657)
(-0.706611697 -0.415717896 0.454649597)
(-0.765251982 -0.248594258 0.47485203)
(-0.675844236 -0.304327723 0.492228019)
(-0.75883427 -0.207896132 0.527235226)
(-0.667100059 -0.423601706 0.50526357)
(-0.716478689 -0.217611898 0.578056211)
(-0.655700797 -0.383282929 0.556837132)
(-0.635102678 -0.280730048 0.553323676)
(-0.648372469 0.694044904 0.0765105377)
(-0.671767138 0.652890261 0.174433517)
(0.266199066 -0.864050793 -0.152395635)
(0.170987222 -0.886721492 -0.217420576)
(0.222880896 -0.857835298 -0.245942894)
(0.271311698 -0.854446174 -0.215404531)
(0.215539423 -0.900078199 -0.122788735)
(0.16743742 -0.900994047 -0.15503731)
(0.623050665 0.698230632 -0.168035115)
(0.595703147 0.573697914 -0.273183381)
(0.600233091 0.608905018 -0.385611426)
(0.671715656 0.65269898 -0.174338101)
(0.671296033 0.624324936 -0.224812871)
(0.504239113 0.669312217 -0.423668534)
(0.556019076 0.658058034 -0.383644298)
(0.448722325 0.733433356 -0.364782393)
(0.453839837 0.709124836 -0.416138316)
(0.508331515 0.683347856 -0.271560856)
(0.527785075 0.759350317 -0.203386741)
(0.552203982 0.637313386 -0.275705908)
(0.57892952 0.717356489 -0.212946484)
(0.119799364 0.884566925 0.260222725)
(0.0608990416 0.895891724 0.231562552)
(-5.19171814e-05 0.893611917 0.265042501)
(0.0817127453 0.790457452 0.34416406)
(0.118550525 0.804440732 0.475753882)
(0.0594305503 0.791791023 0.50631152)
(9.56386593e-06 0.737548682 0.324056883)
(6.65377996e-05 0.813771699 0.481050351)
(-0.117092122 0.919746222 0.134351424)
(-0.0619087956 0.919414527 0.167905108)
(-0.0609990642 0.895855408 0.231565654)
(-0.170943911 0.897351494 0.164117537)
(-0.174624767 0.744766382 0.553226886)
(-0.258225911 0.659128306 0.548222159)
(-0.291761726 0.683309959 0.494912655)
(-0.348274644 0.681920175 0.543827167)
(-0.402893053 0.71564843 0.455431028)
(-0.393970127 0.675231367 0.501944843)
(-0.225861942 0.855732216 0.254952332)
(-0.119905564 0.884572978 0.260226701)
(-0.174045588 0.885304356 0.226710437)
(-0.0816860166 0.790462012 0.344181248)
(-0.118414849 0.804431065 0.475750368)
(-0.153578174 0.782746454 0.343864431)
(-0.228043329 0.779325209 0.46765104)
(-0.174517864 0.778814475 0.500700293)
(-0.501217805 0.637700179 0.475078448)
(-0.546361479 0.593195659 0.47050905)
(-0.602144155 0.576474717 0.436545286)
(-0.600411705 0.609191925 0.385861546)
(-0.44886341 0.733697391 0.364964984)
(-0.453988051 0.70938535 0.416331405)
(-0.504396699 0.669569306 0.423869708)
(-0.556158195 0.65830814 0.383840051)
(-0.552370664 0.637668355 0.27598771)
(-0.508487921 0.683753934 0.271838192)
(0.653635347 -0.0767480415 0.689297861)
(0.582394804 -0.11999753 0.743198714)
(0.617266823 -0.124264752 0.700022461)
(0.622811851 -4.02432592e-06 0.730053)
(0.262450379 -0.121430105 0.884468693)
(0.473284603 -0.118606031 0.807565235)
(0.344223774 -0.083404525 0.794140042)
(0.228915811 -0.175597686 0.885162976)
(0.134028319 -0.220342724 0.898313268)
(0.166290486 -0.172648417 0.896855616)
(0.163194418 -0.270839813 0.860670657)
(0.226706204 -0.275918866 0.853295727)
(0.257112259 -0.227427725 0.855617976)
(0.0365577435 -0.161871612 0.923876939)
(-0.0433919871 -0.0629088218 0.932717157)
(0.136744507 -0.118762322 0.919340272)
(0.0708065996 -0.120364645 0.917912173)
(0.0842637525 -0.000184845918 0.935587101)
(0.0463572195 -0.0646653211 0.933021271)
(-0.613295806 0.382682603 0.600137482)
(-0.580845373 0.267553595 0.599941849)
(-0.423431145 0.499823152 0.671853739)
(-0.384587401 0.552322532 0.661271781)
(-0.387737234 0.597590327 0.61269646)
(-0.437077269 0.598285565 0.578039022)
(-0.365428574 0.444607289 0.736435924)
(-0.417202685 0.450214634 0.712786935)
(-0.252578766 0.224184501 0.855745724)
(-0.291316517 0.254219084 0.716287495)
(-0.222164523 0.272669201 0.853224613)
(-0.286396231 0.477740428 0.709932913)
(-0.158641635 0.349111397 0.782995798)
(-0.204691578 0.338373698 0.663339654)
(0.203468067 0.526989504 0.758584114)
(0.150593166 0.512319696 0.771186528)
(0.213075336 0.578091063 0.71653501)
(0.106532704 0.561441507 0.759232178)
(0.168197473 0.622171078 0.697407441)
(0.118168173 0.61110494 0.715506553)
(0.0677666805 0.211610474 0.90418871)
(0.0351471857 0.255640764 0.897388146)
(0.0363244773 0.158436996 0.924317204)
(-0.0323268969 0.158187852 0.924705422)
(-0.0636122591 0.211433221 0.902722021)
(-0.0308644723 0.255608549 0.897597872)
(0.673895105 0.421034133 0.500483612)
(0.6434946 0.472266665 0.497838942)
(0.695600169 0.16785502 0.62562999)
(0.649541679 0.174411397 0.673802152)
(0.621937325 0.224911271 0.674185099)
(0.7138715 0.212768691 0.580849757)
(0.577242088 0.273202506 0.596686181)
(0.614385925 0.385039408 0.598449611)
(0.640033242 0.273568877 0.551733171)
(0.66306046 0.381893287 0.553005976)
(0.469388043 0.544837781 0.591488761)
(0.55891472 0.55891472 0.55891472)
(0.600142167 0.475744811 0.552626599)
(0.579281573 0.433522272 0.599260021)
(0.457005105 0.400461267 0.716396848)
(0.504171545 0.392347886 0.676925713)
(0.524796395 0.446234013 0.644059116)
(0.418211512 0.451902441 0.710409251)
(0.42501589 0.501831126 0.669879816)
(0.476889896 0.499836095 0.638763124)
(-0.063737164 -0.214768634 0.902044095)
(-0.0326211777 -0.161573426 0.924286246)
(-0.0676125761 -0.11957276 0.915751967)
(-0.13216672 -0.118328552 0.919329051)
(-0.224378898 -0.17542522 0.885006064)
(-0.161960034 -0.172271012 0.898270819)
(-0.129647454 -0.220157751 0.89831412)
(-0.158941708 -0.270669659 0.860993236)
(-0.222226997 -0.275784892 0.853139517)
(-0.252744916 -0.227351361 0.85616781)
(0.745940055 0.428623929 0.341818836)
(0.720515426 0.45371713 0.399351697)
(0.717634845 0.265984791 0.304033972)
(0.724142351 0.297050986 0.259624554)
(0.714451831 0.41458693 0.450694903)
(0.738398654 0.363120691 0.445421128)
(0.898057003 0.133874301 0.220077771)
(0.860366128 0.163037131 0.270571964)
(0.853038147 0.226547541 0.275649548)
(0.855322939 0.256947117 0.22716002)
(0.901856767 -0.0638713865 0.21451948)
(0.919099196 -0.132313467 0.118102401)
(0.932502323 -0.0432461344 0.0627486052)
(0.932486512 0.046096141 0.0644356497)
(0.915139366 -0.0677186428 0.119436645)
(0.924023354 -0.0327439972 0.161320649)
(0.917610253 0.0706527992 0.120049912)
(0.92364152 0.0364127595 0.16159591)
(0.612045928 0.716350105 0.117871996)
(0.62305086 0.698230669 0.168032702)
(0.56237409 0.760009054 0.106423987)
(0.578929725 0.717356626 0.21294414)
(0.513289751 0.772095384 0.150449796)
(0.527785152 0.759350304 0.203384454)
(0.852893331 -0.222374684 0.275524582)
(0.860567054 -0.159066841 0.270397932)
(0.898058553 -0.129793629 0.21990547)
(0.897878215 -0.162100458 0.172035885)
(0.769870974 -0.150302143 0.516445067)
(0.769508309 -0.0544148759 0.551612416)
(0.7569181 -0.106253245 0.564958709)
(0.810269882 -0.129929519 0.470585935)
(0.804521424 -0.0329315349 0.50292181)
(0.820705763 -0.0651008483 0.461075139)
(-0.574419167 -0.436135355 0.602647192)
(-0.590205506 -0.473522081 0.546702876)
(-0.517859239 -0.445411539 0.647828374)
(-0.555954644 -0.555954644 0.555954644)
(-0.467097013 -0.496782346 0.643285685)
(-0.478408744 -0.555721033 0.603502665)
(0.232274958 -0.665152715 -0.617160743)
(0.18259987 -0.666226818 -0.646118577)
(0.235509405 -0.711079217 -0.572628484)
(0.131367342 -0.696513355 -0.614855976)
(-0.789752295 -0.336489712 0.0793471146)
(-0.884269835 -0.253115693 0.117239242)
(-0.895985922 -0.22424673 0.0583917828)
(-0.893346863 -0.25787373 -0.00241080347)
(-0.740757385 -0.317330635 -0.00155258407)
(-0.80445403 -0.475650491 0.118785324)
(-0.813771731 -0.480940183 0.000294392488)
(-0.791745686 -0.506141994 0.0596548627)
(-0.852598882 -0.217553404 0.271587188)
(-0.855629366 -0.248045064 0.223154985)
(-0.861178676 -0.154431103 0.266455531)
(-0.88475345 -0.219633514 0.171297348)
(-0.898053316 -0.124971953 0.215892516)
(-0.898295582 -0.157223238 0.167900475)
(-0.689510137 0.654600944 0.0735567984)
(-0.764903808 0.564939916 0.059800307)
(-0.740951943 0.585792545 0.11966031)
(-0.699634467 0.622626675 0.123119889)
(-0.722020167 0.627855809 4.59911862e-05)
(-0.74454265 0.579915623 7.52811009e-05)
(-0.612111693 0.716551471 0.117978678)
(-0.623096847 0.698413617 0.168137177)
(-0.562418347 0.760197029 0.106528086)
(-0.578986226 0.71755711 0.213049886)
(-0.513360279 0.772311979 0.150552643)
(-0.527828018 0.759539242 0.203493012)
(0.326442258 -0.00110482693 0.747554812)
(0.560928955 -0.0599915345 0.767223756)
(0.504016665 -0.0595144687 0.795265601)
(0.574874395 -2.33242363e-05 0.747154231)
(0.478576627 -3.78019231e-05 0.817009247)
(-0.601707692 0.476985833 0.554068175)
(-0.579171814 0.431436211 0.601618672)
(-0.52363609 0.443908813 0.646585208)
(-0.558753577 0.558753577 0.558753577)
(-0.471399363 0.547578912 0.594660472)
(-0.475344241 0.498148564 0.64141468)
(-0.502942391 0.390117054 0.679080341)
(-0.456002819 0.398647432 0.718678116)
(-0.50122056 0.170134682 0.779354877)
(-0.494301272 0.248923294 0.69503255)
(-0.431441058 0.3416346 0.744854999)
(0.918826697 0.170206708 0.0631912267)
(0.919109416 0.136573556 0.118506555)
(0.895061424 0.23372374 0.0622179268)
(0.896546946 0.166131955 0.172390047)
(0.884189513 0.262291427 0.121172409)
(0.884911123 0.228759233 0.175337661)
(0.855841181 -0.25287964 0.227088233)
(0.884449242 -0.258049479 0.121068061)
(0.88476571 -0.224532887 0.175176385)
(0.787144214 -0.338095156 0.0770771559)
(0.799503217 -0.470718767 0.112158685)
(0.77465373 -0.496354452 0.168208561)
(0.778861619 -0.337813154 0.148743204)
(0.7744692 -0.462875856 0.22147063)
(0.343329199 -0.68514852 0.543004614)
(0.264467686 -0.708622589 0.333460759)
(0.388816789 -0.678802209 0.500916899)
(0.398025036 -0.718865121 0.454452837)
(0.223140726 -0.855568362 0.263347157)
(0.224976767 -0.834364055 0.322276033)
(0.171615961 -0.887371348 0.235527546)
(0.117410953 -0.885276585 0.26904344)
(0.181300191 -0.774236049 -0.494927325)
(0.181759486 -0.741234943 -0.547904062)
(0.125187337 -0.80062202 -0.470734244)
(0.126992618 -0.735596322 -0.578053819)
(0.065611463 -0.78557829 -0.498313616)
(0.0661454887 -0.760664971 -0.55813422)
(0.582405006 0.119916786 0.743200367)
(0.560929041 0.0599183006 0.767216687)
(0.504034299 0.0594409494 0.795279882)
(0.550356363 0.17477204 0.747336451)
(0.14386815 -0.000910640744 0.914175884)
(0.267259673 -0.00148500991 0.893453083)
(0.233873963 -0.0624586013 0.895277656)
(0.170366688 -0.0634294276 0.919108871)
(0.170135084 0.0606252093 0.918879456)
(0.233771138 0.0595966943 0.896338357)
(-0.652420263 0.169581775 0.67150084)
(-0.624068382 0.220213506 0.671111956)
(-0.553252859 0.170134044 0.744605036)
(-0.578293167 0.259919578 0.621271964)
(-0.54898566 0.249113348 0.663067368)
(-0.544560573 0.343975039 0.685039052)
(-0.621283866 0.118433697 0.697712737)
(-0.58551852 0.115051219 0.740627796)
(-0.0763250923 -0.648480122 0.694204215)
(-0.117777082 -0.612259146 0.716830754)
(1.08786346e-05 -0.619136897 0.733599738)
(-0.0731715673 -0.689596087 0.654809447)
(-0.10638917 -0.562498638 0.760432908)
(0.0765178586 -0.648516148 0.694203164)
(2.28324405e-05 -0.573543166 0.750451483)
(-0.108571773 -0.421461605 0.216361581)
(-0.110224296 -0.203967087 0.429187813)
(1.69789533e-05 -0.721936259 0.628167333)
(0.0733201063 -0.689627728 0.654807462)
(-0.167973425 -0.623159078 0.698638807)
(-0.172559789 -0.358297044 0.671336983)
(-0.150402853 -0.513383201 0.772497823)
(-0.0547639188 -0.548522757 0.772628298)
(0.0548346155 -0.5485303 0.772642705)
(-0.122898742 -0.699706972 0.62297567)
(0.110151128 -0.424507276 0.21342745)
(0.117211739 -0.206436487 0.426819424)
(2.74147401e-05 -0.744563417 0.5802234)
(-0.174256919 -0.671825163 0.653140954)
(-0.212895794 -0.579064394 0.717817853)
(-0.268848482 -0.550529964 0.643709735)
(-0.203348669 -0.527873441 0.759767434)
(-0.265177843 -0.507165408 0.68875335)
(-0.129924002 -0.468141087 0.8137915)
(-0.0967652149 -0.346561877 0.797326819)
(-0.0329171761 -0.500361866 0.808039293)
(0.117870413 -0.612236586 0.716821426)
(0.0329916445 -0.500355584 0.80803433)
(0.106463684 -0.562486374 0.760430897)
(-0.119488004 -0.741000483 0.586061911)
(0.0597236536 -0.764933507 0.565213972)
(-0.059650802 -0.764928056 0.565213681)
(0.122980135 -0.699729872 0.622979552)
(-0.262933368 -0.624577552 0.580902304)
(-0.224748147 -0.671380679 0.62474024)
(-0.27028777 -0.601957466 0.584328966)
(-0.0650661376 -0.458536303 0.824138842)
(-0.032947028 -0.33418394 0.794442419)
(0.168055018 -0.623152585 0.698637528)
(0.179439962 -0.359677738 0.668858082)
(0.0371306197 -0.333250331 0.79124683)
(0.0651411397 -0.458540315 0.82414592)
(0.150480036 -0.513395202 0.772518341)
(-0.18746802 -0.658573724 0.386818024)
(-0.251299728 -0.663800642 0.551299634)
(-0.174596338 -0.745707369 0.554602258)
(0.11956606 -0.74099864 0.586052602)
(0.0593746543 -0.792727433 0.507756148)
(-0.0654835233 -0.789361694 0.388926625)
(-0.0593020771 -0.792741213 0.507772159)
(0.174339679 -0.671822245 0.653135815)
(0.271682865 -0.551500271 0.641082846)
(0.212975043 -0.579057629 0.717813314)
(0.26779207 -0.507882938 0.68652135)
(0.203425996 -0.52787089 0.759767875)
(0.101046217 -0.346381201 0.796270785)
(0.130000391 -0.468138847 0.813791046)
(-0.140361925 -0.782100613 0.384279081)
(-0.100998762 -0.791747658 0.389488049)
(-0.174528139 -0.779670134 0.501935284)
(0.0792943219 -0.794266217 0.355188178)
(0.118500044 -0.805312326 0.477006644)
(-0.00192411004 -0.750301213 0.339962005)
(3.73247098e-05 -0.814615274 0.48231663)
(0.184672655 -0.658924324 0.383954446)
(0.253469567 -0.664148 0.548926705)
(0.174674113 -0.74571684 0.554606221)
(0.266863402 -0.630326076 0.577975045)
(0.271453574 -0.599993634 0.580144633)
(0.224827443 -0.671376743 0.624734376)
(0.135087497 -0.782812553 0.384429189)
(0.174604216 -0.779667769 0.501930527)
(0.465191158 0.228114619 0.782359375)
(0.343787245 0.152153285 0.786488909)
(0.498488134 0.174667587 0.782183526)
(0.256930675 0.224256855 0.855170756)
(0.344346 0.0803585733 0.794943324)
(0.473282602 0.118528725 0.807559379)
(0.228819024 0.172547126 0.885494789)
(0.262329047 0.118386341 0.884290309)
(0.734115752 0.408163027 -0.512911646)
(-0.373576579 0.748729812 -0.51687236)
(-0.394565328 -0.44289799 -0.785293777)
(0.610390684 -0.431428842 -0.639222241)
(0.5380431 -0.440909802 -0.69520807)
(0.960969217 0.0436573837 -0.207927447)
(0.922269931 0.0432735486 -0.340807472)
(0.939222601 0.0871151684 -0.280310264)
(-0.198788195 0.490409837 -0.829810546)
(0.980521912 -0.0437515189 -0.0725535732)
(-0.374670435 0.793803412 -0.445083846)
(0.207927447 -0.960969217 -0.0436573837)
(-0.207927447 -0.960969217 -0.0436573837)
(-0.340807472 -0.922269931 -0.0432735486)
(-0.280310264 -0.939222601 -0.0871151684)
(-0.28967838 -0.924145598 -0.173961134)
(-0.359913222 -0.89002525 -0.21591547)
(-0.0725535731 -0.980521912 -0.0437515189)
(-0.14490807 -0.969461689 -0.0875924986)
(-0.365599973 -0.863522217 -0.298776906)
(-0.81986483 -0.325758655 -0.436239108)
(-0.802910069 -0.269755616 -0.50086852)
(-0.872886279 -0.340430183 -0.30117036)
(-0.863522217 -0.298776906 -0.365599973)
(-0.750184461 -0.281475037 -0.571153388)
(-0.715706517 -0.351548811 -0.576610657)
(-0.979612857 0.0875872458 -3.59952063e-11)
(-0.967705349 0.175363938 3.66010856e-11)
(0.445083846 -0.374670435 -0.793803412)
(0.51687236 -0.373576578 -0.748729812)
(0.922269931 -0.0432735486 -0.340807472)
(-0.53543808 0.231325427 -0.792714369)
(-0.0436573837 0.207927447 -0.960969217)
(0.0436573838 0.207927447 -0.960969217)
(0.960969217 -0.0436573838 -0.207927447)
(0.969461689 -0.0875924985 -0.14490807)
(0.939222601 -0.0871151684 -0.280310264)
(0.956492072 -0.174025667 -0.15309925)
(0.890396668 -0.0866147449 -0.410149805)
(0.836317064 -0.462740476 -0.231857453)
(0.625234937 -0.494823447 -0.575422182)
(0.639222241 -0.610390684 -0.431428842)
(0.785293777 0.394565328 -0.44289799)
(0.81986483 0.325758655 -0.436239108)
(0.837554933 0.418043916 -0.303879004)
(0.793803412 0.445083846 -0.374670435)
(0.836317064 0.462740476 -0.231857453)
(0.792714369 0.53543808 -0.231325427)
(0.873084104 0.172043665 -0.420391773)
(0.890396668 0.0866147447 -0.410149805)
(0.956492072 0.174025667 -0.15309925)
(0.980521912 0.0437515189 -0.0725535731)
(0.969461689 0.0875924985 -0.14490807)
(-0.512911646 0.734115752 -0.408163027)
(-0.44289799 0.785293777 -0.394565328)
(-0.436239108 0.81986483 -0.325758655)
(-0.365599973 0.863522217 -0.298776906)
(0.198788195 0.490409837 -0.829810546)
(0.0725535732 0.980521912 -0.0437515189)
(0.207927447 0.960969217 0.0436573837)
(-0.0725535732 0.980521912 -0.0437515189)
(0 0.979612857 -0.0875872458)
(1.1782393e-19 0.967705349 -0.175363938)
(-0.14490807 0.969461689 -0.0875924985)
(0.207927447 0.960969217 -0.0436573838)
(0.14490807 0.969461689 -0.0875924985)
(0.080598747 0.931052657 -0.305817695)
(0.0805714906 0.955655881 -0.218043227)
(0.15309925 0.956492072 -0.174025667)
(-0.207927447 0.960969217 -0.0436573838)
(-0.0725535732 -0.980521912 0.0437515189)
(0.280310264 0.939222601 0.0871151684)
(0.28967838 0.924145598 0.173961134)
(0.359913222 0.89002525 0.21591547)
(-0.231332209 -0.908141441 0.300609243)
(-0.351548811 -0.576610657 -0.715706517)
(-0.359812394 -0.639495219 -0.655882801)
(-0.408163027 -0.512911646 -0.734115752)
(0.14490807 -0.969461689 -0.0875924986)
(0.0725535731 -0.980521912 -0.0437515189)
(5.95457298e-20 -0.979612857 -0.0875872457)
(-0.71678399 -0.669466984 -0.0796029584)
(-0.81352089 -0.548329023 -0.0782329561)
(-0.857265473 -0.475632567 -0.0786274769)
(-0.870572018 -0.42966223 -0.157164988)
(-0.662453514 -0.723481729 -0.0795843077)
(-0.836317064 -0.462740476 -0.231857453)
(-0.465487554 -0.866063778 0.043119796)
(-0.837554933 -0.418043916 -0.303879004)
(-0.535256848 -0.822943981 -0.0697692976)
(-0.465487554 -0.866063778 -0.0431197961)
(-0.410149805 -0.890396668 -0.0866147447)
(-0.420391773 -0.873084104 -0.172043665)
(-0.625234937 -0.494823447 -0.575422182)
(-0.480023296 -0.512000326 -0.689018154)
(-0.785293777 -0.394565328 -0.44289799)
(-0.69520807 -0.5380431 -0.440909802)
(-0.734115752 -0.408163027 -0.512911646)
(-0.689018154 -0.480023296 -0.512000326)
(-0.793803412 -0.445083846 -0.374670435)
(-0.748729812 -0.51687236 -0.373576579)
(-0.792714369 -0.53543808 -0.231325427)
(-0.735016013 -0.635210574 -0.157672531)
(-0.783328181 -0.57489637 -0.156262287)
(-0.74896285 -0.562477989 -0.302116861)
(-0.695735681 -0.629031507 -0.297989914)
(-0.691358629 -0.66219233 -0.228311663)
(0.305817695 -0.080598747 -0.931052657)
(-0.325758655 -0.436239108 -0.81986483)
(-0.298776906 -0.365599973 -0.863522217)
(-0.340430183 -0.30117036 -0.872886279)
(0.420391773 -0.873084104 0.172043665)
(-0.980521912 0.0437515189 0.0725535732)
(-0.960969217 -0.0436573837 0.207927447)
(-0.980521912 -0.0437515189 -0.0725535732)
(-0.980521912 0.0437515189 -0.0725535731)
(-0.969461689 -0.0875924985 -0.14490807)
(-0.829810546 -0.198788195 -0.490409837)
(-0.793803412 0.445083846 -0.374670435)
(-0.748729812 0.51687236 -0.373576578)
(-0.918515836 0.350841834 2.14452425e-11)
(-0.66219233 0.228311663 -0.691358629)
(-0.750226252 0.149602382 -0.619179958)
(-0.723307127 0.220558272 -0.629668814)
(-0.0437515189 -0.0725535731 -0.980521912)
(-0.0875924985 -0.14490807 -0.969461689)
(-0.0875924985 0.14490807 -0.969461689)
(-0.175363938 3.66010855e-11 -0.967705349)
(-0.0437515189 0.0725535732 -0.980521912)
(-0.0875872457 -3.59952062e-11 -0.979612857)
(-0.445083846 0.374670435 -0.793803412)
(-0.298776906 0.365599973 -0.863522217)
(0.715706517 0.351548811 -0.576610657)
(0.350841834 2.14452425e-11 -0.918515836)
(0.42966223 0.157164988 -0.870572018)
(0.655882801 -0.359812394 -0.639495219)
(0.642670559 4.33707626e-12 -0.745114522)
(0.750251061 -2.89964919e-11 -0.636910148)
(0.562477989 -0.302116861 -0.74896285)
(0.629031507 -0.297989914 -0.695735681)
(0.345265153 -0.159198969 -0.907061407)
(0.418043916 -0.303879004 -0.837554933)
(0.908141441 -0.300609243 -0.231332209)
(0.93297564 -0.217269116 -0.22506185)
(0.924145598 -0.173961134 -0.28967838)
(-0.269755616 0.50086852 -0.802910069)
(-0.394565328 0.44289799 -0.785293777)
(-0.325758655 0.436239108 -0.81986483)
(-0.281475037 0.571153388 -0.750184461)
(-0.440909802 0.69520807 -0.5380431)
(-0.512000326 0.689018154 -0.480023296)
(0.792714369 -0.53543808 -0.231325427)
(0.74896285 -0.562477989 -0.302116861)
(0.512000326 -0.689018154 -0.480023296)
(0.575422182 -0.625234937 -0.494823447)
(0.567674017 -0.567674017 -0.567674017)
(0.695735681 -0.629031507 -0.297989914)
(0.639495219 -0.655882801 -0.359812394)
(0.571153388 -0.750184461 -0.281475037)
(0.512911646 -0.734115751 -0.408163027)
(0.576610657 -0.715706517 -0.351548811)
(0.410149805 -0.890396668 0.0866147449)
(0.340807472 -0.922269931 0.0432735486)
(0.872886279 0.340430183 -0.30117036)
(0.863522217 0.298776906 -0.365599973)
(0.89002525 0.21591547 -0.359913222)
(0.908141441 0.300609242 -0.231332209)
(0.924145598 0.173961134 -0.28967838)
(0.93297564 0.217269115 -0.22506185)
(0.796294484 3.02696255e-11 -0.578376645)
(0.822943981 -0.0697692976 -0.535256848)
(0.822943981 0.0697692976 -0.535256848)
(0.866063778 -0.043119796 -0.465487554)
(0.866063778 0.0431197961 -0.465487554)
(0.228311663 0.691358629 -0.66219233)
(0.220558272 0.629668814 -0.723307127)
(-0.140145605 0.550295395 -0.803781912)
(-0.297989914 0.695735681 -0.629031507)
(-0.302116861 0.74896285 -0.562477989)
(-0.30117036 0.872886279 -0.340430183)
(-0.303879004 0.837554933 -0.418043916)
(0.462740476 0.231857453 -0.836317064)
(0.408163027 0.512911646 -0.734115751)
(0.269755616 0.50086852 -0.802910069)
(0.351548811 0.576610657 -0.715706517)
(0.281475037 0.571153388 -0.750184461)
(0.231325427 0.792714369 -0.53543808)
(0.748729812 0.51687236 -0.373576578)
(0.74896285 0.562477989 -0.302116861)
(0.280310264 0.939222601 -0.0871151684)
(0.420391773 0.873084104 -0.172043665)
(-0.359913222 0.89002525 -0.21591547)
(-0.28967838 0.924145598 -0.173961134)
(-0.280310264 0.939222601 -0.0871151684)
(-0.340807472 0.922269931 -0.0432735486)
(-0.420391773 0.873084104 -0.172043665)
(-0.410149805 0.890396668 -0.0866147449)
(-0.340807472 0.922269931 0.0432735486)
(-0.578376645 0.796294484 3.02696255e-11)
(-0.535256848 0.822943981 -0.0697692976)
(-0.465487554 0.866063778 -0.043119796)
(-0.93297564 -0.217269116 -0.22506185)
(-0.931052658 -0.305817695 -0.080598747)
(-0.907061407 -0.345265153 -0.159198969)
(-0.908141441 -0.300609243 -0.231332209)
(-0.956492072 -0.174025667 -0.15309925)
(-0.955655881 -0.218043227 -0.0805714906)
(0.22506185 0.93297564 0.217269115)
(0.0725535732 -0.980521912 0.0437515189)
(0 -0.979612857 0.0875872458)
(0.866063778 0.043119796 0.465487554)
(0.783328181 0.57489637 -0.156262287)
(0.735016013 0.635210574 -0.157672531)
(0.567674017 -0.567674017 0.567674017)
(0.955655881 -0.218043227 -0.0805714906)
(0.81352089 -0.548329023 0.0782329562)
(0.857265473 -0.475632567 0.0786274768)
(-0.535256848 -0.822943981 0.0697692976)
(-0.636910148 -0.750251061 2.89964919e-11)
(-0.578376645 -0.796294484 -3.02696255e-11)
(-0.365599973 -0.863522217 0.298776906)
(-0.30117036 -0.872886279 0.340430183)
(-0.159198969 -0.907061407 0.345265153)
(-0.22506185 -0.93297564 0.217269116)
(-0.15309925 -0.956492072 0.174025667)
(-0.207927447 -0.960969217 0.0436573838)
(-0.14490807 -0.969461689 0.0875924985)
(-0.359913222 -0.89002525 0.21591547)
(-0.28967838 -0.924145598 0.173961134)
(-0.340807472 -0.922269931 0.0432735486)
(-0.280310264 -0.939222601 0.0871151684)
(-0.420391773 -0.873084104 0.172043665)
(-0.410149805 -0.890396668 0.0866147449)
(-0.436239108 -0.81986483 -0.325758655)
(-0.44289799 -0.785293777 -0.394565328)
(-0.373576579 -0.748729812 -0.51687236)
(-0.374670435 -0.793803412 -0.445083846)
(0 -0.967705349 -0.175363938)
(0.0875924985 0.14490807 -0.969461689)
(0.0437515189 0.0725535732 -0.980521912)
(0.218043227 -0.0805714906 -0.955655881)
(0.175363938 3.66010856e-11 -0.967705349)
(0.0437515189 -0.0725535731 -0.980521912)
(0.0875872458 -3.59952063e-11 -0.979612857)
(-0.281475037 -0.571153388 -0.750184461)
(-0.269755616 -0.50086852 -0.802910069)
(-0.173961134 -0.28967838 -0.924145598)
(-0.21591547 -0.359913222 -0.89002525)
(-0.300609242 -0.231332209 -0.908141441)
(-0.217269115 -0.22506185 -0.93297564)
(-0.174025667 -0.15309925 -0.956492072)
(-0.218043227 -0.0805714906 -0.955655881)
(-0.969461689 -0.0875924985 0.14490807)
(-0.967705349 -0.175363938 -3.66010856e-11)
(-0.979612857 -0.0875872457 3.59952063e-11)
(-0.980521912 -0.0437515189 0.0725535731)
(-0.873084104 0.172043665 -0.420391773)
(-0.829810546 0.198788195 -0.490409837)
(-0.890396668 0.0866147447 -0.410149805)
(-0.803781912 0.140145605 -0.550295394)
(-0.955655881 0.218043227 -0.0805714906)
(-0.931052657 0.305817695 -0.080598747)
(-0.922269931 0.0432735486 -0.340807472)
(-0.960969217 -0.0436573838 -0.207927447)
(-0.873084104 -0.172043665 -0.420391773)
(-0.890396668 -0.0866147449 -0.410149805)
(-0.89002525 -0.21591547 -0.359913222)
(-0.924145598 -0.173961134 -0.28967838)
(-0.939222601 -0.0871151684 -0.280310264)
(-0.922269931 -0.0432735486 -0.340807472)
(-0.837554933 0.418043916 -0.303879004)
(-0.870572018 0.42966223 -0.157164988)
(-0.836317064 0.462740476 -0.231857453)
(-0.907061407 0.345265153 -0.159198969)
(-0.57489637 0.156262287 -0.783328181)
(-0.635210574 0.157672531 -0.735016013)
(-0.750184461 0.281475037 -0.571153388)
(-0.802910069 0.269755616 -0.50086852)
(-0.785293777 0.394565328 -0.44289799)
(-0.81986483 0.325758655 -0.436239108)
(-0.173961134 0.28967838 -0.924145598)
(-0.21591547 0.359913222 -0.89002525)
(-0.0432735486 0.340807472 -0.922269931)
(-0.0871151684 0.280310264 -0.939222601)
(-0.0866147448 0.410149805 -0.890396668)
(-0.172043665 0.420391773 -0.873084104)
(-0.418043916 0.303879004 -0.837554933)
(-0.462740476 0.231857453 -0.836317064)
(-0.42966223 0.157164988 -0.870572018)
(-0.340430183 0.30117036 -0.872886279)
(0.51687236 0.373576579 -0.748729812)
(0.655882801 0.359812394 -0.639495219)
(0.723481729 0.0795843077 -0.662453514)
(0.669466984 0.0796029584 -0.71678399)
(0.803781912 0.140145605 -0.550295394)
(0.750226252 0.149602382 -0.619179958)
(0.723307127 0.220558272 -0.629668814)
(0.750184461 0.281475037 -0.571153388)
(0.802910069 0.269755616 -0.50086852)
(0.829810546 0.198788195 -0.490409837)
(0.581426808 -2.2522047e-11 -0.79387976)
(0.436229211 6.6599259e-11 -0.88123986)
(0.548329023 0.0782329561 -0.81352089)
(0.475632567 0.0786274769 -0.857265473)
(0.803781912 -0.140145605 -0.550295394)
(0.66219233 -0.228311663 -0.691358629)
(0.750226252 -0.149602382 -0.619179958)
(0.723307127 -0.220558272 -0.629668814)
(0.635210574 -0.157672531 -0.735016013)
(0.669466984 -0.0796029584 -0.71678399)
(0.723481729 -0.0795843078 -0.662453514)
(0.53543808 -0.231325427 -0.792714369)
(0.462740476 -0.231857453 -0.836317064)
(0.42966223 -0.157164988 -0.870572018)
(0.57489637 -0.156262287 -0.783328181)
(0.548329023 -0.0782329562 -0.81352089)
(0.475632567 -0.0786274768 -0.857265473)
(0.873084104 -0.172043665 -0.420391773)
(0.829810546 -0.198788195 -0.490409837)
(0.89002525 -0.21591547 -0.359913222)
(-0.351548811 0.576610657 -0.715706517)
(-0.359812394 0.639495219 -0.655882801)
(-0.431428842 0.639222241 -0.610390684)
(-0.494823447 0.575422182 -0.625234937)
(-0.408163027 0.512911646 -0.734115751)
(-0.480023296 0.512000326 -0.689018154)
(-0.629031507 0.297989914 -0.69573568)
(-0.5380431 0.440909802 -0.69520807)
(-0.562477989 0.302116861 -0.74896285)
(-0.51687236 0.373576579 -0.748729812)
(0.783328181 -0.57489637 -0.156262287)
(0.81352089 -0.548329023 -0.0782329561)
(0.79387976 -0.581426808 2.2522047e-11)
(0.280310264 -0.939222601 -0.0871151684)
(0.340807472 -0.922269931 -0.0432735486)
(0.535256848 -0.822943981 0.0697692976)
(0.465487554 -0.866063778 0.043119796)
(0.156262286 0.783328181 -0.57489637)
(0.157672531 0.735016013 -0.635210574)
(0.0796029584 0.71678399 -0.669466984)
(-2.64871003e-19 0.745114522 -0.642670559)
(0.149602382 0.619179958 -0.750226252)
(0.0795843078 0.662453514 -0.723481729)
(0.140145605 0.550295395 -0.803781912)
(0 0.636910148 -0.750251061)
(-0.0796029584 0.71678399 -0.669466984)
(-0.0795843078 0.662453514 -0.723481729)
(-0.157672531 0.735016013 -0.635210574)
(-0.228311663 0.691358629 -0.66219233)
(-0.220558272 0.629668814 -0.723307127)
(-0.149602382 0.619179958 -0.750226252)
(-0.231332209 0.908141441 -0.300609243)
(-0.22506185 0.93297564 -0.217269116)
(-0.15309925 0.956492072 -0.174025667)
(-0.0805714906 0.955655881 -0.218043227)
(0 0.918515836 -0.350841834)
(-0.080598747 0.931052657 -0.305817695)
(-0.159198969 0.907061407 -0.345265153)
(-0.231325427 0.792714369 -0.53543808)
(-0.231857453 0.836317064 -0.462740476)
(-0.157164988 0.870572018 -0.42966223)
(-0.156262286 0.783328181 -0.57489637)
(0.480023296 0.512000326 -0.689018154)
(0.610390684 0.431428842 -0.639222241)
(0.5380431 0.440909802 -0.69520807)
(0.445083846 0.374670435 -0.793803412)
(0.394565328 0.44289799 -0.785293777)
(0.325758655 0.436239108 -0.81986483)
(0.418043916 0.303879004 -0.837554933)
(0.340430183 0.30117036 -0.872886279)
(0.298776906 0.365599973 -0.863522217)
(0.21591547 0.359913222 -0.89002525)
(0.172043665 0.420391773 -0.873084104)
(0.173961134 0.28967838 -0.924145598)
(0.0866147448 0.410149805 -0.890396668)
(0.0432735486 0.340807472 -0.922269931)
(0.0871151684 0.280310264 -0.939222601)
(0.305817695 0.080598747 -0.931052658)
(0.217269116 0.22506185 -0.93297564)
(0.174025667 0.15309925 -0.956492072)
(0.218043227 0.0805714906 -0.955655881)
(0.345265154 0.159198969 -0.907061407)
(0.300609243 0.231332209 -0.908141441)
(0.231857453 0.836317064 -0.462740476)
(0.303879004 0.837554933 -0.418043916)
(0.159198969 0.907061407 -0.345265153)
(0.157164988 0.870572018 -0.42966223)
(0.494823447 0.575422182 -0.625234937)
(0.490409837 0.829810546 -0.198788195)
(-0.207927447 0.960969217 0.0436573837)
(-0.280310264 0.939222601 0.0871151684)
(-0.535256848 0.822943981 0.0697692976)
(-0.410149805 0.890396668 0.0866147447)
(-0.465487554 0.866063778 0.0431197961)
(0.231332209 0.908141441 0.300609242)
(0.231857453 0.836317064 0.462740476)
(0.15309925 0.956492072 0.174025667)
(0.0725535731 0.980521912 0.0437515189)
(0.14490807 0.969461689 0.0875924986)
(0.231325427 0.792714369 0.53543808)
(0.297989914 0.69573568 0.629031507)
(0.228311663 0.691358629 0.66219233)
(-0.960969217 0.0436573838 0.207927447)
(-0.969461689 0.0875924985 0.14490807)
(-0.870572018 0.42966223 0.157164988)
(-0.695735681 0.629031507 0.297989914)
(-0.89002525 0.21591547 0.359913222)
(-0.924145598 0.173961134 0.28967838)
(-0.922269931 0.0432735486 0.340807472)
(-0.939222601 0.0871151684 0.280310264)
(-0.939222601 -0.0871151684 0.280310264)
(-0.922269931 -0.0432735486 0.340807472)
(-0.956492072 -0.174025667 0.15309925)
(-0.955655881 -0.218043227 0.0805714906)
(0.207927447 -0.960969217 0.0436573838)
(0.14490807 -0.969461689 0.0875924985)
(0.280310264 -0.939222601 0.0871151684)
(0.822943981 0.0697692976 0.535256848)
(0.796294484 -3.02696255e-11 0.578376645)
(0.907061407 0.345265153 -0.159198969)
(0.870572018 0.42966223 -0.157164988)
(0.783328181 0.57489637 0.156262287)
(0.979612857 0.0875872457 -3.59952062e-11)
(0.735016013 0.635210574 0.157672531)
(0.420391773 0.873084104 0.172043665)
(0.745114522 0.642670559 4.33707652e-12)
(0.71678399 0.669466984 0.0796029584)
(0.662453514 0.723481729 0.0795843077)
(0.71678399 0.669466984 -0.0796029584)
(0.550295394 -0.803781912 0.140145605)
(0.571153388 -0.750184461 0.281475037)
(0.50086852 -0.802910069 0.269755616)
(0.490409837 -0.829810546 0.198788195)
(0.575422182 -0.625234937 0.494823447)
(0.576610657 -0.715706517 0.351548811)
(0.512000326 -0.689018154 0.480023296)
(0.512911646 -0.734115752 0.408163027)
(0.689018154 -0.480023296 0.512000326)
(0.734115752 -0.408163027 0.512911646)
(0.715706517 -0.351548811 0.576610657)
(0.625234937 -0.494823447 0.575422182)
(0.655882801 -0.359812394 0.639495219)
(0.610390684 -0.431428842 0.639222241)
(0.979612857 -0.0875872458 3.59952062e-11)
(0.967705349 -0.175363938 -3.66010855e-11)
(0.748729812 -0.51687236 0.373576578)
(0.69520807 -0.5380431 0.440909802)
(0.639222241 -0.610390684 0.431428842)
(0.639495219 -0.655882801 0.359812394)
(0.695735681 -0.629031507 0.297989914)
(0.783328181 -0.57489637 0.156262287)
(0.792714369 -0.53543808 0.231325427)
(0.74896285 -0.562477989 0.302116861)
(0.857265473 -0.475632567 -0.0786274769)
(0.88123986 -0.436229211 -6.6599259e-11)
(0.918515836 -0.350841834 -2.14452425e-11)
(0.870572018 -0.42966223 -0.157164988)
(0.907061407 -0.345265153 -0.159198969)
(0.931052658 -0.305817695 -0.080598747)
(1.1782393e-19 -0.967705349 0.175363938)
(-0.0805714906 -0.955655881 0.218043227)
(-0.080598747 -0.931052657 0.305817695)
(0.480023296 -0.512000326 -0.689018154)
(0.494823447 -0.575422182 -0.625234937)
(0.198788195 -0.490409837 -0.829810546)
(0.269755616 -0.50086852 -0.802910069)
(0.325758655 -0.436239108 -0.81986483)
(0.408163027 -0.512911646 -0.734115752)
(0.394565328 -0.44289799 -0.785293777)
(0.300609242 -0.231332209 -0.908141441)
(0.340430183 -0.30117036 -0.872886279)
(0.298776906 -0.365599973 -0.863522217)
(-0.576610657 -0.715706517 -0.351548811)
(-0.639222241 -0.610390684 -0.431428842)
(-0.639495219 -0.655882801 -0.359812394)
(-0.512911646 -0.734115751 -0.408163027)
(-0.571153388 -0.750184461 -0.281475037)
(-0.550295394 -0.803781912 -0.140145605)
(-0.490409837 -0.829810546 -0.198788195)
(-0.50086852 -0.802910069 -0.269755616)
(-0.619179958 -0.750226252 -0.149602382)
(-0.629668814 -0.723307127 -0.220558272)
(-0.303879004 -0.837554933 -0.418043916)
(-0.30117036 -0.872886279 -0.340430183)
(0.15309925 -0.956492072 -0.174025667)
(0.0805714906 -0.955655881 -0.218043227)
(0.0697692976 -0.535256848 -0.822943981)
(0.140145605 -0.550295394 -0.803781912)
(0.440909802 -0.69520807 -0.5380431)
(0.431428842 -0.639222241 -0.610390684)
(-0.745114522 -0.642670559 -4.33707626e-12)
(-0.79387976 -0.581426808 2.2522047e-11)
(-0.490409837 -0.829810546 0.198788195)
(-0.550295394 -0.803781912 0.140145605)
(-0.655882801 -0.359812394 0.639495219)
(0 -0.578376645 -0.796294484)
(2.76226017e-19 -0.636910148 -0.750251061)
(-0.172043665 -0.420391773 -0.873084104)
(-0.198788195 -0.490409837 -0.829810546)
(-0.0697692976 -0.535256848 -0.822943981)
(-0.140145605 -0.550295394 -0.803781912)
(-0.217269116 0.22506185 -0.93297564)
(-0.305817695 0.080598747 -0.931052658)
(-0.300609243 0.231332209 -0.908141441)
(-0.345265154 0.159198969 -0.907061407)
(-0.174025667 0.15309925 -0.956492072)
(-0.218043227 0.0805714906 -0.955655881)
(-0.350841834 2.14452425e-11 -0.918515836)
(-0.305817695 -0.080598747 -0.931052657)
(-0.345265153 -0.159198969 -0.907061407)
(-0.803781912 -0.140145605 -0.550295394)
(-0.792714369 0.53543808 -0.231325427)
(-0.783328181 0.57489637 -0.156262287)
(-0.735016013 0.635210574 -0.157672531)
(-0.74896285 0.562477989 -0.302116861)
(-0.639495219 0.655882801 -0.359812394)
(-0.695735681 0.629031507 -0.297989914)
(-0.691358629 0.66219233 -0.228311663)
(-0.576610657 0.715706517 -0.351548811)
(-0.866063778 -0.043119796 -0.465487554)
(-0.866063778 0.0431197961 -0.465487554)
(-0.796294484 3.02696258e-11 -0.578376645)
(-0.822943981 0.0697692976 -0.535256848)
(-0.822943981 -0.0697692976 -0.535256848)
(-0.939222601 0.0871151684 -0.280310264)
(-0.956492072 0.174025667 -0.15309925)
(-0.969461689 0.0875924985 -0.14490807)
(-0.960969217 0.0436573837 -0.207927447)
(-0.908141441 0.300609242 -0.231332209)
(-0.924145598 0.173961134 -0.28967838)
(-0.93297564 0.217269115 -0.22506185)
(-0.89002525 0.21591547 -0.359913222)
(-0.863522217 0.298776906 -0.365599973)
(-0.872886279 0.340430183 -0.30117036)
(-0.475632567 0.0786274769 -0.857265473)
(-0.548329023 0.0782329561 -0.81352089)
(-0.581426808 -2.2522047e-11 -0.79387976)
(-0.436229211 6.6599259e-11 -0.88123986)
(-0.723481729 0.0795843077 -0.662453514)
(-0.669466984 0.0796029584 -0.71678399)
(-0.642670559 4.33707652e-12 -0.745114522)
(-0.750251061 -2.89964916e-11 -0.636910148)
(-0.567674017 0.567674017 -0.567674017)
(-0.69520807 0.5380431 -0.440909802)
(-0.639222241 0.610390684 -0.431428842)
(-0.575422182 0.625234937 -0.494823447)
(-0.715706517 0.351548811 -0.576610657)
(-0.655882801 0.359812394 -0.639495219)
(-0.610390684 0.431428842 -0.639222241)
(-0.625234937 0.494823447 -0.575422182)
(-0.734115752 0.408163027 -0.512911646)
(-0.689018154 0.480023296 -0.512000326)
(0.629031507 0.297989914 -0.69573568)
(0.66219233 0.228311663 -0.691358629)
(0.53543808 0.231325427 -0.792714369)
(0.562477989 0.302116861 -0.74896285)
(0.57489637 0.156262287 -0.783328181)
(0.635210574 0.157672531 -0.735016013)
(0.715706517 -0.351548811 -0.576610657)
(0.750184461 -0.281475037 -0.571153388)
(0.802910069 -0.269755616 -0.50086852)
(0.872886279 -0.340430183 -0.30117036)
(0.863522217 -0.298776906 -0.365599973)
(0.81986483 -0.325758655 -0.436239108)
(0.837554933 -0.418043916 -0.303879004)
(0.745114522 -0.642670559 -4.33707652e-12)
(0.691358629 -0.66219233 -0.228311663)
(0.735016013 -0.635210574 -0.157672531)
(0.629668814 -0.723307127 -0.220558272)
(0.71678399 -0.669466984 -0.0796029584)
(0.410149805 -0.890396668 -0.0866147447)
(0.465487554 -0.866063778 -0.0431197961)
(0.44289799 -0.785293777 -0.394565328)
(-0.043119796 0.465487554 -0.866063778)
(0.043119796 0.465487554 -0.866063778)
(-0.0697692976 0.535256848 -0.822943981)
(-2.79171488e-19 0.578376645 -0.796294484)
(0.0697692976 0.535256848 -0.822943981)
(0 0.79387976 -0.581426808)
(1.28821001e-26 0.88123986 -0.436229211)
(0.0786274769 0.857265473 -0.475632567)
(0.0782329561 0.81352089 -0.548329023)
(-0.0782329561 0.81352089 -0.548329023)
(-0.0786274769 0.857265473 -0.475632567)
(0.231332209 0.908141441 -0.300609243)
(0.22506185 0.93297564 -0.217269116)
(0.28967838 0.924145598 -0.173961134)
(0.359913222 0.89002525 -0.21591547)
(0.365599973 0.863522217 -0.298776906)
(0.30117036 0.872886279 -0.340430183)
(0.374670435 0.793803412 -0.445083846)
(0.567674017 0.567674017 -0.567674017)
(0.689018154 0.480023296 -0.512000326)
(0.625234937 0.494823447 -0.575422182)
(0.69520807 0.5380431 -0.440909802)
(-0.0796029584 0.71678399 0.669466984)
(-0.228311663 0.691358629 0.66219233)
(-0.157672531 0.735016013 0.635210574)
(0 0.745114522 0.642670559)
(0.0796029584 0.71678399 0.669466984)
(0.157672531 0.735016013 0.635210574)
(0.156262287 0.783328181 0.57489637)
(-0.198788195 0.490409837 0.829810546)
(-0.220558272 0.629668814 0.723307127)
(-0.281475037 0.571153388 0.750184461)
(-0.269755616 0.50086852 0.802910069)
(0.172043665 0.420391773 0.873084104)
(-0.14490807 0.969461689 0.0875924986)
(-0.0725535731 0.980521912 0.0437515189)
(5.95457298e-20 0.979612857 0.0875872457)
(-0.955655881 0.218043227 0.0805714906)
(-0.956492072 0.174025667 0.15309925)
(-0.931052658 0.305817695 0.080598747)
(-0.93297564 0.217269116 0.22506185)
(-0.907061407 0.345265153 0.159198969)
(-0.908141441 0.300609243 0.231332209)
(-0.792714369 0.53543808 0.231325427)
(-0.836317064 0.462740476 0.231857453)
(-0.689018154 0.480023296 0.512000326)
(-0.69520807 0.5380431 0.440909802)
(-0.748729812 0.51687236 0.373576579)
(-0.74896285 0.562477989 0.302116861)
(-0.734115752 0.408163027 0.512911646)
(-0.715706517 0.351548811 0.576610657)
(-0.669466984 -0.0796029584 0.71678399)
(-0.642670559 -4.33707652e-12 0.745114522)
(-0.723481729 -0.0795843077 0.662453514)
(-0.635210574 -0.157672531 0.735016013)
(-0.669466984 0.0796029584 0.71678399)
(-0.57489637 -0.156262287 0.783328181)
(-0.66219233 -0.228311663 0.691358629)
(-0.750251061 2.89964916e-11 0.636910148)
(-0.723481729 0.0795843078 0.662453514)
(-0.750226252 -0.149602382 0.619179958)
(-0.629031507 -0.297989914 0.69573568)
(-0.723307127 -0.220558272 0.629668814)
(-0.42966223 0.157164988 0.870572018)
(-0.750226252 0.149602382 0.619179958)
(-0.803781912 -0.140145605 0.550295394)
(-0.803781912 0.140145605 0.550295394)
(-0.723307127 0.220558272 0.629668814)
(-0.829810546 -0.198788195 0.490409837)
(-0.890396668 -0.0866147447 0.410149805)
(-0.890396668 0.0866147449 0.410149805)
(-0.829810546 0.198788195 0.490409837)
(-0.802910069 0.269755616 0.50086852)
(-0.750184461 0.281475037 0.571153388)
(-0.873084104 -0.172043665 0.420391773)
(-0.873084104 0.172043665 0.420391773)
(-0.581426808 2.2522047e-11 0.79387976)
(-0.436229211 -6.6599259e-11 0.88123986)
(-0.475632567 -0.0786274769 0.857265473)
(-0.548329023 -0.0782329561 0.81352089)
(-0.548329023 0.0782329562 0.81352089)
(-0.475632567 0.0786274768 0.857265473)
(-0.42966223 -0.157164988 0.870572018)
(0.440909802 -0.69520807 0.5380431)
(0.436239108 -0.81986483 0.325758655)
(0.44289799 -0.785293777 0.394565328)
(0.494823447 -0.575422182 0.625234937)
(0.431428842 -0.639222241 0.610390684)
(-0.374670435 -0.793803412 0.445083846)
(-0.303879004 -0.837554933 0.418043916)
(-0.157164988 -0.870572018 0.42966223)
(0.803781912 0.140145605 0.550295394)
(0.802910069 0.269755616 0.50086852)
(0.829810546 0.198788195 0.490409837)
(0.79387976 0.581426808 -2.2522047e-11)
(0.88123986 0.436229211 6.6599259e-11)
(0.81352089 0.548329023 0.0782329561)
(0.857265473 0.475632567 0.0786274769)
(0.81352089 0.548329023 -0.0782329562)
(0.857265473 0.475632567 -0.0786274768)
(0.792714369 0.53543808 0.231325427)
(0.918515836 0.350841834 2.14452425e-11)
(0.967705349 0.175363938 3.66010855e-11)
(0.955655881 0.218043227 -0.0805714906)
(0.931052657 0.305817695 -0.080598747)
(0.695735681 0.629031507 0.297989914)
(0.691358629 0.66219233 0.228311663)
(0.410149805 0.890396668 -0.0866147449)
(0.410149805 0.890396668 0.0866147447)
(0.340807472 0.922269931 0.0432735486)
(0.340807472 0.922269931 -0.0432735486)
(0.535256848 0.822943981 0.0697692976)
(0.465487554 0.866063778 -0.043119796)
(0.465487554 0.866063778 0.0431197961)
(0.365599973 0.863522217 0.298776906)
(0.30117036 0.872886279 0.340430183)
(0.303879004 0.837554933 0.418043916)
(0.512000326 0.689018154 0.480023296)
(0.639495219 0.655882801 0.359812394)
(0.575422182 0.625234937 0.494823447)
(0.639222241 0.610390684 0.431428842)
(0.374670435 0.793803412 0.445083846)
(0.440909802 0.69520807 0.5380431)
(0.69520807 0.5380431 0.440909802)
(0.373576579 0.748729812 0.51687236)
(0.431428842 0.639222241 0.610390684)
(0.748729812 0.51687236 0.373576579)
(0.302116861 0.74896285 0.562477989)
(0.359812394 0.639495219 0.655882801)
(0.74896285 0.562477989 0.302116861)
(0.351548811 0.576610657 0.715706517)
(0.5380431 -0.440909802 0.69520807)
(0.480023296 -0.512000326 0.689018154)
(0.445083846 -0.374670435 0.793803412)
(0.51687236 -0.373576579 0.748729812)
(0.793803412 -0.445083846 0.374670435)
(0.785293777 -0.394565328 0.44289799)
(0.750184461 -0.281475037 0.571153388)
(0.723307127 -0.220558272 0.629668814)
(0.750226252 -0.149602382 0.619179958)
(0.931052657 -0.305817695 0.080598747)
(0.955655881 -0.218043227 0.0805714906)
(0.735016013 -0.635210574 0.157672531)
(0.662453514 -0.723481729 0.0795843078)
(0.71678399 -0.669466984 0.0796029584)
(0.691358629 -0.66219233 0.228311663)
(0.619179958 -0.750226252 0.149602382)
(0.629668814 -0.723307127 0.220558272)
(-0.436239108 -0.81986483 0.325758655)
(-0.50086852 -0.802910069 0.269755616)
(-0.44289799 -0.785293777 0.394565328)
(-0.512911646 -0.734115752 0.408163027)
(-0.512000326 -0.689018154 0.480023296)
(0.15309925 -0.956492072 0.174025667)
(0.0805714906 -0.955655881 0.218043227)
(0.043119796 -0.465487554 -0.866063778)
(-0.0431197961 -0.465487554 -0.866063778)
(-0.0866147448 -0.410149805 -0.890396668)
(0.21591547 -0.359913222 -0.89002525)
(0.172043665 -0.420391773 -0.873084104)
(0.0866147448 -0.410149805 -0.890396668)
(-0.575422182 -0.625234937 -0.494823447)
(-0.512000326 -0.689018154 -0.480023296)
(-0.567674017 -0.567674017 -0.567674017)
(-0.440909802 -0.69520807 -0.5380431)
(-0.431428842 -0.639222241 -0.610390684)
(-0.494823447 -0.575422182 -0.625234937)
(-0.297989914 -0.69573568 -0.629031507)
(-0.302116861 -0.74896285 -0.562477989)
(0 -0.88123986 -0.436229211)
(-3.22052501e-27 -0.918515836 -0.350841834)
(0.080598747 -0.931052658 -0.305817695)
(0.159198969 -0.907061407 -0.345265154)
(-0.22506185 -0.93297564 -0.217269115)
(-0.231332209 -0.908141441 -0.300609242)
(-0.159198969 -0.907061407 -0.345265154)
(-0.080598747 -0.931052658 -0.305817695)
(-0.15309925 -0.956492072 -0.174025667)
(-0.0805714906 -0.955655881 -0.218043227)
(0.281475037 -0.571153388 -0.750184461)
(0.359812394 -0.639495219 -0.655882801)
(0.351548811 -0.576610657 -0.715706517)
(-3.22052501e-27 -0.79387976 -0.581426807)
(0 -0.745114522 -0.642670559)
(-0.81352089 -0.548329023 0.0782329562)
(-0.783328181 -0.57489637 0.156262287)
(-0.735016013 -0.635210574 0.157672531)
(-0.619179958 -0.750226252 0.149602382)
(-0.662453514 -0.723481729 0.0795843078)
(-0.71678399 -0.669466984 0.0796029584)
(-0.220558272 -0.629668814 -0.723307127)
(-0.149602382 -0.619179958 -0.750226252)
(-0.228311663 -0.691358629 -0.66219233)
(-0.157672531 -0.735016013 -0.635210574)
(-0.0796029584 -0.71678399 -0.669466984)
(-0.0795843078 -0.662453514 -0.723481729)
(-0.629031507 -0.297989914 -0.695735681)
(-0.5380431 -0.440909802 -0.69520807)
(-0.655882801 -0.359812394 -0.639495219)
(-0.610390684 -0.431428842 -0.639222241)
(-0.418043916 -0.303879004 -0.837554933)
(-0.562477989 -0.302116861 -0.74896285)
(-0.445083846 -0.374670435 -0.793803412)
(-0.51687236 -0.373576578 -0.748729812)
(-0.42966223 -0.157164988 -0.870572018)
(-0.462740476 -0.231857453 -0.836317064)
(-0.53543808 -0.231325427 -0.792714369)
(-0.57489637 -0.156262287 -0.783328181)
(-0.548329023 -0.0782329562 -0.81352089)
(-0.475632567 -0.0786274768 -0.857265473)
(-0.723307127 -0.220558272 -0.629668814)
(-0.750226252 -0.149602382 -0.619179958)
(-0.66219233 -0.228311663 -0.691358629)
(-0.635210574 -0.157672531 -0.735016013)
(-0.669466984 -0.0796029584 -0.71678399)
(-0.723481729 -0.0795843078 -0.662453514)
(-0.636910148 0.750251061 -2.89964919e-11)
(-0.662453514 0.723481729 -0.0795843078)
(-0.71678399 0.669466984 -0.0796029584)
(-0.857265473 0.475632567 0.0786274769)
(-0.88123986 0.436229211 6.6599259e-11)
(-0.857265473 0.475632567 -0.0786274768)
(-0.81352089 0.548329023 -0.0782329562)
(-0.571153388 0.750184461 -0.281475037)
(-0.50086852 0.802910069 -0.269755616)
(-0.490409837 0.829810546 -0.198788195)
(-0.550295394 0.803781912 -0.140145605)
(-0.619179958 0.750226252 -0.149602382)
(-0.629668814 0.723307127 -0.220558272)
(0.689018154 -0.480023296 -0.512000326)
(0.734115752 -0.408163027 -0.512911646)
(0.785293777 -0.394565328 -0.44289799)
(0.69520807 -0.5380431 -0.440909802)
(0.748729812 -0.51687236 -0.373576579)
(0.793803412 -0.445083846 -0.374670435)
(0.578376645 -0.796294484 -3.02696258e-11)
(0.636910148 -0.750251061 2.89964916e-11)
(0.662453514 -0.723481729 -0.0795843077)
(0.619179958 -0.750226252 -0.149602382)
(0.550295394 -0.803781912 -0.140145605)
(0.535256848 -0.822943981 -0.0697692976)
(0.420391773 -0.873084104 -0.172043665)
(0.436239108 -0.81986483 -0.325758655)
(0.50086852 -0.802910069 -0.269755616)
(0.490409837 -0.829810546 -0.198788195)
(0.302116861 0.74896285 -0.562477989)
(0.373576579 0.748729812 -0.51687236)
(0.440909802 0.69520807 -0.5380431)
(0.359812394 0.639495219 -0.655882801)
(0.431428842 0.639222241 -0.610390684)
(0.297989914 0.695735681 -0.629031507)
(0.639222241 0.610390684 -0.431428842)
(0.512000326 0.689018154 -0.480023296)
(0.575422182 0.625234937 -0.494823447)
(0.0805714906 0.955655881 0.218043227)
(0 0.967705349 0.175363938)
(-0.156262287 0.783328181 0.57489637)
(0.0782329562 0.81352089 0.548329023)
(-3.22052501e-27 0.79387976 0.581426807)
(-0.0782329562 0.81352089 0.548329023)
(-0.0786274769 0.857265473 0.475632567)
(-0.420391773 0.873084104 0.172043665)
(-0.297989914 0.69573568 0.629031507)
(-0.28967838 0.924145598 0.173961134)
(-0.359913222 0.89002525 0.21591547)
(-0.365599973 0.863522217 0.298776906)
(-0.440909802 0.69520807 0.5380431)
(0.723481729 -0.0795843077 0.662453514)
(0.750251061 2.89964919e-11 0.636910148)
(0.462740476 -0.231857453 0.836317064)
(-0.172043665 0.420391773 0.873084104)
(0.0795843078 0.662453514 0.723481729)
(0.0697692976 0.535256848 0.822943981)
(-0.0795843078 0.662453514 0.723481729)
(2.76226017e-19 0.636910148 0.750251061)
(0 0.578376645 0.796294484)
(-0.149602382 0.619179958 0.750226252)
(-0.140145605 0.550295394 0.803781912)
(-0.0697692976 0.535256848 0.822943981)
(0.325758655 0.436239108 0.81986483)
(0.0431197961 0.465487554 0.866063778)
(0.0866147448 0.410149805 0.890396668)
(-0.043119796 0.465487554 0.866063778)
(-0.0866147448 0.410149805 0.890396668)
(0.635210574 0.157672531 0.735016013)
(0.669466984 0.0796029584 0.71678399)
(0.723481729 0.0795843078 0.662453514)
(0.750226252 0.149602382 0.619179958)
(0.562477989 0.302116861 0.74896285)
(-0.793803412 0.445083846 0.374670435)
(-0.81986483 0.325758655 0.436239108)
(-0.785293777 0.394565328 0.44289799)
(-0.837554933 0.418043916 0.303879004)
(-0.863522217 0.298776906 0.365599973)
(-0.872886279 0.340430183 0.30117036)
(-0.866063778 -0.0431197961 0.465487554)
(-0.866063778 0.043119796 0.465487554)
(-0.822943981 0.0697692976 0.535256848)
(-0.796294484 -3.02696258e-11 0.578376645)
(-0.822943981 -0.0697692976 0.535256848)
(-0.350841834 -2.14452425e-11 0.918515836)
(-0.305817695 -0.080598747 0.931052658)
(-0.305817695 0.080598747 0.931052657)
(-0.345265154 -0.159198969 0.907061407)
(-0.218043227 -0.0805714906 0.955655881)
(-0.218043227 0.0805714906 0.955655881)
(-0.345265153 0.159198969 0.907061407)
(-0.300609242 0.231332209 0.908141441)
(-0.175363938 -3.66010855e-11 0.967705349)
(-0.174025667 0.15309925 0.956492072)
(-0.0875872458 3.59952062e-11 0.979612857)
(-0.0875924985 0.14490807 0.969461689)
(-0.217269115 0.22506185 0.93297564)
(-0.0437515189 0.0725535731 0.980521912)
(-0.173961134 0.28967838 0.924145598)
(0.0432735486 -0.340807472 0.922269931)
(0.0871151684 -0.280310264 0.939222601)
(0.0437515189 0.0725535731 0.980521912)
(-0.21591547 0.359913222 0.89002525)
(0.0875924985 0.14490807 0.969461689)
(0.174025667 0.15309925 0.956492072)
(0.217269115 0.22506185 0.93297564)
(0.173961134 0.28967838 0.924145598)
(0.21591547 0.359913222 0.89002525)
(0.418043916 -0.303879004 0.837554933)
(0.298776906 0.365599973 0.863522217)
(-0.0432735486 -0.340807472 0.922269931)
(-0.53543808 -0.231325427 0.792714369)
(-0.462740476 -0.231857453 0.836317064)
(-0.418043916 -0.303879004 0.837554933)
(-0.562477989 -0.302116861 0.74896285)
(-0.51687236 -0.373576579 0.748729812)
(-0.445083846 -0.374670435 0.793803412)
(-0.408163027 -0.512911646 0.734115751)
(-0.325758655 -0.436239108 0.81986483)
(-0.394565328 -0.44289799 0.785293777)
(-0.351548811 -0.576610657 0.715706517)
(0.359812394 -0.639495219 0.655882801)
(0.870572018 0.42966223 0.157164988)
(0.836317064 0.462740476 0.231857453)
(0.873084104 0.172043665 0.420391773)
(0.890396668 0.0866147449 0.410149805)
(0.922269931 -0.0432735486 0.340807472)
(0.922269931 0.0432735486 0.340807472)
(0.939222601 0.0871151684 0.280310264)
(0.576610657 0.715706517 0.351548811)
(0.512911646 0.734115751 0.408163027)
(0.436239108 0.81986483 0.325758655)
(0.44289799 0.785293777 0.394565328)
(0.662453514 0.723481729 -0.0795843078)
(0.619179958 0.750226252 -0.149602382)
(0.636910148 0.750251061 -2.89964916e-11)
(0.578376645 0.796294484 3.02696258e-11)
(0.550295394 0.803781912 -0.140145605)
(0.535256848 0.822943981 -0.0697692976)
(0.408163027 -0.512911646 0.734115751)
(0.351548811 -0.576610657 0.715706517)
(0.325758655 -0.436239108 0.81986483)
(0.394565328 -0.44289799 0.785293777)
(0.562477989 -0.302116861 0.74896285)
(0.629031507 -0.297989914 0.69573568)
(0.66219233 -0.228311663 0.691358629)
(0.53543808 -0.231325427 0.792714369)
(0.802910069 -0.269755616 0.50086852)
(0.81986483 -0.325758655 0.436239108)
(-0.639222241 -0.610390684 0.431428842)
(-0.575422182 -0.625234937 0.494823447)
(-0.69520807 -0.5380431 0.440909802)
(-0.689018154 -0.480023296 0.512000326)
(-0.440909802 -0.69520807 0.5380431)
(-0.359812394 -0.639495219 0.655882801)
(-0.431428842 -0.639222241 0.610390684)
(-0.373576579 -0.748729812 0.51687236)
(-0.302116861 -0.74896285 0.562477989)
(0.28967838 -0.924145598 0.173961134)
(0.22506185 -0.93297564 0.217269116)
(0.359913222 -0.89002525 0.21591547)
(0.365599973 -0.863522217 0.298776906)
(0 -0.918515836 0.350841834)
(0.080598747 -0.931052657 0.305817695)
(0.0432735486 -0.340807472 -0.922269931)
(-0.0436573837 -0.207927447 -0.960969217)
(-0.0871151684 -0.280310264 -0.939222601)
(-0.0432735486 -0.340807472 -0.922269931)
(0.217269115 -0.22506185 -0.93297564)
(0.173961134 -0.28967838 -0.924145598)
(0.174025667 -0.15309925 -0.956492072)
(0.0871151684 -0.280310264 -0.939222601)
(0.0875924985 -0.14490807 -0.969461689)
(0.0436573838 -0.207927447 -0.960969217)
(-0.156262287 -0.783328181 -0.57489637)
(-0.0782329562 -0.81352089 -0.548329023)
(-0.0786274769 -0.857265473 -0.475632567)
(-0.157164988 -0.870572018 -0.42966223)
(-0.231857453 -0.836317064 -0.462740476)
(-0.231325427 -0.792714369 -0.53543808)
(0.149602382 -0.619179958 -0.750226252)
(0.220558272 -0.629668814 -0.723307127)
(0.0795843078 -0.662453514 -0.723481729)
(0.0796029584 -0.71678399 -0.669466984)
(0.303879004 -0.837554933 -0.418043916)
(0.373576579 -0.748729812 -0.51687236)
(0.374670435 -0.793803412 -0.445083846)
(-0.792714369 -0.53543808 0.231325427)
(-0.74896285 -0.562477989 0.302116861)
(-0.748729812 -0.51687236 0.373576578)
(-0.793803412 -0.445083846 0.374670435)
(-0.837554933 -0.418043916 0.303879004)
(-0.836317064 -0.462740476 0.231857453)
(-0.629668814 -0.723307127 0.220558272)
(-0.695735681 -0.629031507 0.297989914)
(-0.691358629 -0.66219233 0.228311663)
(-0.639495219 -0.655882801 0.359812394)
(-0.571153388 -0.750184461 0.281475037)
(-0.576610657 -0.715706517 0.351548811)
(-0.785293777 -0.394565328 0.44289799)
(-0.81986483 -0.325758655 0.436239108)
(-0.802910069 -0.269755616 0.50086852)
(-0.734115752 -0.408163027 0.512911646)
(-0.750184461 -0.281475037 0.571153388)
(-0.715706517 -0.351548811 0.576610657)
(-0.662453514 0.723481729 0.0795843077)
(-0.691358629 0.66219233 0.228311663)
(0.359913222 -0.89002525 -0.21591547)
(0.231332209 -0.908141441 -0.300609242)
(0.30117036 -0.872886279 -0.340430183)
(0.365599973 -0.863522217 -0.298776906)
(0.28967838 -0.924145598 -0.173961134)
(0.22506185 -0.93297564 -0.217269115)
(0.629668814 0.723307127 -0.220558272)
(0.639495219 0.655882801 -0.359812394)
(0.691358629 0.66219233 -0.228311663)
(0.695735681 0.629031507 -0.297989914)
(0.512911646 0.734115752 -0.408163027)
(0.576610657 0.715706517 -0.351548811)
(0.436239108 0.81986483 -0.325758655)
(0.44289799 0.785293777 -0.394565328)
(0.50086852 0.802910069 -0.269755616)
(0.571153388 0.750184461 -0.281475037)
(0.159198969 0.907061407 0.345265154)
(0.080598747 0.931052658 0.305817695)
(-3.22052501e-27 0.918515836 0.350841834)
(0.157164988 0.870572018 0.42966223)
(0.0786274769 0.857265473 0.475632567)
(0 0.88123986 0.436229211)
(-0.15309925 0.956492072 0.174025667)
(-0.0805714906 0.955655881 0.218043227)
(-0.080598747 0.931052658 0.305817695)
(-0.22506185 0.93297564 0.217269115)
(-0.231325427 0.792714369 0.53543808)
(-0.302116861 0.74896285 0.562477989)
(-0.374670435 0.793803412 0.445083846)
(-0.373576579 0.748729812 0.51687236)
(-0.30117036 0.872886279 0.340430183)
(-0.159198969 0.907061407 0.345265154)
(-0.231332209 0.908141441 0.300609242)
(-0.157164988 0.870572018 0.42966223)
(-0.303879004 0.837554933 0.418043916)
(-0.231857453 0.836317064 0.462740476)
(-0.512000326 0.689018154 0.480023296)
(-0.575422182 0.625234937 0.494823447)
(-0.639222241 0.610390684 0.431428842)
(-0.639495219 0.655882801 0.359812394)
(-0.436239108 0.81986483 0.325758655)
(-0.44289799 0.785293777 0.394565328)
(-0.512911646 0.734115751 0.408163027)
(-0.576610657 0.715706517 0.351548811)
(0.669466984 -0.0796029584 0.71678399)
(0.57489637 -0.156262287 0.783328181)
(0.635210574 -0.157672531 0.735016013)
(0.642670559 -4.33707626e-12 0.745114522)
(0.345265154 -0.159198969 0.907061407)
(0.42966223 -0.157164988 0.870572018)
(0.300609243 -0.231332209 0.908141441)
(0.173961134 -0.28967838 0.924145598)
(0.217269116 -0.22506185 0.93297564)
(0.21591547 -0.359913222 0.89002525)
(0.298776906 -0.365599973 0.863522217)
(0.340430183 -0.30117036 0.872886279)
(0.0436573837 -0.207927447 0.960969217)
(-0.0437515189 -0.0725535732 0.980521912)
(0.174025667 -0.15309925 0.956492072)
(0.0875924985 -0.14490807 0.969461689)
(0.0875872457 3.59952063e-11 0.979612857)
(0.0437515189 -0.0725535732 0.980521912)
(-0.655882801 0.359812394 0.639495219)
(-0.408163027 0.512911646 0.734115752)
(-0.351548811 0.576610657 0.715706517)
(-0.359812394 0.639495219 0.655882801)
(-0.431428842 0.639222241 0.610390684)
(-0.325758655 0.436239108 0.81986483)
(-0.394565328 0.44289799 0.785293777)
(-0.340430183 0.30117036 0.872886279)
(-0.298776906 0.365599973 0.863522217)
(0.269755616 0.50086852 0.802910069)
(0.198788195 0.490409837 0.829810546)
(0.281475037 0.571153388 0.750184461)
(0.140145605 0.550295394 0.803781912)
(0.220558272 0.629668814 0.723307127)
(0.149602382 0.619179958 0.750226252)
(0.0871151684 0.280310264 0.939222601)
(0.0432735486 0.340807472 0.922269931)
(0.0436573837 0.207927447 0.960969217)
(-0.0436573838 0.207927447 0.960969217)
(-0.0871151684 0.280310264 0.939222601)
(-0.0432735486 0.340807472 0.922269931)
(0.734115752 0.408163027 0.512911646)
(0.689018154 0.480023296 0.512000326)
(0.723307127 0.220558272 0.629668814)
(0.66219233 0.228311663 0.691358629)
(0.629031507 0.297989914 0.695735681)
(0.750184461 0.281475037 0.571153388)
(0.655882801 0.359812394 0.639495219)
(0.715706517 0.351548811 0.576610657)
(0.494823447 0.575422182 0.625234937)
(0.567674017 0.567674017 0.567674017)
(0.625234937 0.494823447 0.575422182)
(0.610390684 0.431428842 0.639222241)
(0.445083846 0.374670435 0.793803412)
(0.51687236 0.373576578 0.748729812)
(0.5380431 0.440909802 0.69520807)
(0.394565328 0.44289799 0.785293777)
(0.408163027 0.512911646 0.734115752)
(0.480023296 0.512000326 0.689018154)
(-0.0871151684 -0.280310264 0.939222601)
(-0.0436573838 -0.207927447 0.960969217)
(-0.0875924985 -0.14490807 0.969461689)
(-0.174025667 -0.15309925 0.956492072)
(-0.300609243 -0.231332209 0.908141441)
(-0.217269116 -0.22506185 0.93297564)
(-0.173961134 -0.28967838 0.924145598)
(-0.21591547 -0.359913222 0.89002525)
(-0.298776906 -0.365599973 0.863522217)
(-0.340430183 -0.30117036 0.872886279)
(0.837554933 0.418043916 0.303879004)
(0.793803412 0.445083846 0.374670435)
(0.785293777 0.394565328 0.44289799)
(0.81986483 0.325758655 0.436239108)
(0.924145598 0.173961134 0.28967838)
(0.89002525 0.21591547 0.359913222)
(0.863522217 0.298776906 0.365599973)
(0.872886279 0.340430183 0.30117036)
(0.939222601 -0.0871151684 0.280310264)
(0.956492072 -0.174025667 0.15309925)
(0.980521912 -0.0437515189 0.0725535731)
(0.980521912 0.0437515189 0.0725535732)
(0.969461689 -0.0875924985 0.14490807)
(0.960969217 -0.0436573837 0.207927447)
(0.969461689 0.0875924985 0.14490807)
(0.960969217 0.0436573838 0.207927447)
(0.619179958 0.750226252 0.149602382)
(0.629668814 0.723307127 0.220558272)
(0.550295394 0.803781912 0.140145605)
(0.571153388 0.750184461 0.281475037)
(0.490409837 0.829810546 0.198788195)
(0.50086852 0.802910069 0.269755616)
(0.863522217 -0.298776906 0.365599973)
(0.89002525 -0.21591547 0.359913222)
(0.924145598 -0.173961134 0.28967838)
(0.93297564 -0.217269115 0.22506185)
(0.829810546 -0.198788195 0.490409837)
(0.822943981 -0.0697692976 0.535256848)
(0.803781912 -0.140145605 0.550295394)
(0.873084104 -0.172043665 0.420391773)
(0.866063778 -0.0431197961 0.465487554)
(0.890396668 -0.0866147447 0.410149805)
(-0.610390684 -0.431428842 0.639222241)
(-0.625234937 -0.494823447 0.575422182)
(-0.5380431 -0.440909802 0.69520807)
(-0.567674017 -0.567674017 0.567674017)
(-0.480023296 -0.512000326 0.689018154)
(-0.494823447 -0.575422182 0.625234937)
(0.297989914 -0.69573568 -0.629031507)
(0.228311663 -0.691358629 -0.66219233)
(0.302116861 -0.74896285 -0.562477989)
(0.157672531 -0.735016013 -0.635210574)
(-0.907061407 -0.345265153 0.159198969)
(-0.931052657 -0.305817695 0.080598747)
(-0.918515836 -0.350841834 -2.14452425e-11)
(-0.870572018 -0.42966223 0.157164988)
(-0.88123986 -0.436229211 -6.6599259e-11)
(-0.857265473 -0.475632567 0.0786274768)
(-0.863522217 -0.298776906 0.365599973)
(-0.872886279 -0.340430183 0.30117036)
(-0.89002525 -0.21591547 0.359913222)
(-0.908141441 -0.300609242 0.231332209)
(-0.924145598 -0.173961134 0.28967838)
(-0.93297564 -0.217269115 0.22506185)
(-0.71678399 0.669466984 0.0796029584)
(-0.81352089 0.548329023 0.0782329561)
(-0.783328181 0.57489637 0.156262287)
(-0.735016013 0.635210574 0.157672531)
(-0.745114522 0.642670559 4.33707626e-12)
(-0.79387976 0.581426808 -2.2522047e-11)
(-0.619179958 0.750226252 0.149602382)
(-0.629668814 0.723307127 0.220558272)
(-0.550295394 0.803781912 0.140145605)
(-0.571153388 0.750184461 0.281475037)
(-0.490409837 0.829810546 0.198788195)
(-0.50086852 0.802910069 0.269755616)
(0.548329023 -0.0782329561 0.81352089)
(0.475632567 -0.0786274769 0.857265473)
(0.581426808 2.2522047e-11 0.79387976)
(0.436229211 -6.6599259e-11 0.88123986)
(-0.625234937 0.494823447 0.575422182)
(-0.610390684 0.431428842 0.639222241)
(-0.5380431 0.440909802 0.69520807)
(-0.567674017 0.567674017 0.567674017)
(-0.494823447 0.575422182 0.625234937)
(-0.480023296 0.512000326 0.689018154)
(-0.51687236 0.373576578 0.748729812)
(-0.445083846 0.374670435 0.793803412)
(-0.462740476 0.231857453 0.836317064)
(-0.418043916 0.303879004 0.837554933)
(0.955655881 0.218043227 0.0805714906)
(0.956492072 0.174025667 0.15309925)
(0.931052658 0.305817695 0.080598747)
(0.93297564 0.217269116 0.22506185)
(0.907061407 0.345265153 0.159198969)
(0.908141441 0.300609243 0.231332209)
(0.872886279 -0.340430183 0.30117036)
(0.907061407 -0.345265153 0.159198969)
(0.908141441 -0.300609242 0.231332209)
(0.870572018 -0.42966223 0.157164988)
(0.836317064 -0.462740476 0.231857453)
(0.837554933 -0.418043916 0.303879004)
(0.302116861 -0.74896285 0.562477989)
(0.373576579 -0.748729812 0.51687236)
(0.374670435 -0.793803412 0.445083846)
(0.30117036 -0.872886279 0.340430183)
(0.303879004 -0.837554933 0.418043916)
(0.231332209 -0.908141441 0.300609243)
(0.159198969 -0.907061407 0.345265153)
(0.231857453 -0.836317064 -0.462740476)
(0.231325427 -0.792714369 -0.53543808)
(0.157164988 -0.870572018 -0.42966223)
(0.156262287 -0.783328181 -0.57489637)
(0.0786274769 -0.857265473 -0.475632567)
(0.0782329562 -0.81352089 -0.548329023)
(0.57489637 0.156262287 0.783328181)
(0.548329023 0.0782329562 0.81352089)
(0.475632567 0.0786274768 0.857265473)
(0.53543808 0.231325427 0.792714369)
(0.175363938 -3.66010856e-11 0.967705349)
(0.350841834 -2.14452425e-11 0.918515836)
(0.305817695 -0.080598747 0.931052658)
(0.218043227 -0.0805714906 0.955655881)
(0.218043227 0.0805714906 0.955655881)
(0.305817695 0.080598747 0.931052657)
(-0.66219233 0.228311663 0.691358629)
(-0.629031507 0.297989914 0.695735681)
(-0.53543808 0.231325427 0.792714369)
(-0.562477989 0.302116861 0.74896285)
(-0.635210574 0.157672531 0.735016013)
(-0.57489637 0.156262287 0.783328181)
(-0.0795843078 -0.662453514 0.723481729)
(-0.149602382 -0.619179958 0.750226252)
(0 -0.636910148 0.750251061)
(-0.0796029584 -0.71678399 0.669466984)
(-0.140145605 -0.550295395 0.803781912)
(0.0795843078 -0.662453514 0.723481729)
(-2.79171488e-19 -0.578376645 0.796294484)
(-2.64871003e-19 -0.745114522 0.642670559)
(0.0796029584 -0.71678399 0.669466984)
(-0.220558272 -0.629668814 0.723307127)
(-0.198788195 -0.490409837 0.829810546)
(-0.0697692976 -0.535256848 0.822943981)
(0.0697692976 -0.535256848 0.822943981)
(-0.157672531 -0.735016013 0.635210574)
(0 -0.79387976 0.581426808)
(-0.228311663 -0.691358629 0.66219233)
(-0.281475037 -0.571153388 0.750184461)
(-0.269755616 -0.50086852 0.802910069)
(-0.172043665 -0.420391773 0.873084104)
(-0.043119796 -0.465487554 0.866063778)
(0.149602382 -0.619179958 0.750226252)
(0.043119796 -0.465487554 0.866063778)
(0.140145605 -0.550295395 0.803781912)
(-0.156262286 -0.783328181 0.57489637)
(0.0782329561 -0.81352089 0.548329023)
(-0.0782329561 -0.81352089 0.548329023)
(0.157672531 -0.735016013 0.635210574)
(-0.297989914 -0.695735681 0.629031507)
(-0.0866147448 -0.410149805 0.890396668)
(0.220558272 -0.629668814 0.723307127)
(0.0866147448 -0.410149805 0.890396668)
(0.198788195 -0.490409837 0.829810546)
(-0.231325427 -0.792714369 0.53543808)
(0.156262286 -0.783328181 0.57489637)
(0.0786274769 -0.857265473 0.475632567)
(-0.0786274769 -0.857265473 0.475632567)
(0.228311663 -0.691358629 0.66219233)
(0.281475037 -0.571153388 0.750184461)
(0.269755616 -0.50086852 0.802910069)
(0.172043665 -0.420391773 0.873084104)
(-0.231857453 -0.836317064 0.462740476)
(0.157164988 -0.870572018 0.42966223)
(1.28821001e-26 -0.88123986 0.436229211)
(0.231325427 -0.792714369 0.53543808)
(0.297989914 -0.695735681 0.629031507)
(0.231857453 -0.836317064 0.462740476)
(0.418043916 0.303879004 0.837554933)
(0.462740476 0.231857453 0.836317064)
(0.340430183 0.30117036 0.872886279)
(0.42966223 0.157164988 0.870572018)
(0.300609242 0.231332209 0.908141441)
(0.345265153 0.159198969 0.907061407)
(-0.1193724 0.646684001 -0.733835692)
(0.337834267 0.816331171 -0.436389989)
(0.329786387 0.668952307 -0.643913322)
(-0.261359086 0.080233056 -0.945716637)
(-0.636984912 0.393565426 -0.639502592)
(-0.981650862 0.0656686684 -0.0406985543)
(-0.646411943 0.19641608 -0.717312454)
(0.399504535 -0.842827993 -0.317807904)
(0.575731154 -0.437131079 0.668533019)
(-0.498893627 0.84727291 0.0647958806)
(-0.770634152 -0.612622577 6.99984798e-12)
(-0.957479371 -0.195488991 -0.12093175)
(-0.908399501 0.0650189853 0.376118897)
(-0.0400499739 -0.651192993 0.738394342)
(0.952347064 0.065574861 -0.243649152)
(0.129821199 -0.416168862 0.883647251)
(0.13143038 7.3635164e-14 -0.975567506)
(0.834991588 0.516166086 -0.077257599)
(0.13143038 -7.3635164e-14 0.975567506)
(0.193355827 -0.391219767 -0.882516286)
(0.636984912 -0.393565426 -0.639502592)
(-0.87098696 -0.457003801 -0.0406820261)
(-0.761240844 -0.4022988 -0.479112389)
(-0.243649152 0.952347064 0.065574861)
(-0.117908076 -0.865823683 0.45379884)
(-0.723895023 0.596749802 0.300684993)
(0.188923784 -0.946973272 0.195395317)
(0.773914432 0.478192343 0.376823135)
(0.856819093 -0.380185238 0.303094063)
(0 -0.901774243 -0.394709823)
(-0.800259115 -0.562761259 0.11732753)
(-0.251388343 -0.601862459 0.738311721)
(0.327183994 -0.120915082 0.920573738)
(0.926905616 0.32891509 0.0406633734)
(0.376823135 -0.773914433 -0.478192343)
(3.22409601e-27 -0.901774243 0.394709823)
(-0.441313256 -0.514497174 -0.714242516)
(8.54005758e-20 -0.608081562 -0.774228115)
(-0.479112389 -0.761240844 -0.4022988)
(0.120915082 0.920573738 0.327183994)
(-0.0657176034 -0.108742367 0.976935054)
(-0.479112389 -0.761240844 0.4022988)
(0.17000515 -0.521371778 -0.818628251)
(0.12093175 -0.957479371 -0.195488991)
(-0.196006291 -0.257483051 -0.929767416)
(-0.738186319 0.184504943 0.624750556)
(-0.922195791 0.260263607 -0.229014593)
(-0.0650044661 0.311894271 -0.931542164)
(-0.0656686683 0.0406985542 -0.981650862)
(-0.360400512 -0.440112593 -0.803700716)
(0.12093175 -0.957479371 0.195488991)
(0.1193724 -0.646684001 0.733835692)
(-0.816331171 -0.436389989 0.337834267)
(0.901774243 -0.394709823 -2.96284487e-11)
(0.0650044661 -0.311894271 -0.931542164)
(-0.853208072 0.193148608 0.45353539)
(0.0655780806 -0.176843344 0.966410061)
(0.079325499 0.689755035 -0.698011349)
(-0.759983622 -0.606009563 -0.157161685)
(0.040622692 0.963801119 -0.197290656)
(0.945716637 -0.261359086 -0.080233056)
(0.87098696 0.457003801 0.0406820261)
(0.738394342 0.0400499738 0.651192993)
(-0.572859177 0.59799052 -0.532195821)
(1.59050573e-20 -0.975567506 -0.13143038)
(-0.195137527 0.854965866 0.447169523)
(0.436389989 0.337834267 -0.816331171)
(0.651192993 -0.738394342 0.0400499738)
(-0.572859177 0.59799052 0.532195821)
(-0.606009563 -0.157161685 -0.759983622)
(-0.87202274 5.02004543e-12 0.458847576)
(0.646411943 0.19641608 -0.717312454)
(0.488712809 0.543802992 -0.659214618)
(0.618532609 0.463569938 -0.609627872)
(-0.363064822 -0.878544094 0.258793491)
(-0.319871031 0.334005028 -0.869278797)
(-0.32891509 0.0406633734 -0.926905616)
(0.488712809 0.543802992 0.659214618)
(0.618532609 0.463569938 0.609627872)
(0.079325499 -0.689755035 -0.698011349)
(-0.32891509 0.0406633734 0.926905616)
(-0.080233056 0.945716637 0.261359086)
(-0.229014593 0.922195791 0.260263607)
(0.733835692 -0.1193724 -0.646684001)
(0.726800446 -0.381024556 -0.545170862)
(0.457003801 -0.0406820261 0.87098696)
(0.108742367 -0.976935054 -0.0657176034)
(0.574627877 -0.73376114 -0.31714484)
(0.748761345 -0.544043967 0.336124582)
(0.079325499 -0.689755035 0.698011349)
(-0.22551803 -0.662385796 -0.693553585)
(-0.325704685 -0.90898663 0.195444374)
(-0.748761345 -0.544043967 -0.336124582)
(-0.325704685 0.90898663 -0.195444374)
(-0.337834267 0.816331171 -0.436389989)
(0.360400512 -0.440112593 -0.803700716)
(0.334005028 -0.869278797 -0.319871031)
(-0.694405543 0.646539061 -0.263269246)
(-0.726800446 0.381024556 -0.545170862)
(0.0655780806 0.176843344 -0.966410061)
(0.399504535 0.842827993 -0.317807904)
(0.834991588 -0.516166086 -0.077257599)
(-0.624750556 0.738186319 0.184504943)
(0.46916718 0.81296923 -0.299320987)
(0.945716637 0.261359086 0.080233056)
(-0.957479371 0.195488991 -0.12093175)
(-0.618532609 -0.463569938 -0.609627872)
(0.922195791 0.260263607 0.229014593)
(0.976935054 0.0657176034 -0.108742367)
(0.963801119 -0.197290656 -0.040622692)
(0.129821199 0.416168862 0.883647251)
(0.563689509 0.807226859 0.0400460582)
(-0.957479371 0.195488991 0.12093175)
(0.145252908 -0.586173995 -0.778578285)
(-0.528397953 -0.407796331 0.723535474)
(-0.0406633734 -0.926905616 -0.32891509)
(-0.883647251 -0.129821199 0.416168862)
(0.636984912 0.393565426 -0.639502592)
(0.317807904 -0.399504535 -0.842827993)
(-0.108742367 -0.976935054 0.0657176034)
(-0.0406633734 -0.926905616 0.32891509)
(0.188923784 0.946973272 0.195395317)
(0.78961263 -0.55613411 0.194351692)
(0.457003801 0.0406820262 0.87098696)
(0.646539061 -0.263269246 0.694405543)
(-0.839583104 -0.437606866 0.270569014)
(0.87098696 -0.457003801 0.0406820262)
(-0.761240844 0.4022988 0.479112389)
(0.32891509 0.0406633734 -0.926905616)
(-0.800259115 0.562761259 0.11732753)
(0.738311721 0.251388343 -0.601862459)
(0.818628251 -0.17000515 -0.521371778)
(-0.774224271 -0.546627338 -0.269703845)
(-0.17000515 -0.521371778 0.818628251)
(0.437131079 -0.668533019 0.575731154)
(0.0647958806 0.498893627 0.84727291)
(0.516166086 -0.077257599 -0.834991588)
(-0.149326 -0.965060061 -0.131306802)
(-0.714242516 -0.441313256 0.514497174)
(-0.13143038 -7.36351489e-14 0.975567506)
(-8.73927288e-20 0.608081562 -0.774228115)
(0.438456167 -0.879062372 -0.0647911367)
(0.477753765 -0.693639222 0.510002281)
(8.54005758e-20 0.608081562 0.774228115)
(-0.479112389 0.761240844 0.4022988)
(-0.0406985542 0.981650862 0.0656686683)
(0.606009563 0.157161685 -0.759983622)
(0.0406633734 -0.926905616 -0.32891509)
(-0.908399501 -0.0650189853 -0.376118897)
(-0.399504535 -0.842827993 0.317807904)
(-0.360400512 0.440112593 -0.803700716)
(-0.420800958 -0.409427363 0.791101484)
(0.1193724 0.646684001 0.733835692)
(-0.908399501 -0.0650189852 0.376118897)
(-0.816331171 0.436389989 0.337834267)
(-0.420800958 0.409427363 -0.791101484)
(-0.89254765 -0.321146726 -0.266653534)
(-0.437606866 0.270569014 -0.839583104)
(0.131306802 0.149326 -0.965060061)
(-0.693553585 -0.22551803 -0.662385796)
(-0.920573738 -0.327183994 0.120915082)
(0.565948685 -0.0400908063 0.805434454)
(0.738394342 -0.0400499739 -0.651192993)
(-0.596749802 -0.300684993 0.723895023)
(0.356247073 0.610039138 -0.686709652)
(0.929767416 0.196006291 -0.257483051)
(0.285626845 -0.933756099 0.130597064)
(-0.606009563 0.157161685 -0.759983622)
(0.356247073 0.610039138 0.686709652)
(0.544043967 -0.336124582 -0.748761345)
(0.447169523 0.195137527 0.854965866)
(-0.120915082 0.920573738 0.327183994)
(0.440112593 0.803700716 0.360400512)
(0.496399192 -0.817511802 -0.233530808)
(0.0406820261 0.87098696 0.457003801)
(0.624750556 -0.738186319 0.184504943)
(-0.356247073 -0.610039138 -0.686709652)
(-0.380185238 0.303094062 -0.856819093)
(0.194351692 0.78961263 -0.55613411)
(-0.537015162 -0.778389548 -0.276157812)
(0.574627877 0.73376114 -0.31714484)
(0.503458521 0.229870456 0.814430016)
(-0.981650862 -0.0656686684 0.0406985542)
(-0.325704685 0.90898663 0.195444374)
(0.759983622 -0.606009563 -0.157161685)
(-0.498893627 0.84727291 -0.0647958806)
(-0.193148608 -0.45353539 -0.853208072)
(-0.0655780806 0.176843344 0.966410061)
(-0.651192993 0.738394342 -0.0400499738)
(-0.0406820262 0.87098696 -0.457003801)
(-0.31714484 -0.574627877 -0.73376114)
(-0.393565426 0.639502592 0.636984912)
(0.251388343 -0.601862459 -0.738311721)
(0.759983622 -0.606009563 0.157161685)
(-0.693639221 -0.510002281 -0.477753765)
(0.774228115 6.22701473e-13 -0.608081562)
(-0.193148608 -0.45353539 0.853208072)
(-0.195444374 -0.325704685 0.90898663)
(-0.0406820261 0.87098696 0.457003801)
(-0.188923784 -0.946973272 0.195395317)
(0.251388343 -0.601862459 0.738311721)
(-0.618532609 -0.463569938 0.609627872)
(-0.194351692 -0.78961263 -0.55613411)
(0.065574861 -0.243649152 0.952347064)
(0.319871031 0.334005028 -0.869278797)
(0.381024556 -0.545170862 0.726800446)
(0.834991588 0.516166086 0.077257599)
(0.952347064 -0.065574861 0.243649152)
(-0.618532609 0.463569938 -0.609627872)
(0.931542164 -0.0650044661 0.311894271)
(0.145252908 0.586173995 -0.778578285)
(-0.528397953 0.407796331 0.723535474)
(-0.883647251 0.129821199 0.416168862)
(0.646539061 0.263269246 0.694405543)
(-0.839583104 0.437606866 0.270569014)
(0.514497174 0.714242516 0.441313256)
(-0.32891509 -0.0406633734 -0.926905616)
(0.651192993 -0.738394342 -0.0400499739)
(0.117908076 -0.865823683 0.45379884)
(0.643913322 -0.329786387 -0.668952307)
(-0.73376114 -0.31714484 -0.574627877)
(-0.285626845 0.933756099 -0.130597064)
(-0.32891509 -0.0406633734 0.926905616)
(-0.320494399 -0.198189351 -0.909731543)
(-0.260263607 -0.229014593 0.922195791)
(0.195137527 -0.854965866 0.447169523)
(0.117908076 0.865823683 -0.45379884)
(0.738186319 -0.184504943 0.624750556)
(-0.149326 0.965060061 -0.131306802)
(-0.260263607 0.229014593 -0.922195791)
(-0.149326 0.965060061 0.131306802)
(-0.158530771 0.890929886 0.388069933)
(-0.184504943 0.624750556 0.738186319)
(-0.543802992 0.659214618 0.488712809)
(-0.562761259 0.11732753 0.800259115)
(-0.945716637 -0.261359086 0.080233056)
(0.409427363 0.791101484 0.420800958)
(0.965060061 0.131306802 0.149326)
(-0.420800958 0.409427363 0.791101484)
(-0.381024556 0.545170862 -0.726800446)
(0.976935054 -0.0657176034 -0.108742367)
(0.84727291 -0.0647958806 -0.498893627)
(-0.0400460582 -0.563689509 0.807226859)
(-0.409427363 -0.791101484 -0.420800958)
(0.610039138 -0.686709652 -0.356247073)
(0.59799052 -0.532195821 -0.572859177)
(0.945716637 -0.261359086 0.080233056)
(-0.929767416 -0.196006291 -0.257483051)
(0.717312454 -0.646411943 0.19641608)
(0.817511802 -0.233530808 0.496399192)
(-0.723895023 -0.596749802 -0.300684993)
(0.080233056 0.945716637 0.261359086)
(-0.882516286 0.193355827 -0.391219767)
(-0.257483051 -0.929767416 0.196006291)
(0.363064822 -0.878544094 -0.258793491)
(-0.689755035 0.698011349 -0.079325499)
(0.817511802 0.233530808 -0.496399192)
(0.363064822 -0.878544094 0.258793491)
(0.31714484 -0.574627877 0.73376114)
(0.19641608 -0.717312454 0.646411943)
(-0.668952307 -0.643913322 -0.329786387)
(0.543290426 -0.814271234 0.104834262)
(0.108742367 -0.976935054 0.0657176034)
(-0.610039138 -0.686709652 -0.356247073)
(-0.668952307 -0.643913322 0.329786387)
(-0.537015162 0.778389548 -0.276157812)
(-0.976935054 0.0657176034 0.108742367)
(0.120915082 -0.920573738 -0.327183994)
(0.119415672 -0.727960657 -0.653026079)
(-0.965060061 -0.131306802 -0.149326)
(0.119415672 -0.727960657 0.653026079)
(-0.0656686683 -0.0406985543 0.981650862)
(-0.438456167 -0.879062372 -0.0647911367)
(0.251388343 0.601862459 -0.738311721)
(0.723535474 0.528397953 -0.407796331)
(0.686709652 -0.356247073 0.610039138)
(-2.70490254e-20 -0.203088459 0.964219832)
(-0.0650189852 0.376118897 -0.908399501)
(-0.0657176034 0.108742367 -0.976935054)
(0.0650189852 -0.376118897 0.908399501)
(0.195488991 0.12093175 -0.957479371)
(0.251388343 0.601862459 0.738311721)
(0.193355827 0.391219767 -0.882516286)
(-0.194351692 0.78961263 -0.55613411)
(-0.778389548 -0.276157812 -0.537015162)
(0.437606866 -0.270569014 0.839583104)
(0.195488991 0.12093175 0.957479371)
(0.260263607 -0.229014593 0.922195791)
(0.842827993 -0.317807904 0.399504535)
(-0.778389548 -0.276157812 0.537015162)
(-0.516166086 -0.077257599 -0.834991588)
(0.87098696 -0.457003801 -0.0406820262)
(0.260263607 0.229014593 -0.922195791)
(0.854965866 -0.447169523 -0.195137527)
(-0.574627877 0.73376114 0.31714484)
(0.946973272 -0.195395317 -0.188923784)
(0.807226859 -0.0400460582 0.563689509)
(0.376823135 0.773914433 0.478192343)
(-0.807226859 0.0400460582 -0.563689509)
(0.878544094 -0.258793491 -0.363064822)
(0.546627338 -0.269703845 0.774224271)
(-0.0650189852 -0.376118897 -0.908399501)
(-0.478192343 -0.376823135 -0.773914433)
(0.117908076 0.865823683 0.453798841)
(-0.818628251 0.17000515 -0.521371778)
(-0.229014593 -0.922195791 -0.260263607)
(0.643913322 0.329786387 -0.668952307)
(-0.276157812 -0.537015162 -0.778389548)
(0.0400778387 -0.732459538 0.657598282)
(-0.0650189852 -0.376118897 0.908399501)
(0.195137527 0.854965866 0.447169523)
(-0.73376114 0.31714484 0.574627877)
(0.738186319 0.184504943 0.624750556)
(-0.276157812 -0.537015162 0.778389548)
(-0.040622692 0.963801119 0.197290656)
(-0.952347064 0.065574861 -0.243649152)
(0.329786387 -0.668952307 -0.643913322)
(-0.077257599 -0.834991588 -0.516166086)
(-0.646411943 -0.19641608 -0.717312454)
(0.662385796 -0.693553585 0.22551803)
(-0.1193724 -0.646684001 0.733835692)
(0.393565426 0.639502592 -0.636984912)
(0.299320987 -0.46916718 0.81296923)
(-0.646411943 -0.19641608 0.717312454)
(-0.759983622 0.606009563 -0.157161685)
(0.077257599 0.834991588 0.516166086)
(0.269703845 0.774224271 -0.546627338)
(3.10459463e-20 0.975567506 -0.13143038)
(0.610039138 -0.686709652 0.356247073)
(0.981650862 0.0656686684 -0.0406985542)
(0.920573738 -0.327183994 0.120915082)
(1.59050573e-20 0.975567506 0.13143038)
(0.610039138 0.686709652 -0.356247073)
(0.59799052 0.532195821 -0.572859177)
(0.197290656 -0.040622692 0.963801119)
(0.195444374 -0.325704685 0.90898663)
(0.933756099 0.130597064 0.285626845)
(-0.0406820261 -0.87098696 -0.457003801)
(0.717312454 0.646411943 0.19641608)
(0.59799052 0.532195821 0.572859177)
(0.562761259 0.11732753 0.800259115)
(-0.321146726 -0.266653534 0.89254765)
(-0.0406820262 -0.87098696 0.457003801)
(-0.0400460582 0.563689509 -0.807226859)
(-0.257483051 0.929767416 0.196006291)
(-0.732459538 0.657598282 -0.0400778387)
(0.748761345 0.544043967 0.336124582)
(-0.800259115 -0.562761259 -0.11732753)
(0.805434454 -0.565948685 -0.0400908063)
(0.693639221 -0.510002281 -0.477753765)
(-0.814271234 -0.104834262 -0.543290426)
(-0.0400460582 0.563689509 0.807226859)
(0.327183994 -0.120915082 -0.920573738)
(-0.195488991 -0.12093175 0.957479371)
(0.791101484 -0.420800958 0.409427364)
(-0.22551803 0.662385796 0.693553585)
(-0.814271234 -0.104834262 0.543290426)
(-0.717312454 -0.646411943 0.19641608)
(-0.195488991 0.12093175 -0.957479371)
(-0.668952307 0.643913322 -0.329786387)
(-0.261359086 -0.080233056 0.945716637)
(0.360400512 0.440112593 -0.803700716)
(0.334005028 0.869278797 -0.319871031)
(-0.0400778387 0.732459538 0.657598282)
(-0.717312454 0.646411943 -0.19641608)
(-0.610039138 0.686709652 -0.356247073)
(-0.668952307 0.643913322 0.329786387)
(-0.738311721 0.251388343 -0.601862459)
(0.334005028 0.869278797 0.319871031)
(-0.258793491 0.363064822 0.878544094)
(-0.131306802 -0.149326 0.965060061)
(-0.976935054 -0.0657176034 -0.108742367)
(-0.610039138 0.686709652 0.356247073)
(-0.145252908 -0.586173995 -0.778578285)
(-0.131306802 0.149326 -0.965060061)
(-0.0657176034 -0.108742367 -0.976935054)
(-0.965060061 0.131306802 -0.149326)
(-0.521371778 -0.818628251 -0.17000515)
(0.119415672 0.727960657 0.653026079)
(0.686709652 0.356247073 0.610039138)
(0.545170862 0.726800446 0.381024556)
(-0.933756099 -0.130597064 0.285626845)
(0 -0.0681304205 0.98301731)
(0.149326 0.965060061 -0.131306802)
(-0.544043967 -0.336124582 0.748761345)
(0.653026079 -0.119415672 -0.727960657)
(0.98301731 1.28362261e-11 0.0681304205)
(-0.195137527 -0.854965866 -0.447169523)
(0.276157812 -0.537015162 -0.778389548)
(0.195395317 -0.188923784 0.946973272)
(0.653026079 -0.119415672 0.727960657)
(0.565948685 0.0400908063 -0.805434454)
(-0.856819093 -0.380185238 0.303094063)
(0.334162997 -0.926984302 -2.21755388e-11)
(-0.778389548 0.276157812 0.537015162)
(-0.195137527 -0.854965866 0.447169523)
(0.276157812 -0.537015162 0.778389548)
(0.565948685 0.0400908063 0.805434454)
(0.738394342 0.0400499739 -0.651192993)
(-0.572859177 -0.59799052 0.532195821)
(0.854965866 0.447169523 -0.195137527)
(0.73376114 0.31714484 -0.574627877)
(0.727960657 0.653026079 -0.119415672)
(-0.774224271 0.546627338 -0.269703845)
(-0.17000515 0.521371778 0.818628251)
(0.488712809 -0.543802992 -0.659214618)
(0.4022988 -0.479112389 0.761240844)
(0.854965866 0.447169523 0.195137527)
(-0.87202274 -5.02004545e-12 -0.458847576)
(0.818628251 0.17000515 0.521371778)
(0.878544094 0.258793491 -0.363064822)
(-0.120915082 -0.920573738 -0.327183994)
(0.440112593 -0.803700716 -0.360400512)
(0.618532609 -0.463569938 0.609627872)
(0.488712809 -0.543802992 0.659214618)
(0.572859177 0.59799052 -0.532195821)
(-0.080233056 0.945716637 -0.261359086)
(0.639502592 -0.636984912 -0.393565426)
(0.572859177 0.59799052 0.532195821)
(-0.276157812 0.537015162 0.778389548)
(-0.0647958806 0.498893627 -0.84727291)
(-0.325704685 -0.90898663 -0.195444374)
(-0.981650862 0.0656686683 0.0406985543)
(-0.337834267 -0.816331171 -0.436389989)
(-0.945716637 -0.261359086 -0.080233056)
(-0.694405543 -0.646539061 -0.263269246)
(0.662385796 0.693553585 0.22551803)
(-0.337834267 -0.816331171 0.436389989)
(-0.065574861 0.243649152 0.952347064)
(-0.0406633734 0.926905616 -0.32891509)
(0.299320987 0.46916718 0.81296923)
(0.816331171 0.436389989 -0.337834267)
(0.698011349 0.079325499 -0.689755035)
(0.723895023 0.596749802 0.300684993)
(0.778578285 -0.145252908 -0.586173995)
(-0.624750556 0.738186319 -0.184504943)
(-0.693553585 0.22551803 0.662385796)
(0.922195791 0.260263607 -0.229014593)
(0.952347064 0.065574861 0.243649152)
(0.544043967 0.336124582 -0.748761345)
(-0.447169523 -0.195137527 0.854965866)
(-0.528397953 -0.407796331 -0.723535474)
(-0.543290426 -0.814271234 -0.104834262)
(0.926984302 2.21755389e-11 -0.334162997)
(0.195444374 0.325704685 0.90898663)
(0.496399192 0.817511802 0.233530808)
(0.601862459 -0.738311721 0.251388343)
(0.87202274 -5.02004542e-12 -0.458847576)
(0.388069933 -0.158530771 -0.890929886)
(-0.321146726 0.266653534 0.89254765)
(0.457003801 0.0406820261 -0.87098696)
(-0.416168862 -0.883647251 -0.129821199)
(0.738311721 -0.251388343 -0.601862459)
(-0.800259115 0.562761259 -0.11732753)
(0.738311721 -0.251388343 0.601862459)
(0.176843344 -0.966410061 -0.0655780806)
(0.0400908063 -0.805434454 0.565948685)
(0.0647958806 0.498893627 -0.84727291)
(-0.814271234 0.104834262 0.543290426)
(-0.717312454 0.646411943 0.19641608)
(-0.193148608 0.45353539 0.853208072)
(-0.714242516 -0.441313256 -0.514497174)
(-0.195444374 0.325704685 0.90898663)
(-0.727960657 -0.653026079 -0.119415672)
(-0.188923784 0.946973272 0.195395317)
(-0.13143038 7.36351489e-14 -0.975567506)
(-0.693639221 0.510002281 0.477753765)
(-8.73927288e-20 -0.608081562 0.774228115)
(-0.438456167 -0.879062372 0.0647911367)
(0.477753765 -0.693639221 -0.510002281)
(-0.130597064 -0.285626845 -0.933756099)
(0.381024556 0.545170862 0.726800446)
(-0.079325499 -0.689755035 0.698011349)
(-0.562761259 -0.11732753 -0.800259115)
(-0.521371778 0.818628251 -0.17000515)
(0.409427363 -0.791101484 -0.420800958)
(0.965060061 -0.131306802 -0.149326)
(-0.933756099 0.130597064 0.285626845)
(-0.420800958 -0.409427363 -0.791101484)
(-0.437606866 -0.270569014 -0.839583104)
(0.966410061 0.0655780806 0.176843344)
(0.131306802 -0.149326 -0.965060061)
(-0.544043967 0.336124582 0.748761345)
(-0.816331171 0.436389989 -0.337834267)
(0.653026079 0.119415672 -0.727960657)
(0.543802992 0.659214618 -0.488712809)
(0.521371778 0.818628251 -0.17000515)
(-0.437606866 -0.270569014 0.839583104)
(0.981650862 -0.0656686683 -0.0406985543)
(0.84727291 0.0647958806 -0.498893627)
(-0.926984302 -2.21755388e-11 0.334162997)
(0.714242516 -0.441313256 0.514497174)
(0.276157812 0.537015162 -0.778389548)
(0.195395317 0.188923784 0.946973272)
(0.104834262 -0.543290426 0.814271234)
(0.653026079 0.119415672 0.727960657)
(-0.856819093 0.380185238 0.303094062)
(-0.269703845 -0.774224271 0.546627338)
(0.356247073 -0.610039138 -0.686709652)
(0.040622692 0.963801119 0.197290656)
(0.276157812 0.537015162 0.778389548)
(0.447169523 -0.195137527 0.854965866)
(-0.120915082 -0.920573738 0.327183994)
(0.0400460582 -0.563689509 -0.807226859)
(0.651192993 0.738394342 -0.0400499738)
(0.229870456 -0.814430016 -0.503458521)
(0.839583104 -0.437606866 0.270569014)
(-0.120915082 0.920573738 -0.327183994)
(-0.78961263 -0.55613411 0.194351692)
(-0.732459538 -0.657598282 -0.0400778387)
(0.440112593 0.803700716 -0.360400512)
(0.0400460582 -0.563689509 0.807226859)
(0.503458521 -0.229870456 0.814430016)
(0.639502592 0.636984912 -0.393565426)
(0.503458521 0.229870456 -0.814430016)
(0 -0.458847576 -0.87202274)
(-0.966410061 -0.0655780806 0.176843344)
(0.639502592 0.636984912 0.393565426)
(-0.59799052 -0.532195821 -0.572859177)
(-0.46916718 -0.81296923 -0.299320987)
(2.70497873e-20 -0.458847576 0.87202274)
(-0.890929886 0.388069933 0.158530772)
(-0.651192993 -0.738394342 0.0400499738)
(0.586173995 0.778578285 0.145252908)
(-0.393565426 0.639502592 -0.636984912)
(-0.337834267 0.816331171 0.436389989)
(-0.409427363 0.791101484 -0.420800958)
(-0.46916718 -0.81296923 0.299320987)
(-0.726800446 0.381024556 0.545170862)
(-0.195444374 -0.325704685 -0.90898663)
(0.0655780806 0.176843344 0.966410061)
(-0.929767416 0.196006291 -0.257483051)
(-0.409427363 0.791101484 0.420800958)
(-0.879062372 -0.0647911367 0.438456167)
(0.319871031 -0.334005028 -0.869278797)
(0.981650862 0.0656686683 0.0406985542)
(0.963801119 0.197290656 -0.040622692)
(0.065574861 -0.243649152 -0.952347064)
(0.319871031 -0.334005028 0.869278797)
(-0.608081562 -0.774228115 -6.22701473e-13)
(-0.266653534 -0.89254765 0.321146726)
(0.0657176034 -0.108742367 0.976935054)
(0.931542164 -0.0650044661 -0.311894271)
(0.0400499738 0.651192993 0.738394342)
(-0.87098696 0.457003801 -0.0406820262)
(0.774224271 0.546627338 -0.269703845)
(0.363064822 0.878544094 0.258793491)
(0.0406633734 0.926905616 -0.32891509)
(0.300684993 0.723895023 -0.596749802)
(-0.516166086 0.077257599 -0.834991588)
(0.261359086 0.080233056 -0.945716637)
(-0.447169523 0.195137527 0.854965866)
(-0.528397953 0.407796331 -0.723535474)
(-0.543290426 0.814271234 -0.104834262)
(-0.11732753 -0.800259115 -0.562761259)
(0.514497174 -0.714242516 0.441313256)
(0.805434454 -0.565948685 0.0400908063)
(-0.334162997 -0.926984302 -2.21755389e-11)
(0.388069933 0.158530772 -0.890929886)
(-0.503458521 -0.229870456 -0.814430016)
(0.108742367 0.976935054 0.0657176034)
(0.646539061 0.263269246 -0.694405543)
(0.514497174 0.714242516 -0.441313256)
(-0.334162997 0.926984302 2.21755389e-11)
(-0.503458521 -0.229870456 0.814430016)
(-0.532195821 -0.572859177 0.59799052)
(-0.0650044661 -0.311894271 -0.931542164)
(0.117908076 -0.865823683 -0.453798841)
(-0.545170862 -0.726800446 0.381024556)
(0.738311721 0.251388343 0.601862459)
(-0.260263607 -0.229014593 -0.922195791)
(-0.0650044661 -0.311894271 0.931542164)
(0.738186319 -0.184504943 -0.624750556)
(0.659214618 -0.488712809 0.543802992)
(-0.149326 -0.965060061 0.131306802)
(-0.158530771 -0.890929886 0.388069933)
(-0.184504943 -0.624750556 0.738186319)
(0.270569014 -0.839583104 0.437606866)
(0.040622692 -0.963801119 0.197290656)
(0.257483051 -0.929767416 0.196006291)
(-0.657598282 -0.0400778387 0.732459538)
(-0.158530771 0.890929886 -0.388069933)
(0.0655780806 -0.176843344 -0.966410061)
(-0.184504943 0.624750556 -0.738186319)
(0.257483051 0.929767416 -0.196006291)
(-0.233530808 0.496399192 -0.817511802)
(-0.334005028 0.869278797 -0.319871031)
(0.409427363 -0.791101484 0.420800958)
(0.853208072 0.193148608 0.45353539)
(-0.562761259 0.11732753 -0.800259115)
(0.842827993 0.317807904 0.399504535)
(0.0657176034 0.108742367 -0.976935054)
(-0.233530808 0.496399192 0.817511802)
(0.409427363 0.791101484 -0.420800958)
(0.391219767 0.882516286 -0.193355827)
(0.965060061 0.131306802 -0.149326)
(0.946973272 0.195395317 -0.188923784)
(-0.176843344 -0.966410061 0.0655780806)
(0.946973272 0.195395317 0.188923784)
(-0.437606866 0.270569014 0.839583104)
(-0.496399192 -0.817511802 -0.233530808)
(-0.612622577 -6.9998479e-12 -0.770634152)
(0.714242516 0.441313256 0.514497174)
(0.104834262 0.543290426 0.814271234)
(0.546627338 0.269703845 0.774224271)
(-0.882516286 -0.193355827 -0.391219767)
(-0.269703845 0.774224271 0.546627338)
(-0.077257599 0.834991588 -0.516166086)
(0.562761259 -0.11732753 -0.800259115)
(-0.882516286 -0.193355827 0.391219767)
(-0.257483051 -0.929767416 -0.196006291)
(0.457003801 -0.0406820262 -0.87098696)
(-0.0400499739 0.651192993 -0.738394342)
(-0.78961263 0.55613411 0.194351692)
(-0.0400499738 0.651192993 0.738394342)
(-0.317807904 -0.399504535 0.842827993)
(0.31714484 -0.574627877 -0.73376114)
(-0.1193724 0.646684001 0.733835692)
(-0.653026079 -0.119415672 -0.727960657)
(0.329786387 0.668952307 0.643913322)
(-0.197290656 -0.040622692 -0.963801119)
(-0.261359086 0.080233056 0.945716637)
(-0.646411943 0.19641608 0.717312454)
(-0.651192993 0.738394342 0.0400499739)
(-0.963801119 -0.197290656 0.040622692)
(-2.70495553e-20 -0.334162997 -0.926984302)
(-0.976935054 0.0657176034 -0.108742367)
(0.890929886 -0.388069933 0.158530771)
(-0.59799052 0.532195821 -0.572859177)
(2.70495553e-20 -0.334162997 0.926984302)
(0.479112389 -0.761240844 0.4022988)
(-0.0656686684 -0.0406985542 -0.981650862)
(-0.376118897 -0.908399501 -0.0650189852)
(0.195488991 -0.12093175 -0.957479371)
(0.646684001 -0.733835692 -0.1193724)
(0.195488991 -0.12093175 0.957479371)
(0.193355827 -0.391219767 0.882516286)
(0.158530771 -0.890929886 0.388069933)
(0.636984912 -0.393565426 0.639502592)
(0.158530771 0.890929886 -0.388069933)
(0.319871031 0.334005028 0.869278797)
(-0.608081562 0.774228115 6.22701473e-13)
(0.856819093 0.380185238 -0.303094063)
(0.157161685 0.759983622 -0.606009563)
(0.260263607 -0.229014593 -0.922195791)
(-0.574627877 -0.73376114 0.31714484)
(-0.266653534 0.89254765 0.321146726)
(0.800259115 -0.562761259 -0.11732753)
(-0.698011349 -0.079325499 -0.689755035)
(-0.251388343 0.601862459 -0.738311721)
(0.327183994 0.120915082 -0.920573738)
(0.376823135 -0.773914432 0.478192343)
(0.303094062 -0.856819093 -0.380185238)
(0.805434454 0.565948685 0.0400908063)
(-0.738394342 0.0400499738 -0.651192993)
(-0.698011349 -0.079325499 0.689755035)
(-0.251388343 0.601862459 0.738311721)
(0.376823135 0.773914432 -0.478192343)
(-0.11732753 0.800259115 -0.562761259)
(0.325704685 0.90898663 -0.195444374)
(-0.503458521 0.229870456 -0.814430016)
(0.528397953 -0.407796331 -0.723535474)
(-0.12093175 0.957479371 0.195488991)
(0.325704685 0.90898663 0.195444374)
(-0.503458521 0.229870456 0.814430016)
(-0.646684001 0.733835692 0.1193724)
(-0.532195821 0.572859177 0.59799052)
(-0.479112389 0.761240844 -0.4022988)
(0.17000515 -0.521371778 0.818628251)
(0.195137527 0.854965866 -0.447169523)
(0.243649152 -0.952347064 0.065574861)
(-0.0656686684 0.0406985543 0.981650862)
(0.659214618 0.488712809 0.543802992)
(0.12093175 0.957479371 -0.195488991)
(0.270569014 0.839583104 0.437606866)
(0.257483051 0.929767416 0.196006291)
(-2.70490254e-20 0.203088459 -0.964219832)
(0.662385796 -0.693553585 -0.22551803)
(0.698011349 -0.079325499 0.689755035)
(0.299320987 -0.46916718 -0.81296923)
(0.269703845 -0.774224271 -0.546627338)
(-0.329786387 -0.668952307 -0.643913322)
(-0.198189351 -0.909731543 -0.320494399)
(-0.759983622 -0.606009563 0.157161685)
(0.077257599 0.834991588 -0.516166086)
(-0.198189351 -0.909731543 0.320494399)
(0.22551803 -0.662385796 0.693553585)
(0.407796331 -0.723535474 -0.528397953)
(3.10459463e-20 -0.975567506 0.13143038)
(-0.639502592 -0.636984912 -0.393565426)
(0.436389989 0.337834267 0.816331171)
(-0.612622577 6.9998479e-12 0.770634152)
(0.4022988 0.479112389 0.761240844)
(0.321146726 0.266653534 -0.89254765)
(0.0400460582 0.563689509 0.807226859)
(0.976935054 -0.0657176034 0.108742367)
(0.920573738 -0.327183994 -0.120915082)
(-0.639502592 -0.636984912 0.393565426)
(0.883647251 -0.129821199 -0.416168862)
(0.933756099 -0.130597064 0.285626845)
(-0.496399192 0.817511802 -0.233530808)
(0.668533019 0.575731154 -0.437131079)
(-0.689755035 0.698011349 0.079325499)
(-0.926905616 -0.32891509 0.0406633734)
(0.59799052 -0.532195821 0.572859177)
(0.562761259 -0.11732753 0.800259115)
(0.380185238 -0.303094063 -0.856819093)
(0.883647251 -0.129821199 0.416168862)
(-0.440112593 -0.803700716 -0.360400512)
(0.624750556 -0.738186319 -0.184504943)
(-0.0681304205 0.98301731 -1.32394212e-11)
(0.562761259 0.11732753 -0.800259115)
(0.657598282 0.0400778387 -0.732459538)
(-0.803700716 0.360400512 -0.440112593)
(-0.882516286 0.193355827 0.391219767)
(-0.440112593 -0.803700716 0.360400512)
(-0.732459538 -0.657598282 0.0400778387)
(0.726800446 -0.381024556 0.545170862)
(0.0681304205 -0.98301731 1.32394212e-11)
(0.748761345 0.544043967 -0.336124582)
(0.657598282 0.0400778387 0.732459538)
(0.596749802 -0.300684993 -0.723895023)
(-0.195488991 -0.12093175 -0.957479371)
(0.0647911367 0.438456167 0.879062372)
(-0.317807904 0.399504535 0.842827993)
(0.791101484 -0.420800958 -0.409427363)
(-0.748761345 -0.544043967 0.336124582)
(-0.717312454 -0.646411943 -0.19641608)
(0.596749802 -0.300684993 0.723895023)
(0.693553585 -0.22551803 0.662385796)
(-0.738311721 -0.251388343 -0.601862459)
(0.334005028 -0.869278797 0.319871031)
(-0.258793491 -0.363064822 0.878544094)
(-0.651192993 -0.738394342 -0.0400499739)
(-0.610039138 -0.686709652 0.356247073)
(0.693553585 0.22551803 -0.662385796)
(-0.738311721 -0.251388343 0.601862459)
(0.778578285 0.145252908 -0.586173995)
(-0.646539061 -0.263269246 0.694405543)
(-0.131306802 -0.149326 -0.965060061)
(-0.258793491 0.363064822 -0.878544094)
(0.0406985543 -0.981650862 0.0656686684)
(0.0650044661 0.311894271 -0.931542164)
(0.778578285 0.145252908 0.586173995)
(-0.646539061 0.263269246 -0.694405543)
(0.890929886 0.388069933 0.158530772)
(0.545170862 -0.726800446 0.381024556)
(0.834991588 -0.516166086 0.077257599)
(-0.19641608 0.717312454 0.646411943)
(0.976935054 0.0657176034 0.108742367)
(-0.84727291 0.0647958806 0.498893627)
(0.646684001 0.733835692 -0.1193724)
(0.510002281 0.477753765 -0.693639221)
(0.193355827 0.391219767 0.882516286)
(0.158530771 0.890929886 0.388069933)
(0.636984912 0.393565426 0.639502592)
(0.510002281 0.477753765 0.693639222)
(-0.87098696 0.457003801 0.0406820262)
(0.601862459 0.738311721 0.251388343)
(0.964219832 6.64257678e-12 -0.203088459)
(0.193148608 -0.45353539 -0.853208072)
(0.73376114 -0.31714484 -0.574627877)
(0.727960657 -0.653026079 -0.119415672)
(-0.738394342 0.0400499739 0.651192993)
(-0.516166086 -0.077257599 0.834991588)
(0.260263607 0.229014593 0.922195791)
(0.73376114 -0.31714484 0.574627877)
(0.854965866 -0.447169523 0.195137527)
(0.727960657 -0.653026079 0.119415672)
(0.818628251 -0.17000515 0.521371778)
(0.694405543 -0.646539061 0.263269246)
(0.81296923 -0.299320987 0.46916718)
(-0.774224271 -0.546627338 0.269703845)
(-0.17000515 0.521371778 -0.818628251)
(0.437131079 0.668533019 -0.575731154)
(0.458847576 0.87202274 -5.02004534e-12)
(-0.81296923 -0.299320987 0.46916718)
(0.4022988 -0.479112389 -0.761240844)
(0.818628251 0.17000515 -0.521371778)
(0.81296923 0.299320987 -0.46916718)
(0.233530808 -0.496399192 -0.817511802)
(0.336124582 -0.748761345 -0.544043967)
(-0.714242516 0.441313256 -0.514497174)
(-0.727960657 0.653026079 -0.119415672)
(0.572859177 -0.59799052 -0.532195821)
(-0.300684993 0.723895023 -0.596749802)
(0.0650189852 0.376118897 -0.908399501)
(-0.714242516 0.441313256 0.514497174)
(0.572859177 -0.59799052 0.532195821)
(-0.668533019 -0.575731154 -0.437131079)
(0.477753765 0.693639222 -0.510002281)
(-0.130597064 0.285626845 -0.933756099)
(0.441313256 -0.514497174 -0.714242516)
(-0.601862459 -0.738311721 -0.251388343)
(0.17000515 0.521371778 0.818628251)
(-0.438456167 0.879062372 0.0647911367)
(0.12093175 0.957479371 0.195488991)
(-0.130597064 0.285626845 0.933756099)
(0.901774243 0.394709823 2.96284487e-11)
(-0.952347064 0.065574861 0.243649152)
(-0.966410061 0.0655780806 0.176843344)
(-0.510002281 -0.477753765 0.693639221)
(0.586173995 -0.778578285 -0.145252908)
(0.723895023 -0.596749802 0.300684993)
(1.35247777e-20 0.334162997 -0.926984302)
(-0.89254765 -0.321146726 0.266653534)
(-0.963801119 -0.197290656 -0.040622692)
(0.723895023 0.596749802 -0.300684993)
(-0.920573738 0.327183994 -0.120915082)
(-0.759983622 0.606009563 0.157161685)
(-0.879062372 0.0647911367 0.438456167)
(-0.391219767 0.882516286 -0.193355827)
(0.22551803 0.662385796 0.693553585)
(0.668952307 -0.643913322 0.329786387)
(-0.639502592 0.636984912 -0.393565426)
(0.285626845 0.933756099 -0.130597064)
(-0.662385796 -0.693553585 -0.22551803)
(0.920573738 0.327183994 -0.120915082)
(0.839583104 0.437606866 0.270569014)
(-0.639502592 0.636984912 0.393565426)
(0.883647251 0.129821199 -0.416168862)
(-0.689755035 -0.698011349 -0.079325499)
(0.261359086 -0.080233056 0.945716637)
(-0.662385796 -0.693553585 0.22551803)
(0.496399192 -0.817511802 0.233530808)
(-0.686709652 -0.356247073 0.610039138)
(0.416168862 0.883647251 -0.129821199)
(0.380185238 0.303094062 -0.856819093)
(0.865823683 -0.453798841 -0.117908076)
(0.883647251 0.129821199 0.416168862)
(0.496399192 0.817511802 -0.233530808)
(0.624750556 0.738186319 -0.184504943)
(-0.321146726 0.266653534 -0.89254765)
(-0.537015162 -0.778389548 0.276157812)
(-0.440112593 0.803700716 0.360400512)
(0.726800446 0.381024556 0.545170862)
(0.574627877 0.73376114 0.31714484)
(0.805434454 0.565948685 -0.0400908063)
(0.478192343 0.376823135 -0.773914432)
(0.596749802 0.300684993 -0.723895023)
(-0.748761345 0.544043967 0.336124582)
(-0.814271234 0.104834262 -0.543290426)
(0.596749802 0.300684993 0.723895023)
(0.693553585 0.22551803 0.662385796)
(-0.31714484 -0.574627877 0.73376114)
(0.774228115 -6.22701473e-13 0.608081562)
(-0.195444374 0.325704685 -0.90898663)
(-0.657598282 0.0400778387 -0.732459538)
(-0.738311721 0.251388343 0.601862459)
(-0.946973272 0.195395317 -0.188923784)
(-0.657598282 0.0400778387 0.732459538)
(0.778389548 -0.276157812 0.537015162)
(-0.157161685 -0.759983622 0.606009563)
(0.438456167 0.879062372 0.0647911367)
(0.381024556 0.545170862 -0.726800446)
(-0.842827993 -0.317807904 0.399504535)
(-0.0400499738 -0.651192993 -0.738394342)
(0.543802992 -0.659214618 -0.488712809)
(-0.0406985542 -0.981650862 -0.0656686683)
(0.521371778 -0.818628251 -0.17000515)
(0.966410061 0.0655780806 -0.176843344)
(-0.514497174 -0.714242516 -0.441313256)
(-0.659214618 0.488712809 0.543802992)
(0.521371778 -0.818628251 0.17000515)
(-0.117908076 -0.865823683 -0.453798841)
(0.104834262 -0.543290426 -0.814271234)
(-0.4022988 -0.479112389 0.761240844)
(0.643913322 -0.329786387 0.668952307)
(0.73376114 0.31714484 0.574627877)
(0.657598282 -0.0400778387 -0.732459538)
(0.727960657 0.653026079 0.119415672)
(-0.774224271 0.546627338 0.269703845)
(0.694405543 0.646539061 0.263269246)
(-0.320494399 -0.198189351 0.909731543)
(-0.81296923 0.299320987 0.46916718)
(-0.869278797 -0.319871031 -0.334005028)
(0.738186319 0.184504943 -0.624750556)
(0.814271234 -0.104834262 -0.543290426)
(0.233530808 0.496399192 -0.817511802)
(-0.78961263 -0.55613411 -0.194351692)
(-0.805434454 -0.565948685 -0.0400908063)
(-0.195395317 -0.188923784 0.946973272)
(-0.195395317 0.188923784 -0.946973272)
(-0.668533019 0.575731154 -0.437131079)
(-0.197290656 0.040622692 -0.963801119)
(0.503458521 -0.229870456 -0.814430016)
(-0.129821199 -0.416168862 -0.883647251)
(-0.945716637 0.261359086 -0.080233056)
(-0.601862459 0.738311721 -0.251388343)
(0.814430016 0.503458521 0.229870456)
(-0.738186319 0.184504943 -0.624750556)
(0.420800958 -0.409427363 -0.791101484)
(-0.129821199 -0.416168862 0.883647251)
(0.586173995 -0.778578285 0.145252908)
(-0.966410061 -0.0655780806 -0.176843344)
(-0.393565426 -0.639502592 -0.636984912)
(-0.510002281 0.477753765 0.693639222)
(-0.84727291 -0.0647958806 -0.498893627)
(0.586173995 0.778578285 -0.145252908)
(0.84727291 -0.0647958806 0.498893627)
(-0.409427363 -0.791101484 0.420800958)
(-0.89254765 0.321146726 0.266653534)
(-0.920573738 0.327183994 0.120915082)
(0.90898663 0.195444374 0.325704685)
(-0.84727291 -0.0647958806 0.498893627)
(-0.929767416 -0.196006291 0.257483051)
(-0.879062372 -0.0647911367 -0.438456167)
(-0.926905616 -0.32891509 -0.0406633734)
(0.285626845 0.933756099 0.130597064)
(0.774224271 -0.546627338 -0.269703845)
(0.646411943 -0.19641608 -0.717312454)
(-0.257483051 0.929767416 -0.196006291)
(0.668952307 0.643913322 0.329786387)
(-0.854965866 -0.447169523 -0.195137527)
(-0.299320987 -0.46916718 -0.81296923)
(0.300684993 -0.723895023 -0.596749802)
(0.774224271 -0.546627338 0.269703845)
(-0.854965866 -0.447169523 0.195137527)
(-0.738394342 -0.0400499739 0.651192993)
(-0.698011349 0.079325499 -0.689755035)
(0.31714484 0.574627877 -0.73376114)
(-0.543290426 -0.814271234 0.104834262)
(0.865823683 0.453798841 -0.117908077)
(0.108742367 0.976935054 -0.0657176034)
(-0.773914433 0.478192343 -0.376823135)
(-0.653026079 0.119415672 -0.727960657)
(0.514497174 -0.714242516 -0.441313256)
(0.31714484 0.574627877 0.73376114)
(0.176843344 -0.966410061 0.0655780806)
(-0.653026079 0.119415672 0.727960657)
(-0.537015162 0.778389548 0.276157812)
(-0.532195821 -0.572859177 -0.59799052)
(-0.545170862 -0.726800446 -0.381024556)
(-0.55613411 -0.194351692 -0.78961263)
(0.0406985542 -0.981650862 -0.0656686683)
(-0.791101484 0.420800958 -0.409427364)
(0.479112389 0.761240844 0.4022988)
(-0.952347064 -0.065574861 -0.243649152)
(-0.31714484 0.574627877 0.73376114)
(-0.463569938 -0.609627872 0.618532609)
(-1.35244437e-20 -0.0681304204 -0.98301731)
(-0.0657176034 0.108742367 0.976935054)
(-0.952347064 -0.065574861 0.243649152)
(0.040622692 -0.963801119 -0.197290656)
(-0.90898663 -0.195444374 -0.325704685)
(-0.334005028 -0.869278797 -0.319871031)
(-0.233530808 -0.496399192 -0.817511802)
(-0.463569938 0.609627872 -0.618532609)
(0.257483051 -0.929767416 -0.196006291)
(-0.311894271 0.931542164 0.0650044661)
(0.853208072 -0.193148608 0.45353539)
(0.0656686684 -0.0406985543 -0.981650862)
(-0.334005028 -0.869278797 0.319871031)
(-0.233530808 -0.496399192 0.817511802)
(-0.957479371 -0.195488991 0.12093175)
(0.391219767 -0.882516286 -0.193355827)
(-0.842827993 0.317807904 0.399504535)
(-0.263269246 -0.694405543 0.646539061)
(0.842827993 0.317807904 -0.399504535)
(0.129821199 0.416168862 -0.883647251)
(0.0656686683 -0.0406985542 0.981650862)
(-0.263269246 0.694405543 -0.646539061)
(0.391219767 -0.882516286 0.193355827)
(-0.270569014 0.839583104 -0.437606866)
(0.303094062 0.856819093 -0.380185238)
(0.946973272 -0.195395317 0.188923784)
(-0.514497174 0.714242516 -0.441313256)
(0.800259115 0.562761259 0.11732753)
(-0.761240844 -0.4022988 0.479112389)
(-0.117908076 0.865823683 -0.45379884)
(-0.514497174 0.714242516 0.441313256)
(0.104834262 0.543290426 -0.814271234)
(0.546627338 0.269703845 -0.774224271)
(0.528397953 0.407796331 -0.723535474)
(0.394709823 2.96284487e-11 -0.901774243)
(-0.478192343 -0.376823135 0.773914432)
(-0.4022988 0.479112389 0.761240844)
(0.643913322 0.329786387 0.668952307)
(0.528397953 0.407796331 0.723535474)
(-0.320494399 0.198189351 0.909731543)
(-0.78961263 0.55613411 -0.194351692)
(-0.317807904 -0.399504535 -0.842827993)
(0.080233056 -0.945716637 0.261359086)
(-0.203088459 -0.964219832 -6.64257678e-12)
(-0.327183994 -0.120915082 -0.920573738)
(0.243649152 0.952347064 0.065574861)
(0.662385796 0.693553585 -0.22551803)
(-0.203088459 0.964219832 6.64257675e-12)
(0.606009563 -0.157161685 -0.759983622)
(0.299320987 0.46916718 -0.81296923)
(-0.329786387 0.668952307 -0.643913322)
(-0.198189351 0.909731543 0.320494399)
(0.420800958 0.409427363 -0.791101484)
(0.890929886 -0.388069933 -0.158530772)
(-0.19641608 -0.717312454 -0.646411943)
(0.420800958 0.409427363 0.791101484)
(0.407796331 0.723535474 0.528397953)
(0.463569938 -0.609627872 -0.618532609)
(0.963801119 0.197290656 0.040622692)
(0.610039138 0.686709652 0.356247073)
(0.55613411 -0.194351692 0.78961263)
(0.966410061 -0.0655780806 -0.176843344)
(-0.929767416 0.196006291 0.257483051)
(0.158530771 -0.890929886 -0.388069933)
(-0.488712809 -0.543802992 0.659214618)
(-0.436389989 -0.337834267 -0.816331171)
(0.157161685 -0.759983622 -0.606009563)
(0.601862459 -0.738311721 -0.251388343)
(-0.596749802 -0.300684993 -0.723895023)
(-0.251388343 -0.601862459 -0.738311721)
(0.807226859 0.0400460582 -0.563689509)
(-0.854965866 0.447169523 -0.195137527)
(0.157161685 -0.759983622 0.606009563)
(-0.394709823 2.96284487e-11 -0.901774243)
(0.693639221 -0.510002281 0.477753765)
(0.19641608 0.717312454 0.646411943)
(-0.854965866 0.447169523 0.195137527)
(-0.732459538 0.657598282 0.0400778387)
(0.0406633734 0.926905616 0.32891509)
(-0.394709823 -2.96284487e-11 0.901774243)
(-0.516166086 0.077257599 0.834991588)
(-0.363064822 0.878544094 -0.258793491)
(0.198189351 -0.909731543 -0.320494399)
(0.791101484 0.420800958 -0.409427364)
(-0.380185238 -0.303094063 -0.856819093)
(0.325704685 -0.90898663 -0.195444374)
(0.194351692 -0.78961263 -0.55613411)
(-0.195488991 0.12093175 0.957479371)
(0.077257599 -0.834991588 -0.516166086)
(-0.646684001 -0.733835692 -0.1193724)
(-0.303094062 0.856819093 -0.380185238)
(-0.11732753 -0.800259115 0.562761259)
(-0.12093175 -0.957479371 0.195488991)
(0.325704685 -0.90898663 0.195444374)
(0.791101484 0.420800958 0.409427363)
(0.194351692 -0.78961263 0.55613411)
(-0.646684001 -0.733835692 0.1193724)
(0.266653534 0.89254765 -0.321146726)
(-0.532195821 0.572859177 -0.59799052)
(-0.545170862 0.726800446 -0.381024556)
(-0.131306802 0.149326 0.965060061)
(-0.55613411 0.194351692 -0.78961263)
(-0.965060061 0.131306802 0.149326)
(-0.521371778 -0.818628251 0.17000515)
(0.1193724 -0.646684001 -0.733835692)
(-0.901774243 -0.394709823 -2.96284487e-11)
(0.438456167 0.879062372 -0.0647911367)
(-0.55613411 0.194351692 0.78961263)
(-0.463569938 0.609627872 0.618532609)
(0 0.770634152 0.612622577)
(1.35244437e-20 0.0681304205 -0.98301731)
(0.659214618 0.488712809 -0.543802992)
(-0.853208072 0.193148608 -0.45353539)
(0.698011349 -0.079325499 -0.689755035)
(-0.926984302 2.21755388e-11 -0.334162997)
(0.195395317 0.188923784 -0.946973272)
(-0.407796331 0.723535474 -0.528397953)
(0.193148608 0.45353539 -0.853208072)
(-0.0406985543 -0.981650862 0.0656686684)
(0.130597064 -0.285626845 -0.933756099)
(-0.195137527 0.854965866 -0.447169523)
(0.436389989 -0.337834267 0.816331171)
(0.0657176034 0.108742367 0.976935054)
(-0.243649152 -0.952347064 -0.065574861)
(0.197290656 0.040622692 -0.963801119)
(0.321146726 -0.266653534 -0.89254765)
(0.258793491 -0.363064822 0.878544094)
(0.803700716 -0.360400512 0.440112593)
(-0.817511802 -0.233530808 0.496399192)
(0.4022988 0.479112389 -0.761240844)
(0.321146726 -0.266653534 0.89254765)
(0.317807904 -0.399504535 0.842827993)
(0.258793491 0.363064822 -0.878544094)
(0.839583104 -0.437606866 -0.270569014)
(0.878544094 0.258793491 0.363064822)
(0.933756099 -0.130597064 -0.285626845)
(0.394709823 -2.96284487e-11 0.901774243)
(0.78961263 0.55613411 -0.194351692)
(0.336124582 0.748761345 0.544043967)
(-0.478192343 0.376823135 0.773914433)
(0.441313256 0.514497174 -0.714242516)
(0.441313256 0.514497174 0.714242516)
(-0.327183994 0.120915082 -0.920573738)
(-0.543802992 -0.659214618 0.488712809)
(0.11732753 -0.800259115 -0.562761259)
(0.693553585 -0.22551803 -0.662385796)
(2.70497873e-20 0.458847576 -0.87202274)
(0.537015162 -0.778389548 -0.276157812)
(-0.0406633734 0.926905616 0.32891509)
(-0.258793491 -0.363064822 -0.878544094)
(-0.563689509 0.807226859 -0.0400460582)
(0.0647911367 -0.438456167 -0.879062372)
(0.778578285 -0.145252908 0.586173995)
(-0.646539061 -0.263269246 -0.694405543)
(-0.963801119 0.197290656 -0.040622692)
(-0.376118897 -0.908399501 0.0650189853)
(0.761240844 -0.4022988 0.479112389)
(0.0647911367 -0.438456167 0.879062372)
(-0.19641608 -0.717312454 0.646411943)
(0.0406633734 -0.926905616 0.32891509)
(0.890929886 0.388069933 -0.158530771)
(0.761240844 0.4022988 -0.479112389)
(-0.376118897 0.908399501 -0.0650189853)
(0.0657176034 -0.108742367 -0.976935054)
(0.0400499739 0.651192993 -0.738394342)
(0.510002281 -0.477753765 -0.693639222)
(-0.19641608 0.717312454 -0.646411943)
(-0.723535474 -0.528397953 0.407796331)
(-0.0400460582 -0.563689509 -0.807226859)
(0.0400908063 0.805434454 0.565948685)
(-0.84727291 0.0647958806 -0.498893627)
(0.966410061 -0.0655780806 0.176843344)
(0.879062372 0.0647911367 -0.438456167)
(-0.662385796 0.693553585 0.22551803)
(-0.723535474 0.528397953 -0.407796331)
(0.510002281 -0.477753765 0.693639221)
(-0.693553585 -0.22551803 0.662385796)
(0.926984302 -2.21755389e-11 0.334162997)
(0.909731543 -0.320494399 0.198189351)
(0.957479371 0.195488991 -0.12093175)
(-0.488712809 0.543802992 0.659214618)
(-0.659214618 -0.488712809 -0.543802992)
(0.601862459 0.738311721 -0.251388343)
(-0.596749802 0.300684993 -0.723895023)
(0.87202274 5.02004542e-12 0.458847576)
(-0.416168862 -0.883647251 0.129821199)
(-0.079325499 0.689755035 -0.698011349)
(-0.458847576 -0.87202274 5.02004526e-12)
(-0.437131079 -0.668533019 0.575731154)
(0.929767416 0.196006291 0.257483051)
(0.157161685 0.759983622 0.606009563)
(-0.575731154 -0.437131079 0.668533019)
(0.693639221 0.510002281 0.477753765)
(-0.416168862 0.883647251 -0.129821199)
(-0.079325499 0.689755035 0.698011349)
(-0.437131079 0.668533019 -0.575731154)
(0.327183994 0.120915082 0.920573738)
(-0.865823683 -0.453798841 0.117908077)
(0.0400499738 -0.651192993 -0.738394342)
(0.694405543 -0.646539061 -0.263269246)
(0.81296923 -0.299320987 -0.46916718)
(0.198189351 0.909731543 -0.320494399)
(-0.81296923 -0.299320987 -0.46916718)
(0.0400499739 -0.651192993 0.738394342)
(-0.300684993 -0.723895023 -0.596749802)
(0.194351692 0.78961263 0.55613411)
(-0.727960657 -0.653026079 0.119415672)
(-0.733835692 -0.1193724 0.646684001)
(-0.0647911367 0.438456167 0.879062372)
(-0.733835692 0.1193724 -0.646684001)
(-0.438456167 0.879062372 -0.0647911367)
(0.723535474 -0.528397953 -0.407796331)
(-0.145252908 0.586173995 0.778578285)
(-0.157161685 0.759983622 0.606009563)
(-0.130597064 -0.285626845 0.933756099)
(0.814430016 -0.503458521 -0.229870456)
(-0.521371778 0.818628251 0.17000515)
(0.1193724 0.646684001 -0.733835692)
(-0.901774243 0.394709823 2.96284487e-11)
(0.532195821 -0.572859177 -0.59799052)
(-0.966410061 0.0655780806 -0.176843344)
(-0.510002281 -0.477753765 -0.693639222)
(0.498893627 -0.84727291 -0.0647958806)
(-0.546627338 -0.269703845 -0.774224271)
(0.543802992 0.659214618 0.488712809)
(0.521371778 0.818628251 0.17000515)
(-0.104834262 0.543290426 0.814271234)
(0.84727291 0.0647958806 0.498893627)
(0.437606866 -0.270569014 -0.839583104)
(-0.920573738 -0.327183994 -0.120915082)
(0.609627872 -0.618532609 0.463569938)
(-0.391219767 -0.882516286 -0.193355827)
(0.981650862 -0.0656686684 0.0406985543)
(-0.879062372 0.0647911367 -0.438456167)
(0.285626845 -0.933756099 -0.130597064)
(0.203088459 -0.964219832 -6.6425768e-12)
(0.258793491 0.363064822 0.878544094)
(-0.869278797 0.319871031 -0.334005028)
(0.229870456 -0.814430016 0.503458521)
(0.0406820262 0.87098696 -0.457003801)
(0.416168862 -0.883647251 -0.129821199)
(-0.817511802 0.233530808 0.496399192)
(0.317807904 0.399504535 0.842827993)
(0.261359086 -0.080233056 -0.945716637)
(0.839583104 0.437606866 -0.270569014)
(0.814271234 0.104834262 -0.543290426)
(-0.686709652 -0.356247073 -0.610039138)
(0.416168862 -0.883647251 0.129821199)
(-0.818628251 -0.17000515 -0.521371778)
(0.380185238 -0.303094062 0.856819093)
(0.608081562 -0.774228115 -6.22701646e-13)
(0.814271234 0.104834262 0.543290426)
(0.574627877 -0.73376114 0.31714484)
(-0.73376114 -0.31714484 0.574627877)
(0.478192343 -0.376823135 -0.773914433)
(0.45353539 -0.853208072 -0.193148608)
(-0.805434454 0.565948685 -0.0400908063)
(-0.563689509 -0.807226859 -0.0400460582)
(-0.129821199 0.416168862 0.883647251)
(0.45353539 -0.853208072 0.193148608)
(0.770634152 -0.612622577 6.9998479e-12)
(-0.563689509 -0.807226859 0.0400460582)
(0.537015162 0.778389548 -0.276157812)
(-0.46916718 0.81296923 -0.299320987)
(-0.946973272 -0.195395317 -0.188923784)
(0.689755035 0.698011349 -0.079325499)
(-0.946973272 -0.195395317 0.188923784)
(0.381024556 -0.545170862 -0.726800446)
(0.778389548 -0.276157812 -0.537015162)
(-0.842827993 -0.317807904 -0.399504535)
(-0.266653534 0.89254765 -0.321146726)
(0.0656686683 0.0406985543 -0.981650862)
(-0.299320987 0.46916718 -0.81296923)
(-0.381024556 0.545170862 0.726800446)
(0.774224271 0.546627338 0.269703845)
(0.184504943 -0.624750556 0.738186319)
(-0.457003801 -0.0406820262 -0.87098696)
(-0.659214618 -0.488712809 0.543802992)
(0.0406985543 0.981650862 -0.0656686684)
(-0.543290426 0.814271234 0.104834262)
(0.909731543 0.320494399 0.198189351)
(-0.659214618 0.488712809 -0.543802992)
(0.388069933 0.158530771 0.890929886)
(-0.416168862 0.883647251 0.129821199)
(-0.437131079 0.668533019 0.575731154)
(-0.575731154 0.437131079 0.668533019)
(-0.4022988 -0.479112389 -0.761240844)
(-0.45353539 -0.853208072 -0.193148608)
(-0.81296923 0.299320987 -0.46916718)
(0.543290426 0.814271234 -0.104834262)
(-0.45353539 -0.853208072 0.193148608)
(-0.477753765 -0.693639222 0.510002281)
(-0.727960657 0.653026079 0.119415672)
(-0.195395317 -0.188923784 -0.946973272)
(-0.733835692 0.1193724 0.646684001)
(-0.90898663 0.195444374 -0.325704685)
(-0.565948685 0.0400908063 0.805434454)
(-0.98301731 1.28362261e-11 0.0681304205)
(0.0650189852 0.376118897 0.908399501)
(0.814430016 -0.503458521 0.229870456)
(-0.738186319 -0.184504943 -0.624750556)
(-0.814430016 -0.503458521 0.229870456)
(0.0647958806 -0.498893627 -0.84727291)
(-0.601862459 -0.738311721 0.251388343)
(0.814430016 0.503458521 -0.229870456)
(0.498893627 0.84727291 -0.0647958806)
(0.686709652 0.356247073 -0.610039138)
(0.90898663 -0.195444374 -0.325704685)
(-0.643913322 -0.329786387 0.668952307)
(0.391219767 0.882516286 0.193355827)
(-0.774228115 -6.22701646e-13 0.608081562)
(-0.510002281 0.477753765 -0.693639221)
(0.90898663 -0.195444374 0.325704685)
(-0.643913322 0.329786387 -0.668952307)
(-0.546627338 0.269703845 -0.774224271)
(-0.194351692 0.78961263 0.55613411)
(-0.496399192 -0.817511802 0.233530808)
(0.437606866 0.270569014 -0.839583104)
(0.732459538 -0.657598282 0.0400778387)
(-0.45379884 -0.117908076 -0.865823683)
(-0.546627338 0.269703845 0.774224271)
(0.879062372 -0.0647911367 -0.438456167)
(-0.689755035 -0.698011349 0.079325499)
(-0.453798841 -0.117908076 0.865823683)
(-0.077257599 0.834991588 0.516166086)
(-0.376823135 0.773914432 -0.478192343)
(0.229870456 0.814430016 0.503458521)
(0.19641608 -0.717312454 -0.646411943)
(-0.388069933 -0.158530771 -0.890929886)
(-0.0647958806 -0.498893627 0.84727291)
(0.618532609 -0.463569938 -0.609627872)
(-0.738394342 -0.0400499738 -0.651192993)
(-0.773914432 -0.478192343 -0.376823135)
(-0.388069933 -0.158530772 0.890929886)
(-0.0400908063 0.805434454 0.565948685)
(0.865823683 -0.453798841 0.117908077)
(0.608081562 0.774228115 6.22701646e-13)
(-0.653026079 -0.119415672 0.727960657)
(-0.773914433 -0.478192343 0.376823135)
(-0.197290656 -0.040622692 0.963801119)
(-0.193355827 0.391219767 -0.882516286)
(0.263269246 0.694405543 -0.646539061)
(-0.336124582 0.748761345 -0.544043967)
(0.337834267 -0.816331171 -0.436389989)
(-0.193355827 0.391219767 0.882516286)
(-0.196006291 0.257483051 0.929767416)
(-0.563689509 0.807226859 0.0400460582)
(-0.46916718 0.81296923 0.299320987)
(-0.59799052 0.532195821 0.572859177)
(6.76225636e-21 -0.203088459 -0.964219832)
(-0.311894271 -0.931542164 0.0650044661)
(0.479112389 0.761240844 -0.4022988)
(0.463569938 0.609627872 -0.618532609)
(-0.963801119 0.197290656 0.040622692)
(0.393565426 0.639502592 0.636984912)
(-0.463569938 -0.609627872 -0.618532609)
(0 -0.770634152 -0.612622577)
(-0.311894271 0.931542164 -0.0650044661)
(0.463569938 0.609627872 0.618532609)
(0.55613411 0.194351692 0.78961263)
(-0.946973272 0.195395317 0.188923784)
(-0.436389989 0.337834267 -0.816331171)
(-0.964219832 -6.6425768e-12 0.203088459)
(-0.040622692 -0.963801119 -0.197290656)
(0.129821199 -0.416168862 -0.883647251)
(0.563689509 -0.807226859 -0.0400460582)
(-0.842827993 0.317807904 -0.399504535)
(-0.263269246 -0.694405543 -0.646539061)
(-0.909731543 -0.320494399 0.198189351)
(-0.270569014 -0.839583104 -0.437606866)
(-0.040622692 -0.963801119 0.197290656)
(0.800259115 -0.562761259 0.11732753)
(0.184504943 0.624750556 0.738186319)
(0.773914433 -0.478192343 0.376823135)
(-0.909731543 0.320494399 -0.198189351)
(0.926905616 -0.32891509 0.0406633734)
(-0.270569014 -0.839583104 0.437606866)
(0.303094062 -0.856819093 0.380185238)
(0.195444374 0.325704685 -0.90898663)
(0.800259115 0.562761259 -0.11732753)
(0.188923784 -0.946973272 -0.195395317)
(0.773914433 0.478192343 -0.376823135)
(0.546627338 -0.269703845 -0.774224271)
(-0.11732753 0.800259115 0.562761259)
(0.528397953 -0.407796331 0.723535474)
(-0.119415672 -0.727960657 -0.653026079)
(-0.805434454 -0.565948685 0.0400908063)
(-0.320494399 0.198189351 -0.909731543)
(0.360400512 0.440112593 0.803700716)
(-0.065574861 -0.243649152 -0.952347064)
(-0.45353539 0.853208072 0.193148608)
(0.243649152 0.952347064 -0.065574861)
(-0.477753765 0.693639221 0.510002281)
(0.080233056 -0.945716637 -0.261359086)
(-0.945716637 0.261359086 0.080233056)
(-0.065574861 -0.243649152 0.952347064)
(-0.976935054 -0.0657176034 0.108742367)
(0.376118897 0.908399501 -0.0650189853)
(-0.931542164 -0.0650044661 -0.311894271)
(0.269703845 -0.774224271 0.546627338)
(-0.329786387 -0.668952307 0.643913322)
(-0.079325499 -0.689755035 -0.698011349)
(-0.814430016 0.503458521 0.229870456)
(-0.922195791 -0.260263607 0.229014593)
(0.498893627 -0.84727291 0.0647958806)
(0.130597064 0.285626845 -0.933756099)
(0.689755035 -0.698011349 -0.079325499)
(-0.198189351 0.909731543 -0.320494399)
(0.420800958 -0.409427363 0.791101484)
(-0.816331171 -0.436389989 -0.337834267)
(-0.933756099 0.130597064 -0.285626845)
(0.407796331 -0.723535474 0.528397953)
(-0.0400908063 -0.805434454 -0.565948685)
(0.407796331 0.723535474 -0.528397953)
(0.933756099 0.130597064 -0.285626845)
(-0.496399192 0.817511802 0.233530808)
(-0.926905616 0.32891509 -0.0406633734)
(-0.453798841 0.117908076 -0.865823683)
(0.334162997 0.926984302 2.21755388e-11)
(0.45379884 0.117908076 0.865823683)
(-0.488712809 -0.543802992 -0.659214618)
(-0.45379884 0.117908076 0.865823683)
(0.458847576 -0.87202274 5.02004534e-12)
(0.447169523 -0.195137527 -0.854965866)
(-0.440112593 0.803700716 -0.360400512)
(-0.807226859 -0.0400460582 -0.563689509)
(-0.363064822 -0.878544094 -0.258793491)
(0.19641608 0.717312454 -0.646411943)
(-0.388069933 0.158530772 -0.890929886)
(0.612622577 -6.99984798e-12 -0.770634152)
(-0.303094062 -0.856819093 -0.380185238)
(-0.0400778387 0.732459538 -0.657598282)
(-0.388069933 0.158530771 0.890929886)
(0.176843344 0.966410061 0.0655780806)
(0.11732753 0.800259115 -0.562761259)
(0.612622577 6.99984798e-12 0.770634152)
(0.311894271 0.931542164 -0.0650044661)
(-0.773914432 0.478192343 0.376823135)
(-0.303094062 -0.856819093 0.380185238)
(0.266653534 -0.89254765 -0.321146726)
(0.0650044661 0.311894271 0.931542164)
(-0.229870456 0.814430016 -0.503458521)
(0.266653534 -0.89254765 0.321146726)
(-0.0647958806 0.498893627 0.84727291)
(-0.646539061 0.263269246 0.694405543)
(-0.157161685 -0.759983622 -0.606009563)
(-0.55613411 -0.194351692 0.78961263)
(-0.694405543 -0.646539061 0.263269246)
(-7.80235604e-20 -0.770634152 0.612622577)
(-0.726800446 -0.381024556 0.545170862)
(-0.778578285 0.145252908 -0.586173995)
(0.46916718 -0.81296923 -0.299320987)
(-0.544043967 -0.336124582 -0.748761345)
(0.399504535 -0.842827993 0.317807904)
(0.908399501 -0.0650189853 -0.376118897)
(-7.80235604e-20 0.770634152 -0.612622577)
(0.816331171 0.436389989 0.337834267)
(0.46916718 -0.81296923 0.299320987)
(0.908399501 -0.0650189852 0.376118897)
(0.195395317 -0.188923784 -0.946973272)
(-0.407796331 -0.723535474 -0.528397953)
(0.89254765 -0.321146726 0.266653534)
(-0.834991588 -0.516166086 0.077257599)
(-0.407796331 -0.723535474 0.528397953)
(0.193148608 -0.45353539 0.853208072)
(-0.909731543 0.320494399 0.198189351)
(0.544043967 0.336124582 0.748761345)
(-0.883647251 -0.129821199 -0.416168862)
(-0.270569014 0.839583104 0.437606866)
(0.303094062 0.856819093 0.380185238)
(0.258793491 -0.363064822 -0.878544094)
(0.878544094 -0.258793491 0.363064822)
(0.694405543 0.646539061 -0.263269246)
(0.803700716 -0.360400512 -0.440112593)
(0.188923784 0.946973272 -0.195395317)
(0.78961263 -0.55613411 -0.194351692)
(-0.817511802 -0.233530808 -0.496399192)
(0.646539061 -0.263269246 -0.694405543)
(-0.839583104 -0.437606866 -0.270569014)
(-0.356247073 0.610039138 0.686709652)
(0.81296923 0.299320987 0.46916718)
(0.336124582 -0.748761345 0.544043967)
(0.233530808 -0.496399192 0.817511802)
(-0.119415672 0.727960657 -0.653026079)
(0.336124582 0.748761345 -0.544043967)
(0.437131079 -0.668533019 -0.575731154)
(-0.668533019 -0.575731154 0.437131079)
(-0.98301731 -1.28362261e-11 -0.0681304205)
(-0.119415672 0.727960657 0.653026079)
(0.441313256 -0.514497174 0.714242516)
(-0.077257599 -0.834991588 0.516166086)
(0.532195821 0.572859177 -0.59799052)
(-0.184504943 -0.624750556 -0.738186319)
(-0.931542164 -0.0650044661 0.311894271)
(-0.543802992 -0.659214618 -0.488712809)
(-2.70495553e-20 0.334162997 0.926984302)
(0.532195821 0.572859177 0.59799052)
(0.498893627 0.84727291 0.0647958806)
(0.269703845 0.774224271 0.546627338)
(-0.329786387 0.668952307 0.643913322)
(-0.922195791 0.260263607 0.229014593)
(-0.399504535 -0.842827993 -0.317807904)
(-0.0400908063 -0.805434454 0.565948685)
(0.761240844 -0.4022988 -0.479112389)
(0.732459538 -0.657598282 -0.0400778387)
(-0.311894271 -0.931542164 -0.0650044661)
(-0.391219767 0.882516286 0.193355827)
(0.229014593 -0.922195791 -0.260263607)
(0.668952307 0.643913322 -0.329786387)
(0.131306802 -0.149326 0.965060061)
(-0.723535474 -0.528397953 -0.407796331)
(0.229014593 -0.922195791 0.260263607)
(-0.878544094 0.258793491 -0.363064822)
(0.079325499 0.689755035 0.698011349)
(0.0400908063 0.805434454 -0.565948685)
(0.32891509 -0.0406633734 0.926905616)
(0.320494399 -0.198189351 0.909731543)
(0.920573738 0.327183994 0.120915082)
(0.957479371 -0.195488991 -0.12093175)
(0.714242516 0.441313256 -0.514497174)
(0.929767416 -0.196006291 -0.257483051)
(0.565948685 -0.0400908063 -0.805434454)
(-0.662385796 0.693553585 -0.22551803)
(-0.686709652 0.356247073 -0.610039138)
(0.416168862 0.883647251 0.129821199)
(-0.457003801 0.0406820261 -0.87098696)
(0.320494399 0.198189351 -0.909731543)
(0.380185238 0.303094063 0.856819093)
(-0.269703845 0.774224271 -0.546627338)
(0.909731543 -0.320494399 -0.198189351)
(0.356247073 -0.610039138 0.686709652)
(0.957479371 -0.195488991 0.12093175)
(0.882516286 -0.193355827 -0.391219767)
(-0.488712809 0.543802992 -0.659214618)
(0.929767416 -0.196006291 0.257483051)
(0.869278797 -0.319871031 -0.334005028)
(-0.686709652 0.356247073 0.610039138)
(-0.807226859 -0.0400460582 0.563689509)
(-0.606009563 -0.157161685 0.759983622)
(0.447169523 0.195137527 -0.854965866)
(-0.437131079 -0.668533019 -0.575731154)
(0.926905616 -0.32891509 -0.0406633734)
(-0.575731154 -0.437131079 -0.668533019)
(-0.586173995 -0.778578285 -0.145252908)
(-0.609627872 -0.618532609 -0.463569938)
(0.693639221 0.510002281 -0.477753765)
(0.478192343 0.376823135 0.773914433)
(0.45353539 0.853208072 0.193148608)
(0.575731154 -0.437131079 -0.668533019)
(-0.303094062 0.856819093 0.380185238)
(-0.733835692 -0.1193724 -0.646684001)
(-0.145252908 -0.586173995 0.778578285)
(0.0406820261 -0.87098696 -0.457003801)
(-0.908399501 0.0650189852 -0.376118897)
(-0.0647911367 0.438456167 -0.879062372)
(0.243649152 -0.952347064 -0.065574861)
(-0.0655780806 0.176843344 -0.966410061)
(0.266653534 0.89254765 0.321146726)
(0.778389548 0.276157812 -0.537015162)
(-0.145252908 0.586173995 -0.778578285)
(-0.157161685 0.759983622 -0.606009563)
(0.0406820262 -0.87098696 0.457003801)
(-0.694405543 0.646539061 0.263269246)
(0.376118897 -0.908399501 -0.0650189852)
(0.778389548 0.276157812 0.537015162)
(-0.544043967 0.336124582 -0.748761345)
(0.975567506 -0.13143038 -7.36351489e-14)
(0.543802992 -0.659214618 0.488712809)
(-0.104834262 -0.543290426 0.814271234)
(0.856819093 -0.380185238 -0.303094062)
(0.89254765 0.321146726 0.266653534)
(-0.243649152 -0.952347064 0.065574861)
(-0.104834262 0.543290426 -0.814271234)
(-0.574627877 -0.73376114 -0.31714484)
(0.193148608 0.45353539 0.853208072)
(-0.243649152 0.952347064 -0.065574861)
(-0.108742367 0.976935054 0.0657176034)
(-0.4022988 0.479112389 -0.761240844)
(0.657598282 -0.0400778387 0.732459538)
(-0.869278797 -0.319871031 0.334005028)
(-0.817511802 0.233530808 -0.496399192)
(-0.839583104 0.437606866 -0.270569014)
(0.814271234 -0.104834262 0.543290426)
(-0.0647911367 -0.438456167 0.879062372)
(0.233530808 0.496399192 0.817511802)
(-0.285626845 -0.933756099 0.130597064)
(0.195137527 -0.854965866 -0.447169523)
(-0.195395317 0.188923784 0.946973272)
(0.516166086 -0.077257599 0.834991588)
(-0.668533019 0.575731154 0.437131079)
(-0.197290656 0.040622692 0.963801119)
(-0.601862459 0.738311721 0.251388343)
(-0.975567506 -0.13143038 -7.3635164e-14)
(-0.129821199 0.416168862 -0.883647251)
(0.376118897 0.908399501 0.0650189852)
(0.270569014 0.839583104 -0.437606866)
(-0.543802992 0.659214618 -0.488712809)
(0 0.458847576 0.87202274)
(0.537015162 -0.778389548 0.276157812)
(-0.376118897 0.908399501 0.0650189852)
(0.689755035 -0.698011349 0.079325499)
(0.931542164 0.0650044661 0.311894271)
(0.55613411 -0.194351692 -0.78961263)
(-0.266653534 -0.89254765 -0.321146726)
(-0.381024556 -0.545170862 0.726800446)
(0.196006291 -0.257483051 0.929767416)
(0.229014593 0.922195791 -0.260263607)
(-0.176843344 0.966410061 -0.0655780806)
(0.646411943 -0.19641608 0.717312454)
(0.668533019 -0.575731154 -0.437131079)
(0.131306802 0.149326 0.965060061)
(-0.299320987 -0.46916718 0.81296923)
(0.300684993 -0.723895023 0.596749802)
(0.87098696 0.457003801 -0.0406820261)
(0.196006291 0.257483051 -0.929767416)
(-0.319871031 -0.334005028 0.869278797)
(0.229014593 0.922195791 0.260263607)
(0.184504943 -0.624750556 -0.738186319)
(0.668533019 -0.575731154 0.437131079)
(-0.698011349 0.079325499 0.689755035)
(0.817511802 -0.233530808 -0.496399192)
(0.717312454 -0.646411943 -0.19641608)
(-0.803700716 -0.360400512 -0.440112593)
(0.388069933 -0.158530772 0.890929886)
(0.865823683 0.453798841 0.117908076)
(0.909731543 0.320494399 -0.198189351)
(0.882516286 0.193355827 -0.391219767)
(0.516166086 0.077257599 0.834991588)
(0.748761345 -0.544043967 -0.336124582)
(-0.12093175 -0.957479371 -0.195488991)
(-0.803700716 -0.360400512 0.440112593)
(0.176843344 0.966410061 -0.0655780806)
(0.882516286 0.193355827 0.391219767)
(0.869278797 0.319871031 0.334005028)
(-0.575731154 0.437131079 -0.668533019)
(-0.586173995 0.778578285 -0.145252908)
(-0.609627872 0.618532609 -0.463569938)
(0.543290426 -0.814271234 -0.104834262)
(0.0647911367 0.438456167 -0.879062372)
(0.337834267 0.816331171 0.436389989)
(-0.586173995 0.778578285 0.145252908)
(-0.609627872 0.618532609 0.463569938)
(-0.636984912 0.393565426 0.639502592)
(0.575731154 0.437131079 -0.668533019)
(-0.0655780806 -0.176843344 -0.966410061)
(-0.477753765 -0.693639221 -0.510002281)
(0.575731154 0.437131079 0.668533019)
(-0.90898663 -0.195444374 0.325704685)
(-0.565948685 0.0400908063 -0.805434454)
(-0.080233056 -0.945716637 -0.261359086)
(-0.0655780806 -0.176843344 0.966410061)
(-0.770634152 0.612622577 -6.99984798e-12)
(0.686709652 -0.356247073 -0.610039138)
(0.723535474 -0.528397953 0.407796331)
(-0.814430016 -0.503458521 -0.229870456)
(0.545170862 -0.726800446 -0.381024556)
(-0.931542164 0.0650044661 -0.311894271)
(-0.834991588 -0.516166086 -0.077257599)
(0.0650189852 -0.376118897 -0.908399501)
(-0.643913322 -0.329786387 -0.668952307)
(0.646684001 -0.733835692 0.1193724)
(-0.263269246 0.694405543 0.646539061)
(-0.774228115 6.22701646e-13 -0.608081562)
(0.975567506 0.13143038 7.36351489e-14)
(-0.0400778387 -0.732459538 -0.657598282)
(0.563689509 0.807226859 -0.0400460582)
(-0.194351692 -0.78961263 0.55613411)
(-0.546627338 -0.269703845 0.774224271)
(-0.761240844 0.4022988 -0.479112389)
(-0.87098696 -0.457003801 0.0406820261)
(-0.117908076 0.865823683 0.453798841)
(0.0400778387 0.732459538 -0.657598282)
(-0.458847576 0.87202274 -5.02004526e-12)
(0.856819093 0.380185238 0.303094062)
(-0.574627877 0.73376114 -0.31714484)
(3.22409601e-27 0.901774243 -0.394709823)
(-0.108742367 -0.976935054 -0.0657176034)
(0.45379884 -0.117908076 -0.865823683)
(-0.17000515 -0.521371778 -0.818628251)
(0.807226859 -0.0400460582 -0.563689509)
(-0.376823135 -0.773914433 -0.478192343)
(0 0.901774243 0.394709823)
(-0.376823135 -0.773914432 0.478192343)
(-0.869278797 0.319871031 0.334005028)
(0.229870456 0.814430016 -0.503458521)
(-0.0647958806 -0.498893627 -0.84727291)
(-0.441313256 -0.514497174 0.714242516)
(-0.805434454 0.565948685 0.0400908063)
(-0.327183994 -0.120915082 0.920573738)
(-0.193355827 -0.391219767 -0.882516286)
(-0.0400908063 0.805434454 -0.565948685)
(-0.285626845 0.933756099 0.130597064)
(-0.441313256 0.514497174 -0.714242516)
(0.0400778387 -0.732459538 -0.657598282)
(0.263269246 -0.694405543 -0.646539061)
(-0.336124582 -0.748761345 -0.544043967)
(0.606009563 -0.157161685 0.759983622)
(-0.193355827 -0.391219767 0.882516286)
(-0.196006291 -0.257483051 0.929767416)
(0.263269246 -0.694405543 0.646539061)
(-0.0650044661 0.311894271 0.931542164)
(-0.336124582 -0.748761345 0.544043967)
(-0.360400512 -0.440112593 0.803700716)
(-0.040622692 0.963801119 -0.197290656)
(0.17000515 0.521371778 -0.818628251)
(0.393565426 -0.639502592 -0.636984912)
(-0.59799052 -0.532195821 0.572859177)
(-0.196006291 0.257483051 -0.929767416)
(-0.975567506 0.13143038 7.3635164e-14)
(-0.498893627 -0.84727291 0.0647958806)
(0.479112389 -0.761240844 -0.4022988)
(0.0650044661 -0.311894271 0.931542164)
(0.393565426 -0.639502592 0.636984912)
(0.723895023 -0.596749802 -0.300684993)
(0.463569938 -0.609627872 0.618532609)
(0.816331171 -0.436389989 -0.337834267)
(0.908399501 0.0650189852 -0.376118897)
(0.55613411 0.194351692 -0.78961263)
(-0.436389989 -0.337834267 0.816331171)
(-0.964219832 6.64257682e-12 -0.203088459)
(0.908399501 0.0650189853 0.376118897)
(0.196006291 0.257483051 0.929767416)
(0.0406985542 0.981650862 0.0656686683)
(0.646411943 0.19641608 0.717312454)
(0.807226859 0.0400460582 0.563689509)
(-0.909731543 -0.320494399 -0.198189351)
(-0.299320987 0.46916718 0.81296923)
(0.300684993 0.723895023 0.596749802)
(0.197290656 -0.040622692 -0.963801119)
(-0.319871031 0.334005028 0.869278797)
(0.261359086 0.080233056 0.945716637)
(0.195444374 -0.325704685 -0.90898663)
(0.184504943 0.624750556 -0.738186319)
(0.773914432 -0.478192343 -0.376823135)
(0.668533019 0.575731154 0.437131079)
(-0.865823683 -0.453798841 -0.117908076)
(0.651192993 0.738394342 0.0400499739)
(-0.457003801 -0.0406820261 0.87098696)
(-0.363064822 0.878544094 0.258793491)
(0.198189351 -0.909731543 0.320494399)
(-0.321146726 -0.266653534 -0.89254765)
(-0.380185238 -0.303094062 0.856819093)
(0.733835692 -0.1193724 0.646684001)
(0.077257599 -0.834991588 0.516166086)
(-0.12093175 0.957479371 -0.195488991)
(-0.803700716 0.360400512 0.440112593)
(-0.22551803 -0.662385796 0.693553585)
(0.733835692 0.1193724 -0.646684001)
(0.726800446 0.381024556 -0.545170862)
(-0.646684001 0.733835692 -0.1193724)
(-0.22551803 0.662385796 -0.693553585)
(-0.261359086 -0.080233056 -0.945716637)
(0.360400512 -0.440112593 0.803700716)
(-0.545170862 0.726800446 0.381024556)
(-0.981650862 -0.0656686683 -0.0406985542)
(-0.748761345 0.544043967 -0.336124582)
(-0.188923784 -0.946973272 -0.195395317)
(0.399504535 0.842827993 0.317807904)
(-0.080233056 -0.945716637 0.261359086)
(0 0.0681304204 0.98301731)
(0.46916718 0.81296923 0.299320987)
(-0.90898663 0.195444374 0.325704685)
(-0.334005028 0.869278797 0.319871031)
(-0.931542164 0.0650044661 0.311894271)
(0.952347064 -0.065574861 -0.243649152)
(0.149326 -0.965060061 -0.131306802)
(0.376118897 -0.908399501 0.0650189853)
(0.609627872 -0.618532609 -0.463569938)
(-0.407796331 0.723535474 0.528397953)
(-0.922195791 -0.260263607 -0.229014593)
(-0.814430016 0.503458521 -0.229870456)
(0.22551803 -0.662385796 -0.693553585)
(-0.933756099 -0.130597064 -0.285626845)
(0.545170862 0.726800446 -0.381024556)
(0.98301731 -1.28362261e-11 -0.0681304205)
(0.149326 -0.965060061 0.131306802)
(0.145252908 -0.586173995 0.778578285)
(-0.0400778387 -0.732459538 0.657598282)
(0.130597064 -0.285626845 0.933756099)
(0.646684001 0.733835692 0.1193724)
(-0.883647251 0.129821199 -0.416168862)
(-0.834991588 0.516166086 0.077257599)
(0.0400460582 0.563689509 -0.807226859)
(0.197290656 0.040622692 0.963801119)
(-0.108742367 0.976935054 -0.0657176034)
(0.0400778387 0.732459538 0.657598282)
(0.803700716 0.360400512 -0.440112593)
(0.732459538 0.657598282 0.0400778387)
(0.317807904 0.399504535 -0.842827993)
(-0.856819093 -0.380185238 -0.303094062)
(0.453798841 -0.117908076 0.865823683)
(0.32891509 0.0406633734 0.926905616)
(0.803700716 0.360400512 0.440112593)
(0.78961263 0.55613411 0.194351692)
(0.453798841 0.117908076 -0.865823683)
(-0.807226859 0.0400460582 0.563689509)
(0.437131079 0.668533019 0.575731154)
(-0.317807904 0.399504535 -0.842827993)
(-0.441313256 0.514497174 0.714242516)
(-0.327183994 0.120915082 0.920573738)
(0.11732753 -0.800259115 0.562761259)
(0.311894271 -0.931542164 0.0650044661)
(0.606009563 0.157161685 0.759983622)
(0.477753765 0.693639221 0.510002281)
(-0.229870456 -0.814430016 -0.503458521)
(0.263269246 0.694405543 0.646539061)
(-0.336124582 0.748761345 0.544043967)
(-0.399504535 0.842827993 -0.317807904)
(-0.360400512 0.440112593 0.803700716)
(-0.565948685 -0.0400908063 -0.805434454)
(-0.229870456 -0.814430016 0.503458521)
(-0.890929886 -0.388069933 -0.158530772)
(-0.778578285 -0.145252908 -0.586173995)
(-0.399504535 0.842827993 0.317807904)
(-0.065574861 0.243649152 -0.952347064)
(0.761240844 0.4022988 0.479112389)
(-0.726800446 -0.381024556 -0.545170862)
(0.816331171 -0.436389989 0.337834267)
(-0.624750556 -0.738186319 -0.184504943)
(-0.778578285 -0.145252908 0.586173995)
(-0.89254765 0.321146726 -0.266653534)
(0.563689509 -0.807226859 0.0400460582)
(0.879062372 0.0647911367 0.438456167)
(-0.723535474 0.528397953 0.407796331)
(-0.624750556 -0.738186319 0.184504943)
(0.922195791 -0.260263607 -0.229014593)
(0.738394342 -0.0400499738 0.651192993)
(-0.693553585 0.22551803 -0.662385796)
(0.080233056 0.945716637 -0.261359086)
(-0.176843344 0.966410061 0.0655780806)
(0.957479371 0.195488991 0.12093175)
(0.89254765 -0.321146726 -0.266653534)
(-0.436389989 0.337834267 0.816331171)
(0.922195791 -0.260263607 0.229014593)
(-0.596749802 0.300684993 0.723895023)
(-0.606009563 0.157161685 0.759983622)
(0.544043967 -0.336124582 0.748761345)
(-0.447169523 -0.195137527 -0.854965866)
(0.926905616 0.32891509 -0.0406633734)
(-0.865823683 0.453798841 -0.117908077)
(-0.356247073 -0.610039138 0.686709652)
(0.198189351 0.909731543 0.320494399)
(-0.380185238 0.303094063 0.856819093)
(-0.865823683 0.453798841 0.117908076)
(0.733835692 0.1193724 0.646684001)
(0.624750556 0.738186319 0.184504943)
(-0.300684993 -0.723895023 0.596749802)
(-0.356247073 0.610039138 -0.686709652)
(-0.119415672 -0.727960657 0.653026079)
(-0.791101484 -0.420800958 -0.409427363)
(0.0400908063 -0.805434454 -0.565948685)
(-0.791101484 -0.420800958 0.409427364)
(0.759983622 0.606009563 -0.157161685)
(-0.693639221 -0.510002281 0.477753765)
(-0.193148608 0.45353539 -0.853208072)
(-0.31714484 0.574627877 -0.73376114)
(-0.188923784 0.946973272 -0.195395317)
(0.759983622 0.606009563 0.157161685)
(-0.693639221 0.510002281 -0.477753765)
(0 0.203088459 0.964219832)
(0.532195821 -0.572859177 0.59799052)
(0.853208072 -0.193148608 -0.45353539)
(0.842827993 -0.317807904 -0.399504535)
(-0.618532609 0.463569938 0.609627872)
(0.609627872 0.618532609 -0.463569938)
(-0.391219767 -0.882516286 0.193355827)
(0.22551803 0.662385796 -0.693553585)
(0.149326 0.965060061 0.131306802)
(0.668952307 -0.643913322 -0.329786387)
(0.145252908 0.586173995 0.778578285)
(0.609627872 0.618532609 0.463569938)
(0.130597064 0.285626845 0.933756099)
(-0.926905616 0.32891509 0.0406633734)
(-0.878544094 -0.258793491 -0.363064822)
(0.203088459 0.964219832 6.6425768e-12)
(0.321146726 0.266653534 0.89254765)
(-0.514497174 -0.714242516 0.441313256)
(0.714242516 -0.441313256 -0.514497174)
(-0.878544094 -0.258793491 0.363064822)
(0.32891509 -0.0406633734 -0.926905616)
(0.320494399 -0.198189351 -0.909731543)
(-0.856819093 0.380185238 -0.303094063)
(-0.269703845 -0.774224271 -0.546627338)
(-0.818628251 -0.17000515 0.521371778)
(-0.73376114 0.31714484 -0.574627877)
(0.478192343 -0.376823135 0.773914432)
(0.440112593 -0.803700716 0.360400512)
(-0.260263607 0.229014593 0.922195791)
(0.311894271 0.931542164 0.0650044661)
(-0.0681304205 -0.98301731 1.32394212e-11)
(-0.1193724 -0.646684001 -0.733835692)
(0.45353539 0.853208072 -0.193148608)
(-0.498893627 -0.84727291 -0.0647958806)
(-0.636984912 -0.393565426 -0.639502592)
(0.11732753 0.800259115 0.562761259)
(0.0681304205 0.98301731 -1.32394212e-11)
(0.537015162 0.778389548 0.276157812)
(0.639502592 -0.636984912 0.393565426)
(0.770634152 0.612622577 -6.9998479e-12)
(-0.565948685 -0.0400908063 0.805434454)
(-0.890929886 -0.388069933 0.158530771)
(0.689755035 0.698011349 0.079325499)
(-0.229870456 0.814430016 0.503458521)
(-0.890929886 0.388069933 -0.158530771)
(-0.393565426 -0.639502592 0.636984912)
(0.0656686684 0.0406985542 0.981650862)
(0.945716637 0.261359086 -0.080233056)
(0.698011349 0.079325499 0.689755035)
(-0.778578285 0.145252908 0.586173995)
(0.717312454 0.646411943 -0.19641608)
(-0.104834262 -0.543290426 -0.814271234)
(-0.723895023 -0.596749802 0.300684993)
(0.963801119 -0.197290656 0.040622692)
(0.964219832 -6.64257678e-12 0.203088459)
(0.89254765 0.321146726 -0.266653534)
(0.817511802 0.233530808 0.496399192)
(-0.723895023 0.596749802 -0.300684993)
(0.363064822 0.878544094 -0.258793491)
(-0.447169523 0.195137527 -0.854965866)
(0.543290426 0.814271234 0.104834262)
(-0.300684993 0.723895023 0.596749802)
(-0.45353539 0.853208072 -0.193148608)
(-0.477753765 0.693639222 -0.510002281)
(-0.0647911367 -0.438456167 -0.879062372)
(0.120915082 -0.920573738 0.327183994)
(-0.285626845 -0.933756099 -0.130597064)
(-0.965060061 -0.131306802 0.149326)
(0.120915082 0.920573738 -0.327183994)
(0.119415672 0.727960657 -0.653026079)
(-0.738186319 -0.184504943 0.624750556)
(0.723535474 0.528397953 0.407796331)
(-0.791101484 0.420800958 0.409427363)
(0.659214618 -0.488712809 -0.543802992)
(0.0647958806 -0.498893627 0.84727291)
(0.065574861 0.243649152 -0.952347064)
(-0.853208072 -0.193148608 -0.45353539)
(-0.158530771 -0.890929886 -0.388069933)
(-0.0650189852 0.376118897 0.908399501)
(-0.0406985543 0.981650862 -0.0656686684)
(0.270569014 -0.839583104 -0.437606866)
(0.438456167 -0.879062372 0.0647911367)
(-0.657598282 -0.0400778387 -0.732459538)
(0.065574861 0.243649152 0.952347064)
(-0.853208072 -0.193148608 0.45353539)
(0.90898663 0.195444374 -0.325704685)
(-0.643913322 0.329786387 0.668952307)
(-0.834991588 0.516166086 -0.077257599)
(0.853208072 0.193148608 -0.45353539)
(-0.562761259 -0.11732753 0.800259115)
(-0.176843344 -0.966410061 -0.0655780806)
(-0.778389548 0.276157812 -0.537015162)
(0.437606866 0.270569014 0.839583104)
(0.732459538 0.657598282 -0.0400778387)
(0.879062372 -0.0647911367 0.438456167)
(0.931542164 0.0650044661 -0.311894271)
(-0.572859177 -0.59799052 -0.532195821)
(0.965060061 -0.131306802 0.149326)
(0.436389989 -0.337834267 -0.816331171)
(-0.381024556 -0.545170862 -0.726800446)
(0.196006291 -0.257483051 -0.929767416)
(-0.376823135 0.773914433 0.478192343)
(-0.319871031 -0.334005028 -0.869278797)
(-0.878544094 0.258793491 0.363064822)
(-0.457003801 0.0406820262 0.87098696)
(-0.818628251 0.17000515 0.521371778)
(-0.229014593 -0.922195791 0.260263607)
(0.320494399 0.198189351 0.909731543)
(0.882516286 -0.193355827 0.391219767)
(-0.478192343 0.376823135 -0.773914432)
(0.516166086 0.077257599 -0.834991588)
(0.869278797 -0.319871031 0.334005028)
(-0.229014593 0.922195791 -0.260263607)
(-0.276157812 0.537015162 -0.778389548)
(0.311894271 -0.931542164 -0.0650044661)
(0.869278797 0.319871031 -0.334005028)
(0.337834267 -0.816331171 0.436389989)
(0.329786387 -0.668952307 0.643913322)
(-0.586173995 -0.778578285 0.145252908)
(-0.609627872 -0.618532609 0.463569938)
(-0.636984912 -0.393565426 0.639502592)
(-0.987768599 -1.61214184e-11 0)
(-0.978325559 -1.01691796e-11 -0.13625676)
(-0.978325559 1.01691796e-11 0.13625676)
(-0.975607036 -0.131413945 -0.0812924559)
(-0.975607036 -0.131413945 0.0812924559)
(-0.975607036 0.131413945 -0.0812924559)
(-0.975607036 0.131413945 0.0812924559)
(-0.954576135 -0.131163079 -0.217410753)
(-0.954576135 -0.131163079 0.217410753)
(-0.954576135 0.131163079 -0.217410753)
(-0.954576135 0.131163079 0.217410753)
(-0.952077301 -0.263126753 -1.88998693e-13)
(-0.952077301 0.263126753 1.88998693e-13)
(-0.950175855 2.39375043e-12 -0.269912398)
(-0.950175855 -2.39375055e-12 0.269912398)
(-0.939423945 -0.25961687 -0.160526973)
(-0.939423945 -0.25961687 0.160526973)
(-0.939423945 0.25961687 -0.160526973)
(-0.939423945 0.25961687 0.160526973)
(-0.91299571 -0.130036434 -0.353859005)
(-0.91299571 -0.130036434 0.353859005)
(-0.91299571 0.130036434 -0.353859005)
(-0.91299571 0.130036434 0.353859005)
(-0.905033464 -0.260867475 -0.297572477)
(-0.905033464 -0.260867475 0.297572477)
(-0.905033464 0.260867475 -0.297572477)
(-0.905033464 0.260867475 0.297572477)
(-0.90385625 1.99132718e-11 -0.398410208)
(-0.90385625 -1.99132718e-11 0.398410208)
(-0.901810053 -0.394728005 -0.0813340334)
(-0.901810053 -0.394728005 0.0813340334)
(-0.901810053 0.394728005 -0.0813340334)
(-0.901810053 0.394728005 0.0813340334)
(-0.880110378 -0.381427378 -0.235809271)
(-0.880110378 -0.381427378 0.235809271)
(-0.880110378 0.381427378 -0.235809271)
(-0.880110378 0.381427378 0.235809271)
(-0.854350577 -0.1296075 -0.478512038)
(-0.854350577 -0.1296075 0.478512038)
(-0.854350577 0.1296075 -0.478512038)
(-0.854350577 0.1296075 0.478512038)
(-0.85211589 -0.25672421 -0.428576671)
(-0.85211589 -0.25672421 0.428576671)
(-0.85211589 0.25672421 -0.428576671)
(-0.85211589 0.25672421 0.428576671)
(-0.840212775 -0.519354955 1.49929487e-12)
(-0.840246136 -2.72005688e-12 -0.519300659)
(-0.840246136 2.72005688e-12 0.519300659)
(-0.840212775 0.519354955 -1.49929487e-12)
(-0.833587656 -0.378928746 -0.370447602)
(-0.833587656 -0.378928746 0.370447602)
(-0.833587656 0.378928746 -0.370447602)
(-0.833587656 0.378928746 0.370447602)
(-0.829868881 -0.512961355 -0.154516808)
(-0.829868881 -0.512961355 0.154516808)
(-0.829868881 0.512961355 -0.154516808)
(-0.829868881 0.512961355 0.154516808)
(-0.799121592 -0.4938843 -0.305237291)
(-0.799121592 -0.4938843 0.305237291)
(-0.799121592 0.4938843 -0.305237291)
(-0.799121592 0.4938843 0.305237291)
(-0.782959244 -0.210403389 -0.56426235)
(-0.782959244 -0.210403389 0.56426235)
(-0.782959244 0.210403389 -0.56426235)
(-0.782959244 0.210403389 0.56426235)
(-0.774248747 -0.0801018436 -0.60811954)
(-0.774248747 -0.0801018435 0.60811954)
(-0.774248747 0.0801018435 -0.60811954)
(-0.774248747 0.0801018436 0.60811954)
(-0.773870385 -0.341930716 -0.509798798)
(-0.773870385 -0.341930716 0.509798798)
(-0.773870385 0.341930716 -0.509798798)
(-0.773870385 0.341930716 0.509798798)
(-0.770666243 -0.61264542 -0.0801617196)
(-0.770666243 -0.61264542 0.0801617196)
(-0.770666243 0.61264542 -0.0801617196)
(-0.770666243 0.61264542 0.0801617196)
(-0.749376379 -0.599396842 -0.234190843)
(-0.749376379 -0.599396842 0.234190843)
(-0.749376379 0.599396842 -0.234190843)
(-0.749376379 0.599396842 0.234190843)
(-0.748696421 -0.462645681 -0.448441473)
(-0.748696421 -0.462645681 0.448441473)
(-0.748696421 0.462645681 -0.448441473)
(-0.748696421 0.462645681 0.448441473)
(-0.702592307 8.6763225e-12 -0.694298814)
(-0.702592307 -8.67632255e-12 0.694298814)
(-0.698454924 -0.594179598 -0.367149022)
(-0.698454924 -0.594179598 0.367149022)
(-0.698454924 0.594179598 -0.367149022)
(-0.698454924 0.594179598 0.367149022)
(-0.694298814 -0.702592307 -8.67632277e-12)
(-0.694298814 0.702592307 8.67632277e-12)
(-0.693708689 -0.292388043 -0.639503165)
(-0.693708689 -0.292388043 0.639503165)
(-0.693708689 0.292388043 -0.639503165)
(-0.693708689 0.292388043 0.639503165)
(-0.693451645 -0.158664274 -0.685300882)
(-0.693451645 -0.158664274 0.685300882)
(-0.693451645 0.158664274 -0.685300882)
(-0.693451645 0.158664274 0.685300882)
(-0.685300882 -0.693451645 -0.158664274)
(-0.685300882 -0.693451645 0.158664274)
(-0.685300882 0.693451645 -0.158664274)
(-0.685300882 0.693451645 0.158664274)
(-0.679807014 -0.420068931 -0.580595904)
(-0.679807014 -0.420068931 0.580595904)
(-0.679807014 0.420068931 -0.580595904)
(-0.679807014 0.420068931 0.580595904)
(-0.639503165 -0.693708689 -0.292388043)
(-0.639503165 -0.693708689 0.292388043)
(-0.639503165 0.693708689 -0.292388043)
(-0.639503165 0.693708689 0.292388043)
(-0.638683296 -0.557349294 -0.507082107)
(-0.638683296 -0.557349294 0.507082107)
(-0.638683296 0.557349294 -0.507082107)
(-0.638683296 0.557349294 0.507082107)
(-0.61264542 -0.0801617196 -0.770666243)
(-0.61264542 -0.0801617196 0.770666243)
(-0.61264542 0.0801617196 -0.770666243)
(-0.61264542 0.0801617196 0.770666243)
(-0.60811954 -0.774248747 -0.0801018435)
(-0.60811954 -0.774248747 0.0801018436)
(-0.60811954 0.774248747 -0.0801018436)
(-0.60811954 0.774248747 0.0801018435)
(-0.599396842 -0.234190843 -0.749376379)
(-0.599396842 -0.234190843 0.749376379)
(-0.599396842 0.234190843 -0.749376379)
(-0.599396842 0.234190843 0.749376379)
(-0.594179598 -0.367149022 -0.698454924)
(-0.594179598 -0.367149022 0.698454924)
(-0.594179598 0.367149022 -0.698454924)
(-0.594179598 0.367149022 0.698454924)
(-0.580595904 -0.679807014 -0.420068931)
(-0.580595904 -0.679807014 0.420068931)
(-0.580595904 0.679807014 -0.420068931)
(-0.580595904 0.679807014 0.420068931)
(-0.56426235 -0.782959244 -0.210403389)
(-0.56426235 -0.782959244 0.210403389)
(-0.56426235 0.782959244 -0.210403389)
(-0.56426235 0.782959244 0.210403389)
(-0.557349294 -0.507082107 -0.638683296)
(-0.557349294 -0.507082107 0.638683296)
(-0.557349294 0.507082107 -0.638683296)
(-0.557349294 0.507082107 0.638683296)
(-0.519300659 -0.840246136 2.72005674e-12)
(-0.519354955 -1.49929487e-12 -0.840212775)
(-0.519354955 1.49929487e-12 0.840212775)
(-0.519300659 0.840246136 -2.72005674e-12)
(-0.512961355 -0.154516808 -0.829868881)
(-0.512961355 -0.154516808 0.829868881)
(-0.512961355 0.154516808 -0.829868881)
(-0.512961355 0.154516808 0.829868881)
(-0.509798798 -0.773870385 -0.341930716)
(-0.509798798 -0.773870385 0.341930716)
(-0.509798798 0.773870385 -0.341930716)
(-0.509798798 0.773870385 0.341930716)
(-0.507082107 -0.638683296 -0.557349294)
(-0.507082107 -0.638683296 0.557349294)
(-0.507082107 0.638683296 -0.557349294)
(-0.507082107 0.638683296 0.557349294)
(-0.4938843 -0.305237291 -0.799121592)
(-0.4938843 -0.305237291 0.799121592)
(-0.4938843 0.305237291 -0.799121592)
(-0.4938843 0.305237291 0.799121592)
(-0.478512038 -0.854350577 -0.1296075)
(-0.478512038 -0.854350577 0.1296075)
(-0.478512038 0.854350577 -0.1296075)
(-0.478512038 0.854350577 0.1296075)
(-0.462645681 -0.448441473 -0.748696421)
(-0.462645681 -0.448441473 0.748696421)
(-0.462645681 0.448441473 -0.748696421)
(-0.462645681 0.448441473 0.748696421)
(-0.448441473 -0.748696421 -0.462645681)
(-0.448441473 -0.748696421 0.462645681)
(-0.448441473 0.748696421 -0.462645681)
(-0.448441473 0.748696421 0.462645681)
(-0.428576671 -0.85211589 -0.25672421)
(-0.428576671 -0.85211589 0.25672421)
(-0.428576671 0.85211589 -0.25672421)
(-0.428576671 0.85211589 0.25672421)
(-0.420068931 -0.580595904 -0.679807014)
(-0.420068931 -0.580595904 0.679807014)
(-0.420068931 0.580595904 -0.679807014)
(-0.420068931 0.580595904 0.679807014)
(-0.398410208 -0.90385625 -1.9913272e-11)
(-0.398410208 0.90385625 1.99132719e-11)
(-0.394728005 -0.0813340334 -0.901810053)
(-0.394728005 -0.0813340334 0.901810053)
(-0.394728005 0.0813340334 -0.901810053)
(-0.394728005 0.0813340334 0.901810053)
(-0.381427378 -0.235809271 -0.880110378)
(-0.381427378 -0.235809271 0.880110378)
(-0.381427378 0.235809271 -0.880110378)
(-0.381427378 0.235809271 0.880110378)
(-0.378928746 -0.370447602 -0.833587656)
(-0.378928746 -0.370447602 0.833587656)
(-0.378928746 0.370447602 -0.833587656)
(-0.378928746 0.370447602 0.833587656)
(-0.370447602 -0.833587656 -0.378928746)
(-0.370447602 -0.833587656 0.378928746)
(-0.370447602 0.833587656 -0.378928746)
(-0.370447602 0.833587656 0.378928746)
(-0.367149022 -0.698454924 -0.594179598)
(-0.367149022 -0.698454924 0.594179598)
(-0.367149022 0.698454924 -0.594179598)
(-0.367149022 0.698454924 0.594179598)
(-0.353859005 -0.91299571 -0.130036434)
(-0.353859005 -0.91299571 0.130036434)
(-0.353859005 0.91299571 -0.130036434)
(-0.353859005 0.91299571 0.130036434)
(-0.341930716 -0.509798798 -0.773870385)
(-0.341930716 -0.509798798 0.773870385)
(-0.341930716 0.509798798 -0.773870385)
(-0.341930716 0.509798798 0.773870385)
(-0.305237291 -0.799121592 -0.4938843)
(-0.305237291 -0.799121592 0.4938843)
(-0.305237291 0.799121592 -0.4938843)
(-0.305237291 0.799121592 0.4938843)
(-0.297572477 -0.905033464 -0.260867475)
(-0.297572477 -0.905033464 0.260867475)
(-0.297572477 0.905033464 -0.260867475)
(-0.297572477 0.905033464 0.260867475)
(-0.292388043 -0.639503165 -0.693708689)
(-0.292388043 -0.639503165 0.693708689)
(-0.292388043 0.639503165 -0.693708689)
(-0.292388043 0.639503165 0.693708689)
(-0.269912398 -0.950175855 -2.39375031e-12)
(-0.269912398 0.950175855 2.39375031e-12)
(-0.263126753 1.88998639e-13 -0.952077301)
(-0.263126753 -1.88998639e-13 0.952077301)
(-0.260867475 -0.297572477 -0.905033464)
(-0.260867475 -0.297572477 0.905033464)
(-0.260867475 0.297572477 -0.905033464)
(-0.260867475 0.297572477 0.905033464)
(-0.25961687 -0.160526973 -0.939423945)
(-0.25961687 -0.160526973 0.939423945)
(-0.25961687 0.160526973 -0.939423945)
(-0.25961687 0.160526973 0.939423945)
(-0.25672421 -0.428576671 -0.85211589)
(-0.25672421 -0.428576671 0.85211589)
(-0.25672421 0.428576671 -0.85211589)
(-0.25672421 0.428576671 0.85211589)
(-0.235809271 -0.880110378 -0.381427378)
(-0.235809271 -0.880110378 0.381427378)
(-0.235809271 0.880110378 -0.381427378)
(-0.235809271 0.880110378 0.381427378)
(-0.234190843 -0.749376379 -0.599396842)
(-0.234190843 -0.749376379 0.599396842)
(-0.234190843 0.749376379 -0.599396842)
(-0.234190843 0.749376379 0.599396842)
(-0.217410753 -0.954576135 -0.131163079)
(-0.217410753 -0.954576135 0.131163079)
(-0.217410753 0.954576135 -0.131163079)
(-0.217410753 0.954576135 0.131163079)
(-0.210403389 -0.56426235 -0.782959244)
(-0.210403389 -0.56426235 0.782959244)
(-0.210403389 0.56426235 -0.782959244)
(-0.210403389 0.56426235 0.782959244)
(-0.160526973 -0.939423945 -0.25961687)
(-0.160526973 -0.939423945 0.25961687)
(-0.160526973 0.939423945 -0.25961687)
(-0.160526973 0.939423945 0.25961687)
(-0.158664274 -0.685300882 -0.693451645)
(-0.158664274 -0.685300882 0.693451645)
(-0.158664274 0.685300882 -0.693451645)
(-0.158664274 0.685300882 0.693451645)
(-0.154516808 -0.829868881 -0.512961355)
(-0.154516808 -0.829868881 0.512961355)
(-0.154516808 0.829868881 -0.512961355)
(-0.154516808 0.829868881 0.512961355)
(-0.13625676 -0.978325559 1.01691796e-11)
(-0.13625676 0.978325559 -1.01691796e-11)
(-0.131413945 -0.0812924559 -0.975607036)
(-0.131413945 -0.0812924559 0.975607036)
(-0.131413945 0.0812924559 -0.975607036)
(-0.131413945 0.0812924559 0.975607036)
(-0.131163079 -0.217410753 -0.954576135)
(-0.131163079 -0.217410753 0.954576135)
(-0.131163079 0.217410753 -0.954576135)
(-0.131163079 0.217410753 0.954576135)
(-0.130036434 -0.353859005 -0.91299571)
(-0.130036434 -0.353859005 0.91299571)
(-0.130036434 0.353859005 -0.91299571)
(-0.130036434 0.353859005 0.91299571)
(-0.1296075 -0.478512038 -0.854350577)
(-0.1296075 -0.478512038 0.854350577)
(-0.1296075 0.478512038 -0.854350577)
(-0.1296075 0.478512038 0.854350577)
(-0.0813340334 -0.901810053 -0.394728005)
(-0.0813340334 -0.901810053 0.394728005)
(-0.0813340334 0.901810053 -0.394728005)
(-0.0813340334 0.901810053 0.394728005)
(-0.081292456 -0.975607036 -0.131413945)
(-0.0812924559 -0.975607036 0.131413945)
(-0.0812924559 0.975607036 -0.131413945)
(-0.081292456 0.975607036 0.131413945)
(-0.0801617196 -0.770666243 -0.61264542)
(-0.0801617196 -0.770666243 0.61264542)
(-0.0801617196 0.770666243 -0.61264542)
(-0.0801617196 0.770666243 0.61264542)
(-0.0801018435 -0.60811954 -0.774248747)
(-0.0801018435 -0.60811954 0.774248747)
(-0.0801018435 0.60811954 -0.774248747)
(-0.0801018435 0.60811954 0.774248747)
(2.72048158e-20 -0.987768599 -1.6039027e-11)
(-2.72331587e-20 -0.952077301 -0.263126753)
(2.72331587e-20 -0.952077301 0.263126753)
(1.63279449e-19 -0.840212775 -0.519354955)
(0 -0.840212775 0.519354955)
(-2.71982288e-20 -0.694298814 -0.702592307)
(2.71982288e-20 -0.694298814 0.702592307)
(-1.08759479e-19 -0.519300659 -0.840246136)
(0 -0.519300659 0.840246136)
(-8.1582081e-20 -0.398410208 -0.90385625)
(1.35970135e-20 -0.398410208 0.90385625)
(1.0878347e-19 -0.269912398 -0.950175855)
(-6.79896685e-20 -0.269912398 0.950175855)
(4.07913739e-20 -0.13625676 -0.978325559)
(4.07913739e-20 -0.13625676 0.978325559)
(-1.61214184e-11 -1.44130107e-13 -0.987768599)
(1.61214184e-11 1.44130107e-13 0.987768599)
(1.35971246e-20 0.13625676 -0.978325559)
(2.71942493e-20 0.13625676 0.978325559)
(-1.35979337e-20 0.269912398 -0.950175855)
(9.51855359e-20 0.269912398 0.950175855)
(1.35970135e-20 0.398410208 -0.90385625)
(-8.1582081e-20 0.398410208 0.90385625)
(0 0.519300659 -0.840246136)
(-1.08759479e-19 0.519300659 0.840246136)
(2.71982288e-20 0.694298814 -0.702592307)
(-2.71982288e-20 0.694298814 0.702592307)
(0 0.840212775 -0.519354955)
(1.08852966e-19 0.840212775 0.519354955)
(-2.72331587e-20 0.952077301 -0.263126753)
(-2.72331587e-20 0.952077301 0.263126753)
(0 0.987768599 1.6039027e-11)
(0.0801018435 -0.60811954 -0.774248747)
(0.0801018435 -0.60811954 0.774248747)
(0.0801018435 0.60811954 -0.774248747)
(0.0801018435 0.60811954 0.774248747)
(0.0801617196 -0.770666243 -0.61264542)
(0.0801617196 -0.770666243 0.61264542)
(0.0801617196 0.770666243 -0.61264542)
(0.0801617196 0.770666243 0.61264542)
(0.081292456 -0.975607036 -0.131413945)
(0.0812924559 -0.975607036 0.131413945)
(0.0812924559 0.975607036 -0.131413945)
(0.081292456 0.975607036 0.131413945)
(0.0813340334 -0.901810053 -0.394728005)
(0.0813340334 -0.901810053 0.394728005)
(0.0813340334 0.901810053 -0.394728005)
(0.0813340334 0.901810053 0.394728005)
(0.1296075 -0.478512038 -0.854350577)
(0.1296075 -0.478512038 0.854350577)
(0.1296075 0.478512038 -0.854350577)
(0.1296075 0.478512038 0.854350577)
(0.130036434 -0.353859005 -0.91299571)
(0.130036434 -0.353859005 0.91299571)
(0.130036434 0.353859005 -0.91299571)
(0.130036434 0.353859005 0.91299571)
(0.131163079 -0.217410753 -0.954576135)
(0.131163079 -0.217410753 0.954576135)
(0.131163079 0.217410753 -0.954576135)
(0.131163079 0.217410753 0.954576135)
(0.131413945 -0.0812924559 -0.975607036)
(0.131413945 -0.0812924559 0.975607036)
(0.131413945 0.0812924559 -0.975607036)
(0.131413945 0.0812924559 0.975607036)
(0.13625676 -0.978325559 1.01691796e-11)
(0.13625676 0.978325559 -1.01691796e-11)
(0.154516808 -0.829868881 -0.512961355)
(0.154516808 -0.829868881 0.512961355)
(0.154516808 0.829868881 -0.512961355)
(0.154516808 0.829868881 0.512961355)
(0.158664274 -0.685300882 -0.693451645)
(0.158664274 -0.685300882 0.693451645)
(0.158664274 0.685300882 -0.693451645)
(0.158664274 0.685300882 0.693451645)
(0.160526973 -0.939423945 -0.25961687)
(0.160526973 -0.939423945 0.25961687)
(0.160526973 0.939423945 -0.25961687)
(0.160526973 0.939423945 0.25961687)
(0.210403389 -0.56426235 -0.782959244)
(0.210403389 -0.56426235 0.782959244)
(0.210403389 0.56426235 -0.782959244)
(0.210403389 0.56426235 0.782959244)
(0.217410753 -0.954576135 -0.131163079)
(0.217410753 -0.954576135 0.131163079)
(0.217410753 0.954576135 -0.131163079)
(0.217410753 0.954576135 0.131163079)
(0.234190843 -0.749376379 -0.599396842)
(0.234190843 -0.749376379 0.599396842)
(0.234190843 0.749376379 -0.599396842)
(0.234190843 0.749376379 0.599396842)
(0.235809271 -0.880110378 -0.381427378)
(0.235809271 -0.880110378 0.381427378)
(0.235809271 0.880110378 -0.381427378)
(0.235809271 0.880110378 0.381427378)
(0.25672421 -0.428576671 -0.85211589)
(0.25672421 -0.428576671 0.85211589)
(0.25672421 0.428576671 -0.85211589)
(0.25672421 0.428576671 0.85211589)
(0.25961687 -0.160526973 -0.939423945)
(0.25961687 -0.160526973 0.939423945)
(0.25961687 0.160526973 -0.939423945)
(0.25961687 0.160526973 0.939423945)
(0.260867475 -0.297572477 -0.905033464)
(0.260867475 -0.297572477 0.905033464)
(0.260867475 0.297572477 -0.905033464)
(0.260867475 0.297572477 0.905033464)
(0.263126753 1.8899872e-13 -0.952077301)
(0.263126753 -1.8899872e-13 0.952077301)
(0.269912398 -0.950175855 -2.39375041e-12)
(0.269912398 0.950175855 2.39375043e-12)
(0.292388043 -0.639503165 -0.693708689)
(0.292388043 -0.639503165 0.693708689)
(0.292388043 0.639503165 -0.693708689)
(0.292388043 0.639503165 0.693708689)
(0.297572477 -0.905033464 -0.260867475)
(0.297572477 -0.905033464 0.260867475)
(0.297572477 0.905033464 -0.260867475)
(0.297572477 0.905033464 0.260867475)
(0.305237291 -0.799121592 -0.4938843)
(0.305237291 -0.799121592 0.4938843)
(0.305237291 0.799121592 -0.4938843)
(0.305237291 0.799121592 0.4938843)
(0.341930716 -0.509798798 -0.773870385)
(0.341930716 -0.509798798 0.773870385)
(0.341930716 0.509798798 -0.773870385)
(0.341930716 0.509798798 0.773870385)
(0.353859005 -0.91299571 -0.130036434)
(0.353859005 -0.91299571 0.130036434)
(0.353859005 0.91299571 -0.130036434)
(0.353859005 0.91299571 0.130036434)
(0.367149022 -0.698454924 -0.594179598)
(0.367149022 -0.698454924 0.594179598)
(0.367149022 0.698454924 -0.594179598)
(0.367149022 0.698454924 0.594179598)
(0.370447602 -0.833587656 -0.378928746)
(0.370447602 -0.833587656 0.378928746)
(0.370447602 0.833587656 -0.378928746)
(0.370447602 0.833587656 0.378928746)
(0.378928746 -0.370447602 -0.833587656)
(0.378928746 -0.370447602 0.833587656)
(0.378928746 0.370447602 -0.833587656)
(0.378928746 0.370447602 0.833587656)
(0.381427378 -0.235809271 -0.880110378)
(0.381427378 -0.235809271 0.880110378)
(0.381427378 0.235809271 -0.880110378)
(0.381427378 0.235809271 0.880110378)
(0.394728005 -0.0813340334 -0.901810053)
(0.394728005 -0.0813340334 0.901810053)
(0.394728005 0.0813340334 -0.901810053)
(0.394728005 0.0813340334 0.901810053)
(0.398410208 -0.90385625 -1.99132718e-11)
(0.398410208 0.90385625 1.99132718e-11)
(0.420068931 -0.580595904 -0.679807014)
(0.420068931 -0.580595904 0.679807014)
(0.420068931 0.580595904 -0.679807014)
(0.420068931 0.580595904 0.679807014)
(0.428576671 -0.85211589 -0.25672421)
(0.428576671 -0.85211589 0.25672421)
(0.428576671 0.85211589 -0.25672421)
(0.428576671 0.85211589 0.25672421)
(0.448441473 -0.748696421 -0.462645681)
(0.448441473 -0.748696421 0.462645681)
(0.448441473 0.748696421 -0.462645681)
(0.448441473 0.748696421 0.462645681)
(0.462645681 -0.448441473 -0.748696421)
(0.462645681 -0.448441473 0.748696421)
(0.462645681 0.448441473 -0.748696421)
(0.462645681 0.448441473 0.748696421)
(0.478512038 -0.854350577 -0.1296075)
(0.478512038 -0.854350577 0.1296075)
(0.478512038 0.854350577 -0.1296075)
(0.478512038 0.854350577 0.1296075)
(0.4938843 -0.305237291 -0.799121592)
(0.4938843 -0.305237291 0.799121592)
(0.4938843 0.305237291 -0.799121592)
(0.4938843 0.305237291 0.799121592)
(0.507082107 -0.638683296 -0.557349294)
(0.507082107 -0.638683296 0.557349294)
(0.507082107 0.638683296 -0.557349294)
(0.507082107 0.638683296 0.557349294)
(0.509798798 -0.773870385 -0.341930716)
(0.509798798 -0.773870385 0.341930716)
(0.509798798 0.773870385 -0.341930716)
(0.509798798 0.773870385 0.341930716)
(0.512961355 -0.154516808 -0.829868881)
(0.512961355 -0.154516808 0.829868881)
(0.512961355 0.154516808 -0.829868881)
(0.512961355 0.154516808 0.829868881)
(0.519300659 -0.840246136 2.72005688e-12)
(0.519354955 -1.49929503e-12 -0.840212775)
(0.519354955 1.49929503e-12 0.840212775)
(0.519300659 0.840246136 -2.72005688e-12)
(0.557349294 -0.507082107 -0.638683296)
(0.557349294 -0.507082107 0.638683296)
(0.557349294 0.507082107 -0.638683296)
(0.557349294 0.507082107 0.638683296)
(0.56426235 -0.782959244 -0.210403389)
(0.56426235 -0.782959244 0.210403389)
(0.56426235 0.782959244 -0.210403389)
(0.56426235 0.782959244 0.210403389)
(0.580595904 -0.679807014 -0.420068931)
(0.580595904 -0.679807014 0.420068931)
(0.580595904 0.679807014 -0.420068931)
(0.580595904 0.679807014 0.420068931)
(0.594179598 -0.367149022 -0.698454924)
(0.594179598 -0.367149022 0.698454924)
(0.594179598 0.367149022 -0.698454924)
(0.594179598 0.367149022 0.698454924)
(0.599396842 -0.234190843 -0.749376379)
(0.599396842 -0.234190843 0.749376379)
(0.599396842 0.234190843 -0.749376379)
(0.599396842 0.234190843 0.749376379)
(0.60811954 -0.774248747 -0.0801018435)
(0.60811954 -0.774248747 0.0801018436)
(0.60811954 0.774248747 -0.0801018436)
(0.60811954 0.774248747 0.0801018435)
(0.61264542 -0.0801617196 -0.770666243)
(0.61264542 -0.0801617196 0.770666243)
(0.61264542 0.0801617196 -0.770666243)
(0.61264542 0.0801617196 0.770666243)
(0.638683296 -0.557349294 -0.507082107)
(0.638683296 -0.557349294 0.507082107)
(0.638683296 0.557349294 -0.507082107)
(0.638683296 0.557349294 0.507082107)
(0.639503165 -0.693708689 -0.292388043)
(0.639503165 -0.693708689 0.292388043)
(0.639503165 0.693708689 -0.292388043)
(0.639503165 0.693708689 0.292388043)
(0.679807014 -0.420068931 -0.580595904)
(0.679807014 -0.420068931 0.580595904)
(0.679807014 0.420068931 -0.580595904)
(0.679807014 0.420068931 0.580595904)
(0.685300882 -0.693451645 -0.158664274)
(0.685300882 -0.693451645 0.158664274)
(0.685300882 0.693451645 -0.158664274)
(0.685300882 0.693451645 0.158664274)
(0.693451645 -0.158664274 -0.685300882)
(0.693451645 -0.158664274 0.685300882)
(0.693451645 0.158664274 -0.685300882)
(0.693451645 0.158664274 0.685300882)
(0.693708689 -0.292388043 -0.639503165)
(0.693708689 -0.292388043 0.639503165)
(0.693708689 0.292388043 -0.639503165)
(0.693708689 0.292388043 0.639503165)
(0.694298814 -0.702592307 -8.67632271e-12)
(0.694298814 0.702592307 8.67632271e-12)
(0.698454924 -0.594179598 -0.367149022)
(0.698454924 -0.594179598 0.367149022)
(0.698454924 0.594179598 -0.367149022)
(0.698454924 0.594179598 0.367149022)
(0.702592307 8.6763226e-12 -0.694298814)
(0.702592307 -8.6763226e-12 0.694298814)
(0.748696421 -0.462645681 -0.448441473)
(0.748696421 -0.462645681 0.448441473)
(0.748696421 0.462645681 -0.448441473)
(0.748696421 0.462645681 0.448441473)
(0.749376379 -0.599396842 -0.234190843)
(0.749376379 -0.599396842 0.234190843)
(0.749376379 0.599396842 -0.234190843)
(0.749376379 0.599396842 0.234190843)
(0.770666243 -0.61264542 -0.0801617196)
(0.770666243 -0.61264542 0.0801617196)
(0.770666243 0.61264542 -0.0801617196)
(0.770666243 0.61264542 0.0801617196)
(0.773870385 -0.341930716 -0.509798798)
(0.773870385 -0.341930716 0.509798798)
(0.773870385 0.341930716 -0.509798798)
(0.773870385 0.341930716 0.509798798)
(0.774248747 -0.0801018436 -0.60811954)
(0.774248747 -0.0801018435 0.60811954)
(0.774248747 0.0801018435 -0.60811954)
(0.774248747 0.0801018436 0.60811954)
(0.782959244 -0.210403389 -0.56426235)
(0.782959244 -0.210403389 0.56426235)
(0.782959244 0.210403389 -0.56426235)
(0.782959244 0.210403389 0.56426235)
(0.799121592 -0.4938843 -0.305237291)
(0.799121592 -0.4938843 0.305237291)
(0.799121592 0.4938843 -0.305237291)
(0.799121592 0.4938843 0.305237291)
(0.829868881 -0.512961355 -0.154516808)
(0.829868881 -0.512961355 0.154516808)
(0.829868881 0.512961355 -0.154516808)
(0.829868881 0.512961355 0.154516808)
(0.833587656 -0.378928746 -0.370447602)
(0.833587656 -0.378928746 0.370447602)
(0.833587656 0.378928746 -0.370447602)
(0.833587656 0.378928746 0.370447602)
(0.840212775 -0.519354955 1.49929474e-12)
(0.840246136 -2.72005677e-12 -0.519300659)
(0.840246136 2.72005677e-12 0.519300659)
(0.840212775 0.519354955 -1.49929473e-12)
(0.85211589 -0.25672421 -0.428576671)
(0.85211589 -0.25672421 0.428576671)
(0.85211589 0.25672421 -0.428576671)
(0.85211589 0.25672421 0.428576671)
(0.854350577 -0.1296075 -0.478512038)
(0.854350577 -0.1296075 0.478512038)
(0.854350577 0.1296075 -0.478512038)
(0.854350577 0.1296075 0.478512038)
(0.880110378 -0.381427378 -0.235809271)
(0.880110378 -0.381427378 0.235809271)
(0.880110378 0.381427378 -0.235809271)
(0.880110378 0.381427378 0.235809271)
(0.901810053 -0.394728005 -0.0813340334)
(0.901810053 -0.394728005 0.0813340334)
(0.901810053 0.394728005 -0.0813340334)
(0.901810053 0.394728005 0.0813340334)
(0.90385625 1.99132719e-11 -0.398410208)
(0.90385625 -1.9913272e-11 0.398410208)
(0.905033464 -0.260867475 -0.297572477)
(0.905033464 -0.260867475 0.297572477)
(0.905033464 0.260867475 -0.297572477)
(0.905033464 0.260867475 0.297572477)
(0.91299571 -0.130036434 -0.353859005)
(0.91299571 -0.130036434 0.353859005)
(0.91299571 0.130036434 -0.353859005)
(0.91299571 0.130036434 0.353859005)
(0.939423945 -0.25961687 -0.160526973)
(0.939423945 -0.25961687 0.160526973)
(0.939423945 0.25961687 -0.160526973)
(0.939423945 0.25961687 0.160526973)
(0.950175855 2.39375041e-12 -0.269912398)
(0.950175855 -2.39375035e-12 0.269912398)
(0.952077301 -0.263126753 -1.88998612e-13)
(0.952077301 0.263126753 1.88998612e-13)
(0.954576135 -0.131163079 -0.217410753)
(0.954576135 -0.131163079 0.217410753)
(0.954576135 0.131163079 -0.217410753)
(0.954576135 0.131163079 0.217410753)
(0.975607036 -0.131413945 -0.0812924559)
(0.975607036 -0.131413945 0.0812924559)
(0.975607036 0.131413945 -0.0812924559)
(0.975607036 0.131413945 0.0812924559)
(0.978325559 -1.01691796e-11 -0.13625676)
(0.978325559 1.01691797e-11 0.13625676)
(0.987768599 1.61214184e-11 0)
(0.743192673 0.413302759 -0.51929912)
(-0.378251841 0.758019725 -0.523310264)
(-0.399398873 -0.44838356 -0.795099517)
(0.61798203 -0.436816295 -0.647156596)
(0.544728339 -0.446371327 -0.703873316)
(0.972923279 0.0442641576 -0.210445265)
(0.933762133 0.0438851217 -0.344950229)
(0.950878521 0.0881492794 -0.283870786)
(-0.201371724 0.496527274 -0.840082328)
(0.99270908 -0.0443570366 -0.0733982349)
(-0.379348685 0.803621292 -0.4506812)
(0.210445265 -0.972923279 -0.0442641576)
(-0.210445265 -0.972923279 -0.0442641576)
(-0.344950229 -0.933762133 -0.0438851217)
(-0.283870786 -0.950878521 -0.0881492794)
(-0.293201576 -0.93564711 -0.176176866)
(-0.36445875 -0.901072403 -0.218543351)
(-0.0733982349 -0.99270908 -0.0443570366)
(-0.146770579 -0.981506606 -0.0886211942)
(-0.370062004 -0.874274691 -0.302529474)
(-0.830010533 -0.329886228 -0.441682915)
(-0.812923114 -0.273022607 -0.50708727)
(-0.883720716 -0.344627957 -0.304991464)
(-0.874274691 -0.302529474 -0.370062004)
(-0.759470244 -0.285060162 -0.578261713)
(-0.72465082 -0.355827669 -0.583772918)
(-0.991792242 0.0887140731 0)
(-0.979746004 0.177515636 0)
(0.4506812 -0.379348685 -0.803621292)
(0.523310264 -0.378251841 -0.758019725)
(0.933762133 -0.0438851217 -0.344950229)
(-0.542027891 0.234179263 -0.802615742)
(-0.0442641576 0.210445265 -0.972923279)
(0.0442641576 0.210445265 -0.972923279)
(0.972923279 -0.0442641576 -0.210445265)
(0.981506606 -0.0886211942 -0.146770579)
(0.950878521 -0.0881492794 -0.283870786)
(0.96837916 -0.176243042 -0.154939783)
(0.901425779 -0.0876185795 -0.415341934)
(0.846733809 -0.468481958 -0.234709466)
(0.633007646 -0.500985026 -0.582579494)
(0.647156596 -0.61798203 -0.436816295)
(0.795099517 0.399398873 -0.44838356)
(0.830010533 0.329886228 -0.441682915)
(0.847978334 0.423267037 -0.307577501)
(0.803621292 0.4506812 -0.379348685)
(0.846733809 0.468481958 -0.234709466)
(0.802615742 0.542027891 -0.234179263)
(0.883967459 0.174249222 -0.425519665)
(0.901425779 0.0876185795 -0.415341934)
(0.96837916 0.176243042 -0.154939783)
(0.99270908 0.0443570366 -0.0733982349)
(0.981506606 0.0886211942 -0.146770579)
(-0.51929912 0.743192673 -0.413302759)
(-0.44838356 0.795099517 -0.399398873)
(-0.441682915 0.830010533 -0.329886228)
(-0.370062004 0.874274691 -0.302529474)
(0.201371724 0.496527274 -0.840082328)
(0.0733982349 0.99270908 -0.0443570366)
(0.210445265 0.972923279 0.0442641576)
(-0.0733982349 0.99270908 -0.0443570366)
(0 0.991792242 -0.0887140731)
(0 0.979746004 -0.177515636)
(-0.146770579 0.981506606 -0.0886211942)
(0.210445265 0.972923279 -0.0442641576)
(0.146770579 0.981506606 -0.0886211942)
(0.0815944771 0.94263343 -0.309625765)
(0.0815674389 0.967535396 -0.220780447)
(0.154939783 0.96837916 -0.176243042)
(-0.210445265 0.972923279 -0.0442641576)
(-0.0733982349 -0.99270908 0.0443570366)
(0.283870786 0.950878521 0.0881492794)
(0.293201576 0.93564711 0.176176866)
(0.36445875 0.901072403 0.218543351)
(-0.234131893 -0.91943574 0.304378559)
(-0.355827669 -0.583772918 -0.72465082)
(-0.364359339 -0.647434632 -0.664000571)
(-0.413302759 -0.51929912 -0.743192673)
(0.146770579 -0.981506606 -0.0886211942)
(0.0733982349 -0.99270908 -0.0443570366)
(0 -0.991792242 -0.0887140731)
(-0.725630621 -0.677855909 -0.0805879608)
(-0.823677679 -0.555076381 -0.0791921044)
(-0.867937048 -0.481532216 -0.0795860142)
(-0.881388962 -0.435017645 -0.159144993)
(-0.670776506 -0.732390404 -0.0805694411)
(-0.846733809 -0.468481958 -0.234709466)
(-0.471176028 -0.876874506 0.0437334577)
(-0.847978334 -0.423267037 -0.307577501)
(-0.541938245 -0.833141049 -0.070762222)
(-0.471176028 -0.876874506 -0.0437334577)
(-0.415341934 -0.901425779 -0.0876185795)
(-0.425519665 -0.883967459 -0.174249222)
(-0.633007646 -0.500985026 -0.582579494)
(-0.48600316 -0.518383731 -0.697568039)
(-0.795099517 -0.399398873 -0.44838356)
(-0.703873316 -0.544728339 -0.446371327)
(-0.743192673 -0.413302759 -0.51929912)
(-0.697568039 -0.48600316 -0.518383731)
(-0.803621292 -0.4506812 -0.379348685)
(-0.758019725 -0.523310264 -0.378251841)
(-0.802615742 -0.542027891 -0.234179263)
(-0.744212389 -0.643037061 -0.159616736)
(-0.793011526 -0.582107743 -0.15822088)
(-0.7582587 -0.569442034 -0.305950453)
(-0.704390327 -0.636878649 -0.301612983)
(-0.699948231 -0.670393825 -0.23123765)
(0.309625765 -0.0815944771 -0.94263343)
(-0.329886228 -0.441682915 -0.830010533)
(-0.302529474 -0.370062004 -0.874274691)
(-0.344627957 -0.304991464 -0.883720716)
(0.425519665 -0.883967459 0.174249222)
(-0.99270908 0.0443570366 0.0733982349)
(-0.972923279 -0.0442641576 0.210445265)
(-0.99270908 -0.0443570366 -0.0733982349)
(-0.99270908 0.0443570366 -0.0733982349)
(-0.981506606 -0.0886211942 -0.146770579)
(-0.840082328 -0.201371724 -0.496527274)
(-0.803621292 0.4506812 -0.379348685)
(-0.758019725 0.523310264 -0.378251841)
(-0.929942071 0.355206271 0)
(-0.670393825 0.23123765 -0.699948231)
(-0.759512901 0.151577065 -0.626891375)
(-0.73233517 0.223216499 -0.637481332)
(-0.0443570366 -0.0733982349 -0.99270908)
(-0.0886211942 -0.146770579 -0.981506606)
(-0.0886211942 0.146770579 -0.981506606)
(-0.177515636 0 -0.979746004)
(-0.0443570366 0.0733982349 -0.99270908)
(-0.0887140731 0 -0.991792242)
(-0.4506812 0.379348685 -0.803621292)
(-0.302529474 0.370062004 -0.874274691)
(0.72465082 0.355827669 -0.583772918)
(0.355206271 0 -0.929942071)
(0.435017645 0.159144993 -0.881388962)
(0.664000571 -0.364359339 -0.647434632)
(0.650586943 0 -0.754438579)
(0.759655933 0 -0.644730349)
(0.569442034 -0.305950453 -0.7582587)
(0.636878649 -0.301612983 -0.704390327)
(0.349553327 -0.161153456 -0.918348511)
(0.423267037 -0.307577501 -0.847978334)
(0.91943574 -0.304378559 -0.234131893)
(0.944564422 -0.219913592 -0.227945258)
(0.93564711 -0.176176866 -0.293201576)
(-0.273022607 0.50708727 -0.812923114)
(-0.399398873 0.44838356 -0.795099517)
(-0.329886228 0.441682915 -0.830010533)
(-0.285060162 0.578261713 -0.759470244)
(-0.446371327 0.703873316 -0.544728339)
(-0.518383731 0.697568039 -0.48600316)
(0.802615742 -0.542027891 -0.234179263)
(0.7582587 -0.569442034 -0.305950453)
(0.518383731 -0.697568039 -0.48600316)
(0.582579494 -0.633007646 -0.500985026)
(0.57473582 -0.57473582 -0.57473582)
(0.704390327 -0.636878649 -0.301612983)
(0.647434632 -0.664000571 -0.364359339)
(0.578261713 -0.759470244 -0.285060162)
(0.51929912 -0.743192673 -0.413302759)
(0.583772918 -0.72465082 -0.355827669)
(0.415341934 -0.901425779 0.0876185795)
(0.344950229 -0.933762133 0.0438851217)
(0.883720716 0.344627957 -0.304991464)
(0.874274691 0.302529474 -0.370062004)
(0.901072403 0.218543351 -0.36445875)
(0.91943574 0.304378559 -0.234131893)
(0.93564711 0.176176866 -0.293201576)
(0.944564422 0.219913592 -0.227945258)
(0.806112289 0 -0.585671703)
(0.833141049 -0.070762222 -0.541938245)
(0.833141049 0.070762222 -0.541938245)
(0.876874506 -0.0437334577 -0.471176028)
(0.876874506 0.0437334577 -0.471176028)
(0.23123765 0.699948231 -0.670393825)
(0.223216499 0.637481332 -0.73233517)
(-0.141769846 0.55711176 -0.813807189)
(-0.301612983 0.704390327 -0.636878649)
(-0.305950453 0.7582587 -0.569442034)
(-0.304991464 0.883720716 -0.344627957)
(-0.307577501 0.847978334 -0.423267037)
(0.468481958 0.234709466 -0.846733809)
(0.413302759 0.51929912 -0.743192673)
(0.273022607 0.50708727 -0.812923114)
(0.355827669 0.583772918 -0.72465082)
(0.285060162 0.578261713 -0.759470244)
(0.234179263 0.802615742 -0.542027891)
(0.758019725 0.523310264 -0.378251841)
(0.7582587 0.569442034 -0.305950453)
(0.283870786 0.950878521 -0.0881492794)
(0.425519665 0.883967459 -0.174249222)
(-0.36445875 0.901072403 -0.218543351)
(-0.293201576 0.93564711 -0.176176866)
(-0.283870786 0.950878521 -0.0881492794)
(-0.344950229 0.933762133 -0.0438851217)
(-0.425519665 0.883967459 -0.174249222)
(-0.415341934 0.901425779 -0.0876185795)
(-0.344950229 0.933762133 0.0438851217)
(-0.585671703 0.806112289 0)
(-0.541938245 0.833141049 -0.070762222)
(-0.471176028 0.876874506 -0.0437334577)
(-0.944564422 -0.219913592 -0.227945258)
(-0.94263343 -0.309625765 -0.0815944771)
(-0.918348511 -0.349553327 -0.161153456)
(-0.91943574 -0.304378559 -0.234131893)
(-0.96837916 -0.176243042 -0.154939783)
(-0.967535396 -0.220780447 -0.0815674389)
(0.227945258 0.944564422 0.219913592)
(0.0733982349 -0.99270908 0.0443570366)
(0 -0.991792242 0.0887140731)
(0.876874506 0.0437334577 0.471176028)
(0.793011526 0.582107743 -0.15822088)
(0.744212389 0.643037061 -0.159616736)
(0.57473582 -0.57473582 0.57473582)
(0.967535396 -0.220780447 -0.0815674389)
(0.823677679 -0.555076381 0.0791921044)
(0.867937048 -0.481532216 0.0795860142)
(-0.541938245 -0.833141049 0.070762222)
(-0.644730349 -0.759655933 0)
(-0.585671703 -0.806112289 0)
(-0.370062004 -0.874274691 0.302529474)
(-0.304991464 -0.883720716 0.344627957)
(-0.161153456 -0.918348511 0.349553327)
(-0.227945258 -0.944564422 0.219913592)
(-0.154939783 -0.96837916 0.176243042)
(-0.210445265 -0.972923279 0.0442641576)
(-0.146770579 -0.981506606 0.0886211942)
(-0.36445875 -0.901072403 0.218543351)
(-0.293201576 -0.93564711 0.176176866)
(-0.344950229 -0.933762133 0.0438851217)
(-0.283870786 -0.950878521 0.0881492794)
(-0.425519665 -0.883967459 0.174249222)
(-0.415341934 -0.901425779 0.0876185795)
(-0.441682915 -0.830010533 -0.329886228)
(-0.44838356 -0.795099517 -0.399398873)
(-0.378251841 -0.758019725 -0.523310264)
(-0.379348685 -0.803621292 -0.4506812)
(0 -0.979746004 -0.177515636)
(0.0886211942 0.146770579 -0.981506606)
(0.0443570366 0.0733982349 -0.99270908)
(0.220780447 -0.0815674389 -0.967535396)
(0.177515636 0 -0.979746004)
(0.0443570366 -0.0733982349 -0.99270908)
(0.0887140731 0 -0.991792242)
(-0.285060162 -0.578261713 -0.759470244)
(-0.273022607 -0.50708727 -0.812923114)
(-0.176176866 -0.293201576 -0.93564711)
(-0.218543351 -0.36445875 -0.901072403)
(-0.304378559 -0.234131893 -0.91943574)
(-0.219913592 -0.227945258 -0.944564422)
(-0.176243042 -0.154939783 -0.96837916)
(-0.220780447 -0.0815674389 -0.967535396)
(-0.981506606 -0.0886211942 0.146770579)
(-0.979746004 -0.177515636 0)
(-0.991792242 -0.0887140731 0)
(-0.99270908 -0.0443570366 0.0733982349)
(-0.883967459 0.174249222 -0.425519665)
(-0.840082328 0.201371724 -0.496527274)
(-0.901425779 0.0876185795 -0.415341934)
(-0.813807189 0.141769846 -0.55711176)
(-0.967535396 0.220780447 -0.0815674389)
(-0.94263343 0.309625765 -0.0815944771)
(-0.933762133 0.0438851217 -0.344950229)
(-0.972923279 -0.0442641576 -0.210445265)
(-0.883967459 -0.174249222 -0.425519665)
(-0.901425779 -0.0876185795 -0.415341934)
(-0.901072403 -0.218543351 -0.36445875)
(-0.93564711 -0.176176866 -0.293201576)
(-0.950878521 -0.0881492794 -0.283870786)
(-0.933762133 -0.0438851217 -0.344950229)
(-0.847978334 0.423267037 -0.307577501)
(-0.881388962 0.435017645 -0.159144993)
(-0.846733809 0.468481958 -0.234709466)
(-0.918348511 0.349553327 -0.161153456)
(-0.582107743 0.15822088 -0.793011526)
(-0.643037061 0.159616736 -0.744212389)
(-0.759470244 0.285060162 -0.578261713)
(-0.812923114 0.273022607 -0.50708727)
(-0.795099517 0.399398873 -0.44838356)
(-0.830010533 0.329886228 -0.441682915)
(-0.176176866 0.293201576 -0.93564711)
(-0.218543351 0.36445875 -0.901072403)
(-0.0438851217 0.344950229 -0.933762133)
(-0.0881492794 0.283870786 -0.950878521)
(-0.0876185795 0.415341934 -0.901425779)
(-0.174249222 0.425519665 -0.883967459)
(-0.423267037 0.307577501 -0.847978334)
(-0.468481958 0.234709466 -0.846733809)
(-0.435017645 0.159144993 -0.881388962)
(-0.344627957 0.304991464 -0.883720716)
(0.523310264 0.378251841 -0.758019725)
(0.664000571 0.364359339 -0.647434632)
(0.732390404 0.0805694411 -0.670776506)
(0.677855909 0.0805879608 -0.725630621)
(0.813807189 0.141769846 -0.55711176)
(0.759512901 0.151577065 -0.626891375)
(0.73233517 0.223216499 -0.637481332)
(0.759470244 0.285060162 -0.578261713)
(0.812923114 0.273022607 -0.50708727)
(0.840082328 0.201371724 -0.496527274)
(0.588736733 0 -0.8036865)
(0.441648404 0 -0.892205238)
(0.555076381 0.0791921044 -0.823677679)
(0.481532216 0.0795860142 -0.867937048)
(0.813807189 -0.141769846 -0.55711176)
(0.670393825 -0.23123765 -0.699948231)
(0.759512901 -0.151577065 -0.626891375)
(0.73233517 -0.223216499 -0.637481332)
(0.643037061 -0.159616736 -0.744212389)
(0.677855909 -0.0805879608 -0.725630621)
(0.732390404 -0.0805694411 -0.670776506)
(0.542027891 -0.234179263 -0.802615742)
(0.468481958 -0.234709466 -0.846733809)
(0.435017645 -0.159144993 -0.881388962)
(0.582107743 -0.15822088 -0.793011526)
(0.555076381 -0.0791921044 -0.823677679)
(0.481532216 -0.0795860142 -0.867937048)
(0.883967459 -0.174249222 -0.425519665)
(0.840082328 -0.201371724 -0.496527274)
(0.901072403 -0.218543351 -0.36445875)
(-0.355827669 0.583772918 -0.72465082)
(-0.364359339 0.647434632 -0.664000571)
(-0.436816295 0.647156596 -0.61798203)
(-0.500985026 0.582579494 -0.633007646)
(-0.413302759 0.51929912 -0.743192673)
(-0.48600316 0.518383731 -0.697568039)
(-0.636878649 0.301612983 -0.704390327)
(-0.544728339 0.446371327 -0.703873316)
(-0.569442034 0.305950453 -0.7582587)
(-0.523310264 0.378251841 -0.758019725)
(0.793011526 -0.582107743 -0.15822088)
(0.823677679 -0.555076381 -0.0791921044)
(0.8036865 -0.588736733 0)
(0.283870786 -0.950878521 -0.0881492794)
(0.344950229 -0.933762133 -0.0438851217)
(0.541938245 -0.833141049 0.070762222)
(0.471176028 -0.876874506 0.0437334577)
(0.15822088 0.793011526 -0.582107743)
(0.159616736 0.744212389 -0.643037061)
(0.0805879608 0.725630621 -0.677855909)
(0 0.754438579 -0.650586943)
(0.151577065 0.626891375 -0.759512901)
(0.0805694411 0.670776506 -0.732390404)
(0.141769846 0.55711176 -0.813807189)
(0 0.644730349 -0.759655933)
(-0.0805879608 0.725630621 -0.677855909)
(-0.0805694411 0.670776506 -0.732390404)
(-0.159616736 0.744212389 -0.643037061)
(-0.23123765 0.699948231 -0.670393825)
(-0.223216499 0.637481332 -0.73233517)
(-0.151577065 0.626891375 -0.759512901)
(-0.234131893 0.91943574 -0.304378559)
(-0.227945258 0.944564422 -0.219913592)
(-0.154939783 0.96837916 -0.176243042)
(-0.0815674389 0.967535396 -0.220780447)
(0 0.929942071 -0.355206271)
(-0.0815944771 0.94263343 -0.309625765)
(-0.161153456 0.918348511 -0.349553327)
(-0.234179263 0.802615742 -0.542027891)
(-0.234709466 0.846733809 -0.468481958)
(-0.159144993 0.881388962 -0.435017645)
(-0.15822088 0.793011526 -0.582107743)
(0.48600316 0.518383731 -0.697568039)
(0.61798203 0.436816295 -0.647156596)
(0.544728339 0.446371327 -0.703873316)
(0.4506812 0.379348685 -0.803621292)
(0.399398873 0.44838356 -0.795099517)
(0.329886228 0.441682915 -0.830010533)
(0.423267037 0.307577501 -0.847978334)
(0.344627957 0.304991464 -0.883720716)
(0.302529474 0.370062004 -0.874274691)
(0.218543351 0.36445875 -0.901072403)
(0.174249222 0.425519665 -0.883967459)
(0.176176866 0.293201576 -0.93564711)
(0.0876185795 0.415341934 -0.901425779)
(0.0438851217 0.344950229 -0.933762133)
(0.0881492794 0.283870786 -0.950878521)
(0.309625765 0.0815944771 -0.94263343)
(0.219913592 0.227945258 -0.944564422)
(0.176243042 0.154939783 -0.96837916)
(0.220780447 0.0815674389 -0.967535396)
(0.349553327 0.161153456 -0.918348511)
(0.304378559 0.234131893 -0.91943574)
(0.234709466 0.846733809 -0.468481958)
(0.307577501 0.847978334 -0.423267037)
(0.161153456 0.918348511 -0.349553327)
(0.159144993 0.881388962 -0.435017645)
(0.500985026 0.582579494 -0.633007646)
(0.496527274 0.840082328 -0.201371724)
(-0.210445265 0.972923279 0.0442641576)
(-0.283870786 0.950878521 0.0881492794)
(-0.541938245 0.833141049 0.070762222)
(-0.415341934 0.901425779 0.0876185795)
(-0.471176028 0.876874506 0.0437334577)
(0.234131893 0.91943574 0.304378559)
(0.234709466 0.846733809 0.468481958)
(0.154939783 0.96837916 0.176243042)
(0.0733982349 0.99270908 0.0443570366)
(0.146770579 0.981506606 0.0886211942)
(0.234179263 0.802615742 0.542027891)
(0.301612983 0.704390327 0.636878649)
(0.23123765 0.699948231 0.670393825)
(-0.972923279 0.0442641576 0.210445265)
(-0.981506606 0.0886211942 0.146770579)
(-0.881388962 0.435017645 0.159144993)
(-0.704390327 0.636878649 0.301612983)
(-0.901072403 0.218543351 0.36445875)
(-0.93564711 0.176176866 0.293201576)
(-0.933762133 0.0438851217 0.344950229)
(-0.950878521 0.0881492794 0.283870786)
(-0.950878521 -0.0881492794 0.283870786)
(-0.933762133 -0.0438851217 0.344950229)
(-0.96837916 -0.176243042 0.154939783)
(-0.967535396 -0.220780447 0.0815674389)
(0.210445265 -0.972923279 0.0442641576)
(0.146770579 -0.981506606 0.0886211942)
(0.283870786 -0.950878521 0.0881492794)
(0.833141049 0.070762222 0.541938245)
(0.806112289 0 0.585671703)
(0.918348511 0.349553327 -0.161153456)
(0.881388962 0.435017645 -0.159144993)
(0.793011526 0.582107743 0.15822088)
(0.991792242 0.0887140731 0)
(0.744212389 0.643037061 0.159616736)
(0.425519665 0.883967459 0.174249222)
(0.754438579 0.650586943 0)
(0.725630621 0.677855909 0.0805879608)
(0.670776506 0.732390404 0.0805694411)
(0.725630621 0.677855909 -0.0805879608)
(0.55711176 -0.813807189 0.141769846)
(0.578261713 -0.759470244 0.285060162)
(0.50708727 -0.812923114 0.273022607)
(0.496527274 -0.840082328 0.201371724)
(0.582579494 -0.633007646 0.500985026)
(0.583772918 -0.72465082 0.355827669)
(0.518383731 -0.697568039 0.48600316)
(0.51929912 -0.743192673 0.413302759)
(0.697568039 -0.48600316 0.518383731)
(0.743192673 -0.413302759 0.51929912)
(0.72465082 -0.355827669 0.583772918)
(0.633007646 -0.500985026 0.582579494)
(0.664000571 -0.364359339 0.647434632)
(0.61798203 -0.436816295 0.647156596)
(0.991792242 -0.0887140731 0)
(0.979746004 -0.177515636 0)
(0.758019725 -0.523310264 0.378251841)
(0.703873316 -0.544728339 0.446371327)
(0.647156596 -0.61798203 0.436816295)
(0.647434632 -0.664000571 0.364359339)
(0.704390327 -0.636878649 0.301612983)
(0.793011526 -0.582107743 0.15822088)
(0.802615742 -0.542027891 0.234179263)
(0.7582587 -0.569442034 0.305950453)
(0.867937048 -0.481532216 -0.0795860142)
(0.892205238 -0.441648404 0)
(0.929942071 -0.355206271 0)
(0.881388962 -0.435017645 -0.159144993)
(0.918348511 -0.349553327 -0.161153456)
(0.94263343 -0.309625765 -0.0815944771)
(0 -0.979746004 0.177515636)
(-0.0815674389 -0.967535396 0.220780447)
(-0.0815944771 -0.94263343 0.309625765)
(0.48600316 -0.518383731 -0.697568039)
(0.500985026 -0.582579494 -0.633007646)
(0.201371724 -0.496527274 -0.840082328)
(0.273022607 -0.50708727 -0.812923114)
(0.329886228 -0.441682915 -0.830010533)
(0.413302759 -0.51929912 -0.743192673)
(0.399398873 -0.44838356 -0.795099517)
(0.304378559 -0.234131893 -0.91943574)
(0.344627957 -0.304991464 -0.883720716)
(0.302529474 -0.370062004 -0.874274691)
(-0.583772918 -0.72465082 -0.355827669)
(-0.647156596 -0.61798203 -0.436816295)
(-0.647434632 -0.664000571 -0.364359339)
(-0.51929912 -0.743192673 -0.413302759)
(-0.578261713 -0.759470244 -0.285060162)
(-0.55711176 -0.813807189 -0.141769846)
(-0.496527274 -0.840082328 -0.201371724)
(-0.50708727 -0.812923114 -0.273022607)
(-0.626891375 -0.759512901 -0.151577065)
(-0.637481332 -0.73233517 -0.223216499)
(-0.307577501 -0.847978334 -0.423267037)
(-0.304991464 -0.883720716 -0.344627957)
(0.154939783 -0.96837916 -0.176243042)
(0.0815674389 -0.967535396 -0.220780447)
(0.070762222 -0.541938245 -0.833141049)
(0.141769846 -0.55711176 -0.813807189)
(0.446371327 -0.703873316 -0.544728339)
(0.436816295 -0.647156596 -0.61798203)
(-0.754438579 -0.650586943 0)
(-0.8036865 -0.588736733 0)
(-0.496527274 -0.840082328 0.201371724)
(-0.55711176 -0.813807189 0.141769846)
(-0.664000571 -0.364359339 0.647434632)
(0 -0.585671703 -0.806112289)
(0 -0.644730349 -0.759655933)
(-0.174249222 -0.425519665 -0.883967459)
(-0.201371724 -0.496527274 -0.840082328)
(-0.070762222 -0.541938245 -0.833141049)
(-0.141769846 -0.55711176 -0.813807189)
(-0.219913592 0.227945258 -0.944564422)
(-0.309625765 0.0815944771 -0.94263343)
(-0.304378559 0.234131893 -0.91943574)
(-0.349553327 0.161153456 -0.918348511)
(-0.176243042 0.154939783 -0.96837916)
(-0.220780447 0.0815674389 -0.967535396)
(-0.355206271 0 -0.929942071)
(-0.309625765 -0.0815944771 -0.94263343)
(-0.349553327 -0.161153456 -0.918348511)
(-0.813807189 -0.141769846 -0.55711176)
(-0.802615742 0.542027891 -0.234179263)
(-0.793011526 0.582107743 -0.15822088)
(-0.744212389 0.643037061 -0.159616736)
(-0.7582587 0.569442034 -0.305950453)
(-0.647434632 0.664000571 -0.364359339)
(-0.704390327 0.636878649 -0.301612983)
(-0.699948231 0.670393825 -0.23123765)
(-0.583772918 0.72465082 -0.355827669)
(-0.876874506 -0.0437334577 -0.471176028)
(-0.876874506 0.0437334577 -0.471176028)
(-0.806112289 0 -0.585671703)
(-0.833141049 0.070762222 -0.541938245)
(-0.833141049 -0.070762222 -0.541938245)
(-0.950878521 0.0881492794 -0.283870786)
(-0.96837916 0.176243042 -0.154939783)
(-0.981506606 0.0886211942 -0.146770579)
(-0.972923279 0.0442641576 -0.210445265)
(-0.91943574 0.304378559 -0.234131893)
(-0.93564711 0.176176866 -0.293201576)
(-0.944564422 0.219913592 -0.227945258)
(-0.901072403 0.218543351 -0.36445875)
(-0.874274691 0.302529474 -0.370062004)
(-0.883720716 0.344627957 -0.304991464)
(-0.481532216 0.0795860142 -0.867937048)
(-0.555076381 0.0791921044 -0.823677679)
(-0.588736733 0 -0.8036865)
(-0.441648404 0 -0.892205238)
(-0.732390404 0.0805694411 -0.670776506)
(-0.677855909 0.0805879608 -0.725630621)
(-0.650586943 0 -0.754438579)
(-0.759655933 0 -0.644730349)
(-0.57473582 0.57473582 -0.57473582)
(-0.703873316 0.544728339 -0.446371327)
(-0.647156596 0.61798203 -0.436816295)
(-0.582579494 0.633007646 -0.500985026)
(-0.72465082 0.355827669 -0.583772918)
(-0.664000571 0.364359339 -0.647434632)
(-0.61798203 0.436816295 -0.647156596)
(-0.633007646 0.500985026 -0.582579494)
(-0.743192673 0.413302759 -0.51929912)
(-0.697568039 0.48600316 -0.518383731)
(0.636878649 0.301612983 -0.704390327)
(0.670393825 0.23123765 -0.699948231)
(0.542027891 0.234179263 -0.802615742)
(0.569442034 0.305950453 -0.7582587)
(0.582107743 0.15822088 -0.793011526)
(0.643037061 0.159616736 -0.744212389)
(0.72465082 -0.355827669 -0.583772918)
(0.759470244 -0.285060162 -0.578261713)
(0.812923114 -0.273022607 -0.50708727)
(0.883720716 -0.344627957 -0.304991464)
(0.874274691 -0.302529474 -0.370062004)
(0.830010533 -0.329886228 -0.441682915)
(0.847978334 -0.423267037 -0.307577501)
(0.754438579 -0.650586943 0)
(0.699948231 -0.670393825 -0.23123765)
(0.744212389 -0.643037061 -0.159616736)
(0.637481332 -0.73233517 -0.223216499)
(0.725630621 -0.677855909 -0.0805879608)
(0.415341934 -0.901425779 -0.0876185795)
(0.471176028 -0.876874506 -0.0437334577)
(0.44838356 -0.795099517 -0.399398873)
(-0.0437334577 0.471176028 -0.876874506)
(0.0437334577 0.471176028 -0.876874506)
(-0.070762222 0.541938245 -0.833141049)
(0 0.585671703 -0.806112289)
(0.070762222 0.541938245 -0.833141049)
(0 0.8036865 -0.588736733)
(0 0.892205238 -0.441648404)
(0.0795860142 0.867937048 -0.481532216)
(0.0791921044 0.823677679 -0.555076381)
(-0.0791921044 0.823677679 -0.555076381)
(-0.0795860142 0.867937048 -0.481532216)
(0.234131893 0.91943574 -0.304378559)
(0.227945258 0.944564422 -0.219913592)
(0.293201576 0.93564711 -0.176176866)
(0.36445875 0.901072403 -0.218543351)
(0.370062004 0.874274691 -0.302529474)
(0.304991464 0.883720716 -0.344627957)
(0.379348685 0.803621292 -0.4506812)
(0.57473582 0.57473582 -0.57473582)
(0.697568039 0.48600316 -0.518383731)
(0.633007646 0.500985026 -0.582579494)
(0.703873316 0.544728339 -0.446371327)
(-0.0805879608 0.725630621 0.677855909)
(-0.23123765 0.699948231 0.670393825)
(-0.159616736 0.744212389 0.643037061)
(0 0.754438579 0.650586943)
(0.0805879608 0.725630621 0.677855909)
(0.159616736 0.744212389 0.643037061)
(0.15822088 0.793011526 0.582107743)
(-0.201371724 0.496527274 0.840082328)
(-0.223216499 0.637481332 0.73233517)
(-0.285060162 0.578261713 0.759470244)
(-0.273022607 0.50708727 0.812923114)
(0.174249222 0.425519665 0.883967459)
(-0.146770579 0.981506606 0.0886211942)
(-0.0733982349 0.99270908 0.0443570366)
(0 0.991792242 0.0887140731)
(-0.967535396 0.220780447 0.0815674389)
(-0.96837916 0.176243042 0.154939783)
(-0.94263343 0.309625765 0.0815944771)
(-0.944564422 0.219913592 0.227945258)
(-0.918348511 0.349553327 0.161153456)
(-0.91943574 0.304378559 0.234131893)
(-0.802615742 0.542027891 0.234179263)
(-0.846733809 0.468481958 0.234709466)
(-0.697568039 0.48600316 0.518383731)
(-0.703873316 0.544728339 0.446371327)
(-0.758019725 0.523310264 0.378251841)
(-0.7582587 0.569442034 0.305950453)
(-0.743192673 0.413302759 0.51929912)
(-0.72465082 0.355827669 0.583772918)
(-0.677855909 -0.0805879608 0.725630621)
(-0.650586943 0 0.754438579)
(-0.732390404 -0.0805694411 0.670776506)
(-0.643037061 -0.159616736 0.744212389)
(-0.677855909 0.0805879608 0.725630621)
(-0.582107743 -0.15822088 0.793011526)
(-0.670393825 -0.23123765 0.699948231)
(-0.759655933 0 0.644730349)
(-0.732390404 0.0805694411 0.670776506)
(-0.759512901 -0.151577065 0.626891375)
(-0.636878649 -0.301612983 0.704390327)
(-0.73233517 -0.223216499 0.637481332)
(-0.435017645 0.159144993 0.881388962)
(-0.759512901 0.151577065 0.626891375)
(-0.813807189 -0.141769846 0.55711176)
(-0.813807189 0.141769846 0.55711176)
(-0.73233517 0.223216499 0.637481332)
(-0.840082328 -0.201371724 0.496527274)
(-0.901425779 -0.0876185795 0.415341934)
(-0.901425779 0.0876185795 0.415341934)
(-0.840082328 0.201371724 0.496527274)
(-0.812923114 0.273022607 0.50708727)
(-0.759470244 0.285060162 0.578261713)
(-0.883967459 -0.174249222 0.425519665)
(-0.883967459 0.174249222 0.425519665)
(-0.588736733 0 0.8036865)
(-0.441648404 0 0.892205238)
(-0.481532216 -0.0795860142 0.867937048)
(-0.555076381 -0.0791921044 0.823677679)
(-0.555076381 0.0791921044 0.823677679)
(-0.481532216 0.0795860142 0.867937048)
(-0.435017645 -0.159144993 0.881388962)
(0.446371327 -0.703873316 0.544728339)
(0.441682915 -0.830010533 0.329886228)
(0.44838356 -0.795099517 0.399398873)
(0.500985026 -0.582579494 0.633007646)
(0.436816295 -0.647156596 0.61798203)
(-0.379348685 -0.803621292 0.4506812)
(-0.307577501 -0.847978334 0.423267037)
(-0.159144993 -0.881388962 0.435017645)
(0.813807189 0.141769846 0.55711176)
(0.812923114 0.273022607 0.50708727)
(0.840082328 0.201371724 0.496527274)
(0.8036865 0.588736733 0)
(0.892205238 0.441648404 0)
(0.823677679 0.555076381 0.0791921044)
(0.867937048 0.481532216 0.0795860142)
(0.823677679 0.555076381 -0.0791921044)
(0.867937048 0.481532216 -0.0795860142)
(0.802615742 0.542027891 0.234179263)
(0.929942071 0.355206271 0)
(0.979746004 0.177515636 0)
(0.967535396 0.220780447 -0.0815674389)
(0.94263343 0.309625765 -0.0815944771)
(0.704390327 0.636878649 0.301612983)
(0.699948231 0.670393825 0.23123765)
(0.415341934 0.901425779 -0.0876185795)
(0.415341934 0.901425779 0.0876185795)
(0.344950229 0.933762133 0.0438851217)
(0.344950229 0.933762133 -0.0438851217)
(0.541938245 0.833141049 0.070762222)
(0.471176028 0.876874506 -0.0437334577)
(0.471176028 0.876874506 0.0437334577)
(0.370062004 0.874274691 0.302529474)
(0.304991464 0.883720716 0.344627957)
(0.307577501 0.847978334 0.423267037)
(0.518383731 0.697568039 0.48600316)
(0.647434632 0.664000571 0.364359339)
(0.582579494 0.633007646 0.500985026)
(0.647156596 0.61798203 0.436816295)
(0.379348685 0.803621292 0.4506812)
(0.446371327 0.703873316 0.544728339)
(0.703873316 0.544728339 0.446371327)
(0.378251841 0.758019725 0.523310264)
(0.436816295 0.647156596 0.61798203)
(0.758019725 0.523310264 0.378251841)
(0.305950453 0.7582587 0.569442034)
(0.364359339 0.647434632 0.664000571)
(0.7582587 0.569442034 0.305950453)
(0.355827669 0.583772918 0.72465082)
(0.544728339 -0.446371327 0.703873316)
(0.48600316 -0.518383731 0.697568039)
(0.4506812 -0.379348685 0.803621292)
(0.523310264 -0.378251841 0.758019725)
(0.803621292 -0.4506812 0.379348685)
(0.795099517 -0.399398873 0.44838356)
(0.759470244 -0.285060162 0.578261713)
(0.73233517 -0.223216499 0.637481332)
(0.759512901 -0.151577065 0.626891375)
(0.94263343 -0.309625765 0.0815944771)
(0.967535396 -0.220780447 0.0815674389)
(0.744212389 -0.643037061 0.159616736)
(0.670776506 -0.732390404 0.0805694411)
(0.725630621 -0.677855909 0.0805879608)
(0.699948231 -0.670393825 0.23123765)
(0.626891375 -0.759512901 0.151577065)
(0.637481332 -0.73233517 0.223216499)
(-0.441682915 -0.830010533 0.329886228)
(-0.50708727 -0.812923114 0.273022607)
(-0.44838356 -0.795099517 0.399398873)
(-0.51929912 -0.743192673 0.413302759)
(-0.518383731 -0.697568039 0.48600316)
(0.154939783 -0.96837916 0.176243042)
(0.0815674389 -0.967535396 0.220780447)
(0.0437334577 -0.471176028 -0.876874506)
(-0.0437334577 -0.471176028 -0.876874506)
(-0.0876185795 -0.415341934 -0.901425779)
(0.218543351 -0.36445875 -0.901072403)
(0.174249222 -0.425519665 -0.883967459)
(0.0876185795 -0.415341934 -0.901425779)
(-0.582579494 -0.633007646 -0.500985026)
(-0.518383731 -0.697568039 -0.48600316)
(-0.57473582 -0.57473582 -0.57473582)
(-0.446371327 -0.703873316 -0.544728339)
(-0.436816295 -0.647156596 -0.61798203)
(-0.500985026 -0.582579494 -0.633007646)
(-0.301612983 -0.704390327 -0.636878649)
(-0.305950453 -0.7582587 -0.569442034)
(0 -0.892205238 -0.441648404)
(0 -0.929942071 -0.355206271)
(0.0815944771 -0.94263343 -0.309625765)
(0.161153456 -0.918348511 -0.349553327)
(-0.227945258 -0.944564422 -0.219913592)
(-0.234131893 -0.91943574 -0.304378559)
(-0.161153456 -0.918348511 -0.349553327)
(-0.0815944771 -0.94263343 -0.309625765)
(-0.154939783 -0.96837916 -0.176243042)
(-0.0815674389 -0.967535396 -0.220780447)
(0.285060162 -0.578261713 -0.759470244)
(0.364359339 -0.647434632 -0.664000571)
(0.355827669 -0.583772918 -0.72465082)
(0 -0.8036865 -0.588736733)
(0 -0.754438579 -0.650586943)
(-0.823677679 -0.555076381 0.0791921044)
(-0.793011526 -0.582107743 0.15822088)
(-0.744212389 -0.643037061 0.159616736)
(-0.626891375 -0.759512901 0.151577065)
(-0.670776506 -0.732390404 0.0805694411)
(-0.725630621 -0.677855909 0.0805879608)
(-0.223216499 -0.637481332 -0.73233517)
(-0.151577065 -0.626891375 -0.759512901)
(-0.23123765 -0.699948231 -0.670393825)
(-0.159616736 -0.744212389 -0.643037061)
(-0.0805879608 -0.725630621 -0.677855909)
(-0.0805694411 -0.670776506 -0.732390404)
(-0.636878649 -0.301612983 -0.704390327)
(-0.544728339 -0.446371327 -0.703873316)
(-0.664000571 -0.364359339 -0.647434632)
(-0.61798203 -0.436816295 -0.647156596)
(-0.423267037 -0.307577501 -0.847978334)
(-0.569442034 -0.305950453 -0.7582587)
(-0.4506812 -0.379348685 -0.803621292)
(-0.523310264 -0.378251841 -0.758019725)
(-0.435017645 -0.159144993 -0.881388962)
(-0.468481958 -0.234709466 -0.846733809)
(-0.542027891 -0.234179263 -0.802615742)
(-0.582107743 -0.15822088 -0.793011526)
(-0.555076381 -0.0791921044 -0.823677679)
(-0.481532216 -0.0795860142 -0.867937048)
(-0.73233517 -0.223216499 -0.637481332)
(-0.759512901 -0.151577065 -0.626891375)
(-0.670393825 -0.23123765 -0.699948231)
(-0.643037061 -0.159616736 -0.744212389)
(-0.677855909 -0.0805879608 -0.725630621)
(-0.732390404 -0.0805694411 -0.670776506)
(-0.644730349 0.759655933 0)
(-0.670776506 0.732390404 -0.0805694411)
(-0.725630621 0.677855909 -0.0805879608)
(-0.867937048 0.481532216 0.0795860142)
(-0.892205238 0.441648404 0)
(-0.867937048 0.481532216 -0.0795860142)
(-0.823677679 0.555076381 -0.0791921044)
(-0.578261713 0.759470244 -0.285060162)
(-0.50708727 0.812923114 -0.273022607)
(-0.496527274 0.840082328 -0.201371724)
(-0.55711176 0.813807189 -0.141769846)
(-0.626891375 0.759512901 -0.151577065)
(-0.637481332 0.73233517 -0.223216499)
(0.697568039 -0.48600316 -0.518383731)
(0.743192673 -0.413302759 -0.51929912)
(0.795099517 -0.399398873 -0.44838356)
(0.703873316 -0.544728339 -0.446371327)
(0.758019725 -0.523310264 -0.378251841)
(0.803621292 -0.4506812 -0.379348685)
(0.585671703 -0.806112289 0)
(0.644730349 -0.759655933 0)
(0.670776506 -0.732390404 -0.0805694411)
(0.626891375 -0.759512901 -0.151577065)
(0.55711176 -0.813807189 -0.141769846)
(0.541938245 -0.833141049 -0.070762222)
(0.425519665 -0.883967459 -0.174249222)
(0.441682915 -0.830010533 -0.329886228)
(0.50708727 -0.812923114 -0.273022607)
(0.496527274 -0.840082328 -0.201371724)
(0.305950453 0.7582587 -0.569442034)
(0.378251841 0.758019725 -0.523310264)
(0.446371327 0.703873316 -0.544728339)
(0.364359339 0.647434632 -0.664000571)
(0.436816295 0.647156596 -0.61798203)
(0.301612983 0.704390327 -0.636878649)
(0.647156596 0.61798203 -0.436816295)
(0.518383731 0.697568039 -0.48600316)
(0.582579494 0.633007646 -0.500985026)
(0.0815674389 0.967535396 0.220780447)
(0 0.979746004 0.177515636)
(-0.15822088 0.793011526 0.582107743)
(0.0791921044 0.823677679 0.555076381)
(0 0.8036865 0.588736733)
(-0.0791921044 0.823677679 0.555076381)
(-0.0795860142 0.867937048 0.481532216)
(-0.425519665 0.883967459 0.174249222)
(-0.301612983 0.704390327 0.636878649)
(-0.293201576 0.93564711 0.176176866)
(-0.36445875 0.901072403 0.218543351)
(-0.370062004 0.874274691 0.302529474)
(-0.446371327 0.703873316 0.544728339)
(0.732390404 -0.0805694411 0.670776506)
(0.759655933 0 0.644730349)
(0.468481958 -0.234709466 0.846733809)
(-0.174249222 0.425519665 0.883967459)
(0.0805694411 0.670776506 0.732390404)
(0.070762222 0.541938245 0.833141049)
(-0.0805694411 0.670776506 0.732390404)
(0 0.644730349 0.759655933)
(0 0.585671703 0.806112289)
(-0.151577065 0.626891375 0.759512901)
(-0.141769846 0.55711176 0.813807189)
(-0.070762222 0.541938245 0.833141049)
(0.329886228 0.441682915 0.830010533)
(0.0437334577 0.471176028 0.876874506)
(0.0876185795 0.415341934 0.901425779)
(-0.0437334577 0.471176028 0.876874506)
(-0.0876185795 0.415341934 0.901425779)
(0.643037061 0.159616736 0.744212389)
(0.677855909 0.0805879608 0.725630621)
(0.732390404 0.0805694411 0.670776506)
(0.759512901 0.151577065 0.626891375)
(0.569442034 0.305950453 0.7582587)
(-0.803621292 0.4506812 0.379348685)
(-0.830010533 0.329886228 0.441682915)
(-0.795099517 0.399398873 0.44838356)
(-0.847978334 0.423267037 0.307577501)
(-0.874274691 0.302529474 0.370062004)
(-0.883720716 0.344627957 0.304991464)
(-0.876874506 -0.0437334577 0.471176028)
(-0.876874506 0.0437334577 0.471176028)
(-0.833141049 0.070762222 0.541938245)
(-0.806112289 0 0.585671703)
(-0.833141049 -0.070762222 0.541938245)
(-0.355206271 0 0.929942071)
(-0.309625765 -0.0815944771 0.94263343)
(-0.309625765 0.0815944771 0.94263343)
(-0.349553327 -0.161153456 0.918348511)
(-0.220780447 -0.0815674389 0.967535396)
(-0.220780447 0.0815674389 0.967535396)
(-0.349553327 0.161153456 0.918348511)
(-0.304378559 0.234131893 0.91943574)
(-0.177515636 0 0.979746004)
(-0.176243042 0.154939783 0.96837916)
(-0.0887140731 0 0.991792242)
(-0.0886211942 0.146770579 0.981506606)
(-0.219913592 0.227945258 0.944564422)
(-0.0443570366 0.0733982349 0.99270908)
(-0.176176866 0.293201576 0.93564711)
(0.0438851217 -0.344950229 0.933762133)
(0.0881492794 -0.283870786 0.950878521)
(0.0443570366 0.0733982349 0.99270908)
(-0.218543351 0.36445875 0.901072403)
(0.0886211942 0.146770579 0.981506606)
(0.176243042 0.154939783 0.96837916)
(0.219913592 0.227945258 0.944564422)
(0.176176866 0.293201576 0.93564711)
(0.218543351 0.36445875 0.901072403)
(0.423267037 -0.307577501 0.847978334)
(0.302529474 0.370062004 0.874274691)
(-0.0438851217 -0.344950229 0.933762133)
(-0.542027891 -0.234179263 0.802615742)
(-0.468481958 -0.234709466 0.846733809)
(-0.423267037 -0.307577501 0.847978334)
(-0.569442034 -0.305950453 0.7582587)
(-0.523310264 -0.378251841 0.758019725)
(-0.4506812 -0.379348685 0.803621292)
(-0.413302759 -0.51929912 0.743192673)
(-0.329886228 -0.441682915 0.830010533)
(-0.399398873 -0.44838356 0.795099517)
(-0.355827669 -0.583772918 0.72465082)
(0.364359339 -0.647434632 0.664000571)
(0.881388962 0.435017645 0.159144993)
(0.846733809 0.468481958 0.234709466)
(0.883967459 0.174249222 0.425519665)
(0.901425779 0.0876185795 0.415341934)
(0.933762133 -0.0438851217 0.344950229)
(0.933762133 0.0438851217 0.344950229)
(0.950878521 0.0881492794 0.283870786)
(0.583772918 0.72465082 0.355827669)
(0.51929912 0.743192673 0.413302759)
(0.441682915 0.830010533 0.329886228)
(0.44838356 0.795099517 0.399398873)
(0.670776506 0.732390404 -0.0805694411)
(0.626891375 0.759512901 -0.151577065)
(0.644730349 0.759655933 0)
(0.585671703 0.806112289 0)
(0.55711176 0.813807189 -0.141769846)
(0.541938245 0.833141049 -0.070762222)
(0.413302759 -0.51929912 0.743192673)
(0.355827669 -0.583772918 0.72465082)
(0.329886228 -0.441682915 0.830010533)
(0.399398873 -0.44838356 0.795099517)
(0.569442034 -0.305950453 0.7582587)
(0.636878649 -0.301612983 0.704390327)
(0.670393825 -0.23123765 0.699948231)
(0.542027891 -0.234179263 0.802615742)
(0.812923114 -0.273022607 0.50708727)
(0.830010533 -0.329886228 0.441682915)
(-0.647156596 -0.61798203 0.436816295)
(-0.582579494 -0.633007646 0.500985026)
(-0.703873316 -0.544728339 0.446371327)
(-0.697568039 -0.48600316 0.518383731)
(-0.446371327 -0.703873316 0.544728339)
(-0.364359339 -0.647434632 0.664000571)
(-0.436816295 -0.647156596 0.61798203)
(-0.378251841 -0.758019725 0.523310264)
(-0.305950453 -0.7582587 0.569442034)
(0.293201576 -0.93564711 0.176176866)
(0.227945258 -0.944564422 0.219913592)
(0.36445875 -0.901072403 0.218543351)
(0.370062004 -0.874274691 0.302529474)
(0 -0.929942071 0.355206271)
(0.0815944771 -0.94263343 0.309625765)
(0.0438851217 -0.344950229 -0.933762133)
(-0.0442641576 -0.210445265 -0.972923279)
(-0.0881492794 -0.283870786 -0.950878521)
(-0.0438851217 -0.344950229 -0.933762133)
(0.219913592 -0.227945258 -0.944564422)
(0.176176866 -0.293201576 -0.93564711)
(0.176243042 -0.154939783 -0.96837916)
(0.0881492794 -0.283870786 -0.950878521)
(0.0886211942 -0.146770579 -0.981506606)
(0.0442641576 -0.210445265 -0.972923279)
(-0.15822088 -0.793011526 -0.582107743)
(-0.0791921044 -0.823677679 -0.555076381)
(-0.0795860142 -0.867937048 -0.481532216)
(-0.159144993 -0.881388962 -0.435017645)
(-0.234709466 -0.846733809 -0.468481958)
(-0.234179263 -0.802615742 -0.542027891)
(0.151577065 -0.626891375 -0.759512901)
(0.223216499 -0.637481332 -0.73233517)
(0.0805694411 -0.670776506 -0.732390404)
(0.0805879608 -0.725630621 -0.677855909)
(0.307577501 -0.847978334 -0.423267037)
(0.378251841 -0.758019725 -0.523310264)
(0.379348685 -0.803621292 -0.4506812)
(-0.802615742 -0.542027891 0.234179263)
(-0.7582587 -0.569442034 0.305950453)
(-0.758019725 -0.523310264 0.378251841)
(-0.803621292 -0.4506812 0.379348685)
(-0.847978334 -0.423267037 0.307577501)
(-0.846733809 -0.468481958 0.234709466)
(-0.637481332 -0.73233517 0.223216499)
(-0.704390327 -0.636878649 0.301612983)
(-0.699948231 -0.670393825 0.23123765)
(-0.647434632 -0.664000571 0.364359339)
(-0.578261713 -0.759470244 0.285060162)
(-0.583772918 -0.72465082 0.355827669)
(-0.795099517 -0.399398873 0.44838356)
(-0.830010533 -0.329886228 0.441682915)
(-0.812923114 -0.273022607 0.50708727)
(-0.743192673 -0.413302759 0.51929912)
(-0.759470244 -0.285060162 0.578261713)
(-0.72465082 -0.355827669 0.583772918)
(-0.670776506 0.732390404 0.0805694411)
(-0.699948231 0.670393825 0.23123765)
(0.36445875 -0.901072403 -0.218543351)
(0.234131893 -0.91943574 -0.304378559)
(0.304991464 -0.883720716 -0.344627957)
(0.370062004 -0.874274691 -0.302529474)
(0.293201576 -0.93564711 -0.176176866)
(0.227945258 -0.944564422 -0.219913592)
(0.637481332 0.73233517 -0.223216499)
(0.647434632 0.664000571 -0.364359339)
(0.699948231 0.670393825 -0.23123765)
(0.704390327 0.636878649 -0.301612983)
(0.51929912 0.743192673 -0.413302759)
(0.583772918 0.72465082 -0.355827669)
(0.441682915 0.830010533 -0.329886228)
(0.44838356 0.795099517 -0.399398873)
(0.50708727 0.812923114 -0.273022607)
(0.578261713 0.759470244 -0.285060162)
(0.161153456 0.918348511 0.349553327)
(0.0815944771 0.94263343 0.309625765)
(0 0.929942071 0.355206271)
(0.159144993 0.881388962 0.435017645)
(0.0795860142 0.867937048 0.481532216)
(0 0.892205238 0.441648404)
(-0.154939783 0.96837916 0.176243042)
(-0.0815674389 0.967535396 0.220780447)
(-0.0815944771 0.94263343 0.309625765)
(-0.227945258 0.944564422 0.219913592)
(-0.234179263 0.802615742 0.542027891)
(-0.305950453 0.7582587 0.569442034)
(-0.379348685 0.803621292 0.4506812)
(-0.378251841 0.758019725 0.523310264)
(-0.304991464 0.883720716 0.344627957)
(-0.161153456 0.918348511 0.349553327)
(-0.234131893 0.91943574 0.304378559)
(-0.159144993 0.881388962 0.435017645)
(-0.307577501 0.847978334 0.423267037)
(-0.234709466 0.846733809 0.468481958)
(-0.518383731 0.697568039 0.48600316)
(-0.582579494 0.633007646 0.500985026)
(-0.647156596 0.61798203 0.436816295)
(-0.647434632 0.664000571 0.364359339)
(-0.441682915 0.830010533 0.329886228)
(-0.44838356 0.795099517 0.399398873)
(-0.51929912 0.743192673 0.413302759)
(-0.583772918 0.72465082 0.355827669)
(0.677855909 -0.0805879608 0.725630621)
(0.582107743 -0.15822088 0.793011526)
(0.643037061 -0.159616736 0.744212389)
(0.650586943 0 0.754438579)
(0.349553327 -0.161153456 0.918348511)
(0.435017645 -0.159144993 0.881388962)
(0.304378559 -0.234131893 0.91943574)
(0.176176866 -0.293201576 0.93564711)
(0.219913592 -0.227945258 0.944564422)
(0.218543351 -0.36445875 0.901072403)
(0.302529474 -0.370062004 0.874274691)
(0.344627957 -0.304991464 0.883720716)
(0.0442641576 -0.210445265 0.972923279)
(-0.0443570366 -0.0733982349 0.99270908)
(0.176243042 -0.154939783 0.96837916)
(0.0886211942 -0.146770579 0.981506606)
(0.0887140731 0 0.991792242)
(0.0443570366 -0.0733982349 0.99270908)
(-0.664000571 0.364359339 0.647434632)
(-0.413302759 0.51929912 0.743192673)
(-0.355827669 0.583772918 0.72465082)
(-0.364359339 0.647434632 0.664000571)
(-0.436816295 0.647156596 0.61798203)
(-0.329886228 0.441682915 0.830010533)
(-0.399398873 0.44838356 0.795099517)
(-0.344627957 0.304991464 0.883720716)
(-0.302529474 0.370062004 0.874274691)
(0.273022607 0.50708727 0.812923114)
(0.201371724 0.496527274 0.840082328)
(0.285060162 0.578261713 0.759470244)
(0.141769846 0.55711176 0.813807189)
(0.223216499 0.637481332 0.73233517)
(0.151577065 0.626891375 0.759512901)
(0.0881492794 0.283870786 0.950878521)
(0.0438851217 0.344950229 0.933762133)
(0.0442641576 0.210445265 0.972923279)
(-0.0442641576 0.210445265 0.972923279)
(-0.0881492794 0.283870786 0.950878521)
(-0.0438851217 0.344950229 0.933762133)
(0.743192673 0.413302759 0.51929912)
(0.697568039 0.48600316 0.518383731)
(0.73233517 0.223216499 0.637481332)
(0.670393825 0.23123765 0.699948231)
(0.636878649 0.301612983 0.704390327)
(0.759470244 0.285060162 0.578261713)
(0.664000571 0.364359339 0.647434632)
(0.72465082 0.355827669 0.583772918)
(0.500985026 0.582579494 0.633007646)
(0.57473582 0.57473582 0.57473582)
(0.633007646 0.500985026 0.582579494)
(0.61798203 0.436816295 0.647156596)
(0.4506812 0.379348685 0.803621292)
(0.523310264 0.378251841 0.758019725)
(0.544728339 0.446371327 0.703873316)
(0.399398873 0.44838356 0.795099517)
(0.413302759 0.51929912 0.743192673)
(0.48600316 0.518383731 0.697568039)
(-0.0881492794 -0.283870786 0.950878521)
(-0.0442641576 -0.210445265 0.972923279)
(-0.0886211942 -0.146770579 0.981506606)
(-0.176243042 -0.154939783 0.96837916)
(-0.304378559 -0.234131893 0.91943574)
(-0.219913592 -0.227945258 0.944564422)
(-0.176176866 -0.293201576 0.93564711)
(-0.218543351 -0.36445875 0.901072403)
(-0.302529474 -0.370062004 0.874274691)
(-0.344627957 -0.304991464 0.883720716)
(0.847978334 0.423267037 0.307577501)
(0.803621292 0.4506812 0.379348685)
(0.795099517 0.399398873 0.44838356)
(0.830010533 0.329886228 0.441682915)
(0.93564711 0.176176866 0.293201576)
(0.901072403 0.218543351 0.36445875)
(0.874274691 0.302529474 0.370062004)
(0.883720716 0.344627957 0.304991464)
(0.950878521 -0.0881492794 0.283870786)
(0.96837916 -0.176243042 0.154939783)
(0.99270908 -0.0443570366 0.0733982349)
(0.99270908 0.0443570366 0.0733982349)
(0.981506606 -0.0886211942 0.146770579)
(0.972923279 -0.0442641576 0.210445265)
(0.981506606 0.0886211942 0.146770579)
(0.972923279 0.0442641576 0.210445265)
(0.626891375 0.759512901 0.151577065)
(0.637481332 0.73233517 0.223216499)
(0.55711176 0.813807189 0.141769846)
(0.578261713 0.759470244 0.285060162)
(0.496527274 0.840082328 0.201371724)
(0.50708727 0.812923114 0.273022607)
(0.874274691 -0.302529474 0.370062004)
(0.901072403 -0.218543351 0.36445875)
(0.93564711 -0.176176866 0.293201576)
(0.944564422 -0.219913592 0.227945258)
(0.840082328 -0.201371724 0.496527274)
(0.833141049 -0.070762222 0.541938245)
(0.813807189 -0.141769846 0.55711176)
(0.883967459 -0.174249222 0.425519665)
(0.876874506 -0.0437334577 0.471176028)
(0.901425779 -0.0876185795 0.415341934)
(-0.61798203 -0.436816295 0.647156596)
(-0.633007646 -0.500985026 0.582579494)
(-0.544728339 -0.446371327 0.703873316)
(-0.57473582 -0.57473582 0.57473582)
(-0.48600316 -0.518383731 0.697568039)
(-0.500985026 -0.582579494 0.633007646)
(0.301612983 -0.704390327 -0.636878649)
(0.23123765 -0.699948231 -0.670393825)
(0.305950453 -0.7582587 -0.569442034)
(0.159616736 -0.744212389 -0.643037061)
(-0.918348511 -0.349553327 0.161153456)
(-0.94263343 -0.309625765 0.0815944771)
(-0.929942071 -0.355206271 0)
(-0.881388962 -0.435017645 0.159144993)
(-0.892205238 -0.441648404 0)
(-0.867937048 -0.481532216 0.0795860142)
(-0.874274691 -0.302529474 0.370062004)
(-0.883720716 -0.344627957 0.304991464)
(-0.901072403 -0.218543351 0.36445875)
(-0.91943574 -0.304378559 0.234131893)
(-0.93564711 -0.176176866 0.293201576)
(-0.944564422 -0.219913592 0.227945258)
(-0.725630621 0.677855909 0.0805879608)
(-0.823677679 0.555076381 0.0791921044)
(-0.793011526 0.582107743 0.15822088)
(-0.744212389 0.643037061 0.159616736)
(-0.754438579 0.650586943 0)
(-0.8036865 0.588736733 0)
(-0.626891375 0.759512901 0.151577065)
(-0.637481332 0.73233517 0.223216499)
(-0.55711176 0.813807189 0.141769846)
(-0.578261713 0.759470244 0.285060162)
(-0.496527274 0.840082328 0.201371724)
(-0.50708727 0.812923114 0.273022607)
(0.555076381 -0.0791921044 0.823677679)
(0.481532216 -0.0795860142 0.867937048)
(0.588736733 0 0.8036865)
(0.441648404 0 0.892205238)
(-0.633007646 0.500985026 0.582579494)
(-0.61798203 0.436816295 0.647156596)
(-0.544728339 0.446371327 0.703873316)
(-0.57473582 0.57473582 0.57473582)
(-0.500985026 0.582579494 0.633007646)
(-0.48600316 0.518383731 0.697568039)
(-0.523310264 0.378251841 0.758019725)
(-0.4506812 0.379348685 0.803621292)
(-0.468481958 0.234709466 0.846733809)
(-0.423267037 0.307577501 0.847978334)
(0.967535396 0.220780447 0.0815674389)
(0.96837916 0.176243042 0.154939783)
(0.94263343 0.309625765 0.0815944771)
(0.944564422 0.219913592 0.227945258)
(0.918348511 0.349553327 0.161153456)
(0.91943574 0.304378559 0.234131893)
(0.883720716 -0.344627957 0.304991464)
(0.918348511 -0.349553327 0.161153456)
(0.91943574 -0.304378559 0.234131893)
(0.881388962 -0.435017645 0.159144993)
(0.846733809 -0.468481958 0.234709466)
(0.847978334 -0.423267037 0.307577501)
(0.305950453 -0.7582587 0.569442034)
(0.378251841 -0.758019725 0.523310264)
(0.379348685 -0.803621292 0.4506812)
(0.304991464 -0.883720716 0.344627957)
(0.307577501 -0.847978334 0.423267037)
(0.234131893 -0.91943574 0.304378559)
(0.161153456 -0.918348511 0.349553327)
(0.234709466 -0.846733809 -0.468481958)
(0.234179263 -0.802615742 -0.542027891)
(0.159144993 -0.881388962 -0.435017645)
(0.15822088 -0.793011526 -0.582107743)
(0.0795860142 -0.867937048 -0.481532216)
(0.0791921044 -0.823677679 -0.555076381)
(0.582107743 0.15822088 0.793011526)
(0.555076381 0.0791921044 0.823677679)
(0.481532216 0.0795860142 0.867937048)
(0.542027891 0.234179263 0.802615742)
(0.177515636 0 0.979746004)
(0.355206271 0 0.929942071)
(0.309625765 -0.0815944771 0.94263343)
(0.220780447 -0.0815674389 0.967535396)
(0.220780447 0.0815674389 0.967535396)
(0.309625765 0.0815944771 0.94263343)
(-0.670393825 0.23123765 0.699948231)
(-0.636878649 0.301612983 0.704390327)
(-0.542027891 0.234179263 0.802615742)
(-0.569442034 0.305950453 0.7582587)
(-0.643037061 0.159616736 0.744212389)
(-0.582107743 0.15822088 0.793011526)
(-0.0805694411 -0.670776506 0.732390404)
(-0.151577065 -0.626891375 0.759512901)
(0 -0.644730349 0.759655933)
(-0.0805879608 -0.725630621 0.677855909)
(-0.141769846 -0.55711176 0.813807189)
(0.0805694411 -0.670776506 0.732390404)
(0 -0.585671703 0.806112289)
(0 -0.754438579 0.650586943)
(0.0805879608 -0.725630621 0.677855909)
(-0.223216499 -0.637481332 0.73233517)
(-0.201371724 -0.496527274 0.840082328)
(-0.070762222 -0.541938245 0.833141049)
(0.070762222 -0.541938245 0.833141049)
(-0.159616736 -0.744212389 0.643037061)
(0 -0.8036865 0.588736733)
(-0.23123765 -0.699948231 0.670393825)
(-0.285060162 -0.578261713 0.759470244)
(-0.273022607 -0.50708727 0.812923114)
(-0.174249222 -0.425519665 0.883967459)
(-0.0437334577 -0.471176028 0.876874506)
(0.151577065 -0.626891375 0.759512901)
(0.0437334577 -0.471176028 0.876874506)
(0.141769846 -0.55711176 0.813807189)
(-0.15822088 -0.793011526 0.582107743)
(0.0791921044 -0.823677679 0.555076381)
(-0.0791921044 -0.823677679 0.555076381)
(0.159616736 -0.744212389 0.643037061)
(-0.301612983 -0.704390327 0.636878649)
(-0.0876185795 -0.415341934 0.901425779)
(0.223216499 -0.637481332 0.73233517)
(0.0876185795 -0.415341934 0.901425779)
(0.201371724 -0.496527274 0.840082328)
(-0.234179263 -0.802615742 0.542027891)
(0.15822088 -0.793011526 0.582107743)
(0.0795860142 -0.867937048 0.481532216)
(-0.0795860142 -0.867937048 0.481532216)
(0.23123765 -0.699948231 0.670393825)
(0.285060162 -0.578261713 0.759470244)
(0.273022607 -0.50708727 0.812923114)
(0.174249222 -0.425519665 0.883967459)
(-0.234709466 -0.846733809 0.468481958)
(0.159144993 -0.881388962 0.435017645)
(0 -0.892205238 0.441648404)
(0.234179263 -0.802615742 0.542027891)
(0.301612983 -0.704390327 0.636878649)
(0.234709466 -0.846733809 0.468481958)
(0.423267037 0.307577501 0.847978334)
(0.468481958 0.234709466 0.846733809)
(0.344627957 0.304991464 0.883720716)
(0.435017645 0.159144993 0.881388962)
(0.304378559 0.234131893 0.91943574)
(0.349553327 0.161153456 0.918348511)
(-0.120854162 0.654711246 -0.742944747)
(0.342027783 0.826464236 -0.441806868)
(0.333876312 0.677259326 -0.651905388)
(-0.264635116 0.0812299252 -0.957458913)
(-0.644845933 0.398536712 -0.647446007)
(-0.993844181 0.0665355548 -0.0411212333)
(-0.654435813 0.198854178 -0.726216406)
(0.404463559 -0.853289962 -0.321752831)
(0.582877576 -0.442561746 0.676842272)
(-0.505086362 0.857790053 0.0656001866)
(-0.780204356 -0.620239556 0)
(-0.969372451 -0.197968327 -0.122351158)
(-0.919674009 0.0658276826 0.380792081)
(-0.0405431464 -0.659274518 0.747562379)
(0.964165479 0.0663962364 -0.246691778)
(0.131427869 -0.42133522 0.894616961)
(0.13307111 0 -0.987688363)
(0.84541434 0.522494793 -0.0782172307)
(0.13307111 0 0.987688363)
(0.195773646 -0.396058679 -0.89348653)
(0.644845933 -0.398536712 -0.647446007)
(-0.881816626 -0.462669075 -0.0411617905)
(-0.770693541 -0.407291442 -0.485056058)
(-0.246691778 0.964165479 0.0663962364)
(-0.119379021 -0.876580179 0.459432781)
(-0.732879549 0.604163051 0.304417178)
(0.191288441 -0.958724558 0.197829008)
(0.783476204 0.484214932 0.381503746)
(0.867458999 -0.384900555 0.30685775)
(0 -0.912982464 -0.399607062)
(-0.810191125 -0.569749027 0.118788157)
(-0.254513733 -0.609331757 0.747479528)
(0.331236303 -0.122391716 0.932019502)
(0.938421875 0.333005875 0.0411617905)
(0.381503746 -0.783476204 -0.484214932)
(0 -0.912982464 0.399607062)
(-0.446877629 -0.520887867 -0.723063171)
(0 -0.615642011 -0.78384304)
(-0.485056058 -0.770693541 -0.407291442)
(0.122391716 0.932019502 0.331236303)
(-0.0665355548 -0.110097352 0.989063621)
(-0.485056058 -0.770693541 0.407291442)
(0.172111623 -0.527846634 -0.828789264)
(0.122351158 -0.969372451 -0.197968327)
(-0.198437616 -0.260687962 -0.941318363)
(-0.747347832 0.186822452 0.632516056)
(-0.933650345 0.263474151 -0.231859371)
(-0.0658276826 0.315747663 -0.943121493)
(-0.0665355548 0.0411212333 -0.993844181)
(-0.364883378 -0.445580095 -0.813681573)
(0.122351158 -0.969372451 0.197968327)
(0.120854162 -0.654711246 0.742944747)
(-0.826464236 -0.441806868 0.342027783)
(0.912982464 -0.399607062 0)
(0.0658276826 -0.315747663 -0.943121493)
(-0.863798887 0.19554615 0.459165096)
(0.0663962364 -0.179034635 0.978415728)
(0.0803110152 0.698343754 -0.706664085)
(-0.769428343 -0.613532364 -0.159114089)
(0.0411212333 0.975774825 -0.199737899)
(0.957458913 -0.264635116 -0.0812299252)
(0.881816626 0.462669075 0.0411617905)
(0.747562379 0.0405431464 0.659274518)
(-0.579976618 0.605416 -0.538814843)
(0 -0.987688363 -0.13307111)
(-0.197555698 0.865592211 0.452722937)
(0.441806868 0.342027783 -0.826464236)
(0.659274518 -0.747562379 0.0405431464)
(-0.579976618 0.605416 0.538814843)
(-0.613532364 -0.159114089 -0.769428343)
(-0.8828471 0 0.464543223)
(0.654435813 0.198854178 -0.726216406)
(0.494789809 0.550580353 -0.667384356)
(0.626222581 0.469350427 -0.61718151)
(-0.367573723 -0.889456302 0.261987343)
(-0.323848248 0.338148728 -0.880077809)
(-0.333005875 0.0411617905 -0.938421875)
(0.494789809 0.550580353 0.667384356)
(0.626222581 0.469350427 0.61718151)
(0.0803110152 -0.698343754 -0.706664085)
(-0.333005875 0.0411617905 0.938421875)
(-0.0812299252 0.957458913 0.264635116)
(-0.231859371 0.933650345 0.263474151)
(0.742944747 -0.120854162 -0.654711246)
(0.735821307 -0.385739207 -0.551953435)
(0.462669075 -0.0411617905 0.881816626)
(0.110097352 -0.989063621 -0.0665355548)
(0.581766754 -0.742880762 -0.321078807)
(0.758061886 -0.550750464 0.340382516)
(0.0803110152 -0.698343754 0.706664085)
(-0.228313312 -0.670596182 -0.70217815)
(-0.329743847 -0.920274377 0.197869062)
(-0.758061886 -0.550750464 -0.340382516)
(-0.329743847 0.920274377 -0.197869062)
(-0.342027783 0.826464236 -0.441806868)
(0.364883378 -0.445580095 -0.813681573)
(0.338148728 -0.880077809 -0.323848248)
(-0.703032106 0.65456751 -0.26654546)
(-0.735821307 0.385739207 -0.551953435)
(0.0663962364 0.179034635 -0.978415728)
(0.404463559 0.853289962 -0.321752831)
(0.84541434 -0.522494793 -0.0782172307)
(-0.632516056 0.747347832 0.186822452)
(0.47500509 0.823060066 -0.303022474)
(0.957458913 0.264635116 0.0812299252)
(-0.969372451 0.197968327 -0.122351158)
(-0.626222581 -0.469350427 -0.61718151)
(0.933650345 0.263474151 0.231859371)
(0.989063621 0.0665355548 -0.110097352)
(0.975774825 -0.199737899 -0.0411212333)
(0.131427869 0.42133522 0.894616961)
(0.570686549 0.817246914 0.0405431464)
(-0.969372451 0.197968327 0.122351158)
(0.147054583 -0.593446821 -0.788246125)
(-0.534965396 -0.41286926 0.732521087)
(-0.0411617905 -0.938421875 -0.333005875)
(-0.894616961 -0.131427869 0.42133522)
(0.644845933 0.398536712 -0.647446007)
(0.321752831 -0.404463559 -0.853289962)
(-0.110097352 -0.989063621 0.0665355548)
(-0.0411617905 -0.938421875 0.333005875)
(0.191288441 0.958724558 0.197829008)
(0.799415112 -0.563041836 0.196760394)
(0.462669075 0.0411617905 0.881816626)
(0.65456751 -0.26654546 0.703032106)
(-0.850011766 -0.443093687 0.273846969)
(0.881816626 -0.462669075 0.0411617905)
(-0.770693541 0.407291442 0.485056058)
(0.333005875 0.0411617905 -0.938421875)
(-0.810191125 0.569749027 0.118788157)
(0.747479528 0.254513733 -0.609331757)
(0.828789264 -0.172111623 -0.527846634)
(-0.783834666 -0.553412586 -0.273051664)
(-0.172111623 -0.527846634 0.828789264)
(0.442561746 -0.676842272 0.582877576)
(0.0656001866 0.505086362 0.857790053)
(0.522494793 -0.0782172307 -0.84541434)
(-0.15117975 -0.97704047 -0.132931791)
(-0.723063171 -0.446877629 0.520887867)
(-0.13307111 0 0.987688363)
(0 0.615642011 -0.78384304)
(0.443898499 -0.889986366 -0.0656001866)
(0.483682975 -0.70225659 0.516342044)
(0 0.615642011 0.78384304)
(-0.485056058 0.770693541 0.407291442)
(-0.0411212333 0.993844181 0.0665355548)
(0.613532364 0.159114089 -0.769428343)
(0.0411617905 -0.938421875 -0.333005875)
(-0.919674009 -0.0658276826 -0.380792081)
(-0.404463559 -0.853289962 0.321752831)
(-0.364883378 0.445580095 -0.813681573)
(-0.426021799 -0.414514527 0.800923437)
(0.120854162 0.654711246 0.742944747)
(-0.919674009 -0.0658276826 0.380792081)
(-0.826464236 0.441806868 0.342027783)
(-0.426021799 0.414514527 -0.800923437)
(-0.903625339 -0.325135067 -0.269967914)
(-0.443093687 0.273846969 -0.850011766)
(0.132931791 0.15117975 -0.97704047)
(-0.70217815 -0.228313312 -0.670596182)
(-0.932019502 -0.331236303 0.122391716)
(0.572985321 -0.0405709259 0.815427572)
(0.747562379 -0.0405431464 -0.659274518)
(-0.604163051 -0.304417178 0.732879549)
(0.360664994 0.617598563 -0.695250392)
(0.941318363 0.198437616 -0.260687962)
(0.289172918 -0.945348591 0.132223919)
(-0.613532364 0.159114089 -0.769428343)
(0.360664994 0.617598563 0.695250392)
(0.550750464 -0.340382516 -0.758061886)
(0.452722937 0.197555698 0.865592211)
(-0.122391716 0.932019502 0.331236303)
(0.445580095 0.813681573 0.364883378)
(0.502570093 -0.827658832 -0.2364574)
(0.0411617905 0.881816626 0.462669075)
(0.632516056 -0.747347832 0.186822452)
(-0.360664994 -0.617598563 -0.695250392)
(-0.384900555 0.30685775 -0.867458999)
(0.196760394 0.799415112 -0.563041836)
(-0.543686628 -0.788050443 -0.279587947)
(0.581766754 0.742880762 -0.321078807)
(0.50962925 0.232725732 0.824597448)
(-0.993844181 -0.0665355548 0.0411212333)
(-0.329743847 0.920274377 0.197869062)
(0.769428343 -0.613532364 -0.159114089)
(-0.505086362 0.857790053 -0.0656001866)
(-0.19554615 -0.459165096 -0.863798887)
(-0.0663962364 0.179034635 0.978415728)
(-0.659274518 0.747562379 -0.0405431464)
(-0.0411617905 0.881816626 -0.462669075)
(-0.321078807 -0.581766754 -0.742880762)
(-0.398536712 0.647446007 0.644845933)
(0.254513733 -0.609331757 -0.747479528)
(0.769428343 -0.613532364 0.159114089)
(-0.70225659 -0.516342044 -0.483682975)
(0.78384304 0 -0.615642011)
(-0.19554615 -0.459165096 0.863798887)
(-0.197869062 -0.329743847 0.920274377)
(-0.0411617905 0.881816626 0.462669075)
(-0.191288441 -0.958724558 0.197829008)
(0.254513733 -0.609331757 0.747479528)
(-0.626222581 -0.469350427 0.61718151)
(-0.196760394 -0.799415112 -0.563041836)
(0.0663962364 -0.246691778 0.964165479)
(0.323848248 0.338148728 -0.880077809)
(0.385739207 -0.551953435 0.735821307)
(0.84541434 0.522494793 0.0782172307)
(0.964165479 -0.0663962364 0.246691778)
(-0.626222581 0.469350427 -0.61718151)
(0.943121493 -0.0658276826 0.315747663)
(0.147054583 0.593446821 -0.788246125)
(-0.534965396 0.41286926 0.732521087)
(-0.894616961 0.131427869 0.42133522)
(0.65456751 0.26654546 0.703032106)
(-0.850011766 0.443093687 0.273846969)
(0.520887867 0.723063171 0.446877629)
(-0.333005875 -0.0411617905 -0.938421875)
(0.659274518 -0.747562379 -0.0405431464)
(0.119379021 -0.876580179 0.459432781)
(0.651905388 -0.333876312 -0.677259326)
(-0.742880762 -0.321078807 -0.581766754)
(-0.289172918 0.945348591 -0.132223919)
(-0.333005875 -0.0411617905 0.938421875)
(-0.324526459 -0.200568393 -0.921031535)
(-0.263474151 -0.231859371 0.933650345)
(0.197555698 -0.865592211 0.452722937)
(0.119379021 0.876580179 -0.459432781)
(0.747347832 -0.186822452 0.632516056)
(-0.15117975 0.97704047 -0.132931791)
(-0.263474151 0.231859371 -0.933650345)
(-0.15117975 0.97704047 0.132931791)
(-0.160500258 0.901994497 0.392897218)
(-0.186822452 0.632516056 0.747347832)
(-0.550580353 0.667384356 0.494789809)
(-0.569749027 0.118788157 0.810191125)
(-0.957458913 -0.264635116 0.0812299252)
(0.414514527 0.800923437 0.426021799)
(0.97704047 0.132931791 0.15117975)
(-0.426021799 0.414514527 0.800923437)
(-0.385739207 0.551953435 -0.735821307)
(0.989063621 -0.0665355548 -0.110097352)
(0.857790053 -0.0656001866 -0.505086362)
(-0.0405431464 -0.570686549 0.817246914)
(-0.414514527 -0.800923437 -0.426021799)
(0.617598563 -0.695250392 -0.360664994)
(0.605416 -0.538814843 -0.579976618)
(0.957458913 -0.264635116 0.0812299252)
(-0.941318363 -0.198437616 -0.260687962)
(0.726216406 -0.654435813 0.198854178)
(0.827658832 -0.2364574 0.502570093)
(-0.732879549 -0.604163051 -0.304417178)
(0.0812299252 0.957458913 0.264635116)
(-0.89348653 0.195773646 -0.396058679)
(-0.260687962 -0.941318363 0.198437616)
(0.367573723 -0.889456302 -0.261987343)
(-0.698343754 0.706664085 -0.0803110152)
(0.827658832 0.2364574 -0.502570093)
(0.367573723 -0.889456302 0.261987343)
(0.321078807 -0.581766754 0.742880762)
(0.198854178 -0.726216406 0.654435813)
(-0.677259326 -0.651905388 -0.333876312)
(0.550041825 -0.824386179 0.106143333)
(0.110097352 -0.989063621 0.0665355548)
(-0.617598563 -0.695250392 -0.360664994)
(-0.677259326 -0.651905388 0.333876312)
(-0.543686628 0.788050443 -0.279587947)
(-0.989063621 0.0665355548 0.110097352)
(0.122391716 -0.932019502 -0.331236303)
(0.120881941 -0.736992419 -0.661143005)
(-0.97704047 -0.132931791 -0.15117975)
(0.120881941 -0.736992419 0.661143005)
(-0.0665355548 -0.0411212333 0.993844181)
(-0.443898499 -0.889986366 -0.0656001866)
(0.254513733 0.609331757 -0.747479528)
(0.732521087 0.534965396 -0.41286926)
(0.695250392 -0.360664994 0.617598563)
(0 -0.205609381 0.97618863)
(-0.0658276826 0.380792081 -0.919674009)
(-0.0665355548 0.110097352 -0.989063621)
(0.0658276826 -0.380792081 0.919674009)
(0.197968327 0.122351158 -0.969372451)
(0.254513733 0.609331757 0.747479528)
(0.195773646 0.396058679 -0.89348653)
(-0.196760394 0.799415112 -0.563041836)
(-0.788050443 -0.279587947 -0.543686628)
(0.443093687 -0.273846969 0.850011766)
(0.197968327 0.122351158 0.969372451)
(0.263474151 -0.231859371 0.933650345)
(0.853289962 -0.321752831 0.404463559)
(-0.788050443 -0.279587947 0.543686628)
(-0.522494793 -0.0782172307 -0.84541434)
(0.881816626 -0.462669075 -0.0411617905)
(0.263474151 0.231859371 -0.933650345)
(0.865592211 -0.452722937 -0.197555698)
(-0.581766754 0.742880762 0.321078807)
(0.958724558 -0.197829008 -0.191288441)
(0.817246914 -0.0405431464 0.570686549)
(0.381503746 0.783476204 0.484214932)
(-0.817246914 0.0405431464 -0.570686549)
(0.889456302 -0.261987343 -0.367573723)
(0.553412586 -0.273051664 0.783834666)
(-0.0658276826 -0.380792081 -0.919674009)
(-0.484214932 -0.381503746 -0.783476204)
(0.119379021 0.876580179 0.459432781)
(-0.828789264 0.172111623 -0.527846634)
(-0.231859371 -0.933650345 -0.263474151)
(0.651905388 0.333876312 -0.677259326)
(-0.279587947 -0.543686628 -0.788050443)
(0.0405709259 -0.741555691 0.665760636)
(-0.0658276826 -0.380792081 0.919674009)
(0.197555698 0.865592211 0.452722937)
(-0.742880762 0.321078807 0.581766754)
(0.747347832 0.186822452 0.632516056)
(-0.279587947 -0.543686628 0.788050443)
(-0.0411212333 0.975774825 0.199737899)
(-0.964165479 0.0663962364 -0.246691778)
(0.333876312 -0.677259326 -0.651905388)
(-0.0782172307 -0.84541434 -0.522494793)
(-0.654435813 -0.198854178 -0.726216406)
(0.670596182 -0.70217815 0.228313312)
(-0.120854162 -0.654711246 0.742944747)
(0.398536712 0.647446007 -0.644845933)
(0.303022474 -0.47500509 0.823060066)
(-0.654435813 -0.198854178 0.726216406)
(-0.769428343 0.613532364 -0.159114089)
(0.0782172307 0.84541434 0.522494793)
(0.273051664 0.783834666 -0.553412586)
(0 0.987688363 -0.13307111)
(0.617598563 -0.695250392 0.360664994)
(0.993844181 0.0665355548 -0.0411212333)
(0.932019502 -0.331236303 0.122391716)
(0 0.987688363 0.13307111)
(0.617598563 0.695250392 -0.360664994)
(0.605416 0.538814843 -0.579976618)
(0.199737899 -0.0411212333 0.975774825)
(0.197869062 -0.329743847 0.920274377)
(0.945348591 0.132223919 0.289172918)
(-0.0411617905 -0.881816626 -0.462669075)
(0.726216406 0.654435813 0.198854178)
(0.605416 0.538814843 0.579976618)
(0.569749027 0.118788157 0.810191125)
(-0.325135067 -0.269967914 0.903625339)
(-0.0411617905 -0.881816626 0.462669075)
(-0.0405431464 0.570686549 -0.817246914)
(-0.260687962 0.941318363 0.198437616)
(-0.741555691 0.665760636 -0.0405709259)
(0.758061886 0.550750464 0.340382516)
(-0.810191125 -0.569749027 -0.118788157)
(0.815427572 -0.572985321 -0.0405709259)
(0.70225659 -0.516342044 -0.483682975)
(-0.824386179 -0.106143333 -0.550041825)
(-0.0405431464 0.570686549 0.817246914)
(0.331236303 -0.122391716 -0.932019502)
(-0.197968327 -0.122351158 0.969372451)
(0.800923437 -0.426021799 0.414514527)
(-0.228313312 0.670596182 0.70217815)
(-0.824386179 -0.106143333 0.550041825)
(-0.726216406 -0.654435813 0.198854178)
(-0.197968327 0.122351158 -0.969372451)
(-0.677259326 0.651905388 -0.333876312)
(-0.264635116 -0.0812299252 0.957458913)
(0.364883378 0.445580095 -0.813681573)
(0.338148728 0.880077809 -0.323848248)
(-0.0405709259 0.741555691 0.665760636)
(-0.726216406 0.654435813 -0.198854178)
(-0.617598563 0.695250392 -0.360664994)
(-0.677259326 0.651905388 0.333876312)
(-0.747479528 0.254513733 -0.609331757)
(0.338148728 0.880077809 0.323848248)
(-0.261987343 0.367573723 0.889456302)
(-0.132931791 -0.15117975 0.97704047)
(-0.989063621 -0.0665355548 -0.110097352)
(-0.617598563 0.695250392 0.360664994)
(-0.147054583 -0.593446821 -0.788246125)
(-0.132931791 0.15117975 -0.97704047)
(-0.0665355548 -0.110097352 -0.989063621)
(-0.97704047 0.132931791 -0.15117975)
(-0.527846634 -0.828789264 -0.172111623)
(0.120881941 0.736992419 0.661143005)
(0.695250392 0.360664994 0.617598563)
(0.551953435 0.735821307 0.385739207)
(-0.945348591 -0.132223919 0.289172918)
(0 -0.0689761192 0.995219439)
(0.15117975 0.97704047 -0.132931791)
(-0.550750464 -0.340382516 0.758061886)
(0.661143005 -0.120881941 -0.736992419)
(0.995219439 0 0.0689761192)
(-0.197555698 -0.865592211 -0.452722937)
(0.279587947 -0.543686628 -0.788050443)
(0.197829008 -0.191288441 0.958724558)
(0.661143005 -0.120881941 0.736992419)
(0.572985321 0.0405709259 -0.815427572)
(-0.867458999 -0.384900555 0.30685775)
(0.338310942 -0.938490897 0)
(-0.788050443 0.279587947 0.543686628)
(-0.197555698 -0.865592211 0.452722937)
(0.279587947 -0.543686628 0.788050443)
(0.572985321 0.0405709259 0.815427572)
(0.747562379 0.0405431464 -0.659274518)
(-0.579976618 -0.605416 0.538814843)
(0.865592211 0.452722937 -0.197555698)
(0.742880762 0.321078807 -0.581766754)
(0.736992419 0.661143005 -0.120881941)
(-0.783834666 0.553412586 -0.273051664)
(-0.172111623 0.527846634 0.828789264)
(0.494789809 -0.550580353 -0.667384356)
(0.407291442 -0.485056058 0.770693541)
(0.865592211 0.452722937 0.197555698)
(-0.8828471 0 -0.464543223)
(0.828789264 0.172111623 0.527846634)
(0.889456302 0.261987343 -0.367573723)
(-0.122391716 -0.932019502 -0.331236303)
(0.445580095 -0.813681573 -0.364883378)
(0.626222581 -0.469350427 0.61718151)
(0.494789809 -0.550580353 0.667384356)
(0.579976618 0.605416 -0.538814843)
(-0.0812299252 0.957458913 -0.264635116)
(0.647446007 -0.644845933 -0.398536712)
(0.579976618 0.605416 0.538814843)
(-0.279587947 0.543686628 0.788050443)
(-0.0656001866 0.505086362 -0.857790053)
(-0.329743847 -0.920274377 -0.197869062)
(-0.993844181 0.0665355548 0.0411212333)
(-0.342027783 -0.826464236 -0.441806868)
(-0.957458913 -0.264635116 -0.0812299252)
(-0.703032106 -0.65456751 -0.26654546)
(0.670596182 0.70217815 0.228313312)
(-0.342027783 -0.826464236 0.441806868)
(-0.0663962364 0.246691778 0.964165479)
(-0.0411617905 0.938421875 -0.333005875)
(0.303022474 0.47500509 0.823060066)
(0.826464236 0.441806868 -0.342027783)
(0.706664085 0.0803110152 -0.698343754)
(0.732879549 0.604163051 0.304417178)
(0.788246125 -0.147054583 -0.593446821)
(-0.632516056 0.747347832 -0.186822452)
(-0.70217815 0.228313312 0.670596182)
(0.933650345 0.263474151 -0.231859371)
(0.964165479 0.0663962364 0.246691778)
(0.550750464 0.340382516 -0.758061886)
(-0.452722937 -0.197555698 0.865592211)
(-0.534965396 -0.41286926 -0.732521087)
(-0.550041825 -0.824386179 -0.106143333)
(0.938490897 0 -0.338310942)
(0.197869062 0.329743847 0.920274377)
(0.502570093 0.827658832 0.2364574)
(0.609331757 -0.747479528 0.254513733)
(0.8828471 0 -0.464543223)
(0.392897218 -0.160500258 -0.901994497)
(-0.325135067 0.269967914 0.903625339)
(0.462669075 0.0411617905 -0.881816626)
(-0.42133522 -0.894616961 -0.131427869)
(0.747479528 -0.254513733 -0.609331757)
(-0.810191125 0.569749027 -0.118788157)
(0.747479528 -0.254513733 0.609331757)
(0.179034635 -0.978415728 -0.0663962364)
(0.0405709259 -0.815427572 0.572985321)
(0.0656001866 0.505086362 -0.857790053)
(-0.824386179 0.106143333 0.550041825)
(-0.726216406 0.654435813 0.198854178)
(-0.19554615 0.459165096 0.863798887)
(-0.723063171 -0.446877629 -0.520887867)
(-0.197869062 0.329743847 0.920274377)
(-0.736992419 -0.661143005 -0.120881941)
(-0.191288441 0.958724558 0.197829008)
(-0.13307111 0 -0.987688363)
(-0.70225659 0.516342044 0.483682975)
(0 -0.615642011 0.78384304)
(-0.443898499 -0.889986366 0.0656001866)
(0.483682975 -0.70225659 -0.516342044)
(-0.132223919 -0.289172918 -0.945348591)
(0.385739207 0.551953435 0.735821307)
(-0.0803110152 -0.698343754 0.706664085)
(-0.569749027 -0.118788157 -0.810191125)
(-0.527846634 0.828789264 -0.172111623)
(0.414514527 -0.800923437 -0.426021799)
(0.97704047 -0.132931791 -0.15117975)
(-0.945348591 0.132223919 0.289172918)
(-0.426021799 -0.414514527 -0.800923437)
(-0.443093687 -0.273846969 -0.850011766)
(0.978415728 0.0663962364 0.179034635)
(0.132931791 -0.15117975 -0.97704047)
(-0.550750464 0.340382516 0.758061886)
(-0.826464236 0.441806868 -0.342027783)
(0.661143005 0.120881941 -0.736992419)
(0.550580353 0.667384356 -0.494789809)
(0.527846634 0.828789264 -0.172111623)
(-0.443093687 -0.273846969 0.850011766)
(0.993844181 -0.0665355548 -0.0411212333)
(0.857790053 0.0656001866 -0.505086362)
(-0.938490897 0 0.338310942)
(0.723063171 -0.446877629 0.520887867)
(0.279587947 0.543686628 -0.788050443)
(0.197829008 0.191288441 0.958724558)
(0.106143333 -0.550041825 0.824386179)
(0.661143005 0.120881941 0.736992419)
(-0.867458999 0.384900555 0.30685775)
(-0.273051664 -0.783834666 0.553412586)
(0.360664994 -0.617598563 -0.695250392)
(0.0411212333 0.975774825 0.199737899)
(0.279587947 0.543686628 0.788050443)
(0.452722937 -0.197555698 0.865592211)
(-0.122391716 -0.932019502 0.331236303)
(0.0405431464 -0.570686549 -0.817246914)
(0.659274518 0.747562379 -0.0405431464)
(0.232725732 -0.824597448 -0.50962925)
(0.850011766 -0.443093687 0.273846969)
(-0.122391716 0.932019502 -0.331236303)
(-0.799415112 -0.563041836 0.196760394)
(-0.741555691 -0.665760636 -0.0405709259)
(0.445580095 0.813681573 -0.364883378)
(0.0405431464 -0.570686549 0.817246914)
(0.50962925 -0.232725732 0.824597448)
(0.647446007 0.644845933 -0.398536712)
(0.50962925 0.232725732 -0.824597448)
(0 -0.464543223 -0.8828471)
(-0.978415728 -0.0663962364 0.179034635)
(0.647446007 0.644845933 0.398536712)
(-0.605416 -0.538814843 -0.579976618)
(-0.47500509 -0.823060066 -0.303022474)
(0 -0.464543223 0.8828471)
(-0.901994497 0.392897218 0.160500258)
(-0.659274518 -0.747562379 0.0405431464)
(0.593446821 0.788246125 0.147054583)
(-0.398536712 0.647446007 -0.644845933)
(-0.342027783 0.826464236 0.441806868)
(-0.414514527 0.800923437 -0.426021799)
(-0.47500509 -0.823060066 0.303022474)
(-0.735821307 0.385739207 0.551953435)
(-0.197869062 -0.329743847 -0.920274377)
(0.0663962364 0.179034635 0.978415728)
(-0.941318363 0.198437616 -0.260687962)
(-0.414514527 0.800923437 0.426021799)
(-0.889986366 -0.0656001866 0.443898499)
(0.323848248 -0.338148728 -0.880077809)
(0.993844181 0.0665355548 0.0411212333)
(0.975774825 0.199737899 -0.0411212333)
(0.0663962364 -0.246691778 -0.964165479)
(0.323848248 -0.338148728 0.880077809)
(-0.615642011 -0.78384304 0)
(-0.269967914 -0.903625339 0.325135067)
(0.0665355548 -0.110097352 0.989063621)
(0.943121493 -0.0658276826 -0.315747663)
(0.0405431464 0.659274518 0.747562379)
(-0.881816626 0.462669075 -0.0411617905)
(0.783834666 0.553412586 -0.273051664)
(0.367573723 0.889456302 0.261987343)
(0.0411617905 0.938421875 -0.333005875)
(0.304417178 0.732879549 -0.604163051)
(-0.522494793 0.0782172307 -0.84541434)
(0.264635116 0.0812299252 -0.957458913)
(-0.452722937 0.197555698 0.865592211)
(-0.534965396 0.41286926 -0.732521087)
(-0.550041825 0.824386179 -0.106143333)
(-0.118788157 -0.810191125 -0.569749027)
(0.520887867 -0.723063171 0.446877629)
(0.815427572 -0.572985321 0.0405709259)
(-0.338310942 -0.938490897 0)
(0.392897218 0.160500258 -0.901994497)
(-0.50962925 -0.232725732 -0.824597448)
(0.110097352 0.989063621 0.0665355548)
(0.65456751 0.26654546 -0.703032106)
(0.520887867 0.723063171 -0.446877629)
(-0.338310942 0.938490897 0)
(-0.50962925 -0.232725732 0.824597448)
(-0.538814843 -0.579976618 0.605416)
(-0.0658276826 -0.315747663 -0.943121493)
(0.119379021 -0.876580179 -0.459432781)
(-0.551953435 -0.735821307 0.385739207)
(0.747479528 0.254513733 0.609331757)
(-0.263474151 -0.231859371 -0.933650345)
(-0.0658276826 -0.315747663 0.943121493)
(0.747347832 -0.186822452 -0.632516056)
(0.667384356 -0.494789809 0.550580353)
(-0.15117975 -0.97704047 0.132931791)
(-0.160500258 -0.901994497 0.392897218)
(-0.186822452 -0.632516056 0.747347832)
(0.273846969 -0.850011766 0.443093687)
(0.0411212333 -0.975774825 0.199737899)
(0.260687962 -0.941318363 0.198437616)
(-0.665760636 -0.0405709259 0.741555691)
(-0.160500258 0.901994497 -0.392897218)
(0.0663962364 -0.179034635 -0.978415728)
(-0.186822452 0.632516056 -0.747347832)
(0.260687962 0.941318363 -0.198437616)
(-0.2364574 0.502570093 -0.827658832)
(-0.338148728 0.880077809 -0.323848248)
(0.414514527 -0.800923437 0.426021799)
(0.863798887 0.19554615 0.459165096)
(-0.569749027 0.118788157 -0.810191125)
(0.853289962 0.321752831 0.404463559)
(0.0665355548 0.110097352 -0.989063621)
(-0.2364574 0.502570093 0.827658832)
(0.414514527 0.800923437 -0.426021799)
(0.396058679 0.89348653 -0.195773646)
(0.97704047 0.132931791 -0.15117975)
(0.958724558 0.197829008 -0.191288441)
(-0.179034635 -0.978415728 0.0663962364)
(0.958724558 0.197829008 0.191288441)
(-0.443093687 0.273846969 0.850011766)
(-0.502570093 -0.827658832 -0.2364574)
(-0.620239556 0 -0.780204356)
(0.723063171 0.446877629 0.520887867)
(0.106143333 0.550041825 0.824386179)
(0.553412586 0.273051664 0.783834666)
(-0.89348653 -0.195773646 -0.396058679)
(-0.273051664 0.783834666 0.553412586)
(-0.0782172307 0.84541434 -0.522494793)
(0.569749027 -0.118788157 -0.810191125)
(-0.89348653 -0.195773646 0.396058679)
(-0.260687962 -0.941318363 -0.198437616)
(0.462669075 -0.0411617905 -0.881816626)
(-0.0405431464 0.659274518 -0.747562379)
(-0.799415112 0.563041836 0.196760394)
(-0.0405431464 0.659274518 0.747562379)
(-0.321752831 -0.404463559 0.853289962)
(0.321078807 -0.581766754 -0.742880762)
(-0.120854162 0.654711246 0.742944747)
(-0.661143005 -0.120881941 -0.736992419)
(0.333876312 0.677259326 0.651905388)
(-0.199737899 -0.0411212333 -0.975774825)
(-0.264635116 0.0812299252 0.957458913)
(-0.654435813 0.198854178 0.726216406)
(-0.659274518 0.747562379 0.0405431464)
(-0.975774825 -0.199737899 0.0411212333)
(0 -0.338310942 -0.938490897)
(-0.989063621 0.0665355548 -0.110097352)
(0.901994497 -0.392897218 0.160500258)
(-0.605416 0.538814843 -0.579976618)
(0 -0.338310942 0.938490897)
(0.485056058 -0.770693541 0.407291442)
(-0.0665355548 -0.0411212333 -0.993844181)
(-0.380792081 -0.919674009 -0.0658276826)
(0.197968327 -0.122351158 -0.969372451)
(0.654711246 -0.742944747 -0.120854162)
(0.197968327 -0.122351158 0.969372451)
(0.195773646 -0.396058679 0.89348653)
(0.160500258 -0.901994497 0.392897218)
(0.644845933 -0.398536712 0.647446007)
(0.160500258 0.901994497 -0.392897218)
(0.323848248 0.338148728 0.880077809)
(-0.615642011 0.78384304 0)
(0.867458999 0.384900555 -0.30685775)
(0.159114089 0.769428343 -0.613532364)
(0.263474151 -0.231859371 -0.933650345)
(-0.581766754 -0.742880762 0.321078807)
(-0.269967914 0.903625339 0.325135067)
(0.810191125 -0.569749027 -0.118788157)
(-0.706664085 -0.0803110152 -0.698343754)
(-0.254513733 0.609331757 -0.747479528)
(0.331236303 0.122391716 -0.932019502)
(0.381503746 -0.783476204 0.484214932)
(0.30685775 -0.867458999 -0.384900555)
(0.815427572 0.572985321 0.0405709259)
(-0.747562379 0.0405431464 -0.659274518)
(-0.706664085 -0.0803110152 0.698343754)
(-0.254513733 0.609331757 0.747479528)
(0.381503746 0.783476204 -0.484214932)
(-0.118788157 0.810191125 -0.569749027)
(0.329743847 0.920274377 -0.197869062)
(-0.50962925 0.232725732 -0.824597448)
(0.534965396 -0.41286926 -0.732521087)
(-0.122351158 0.969372451 0.197968327)
(0.329743847 0.920274377 0.197869062)
(-0.50962925 0.232725732 0.824597448)
(-0.654711246 0.742944747 0.120854162)
(-0.538814843 0.579976618 0.605416)
(-0.485056058 0.770693541 -0.407291442)
(0.172111623 -0.527846634 0.828789264)
(0.197555698 0.865592211 -0.452722937)
(0.246691778 -0.964165479 0.0663962364)
(-0.0665355548 0.0411212333 0.993844181)
(0.667384356 0.494789809 0.550580353)
(0.122351158 0.969372451 -0.197968327)
(0.273846969 0.850011766 0.443093687)
(0.260687962 0.941318363 0.198437616)
(0 0.205609381 -0.97618863)
(0.670596182 -0.70217815 -0.228313312)
(0.706664085 -0.0803110152 0.698343754)
(0.303022474 -0.47500509 -0.823060066)
(0.273051664 -0.783834666 -0.553412586)
(-0.333876312 -0.677259326 -0.651905388)
(-0.200568393 -0.921031535 -0.324526459)
(-0.769428343 -0.613532364 0.159114089)
(0.0782172307 0.84541434 -0.522494793)
(-0.200568393 -0.921031535 0.324526459)
(0.228313312 -0.670596182 0.70217815)
(0.41286926 -0.732521087 -0.534965396)
(0 -0.987688363 0.13307111)
(-0.647446007 -0.644845933 -0.398536712)
(0.441806868 0.342027783 0.826464236)
(-0.620239556 0 0.780204356)
(0.407291442 0.485056058 0.770693541)
(0.325135067 0.269967914 -0.903625339)
(0.0405431464 0.570686549 0.817246914)
(0.989063621 -0.0665355548 0.110097352)
(0.932019502 -0.331236303 -0.122391716)
(-0.647446007 -0.644845933 0.398536712)
(0.894616961 -0.131427869 -0.42133522)
(0.945348591 -0.132223919 0.289172918)
(-0.502570093 0.827658832 -0.2364574)
(0.676842272 0.582877576 -0.442561746)
(-0.698343754 0.706664085 0.0803110152)
(-0.938421875 -0.333005875 0.0411617905)
(0.605416 -0.538814843 0.579976618)
(0.569749027 -0.118788157 0.810191125)
(0.384900555 -0.30685775 -0.867458999)
(0.894616961 -0.131427869 0.42133522)
(-0.445580095 -0.813681573 -0.364883378)
(0.632516056 -0.747347832 -0.186822452)
(-0.0689761192 0.995219439 0)
(0.569749027 0.118788157 -0.810191125)
(0.665760636 0.0405709259 -0.741555691)
(-0.813681573 0.364883378 -0.445580095)
(-0.89348653 0.195773646 0.396058679)
(-0.445580095 -0.813681573 0.364883378)
(-0.741555691 -0.665760636 0.0405709259)
(0.735821307 -0.385739207 0.551953435)
(0.0689761192 -0.995219439 0)
(0.758061886 0.550750464 -0.340382516)
(0.665760636 0.0405709259 0.741555691)
(0.604163051 -0.304417178 -0.732879549)
(-0.197968327 -0.122351158 -0.969372451)
(0.0656001866 0.443898499 0.889986366)
(-0.321752831 0.404463559 0.853289962)
(0.800923437 -0.426021799 -0.414514527)
(-0.758061886 -0.550750464 0.340382516)
(-0.726216406 -0.654435813 -0.198854178)
(0.604163051 -0.304417178 0.732879549)
(0.70217815 -0.228313312 0.670596182)
(-0.747479528 -0.254513733 -0.609331757)
(0.338148728 -0.880077809 0.323848248)
(-0.261987343 -0.367573723 0.889456302)
(-0.659274518 -0.747562379 -0.0405431464)
(-0.617598563 -0.695250392 0.360664994)
(0.70217815 0.228313312 -0.670596182)
(-0.747479528 -0.254513733 0.609331757)
(0.788246125 0.147054583 -0.593446821)
(-0.65456751 -0.26654546 0.703032106)
(-0.132931791 -0.15117975 -0.97704047)
(-0.261987343 0.367573723 -0.889456302)
(0.0411212333 -0.993844181 0.0665355548)
(0.0658276826 0.315747663 -0.943121493)
(0.788246125 0.147054583 0.593446821)
(-0.65456751 0.26654546 -0.703032106)
(0.901994497 0.392897218 0.160500258)
(0.551953435 -0.735821307 0.385739207)
(0.84541434 -0.522494793 0.0782172307)
(-0.198854178 0.726216406 0.654435813)
(0.989063621 0.0665355548 0.110097352)
(-0.857790053 0.0656001866 0.505086362)
(0.654711246 0.742944747 -0.120854162)
(0.516342044 0.483682975 -0.70225659)
(0.195773646 0.396058679 0.89348653)
(0.160500258 0.901994497 0.392897218)
(0.644845933 0.398536712 0.647446007)
(0.516342044 0.483682975 0.70225659)
(-0.881816626 0.462669075 0.0411617905)
(0.609331757 0.747479528 0.254513733)
(0.97618863 0 -0.205609381)
(0.19554615 -0.459165096 -0.863798887)
(0.742880762 -0.321078807 -0.581766754)
(0.736992419 -0.661143005 -0.120881941)
(-0.747562379 0.0405431464 0.659274518)
(-0.522494793 -0.0782172307 0.84541434)
(0.263474151 0.231859371 0.933650345)
(0.742880762 -0.321078807 0.581766754)
(0.865592211 -0.452722937 0.197555698)
(0.736992419 -0.661143005 0.120881941)
(0.828789264 -0.172111623 0.527846634)
(0.703032106 -0.65456751 0.26654546)
(0.823060066 -0.303022474 0.47500509)
(-0.783834666 -0.553412586 0.273051664)
(-0.172111623 0.527846634 -0.828789264)
(0.442561746 0.676842272 -0.582877576)
(0.464543223 0.8828471 0)
(-0.823060066 -0.303022474 0.47500509)
(0.407291442 -0.485056058 -0.770693541)
(0.828789264 0.172111623 -0.527846634)
(0.823060066 0.303022474 -0.47500509)
(0.2364574 -0.502570093 -0.827658832)
(0.340382516 -0.758061886 -0.550750464)
(-0.723063171 0.446877629 -0.520887867)
(-0.736992419 0.661143005 -0.120881941)
(0.579976618 -0.605416 -0.538814843)
(-0.304417178 0.732879549 -0.604163051)
(0.0658276826 0.380792081 -0.919674009)
(-0.723063171 0.446877629 0.520887867)
(0.579976618 -0.605416 0.538814843)
(-0.676842272 -0.582877576 -0.442561746)
(0.483682975 0.70225659 -0.516342044)
(-0.132223919 0.289172918 -0.945348591)
(0.446877629 -0.520887867 -0.723063171)
(-0.609331757 -0.747479528 -0.254513733)
(0.172111623 0.527846634 0.828789264)
(-0.443898499 0.889986366 0.0656001866)
(0.122351158 0.969372451 0.197968327)
(-0.132223919 0.289172918 0.945348591)
(0.912982464 0.399607062 0)
(-0.964165479 0.0663962364 0.246691778)
(-0.978415728 0.0663962364 0.179034635)
(-0.516342044 -0.483682975 0.70225659)
(0.593446821 -0.788246125 -0.147054583)
(0.732879549 -0.604163051 0.304417178)
(0 0.338310942 -0.938490897)
(-0.903625339 -0.325135067 0.269967914)
(-0.975774825 -0.199737899 -0.0411212333)
(0.732879549 0.604163051 -0.304417178)
(-0.932019502 0.331236303 -0.122391716)
(-0.769428343 0.613532364 0.159114089)
(-0.889986366 0.0656001866 0.443898499)
(-0.396058679 0.89348653 -0.195773646)
(0.228313312 0.670596182 0.70217815)
(0.677259326 -0.651905388 0.333876312)
(-0.647446007 0.644845933 -0.398536712)
(0.289172918 0.945348591 -0.132223919)
(-0.670596182 -0.70217815 -0.228313312)
(0.932019502 0.331236303 -0.122391716)
(0.850011766 0.443093687 0.273846969)
(-0.647446007 0.644845933 0.398536712)
(0.894616961 0.131427869 -0.42133522)
(-0.698343754 -0.706664085 -0.0803110152)
(0.264635116 -0.0812299252 0.957458913)
(-0.670596182 -0.70217815 0.228313312)
(0.502570093 -0.827658832 0.2364574)
(-0.695250392 -0.360664994 0.617598563)
(0.42133522 0.894616961 -0.131427869)
(0.384900555 0.30685775 -0.867458999)
(0.876580179 -0.459432781 -0.119379021)
(0.894616961 0.131427869 0.42133522)
(0.502570093 0.827658832 -0.2364574)
(0.632516056 0.747347832 -0.186822452)
(-0.325135067 0.269967914 -0.903625339)
(-0.543686628 -0.788050443 0.279587947)
(-0.445580095 0.813681573 0.364883378)
(0.735821307 0.385739207 0.551953435)
(0.581766754 0.742880762 0.321078807)
(0.815427572 0.572985321 -0.0405709259)
(0.484214932 0.381503746 -0.783476204)
(0.604163051 0.304417178 -0.732879549)
(-0.758061886 0.550750464 0.340382516)
(-0.824386179 0.106143333 -0.550041825)
(0.604163051 0.304417178 0.732879549)
(0.70217815 0.228313312 0.670596182)
(-0.321078807 -0.581766754 0.742880762)
(0.78384304 0 0.615642011)
(-0.197869062 0.329743847 -0.920274377)
(-0.665760636 0.0405709259 -0.741555691)
(-0.747479528 0.254513733 0.609331757)
(-0.958724558 0.197829008 -0.191288441)
(-0.665760636 0.0405709259 0.741555691)
(0.788050443 -0.279587947 0.543686628)
(-0.159114089 -0.769428343 0.613532364)
(0.443898499 0.889986366 0.0656001866)
(0.385739207 0.551953435 -0.735821307)
(-0.853289962 -0.321752831 0.404463559)
(-0.0405431464 -0.659274518 -0.747562379)
(0.550580353 -0.667384356 -0.494789809)
(-0.0411212333 -0.993844181 -0.0665355548)
(0.527846634 -0.828789264 -0.172111623)
(0.978415728 0.0663962364 -0.179034635)
(-0.520887867 -0.723063171 -0.446877629)
(-0.667384356 0.494789809 0.550580353)
(0.527846634 -0.828789264 0.172111623)
(-0.119379021 -0.876580179 -0.459432781)
(0.106143333 -0.550041825 -0.824386179)
(-0.407291442 -0.485056058 0.770693541)
(0.651905388 -0.333876312 0.677259326)
(0.742880762 0.321078807 0.581766754)
(0.665760636 -0.0405709259 -0.741555691)
(0.736992419 0.661143005 0.120881941)
(-0.783834666 0.553412586 0.273051664)
(0.703032106 0.65456751 0.26654546)
(-0.324526459 -0.200568393 0.921031535)
(-0.823060066 0.303022474 0.47500509)
(-0.880077809 -0.323848248 -0.338148728)
(0.747347832 0.186822452 -0.632516056)
(0.824386179 -0.106143333 -0.550041825)
(0.2364574 0.502570093 -0.827658832)
(-0.799415112 -0.563041836 -0.196760394)
(-0.815427572 -0.572985321 -0.0405709259)
(-0.197829008 -0.191288441 0.958724558)
(-0.197829008 0.191288441 -0.958724558)
(-0.676842272 0.582877576 -0.442561746)
(-0.199737899 0.0411212333 -0.975774825)
(0.50962925 -0.232725732 -0.824597448)
(-0.131427869 -0.42133522 -0.894616961)
(-0.957458913 0.264635116 -0.0812299252)
(-0.609331757 0.747479528 -0.254513733)
(0.824597448 0.50962925 0.232725732)
(-0.747347832 0.186822452 -0.632516056)
(0.426021799 -0.414514527 -0.800923437)
(-0.131427869 -0.42133522 0.894616961)
(0.593446821 -0.788246125 0.147054583)
(-0.978415728 -0.0663962364 -0.179034635)
(-0.398536712 -0.647446007 -0.644845933)
(-0.516342044 0.483682975 0.70225659)
(-0.857790053 -0.0656001866 -0.505086362)
(0.593446821 0.788246125 -0.147054583)
(0.857790053 -0.0656001866 0.505086362)
(-0.414514527 -0.800923437 0.426021799)
(-0.903625339 0.325135067 0.269967914)
(-0.932019502 0.331236303 0.122391716)
(0.920274377 0.197869062 0.329743847)
(-0.857790053 -0.0656001866 0.505086362)
(-0.941318363 -0.198437616 0.260687962)
(-0.889986366 -0.0656001866 -0.443898499)
(-0.938421875 -0.333005875 -0.0411617905)
(0.289172918 0.945348591 0.132223919)
(0.783834666 -0.553412586 -0.273051664)
(0.654435813 -0.198854178 -0.726216406)
(-0.260687962 0.941318363 -0.198437616)
(0.677259326 0.651905388 0.333876312)
(-0.865592211 -0.452722937 -0.197555698)
(-0.303022474 -0.47500509 -0.823060066)
(0.304417178 -0.732879549 -0.604163051)
(0.783834666 -0.553412586 0.273051664)
(-0.865592211 -0.452722937 0.197555698)
(-0.747562379 -0.0405431464 0.659274518)
(-0.706664085 0.0803110152 -0.698343754)
(0.321078807 0.581766754 -0.742880762)
(-0.550041825 -0.824386179 0.106143333)
(0.876580179 0.459432781 -0.119379021)
(0.110097352 0.989063621 -0.0665355548)
(-0.783476204 0.484214932 -0.381503746)
(-0.661143005 0.120881941 -0.736992419)
(0.520887867 -0.723063171 -0.446877629)
(0.321078807 0.581766754 0.742880762)
(0.179034635 -0.978415728 0.0663962364)
(-0.661143005 0.120881941 0.736992419)
(-0.543686628 0.788050443 0.279587947)
(-0.538814843 -0.579976618 -0.605416)
(-0.551953435 -0.735821307 -0.385739207)
(-0.563041836 -0.196760394 -0.799415112)
(0.0411212333 -0.993844181 -0.0665355548)
(-0.800923437 0.426021799 -0.414514527)
(0.485056058 0.770693541 0.407291442)
(-0.964165479 -0.0663962364 -0.246691778)
(-0.321078807 0.581766754 0.742880762)
(-0.469350427 -0.61718151 0.626222581)
(0 -0.0689761192 -0.995219439)
(-0.0665355548 0.110097352 0.989063621)
(-0.964165479 -0.0663962364 0.246691778)
(0.0411212333 -0.975774825 -0.199737899)
(-0.920274377 -0.197869062 -0.329743847)
(-0.338148728 -0.880077809 -0.323848248)
(-0.2364574 -0.502570093 -0.827658832)
(-0.469350427 0.61718151 -0.626222581)
(0.260687962 -0.941318363 -0.198437616)
(-0.315747663 0.943121493 0.0658276826)
(0.863798887 -0.19554615 0.459165096)
(0.0665355548 -0.0411212333 -0.993844181)
(-0.338148728 -0.880077809 0.323848248)
(-0.2364574 -0.502570093 0.827658832)
(-0.969372451 -0.197968327 0.122351158)
(0.396058679 -0.89348653 -0.195773646)
(-0.853289962 0.321752831 0.404463559)
(-0.26654546 -0.703032106 0.65456751)
(0.853289962 0.321752831 -0.404463559)
(0.131427869 0.42133522 -0.894616961)
(0.0665355548 -0.0411212333 0.993844181)
(-0.26654546 0.703032106 -0.65456751)
(0.396058679 -0.89348653 0.195773646)
(-0.273846969 0.850011766 -0.443093687)
(0.30685775 0.867458999 -0.384900555)
(0.958724558 -0.197829008 0.191288441)
(-0.520887867 0.723063171 -0.446877629)
(0.810191125 0.569749027 0.118788157)
(-0.770693541 -0.407291442 0.485056058)
(-0.119379021 0.876580179 -0.459432781)
(-0.520887867 0.723063171 0.446877629)
(0.106143333 0.550041825 -0.824386179)
(0.553412586 0.273051664 -0.783834666)
(0.534965396 0.41286926 -0.732521087)
(0.399607062 0 -0.912982464)
(-0.484214932 -0.381503746 0.783476204)
(-0.407291442 0.485056058 0.770693541)
(0.651905388 0.333876312 0.677259326)
(0.534965396 0.41286926 0.732521087)
(-0.324526459 0.200568393 0.921031535)
(-0.799415112 0.563041836 -0.196760394)
(-0.321752831 -0.404463559 -0.853289962)
(0.0812299252 -0.957458913 0.264635116)
(-0.205609381 -0.97618863 0)
(-0.331236303 -0.122391716 -0.932019502)
(0.246691778 0.964165479 0.0663962364)
(0.670596182 0.70217815 -0.228313312)
(-0.205609381 0.97618863 0)
(0.613532364 -0.159114089 -0.769428343)
(0.303022474 0.47500509 -0.823060066)
(-0.333876312 0.677259326 -0.651905388)
(-0.200568393 0.921031535 0.324526459)
(0.426021799 0.414514527 -0.800923437)
(0.901994497 -0.392897218 -0.160500258)
(-0.198854178 -0.726216406 -0.654435813)
(0.426021799 0.414514527 0.800923437)
(0.41286926 0.732521087 0.534965396)
(0.469350427 -0.61718151 -0.626222581)
(0.975774825 0.199737899 0.0411212333)
(0.617598563 0.695250392 0.360664994)
(0.563041836 -0.196760394 0.799415112)
(0.978415728 -0.0663962364 -0.179034635)
(-0.941318363 0.198437616 0.260687962)
(0.160500258 -0.901994497 -0.392897218)
(-0.494789809 -0.550580353 0.667384356)
(-0.441806868 -0.342027783 -0.826464236)
(0.159114089 -0.769428343 -0.613532364)
(0.609331757 -0.747479528 -0.254513733)
(-0.604163051 -0.304417178 -0.732879549)
(-0.254513733 -0.609331757 -0.747479528)
(0.817246914 0.0405431464 -0.570686549)
(-0.865592211 0.452722937 -0.197555698)
(0.159114089 -0.769428343 0.613532364)
(-0.399607062 0 -0.912982464)
(0.70225659 -0.516342044 0.483682975)
(0.198854178 0.726216406 0.654435813)
(-0.865592211 0.452722937 0.197555698)
(-0.741555691 0.665760636 0.0405709259)
(0.0411617905 0.938421875 0.333005875)
(-0.399607062 0 0.912982464)
(-0.522494793 0.0782172307 0.84541434)
(-0.367573723 0.889456302 -0.261987343)
(0.200568393 -0.921031535 -0.324526459)
(0.800923437 0.426021799 -0.414514527)
(-0.384900555 -0.30685775 -0.867458999)
(0.329743847 -0.920274377 -0.197869062)
(0.196760394 -0.799415112 -0.563041836)
(-0.197968327 0.122351158 0.969372451)
(0.0782172307 -0.84541434 -0.522494793)
(-0.654711246 -0.742944747 -0.120854162)
(-0.30685775 0.867458999 -0.384900555)
(-0.118788157 -0.810191125 0.569749027)
(-0.122351158 -0.969372451 0.197968327)
(0.329743847 -0.920274377 0.197869062)
(0.800923437 0.426021799 0.414514527)
(0.196760394 -0.799415112 0.563041836)
(-0.654711246 -0.742944747 0.120854162)
(0.269967914 0.903625339 -0.325135067)
(-0.538814843 0.579976618 -0.605416)
(-0.551953435 0.735821307 -0.385739207)
(-0.132931791 0.15117975 0.97704047)
(-0.563041836 0.196760394 -0.799415112)
(-0.97704047 0.132931791 0.15117975)
(-0.527846634 -0.828789264 0.172111623)
(0.120854162 -0.654711246 -0.742944747)
(-0.912982464 -0.399607062 0)
(0.443898499 0.889986366 -0.0656001866)
(-0.563041836 0.196760394 0.799415112)
(-0.469350427 0.61718151 0.626222581)
(0 0.780204356 0.620239556)
(0 0.0689761192 -0.995219439)
(0.667384356 0.494789809 -0.550580353)
(-0.863798887 0.19554615 -0.459165096)
(0.706664085 -0.0803110152 -0.698343754)
(-0.938490897 0 -0.338310942)
(0.197829008 0.191288441 -0.958724558)
(-0.41286926 0.732521087 -0.534965396)
(0.19554615 0.459165096 -0.863798887)
(-0.0411212333 -0.993844181 0.0665355548)
(0.132223919 -0.289172918 -0.945348591)
(-0.197555698 0.865592211 -0.452722937)
(0.441806868 -0.342027783 0.826464236)
(0.0665355548 0.110097352 0.989063621)
(-0.246691778 -0.964165479 -0.0663962364)
(0.199737899 0.0411212333 -0.975774825)
(0.325135067 -0.269967914 -0.903625339)
(0.261987343 -0.367573723 0.889456302)
(0.813681573 -0.364883378 0.445580095)
(-0.827658832 -0.2364574 0.502570093)
(0.407291442 0.485056058 -0.770693541)
(0.325135067 -0.269967914 0.903625339)
(0.321752831 -0.404463559 0.853289962)
(0.261987343 0.367573723 -0.889456302)
(0.850011766 -0.443093687 -0.273846969)
(0.889456302 0.261987343 0.367573723)
(0.945348591 -0.132223919 -0.289172918)
(0.399607062 0 0.912982464)
(0.799415112 0.563041836 -0.196760394)
(0.340382516 0.758061886 0.550750464)
(-0.484214932 0.381503746 0.783476204)
(0.446877629 0.520887867 -0.723063171)
(0.446877629 0.520887867 0.723063171)
(-0.331236303 0.122391716 -0.932019502)
(-0.550580353 -0.667384356 0.494789809)
(0.118788157 -0.810191125 -0.569749027)
(0.70217815 -0.228313312 -0.670596182)
(0 0.464543223 -0.8828471)
(0.543686628 -0.788050443 -0.279587947)
(-0.0411617905 0.938421875 0.333005875)
(-0.261987343 -0.367573723 -0.889456302)
(-0.570686549 0.817246914 -0.0405431464)
(0.0656001866 -0.443898499 -0.889986366)
(0.788246125 -0.147054583 0.593446821)
(-0.65456751 -0.26654546 -0.703032106)
(-0.975774825 0.199737899 -0.0411212333)
(-0.380792081 -0.919674009 0.0658276826)
(0.770693541 -0.407291442 0.485056058)
(0.0656001866 -0.443898499 0.889986366)
(-0.198854178 -0.726216406 0.654435813)
(0.0411617905 -0.938421875 0.333005875)
(0.901994497 0.392897218 -0.160500258)
(0.770693541 0.407291442 -0.485056058)
(-0.380792081 0.919674009 -0.0658276826)
(0.0665355548 -0.110097352 -0.989063621)
(0.0405431464 0.659274518 -0.747562379)
(0.516342044 -0.483682975 -0.70225659)
(-0.198854178 0.726216406 -0.654435813)
(-0.732521087 -0.534965396 0.41286926)
(-0.0405431464 -0.570686549 -0.817246914)
(0.0405709259 0.815427572 0.572985321)
(-0.857790053 0.0656001866 -0.505086362)
(0.978415728 -0.0663962364 0.179034635)
(0.889986366 0.0656001866 -0.443898499)
(-0.670596182 0.70217815 0.228313312)
(-0.732521087 0.534965396 -0.41286926)
(0.516342044 -0.483682975 0.70225659)
(-0.70217815 -0.228313312 0.670596182)
(0.938490897 0 0.338310942)
(0.921031535 -0.324526459 0.200568393)
(0.969372451 0.197968327 -0.122351158)
(-0.494789809 0.550580353 0.667384356)
(-0.667384356 -0.494789809 -0.550580353)
(0.609331757 0.747479528 -0.254513733)
(-0.604163051 0.304417178 -0.732879549)
(0.8828471 0 0.464543223)
(-0.42133522 -0.894616961 0.131427869)
(-0.0803110152 0.698343754 -0.706664085)
(-0.464543223 -0.8828471 0)
(-0.442561746 -0.676842272 0.582877576)
(0.941318363 0.198437616 0.260687962)
(0.159114089 0.769428343 0.613532364)
(-0.582877576 -0.442561746 0.676842272)
(0.70225659 0.516342044 0.483682975)
(-0.42133522 0.894616961 -0.131427869)
(-0.0803110152 0.698343754 0.706664085)
(-0.442561746 0.676842272 -0.582877576)
(0.331236303 0.122391716 0.932019502)
(-0.876580179 -0.459432781 0.119379021)
(0.0405431464 -0.659274518 -0.747562379)
(0.703032106 -0.65456751 -0.26654546)
(0.823060066 -0.303022474 -0.47500509)
(0.200568393 0.921031535 -0.324526459)
(-0.823060066 -0.303022474 -0.47500509)
(0.0405431464 -0.659274518 0.747562379)
(-0.304417178 -0.732879549 -0.604163051)
(0.196760394 0.799415112 0.563041836)
(-0.736992419 -0.661143005 0.120881941)
(-0.742944747 -0.120854162 0.654711246)
(-0.0656001866 0.443898499 0.889986366)
(-0.742944747 0.120854162 -0.654711246)
(-0.443898499 0.889986366 -0.0656001866)
(0.732521087 -0.534965396 -0.41286926)
(-0.147054583 0.593446821 0.788246125)
(-0.159114089 0.769428343 0.613532364)
(-0.132223919 -0.289172918 0.945348591)
(0.824597448 -0.50962925 -0.232725732)
(-0.527846634 0.828789264 0.172111623)
(0.120854162 0.654711246 -0.742944747)
(-0.912982464 0.399607062 0)
(0.538814843 -0.579976618 -0.605416)
(-0.978415728 0.0663962364 -0.179034635)
(-0.516342044 -0.483682975 -0.70225659)
(0.505086362 -0.857790053 -0.0656001866)
(-0.553412586 -0.273051664 -0.783834666)
(0.550580353 0.667384356 0.494789809)
(0.527846634 0.828789264 0.172111623)
(-0.106143333 0.550041825 0.824386179)
(0.857790053 0.0656001866 0.505086362)
(0.443093687 -0.273846969 -0.850011766)
(-0.932019502 -0.331236303 -0.122391716)
(0.61718151 -0.626222581 0.469350427)
(-0.396058679 -0.89348653 -0.195773646)
(0.993844181 -0.0665355548 0.0411212333)
(-0.889986366 0.0656001866 -0.443898499)
(0.289172918 -0.945348591 -0.132223919)
(0.205609381 -0.97618863 0)
(0.261987343 0.367573723 0.889456302)
(-0.880077809 0.323848248 -0.338148728)
(0.232725732 -0.824597448 0.50962925)
(0.0411617905 0.881816626 -0.462669075)
(0.42133522 -0.894616961 -0.131427869)
(-0.827658832 0.2364574 0.502570093)
(0.321752831 0.404463559 0.853289962)
(0.264635116 -0.0812299252 -0.957458913)
(0.850011766 0.443093687 -0.273846969)
(0.824386179 0.106143333 -0.550041825)
(-0.695250392 -0.360664994 -0.617598563)
(0.42133522 -0.894616961 0.131427869)
(-0.828789264 -0.172111623 -0.527846634)
(0.384900555 -0.30685775 0.867458999)
(0.615642011 -0.78384304 0)
(0.824386179 0.106143333 0.550041825)
(0.581766754 -0.742880762 0.321078807)
(-0.742880762 -0.321078807 0.581766754)
(0.484214932 -0.381503746 -0.783476204)
(0.459165096 -0.863798887 -0.19554615)
(-0.815427572 0.572985321 -0.0405709259)
(-0.570686549 -0.817246914 -0.0405431464)
(-0.131427869 0.42133522 0.894616961)
(0.459165096 -0.863798887 0.19554615)
(0.780204356 -0.620239556 0)
(-0.570686549 -0.817246914 0.0405431464)
(0.543686628 0.788050443 -0.279587947)
(-0.47500509 0.823060066 -0.303022474)
(-0.958724558 -0.197829008 -0.191288441)
(0.698343754 0.706664085 -0.0803110152)
(-0.958724558 -0.197829008 0.191288441)
(0.385739207 -0.551953435 -0.735821307)
(0.788050443 -0.279587947 -0.543686628)
(-0.853289962 -0.321752831 -0.404463559)
(-0.269967914 0.903625339 -0.325135067)
(0.0665355548 0.0411212333 -0.993844181)
(-0.303022474 0.47500509 -0.823060066)
(-0.385739207 0.551953435 0.735821307)
(0.783834666 0.553412586 0.273051664)
(0.186822452 -0.632516056 0.747347832)
(-0.462669075 -0.0411617905 -0.881816626)
(-0.667384356 -0.494789809 0.550580353)
(0.0411212333 0.993844181 -0.0665355548)
(-0.550041825 0.824386179 0.106143333)
(0.921031535 0.324526459 0.200568393)
(-0.667384356 0.494789809 -0.550580353)
(0.392897218 0.160500258 0.901994497)
(-0.42133522 0.894616961 0.131427869)
(-0.442561746 0.676842272 0.582877576)
(-0.582877576 0.442561746 0.676842272)
(-0.407291442 -0.485056058 -0.770693541)
(-0.459165096 -0.863798887 -0.19554615)
(-0.823060066 0.303022474 -0.47500509)
(0.550041825 0.824386179 -0.106143333)
(-0.459165096 -0.863798887 0.19554615)
(-0.483682975 -0.70225659 0.516342044)
(-0.736992419 0.661143005 0.120881941)
(-0.197829008 -0.191288441 -0.958724558)
(-0.742944747 0.120854162 0.654711246)
(-0.920274377 0.197869062 -0.329743847)
(-0.572985321 0.0405709259 0.815427572)
(-0.995219439 0 0.0689761192)
(0.0658276826 0.380792081 0.919674009)
(0.824597448 -0.50962925 0.232725732)
(-0.747347832 -0.186822452 -0.632516056)
(-0.824597448 -0.50962925 0.232725732)
(0.0656001866 -0.505086362 -0.857790053)
(-0.609331757 -0.747479528 0.254513733)
(0.824597448 0.50962925 -0.232725732)
(0.505086362 0.857790053 -0.0656001866)
(0.695250392 0.360664994 -0.617598563)
(0.920274377 -0.197869062 -0.329743847)
(-0.651905388 -0.333876312 0.677259326)
(0.396058679 0.89348653 0.195773646)
(-0.78384304 0 0.615642011)
(-0.516342044 0.483682975 -0.70225659)
(0.920274377 -0.197869062 0.329743847)
(-0.651905388 0.333876312 -0.677259326)
(-0.553412586 0.273051664 -0.783834666)
(-0.196760394 0.799415112 0.563041836)
(-0.502570093 -0.827658832 0.2364574)
(0.443093687 0.273846969 -0.850011766)
(0.741555691 -0.665760636 0.0405709259)
(-0.459432781 -0.119379021 -0.876580179)
(-0.553412586 0.273051664 0.783834666)
(0.889986366 -0.0656001866 -0.443898499)
(-0.698343754 -0.706664085 0.0803110152)
(-0.459432781 -0.119379021 0.876580179)
(-0.0782172307 0.84541434 0.522494793)
(-0.381503746 0.783476204 -0.484214932)
(0.232725732 0.824597448 0.50962925)
(0.198854178 -0.726216406 -0.654435813)
(-0.392897218 -0.160500258 -0.901994497)
(-0.0656001866 -0.505086362 0.857790053)
(0.626222581 -0.469350427 -0.61718151)
(-0.747562379 -0.0405431464 -0.659274518)
(-0.783476204 -0.484214932 -0.381503746)
(-0.392897218 -0.160500258 0.901994497)
(-0.0405709259 0.815427572 0.572985321)
(0.876580179 -0.459432781 0.119379021)
(0.615642011 0.78384304 0)
(-0.661143005 -0.120881941 0.736992419)
(-0.783476204 -0.484214932 0.381503746)
(-0.199737899 -0.0411212333 0.975774825)
(-0.195773646 0.396058679 -0.89348653)
(0.26654546 0.703032106 -0.65456751)
(-0.340382516 0.758061886 -0.550750464)
(0.342027783 -0.826464236 -0.441806868)
(-0.195773646 0.396058679 0.89348653)
(-0.198437616 0.260687962 0.941318363)
(-0.570686549 0.817246914 0.0405431464)
(-0.47500509 0.823060066 0.303022474)
(-0.605416 0.538814843 0.579976618)
(0 -0.205609381 -0.97618863)
(-0.315747663 -0.943121493 0.0658276826)
(0.485056058 0.770693541 -0.407291442)
(0.469350427 0.61718151 -0.626222581)
(-0.975774825 0.199737899 0.0411212333)
(0.398536712 0.647446007 0.644845933)
(-0.469350427 -0.61718151 -0.626222581)
(0 -0.780204356 -0.620239556)
(-0.315747663 0.943121493 -0.0658276826)
(0.469350427 0.61718151 0.626222581)
(0.563041836 0.196760394 0.799415112)
(-0.958724558 0.197829008 0.191288441)
(-0.441806868 0.342027783 -0.826464236)
(-0.97618863 0 0.205609381)
(-0.0411212333 -0.975774825 -0.199737899)
(0.131427869 -0.42133522 -0.894616961)
(0.570686549 -0.817246914 -0.0405431464)
(-0.853289962 0.321752831 -0.404463559)
(-0.26654546 -0.703032106 -0.65456751)
(-0.921031535 -0.324526459 0.200568393)
(-0.273846969 -0.850011766 -0.443093687)
(-0.0411212333 -0.975774825 0.199737899)
(0.810191125 -0.569749027 0.118788157)
(0.186822452 0.632516056 0.747347832)
(0.783476204 -0.484214932 0.381503746)
(-0.921031535 0.324526459 -0.200568393)
(0.938421875 -0.333005875 0.0411617905)
(-0.273846969 -0.850011766 0.443093687)
(0.30685775 -0.867458999 0.384900555)
(0.197869062 0.329743847 -0.920274377)
(0.810191125 0.569749027 -0.118788157)
(0.191288441 -0.958724558 -0.197829008)
(0.783476204 0.484214932 -0.381503746)
(0.553412586 -0.273051664 -0.783834666)
(-0.118788157 0.810191125 0.569749027)
(0.534965396 -0.41286926 0.732521087)
(-0.120881941 -0.736992419 -0.661143005)
(-0.815427572 -0.572985321 0.0405709259)
(-0.324526459 0.200568393 -0.921031535)
(0.364883378 0.445580095 0.813681573)
(-0.0663962364 -0.246691778 -0.964165479)
(-0.459165096 0.863798887 0.19554615)
(0.246691778 0.964165479 -0.0663962364)
(-0.483682975 0.70225659 0.516342044)
(0.0812299252 -0.957458913 -0.264635116)
(-0.957458913 0.264635116 0.0812299252)
(-0.0663962364 -0.246691778 0.964165479)
(-0.989063621 -0.0665355548 0.110097352)
(0.380792081 0.919674009 -0.0658276826)
(-0.943121493 -0.0658276826 -0.315747663)
(0.273051664 -0.783834666 0.553412586)
(-0.333876312 -0.677259326 0.651905388)
(-0.0803110152 -0.698343754 -0.706664085)
(-0.824597448 0.50962925 0.232725732)
(-0.933650345 -0.263474151 0.231859371)
(0.505086362 -0.857790053 0.0656001866)
(0.132223919 0.289172918 -0.945348591)
(0.698343754 -0.706664085 -0.0803110152)
(-0.200568393 0.921031535 -0.324526459)
(0.426021799 -0.414514527 0.800923437)
(-0.826464236 -0.441806868 -0.342027783)
(-0.945348591 0.132223919 -0.289172918)
(0.41286926 -0.732521087 0.534965396)
(-0.0405709259 -0.815427572 -0.572985321)
(0.41286926 0.732521087 -0.534965396)
(0.945348591 0.132223919 -0.289172918)
(-0.502570093 0.827658832 0.2364574)
(-0.938421875 0.333005875 -0.0411617905)
(-0.459432781 0.119379021 -0.876580179)
(0.338310942 0.938490897 0)
(0.459432781 0.119379021 0.876580179)
(-0.494789809 -0.550580353 -0.667384356)
(-0.459432781 0.119379021 0.876580179)
(0.464543223 -0.8828471 0)
(0.452722937 -0.197555698 -0.865592211)
(-0.445580095 0.813681573 -0.364883378)
(-0.817246914 -0.0405431464 -0.570686549)
(-0.367573723 -0.889456302 -0.261987343)
(0.198854178 0.726216406 -0.654435813)
(-0.392897218 0.160500258 -0.901994497)
(0.620239556 0 -0.780204356)
(-0.30685775 -0.867458999 -0.384900555)
(-0.0405709259 0.741555691 -0.665760636)
(-0.392897218 0.160500258 0.901994497)
(0.179034635 0.978415728 0.0663962364)
(0.118788157 0.810191125 -0.569749027)
(0.620239556 0 0.780204356)
(0.315747663 0.943121493 -0.0658276826)
(-0.783476204 0.484214932 0.381503746)
(-0.30685775 -0.867458999 0.384900555)
(0.269967914 -0.903625339 -0.325135067)
(0.0658276826 0.315747663 0.943121493)
(-0.232725732 0.824597448 -0.50962925)
(0.269967914 -0.903625339 0.325135067)
(-0.0656001866 0.505086362 0.857790053)
(-0.65456751 0.26654546 0.703032106)
(-0.159114089 -0.769428343 -0.613532364)
(-0.563041836 -0.196760394 0.799415112)
(-0.703032106 -0.65456751 0.26654546)
(0 -0.780204356 0.620239556)
(-0.735821307 -0.385739207 0.551953435)
(-0.788246125 0.147054583 -0.593446821)
(0.47500509 -0.823060066 -0.303022474)
(-0.550750464 -0.340382516 -0.758061886)
(0.404463559 -0.853289962 0.321752831)
(0.919674009 -0.0658276826 -0.380792081)
(0 0.780204356 -0.620239556)
(0.826464236 0.441806868 0.342027783)
(0.47500509 -0.823060066 0.303022474)
(0.919674009 -0.0658276826 0.380792081)
(0.197829008 -0.191288441 -0.958724558)
(-0.41286926 -0.732521087 -0.534965396)
(0.903625339 -0.325135067 0.269967914)
(-0.84541434 -0.522494793 0.0782172307)
(-0.41286926 -0.732521087 0.534965396)
(0.19554615 -0.459165096 0.863798887)
(-0.921031535 0.324526459 0.200568393)
(0.550750464 0.340382516 0.758061886)
(-0.894616961 -0.131427869 -0.42133522)
(-0.273846969 0.850011766 0.443093687)
(0.30685775 0.867458999 0.384900555)
(0.261987343 -0.367573723 -0.889456302)
(0.889456302 -0.261987343 0.367573723)
(0.703032106 0.65456751 -0.26654546)
(0.813681573 -0.364883378 -0.445580095)
(0.191288441 0.958724558 -0.197829008)
(0.799415112 -0.563041836 -0.196760394)
(-0.827658832 -0.2364574 -0.502570093)
(0.65456751 -0.26654546 -0.703032106)
(-0.850011766 -0.443093687 -0.273846969)
(-0.360664994 0.617598563 0.695250392)
(0.823060066 0.303022474 0.47500509)
(0.340382516 -0.758061886 0.550750464)
(0.2364574 -0.502570093 0.827658832)
(-0.120881941 0.736992419 -0.661143005)
(0.340382516 0.758061886 -0.550750464)
(0.442561746 -0.676842272 -0.582877576)
(-0.676842272 -0.582877576 0.442561746)
(-0.995219439 0 -0.0689761192)
(-0.120881941 0.736992419 0.661143005)
(0.446877629 -0.520887867 0.723063171)
(-0.0782172307 -0.84541434 0.522494793)
(0.538814843 0.579976618 -0.605416)
(-0.186822452 -0.632516056 -0.747347832)
(-0.943121493 -0.0658276826 0.315747663)
(-0.550580353 -0.667384356 -0.494789809)
(0 0.338310942 0.938490897)
(0.538814843 0.579976618 0.605416)
(0.505086362 0.857790053 0.0656001866)
(0.273051664 0.783834666 0.553412586)
(-0.333876312 0.677259326 0.651905388)
(-0.933650345 0.263474151 0.231859371)
(-0.404463559 -0.853289962 -0.321752831)
(-0.0405709259 -0.815427572 0.572985321)
(0.770693541 -0.407291442 -0.485056058)
(0.741555691 -0.665760636 -0.0405709259)
(-0.315747663 -0.943121493 -0.0658276826)
(-0.396058679 0.89348653 0.195773646)
(0.231859371 -0.933650345 -0.263474151)
(0.677259326 0.651905388 -0.333876312)
(0.132931791 -0.15117975 0.97704047)
(-0.732521087 -0.534965396 -0.41286926)
(0.231859371 -0.933650345 0.263474151)
(-0.889456302 0.261987343 -0.367573723)
(0.0803110152 0.698343754 0.706664085)
(0.0405709259 0.815427572 -0.572985321)
(0.333005875 -0.0411617905 0.938421875)
(0.324526459 -0.200568393 0.921031535)
(0.932019502 0.331236303 0.122391716)
(0.969372451 -0.197968327 -0.122351158)
(0.723063171 0.446877629 -0.520887867)
(0.941318363 -0.198437616 -0.260687962)
(0.572985321 -0.0405709259 -0.815427572)
(-0.670596182 0.70217815 -0.228313312)
(-0.695250392 0.360664994 -0.617598563)
(0.42133522 0.894616961 0.131427869)
(-0.462669075 0.0411617905 -0.881816626)
(0.324526459 0.200568393 -0.921031535)
(0.384900555 0.30685775 0.867458999)
(-0.273051664 0.783834666 -0.553412586)
(0.921031535 -0.324526459 -0.200568393)
(0.360664994 -0.617598563 0.695250392)
(0.969372451 -0.197968327 0.122351158)
(0.89348653 -0.195773646 -0.396058679)
(-0.494789809 0.550580353 -0.667384356)
(0.941318363 -0.198437616 0.260687962)
(0.880077809 -0.323848248 -0.338148728)
(-0.695250392 0.360664994 0.617598563)
(-0.817246914 -0.0405431464 0.570686549)
(-0.613532364 -0.159114089 0.769428343)
(0.452722937 0.197555698 -0.865592211)
(-0.442561746 -0.676842272 -0.582877576)
(0.938421875 -0.333005875 -0.0411617905)
(-0.582877576 -0.442561746 -0.676842272)
(-0.593446821 -0.788246125 -0.147054583)
(-0.61718151 -0.626222581 -0.469350427)
(0.70225659 0.516342044 -0.483682975)
(0.484214932 0.381503746 0.783476204)
(0.459165096 0.863798887 0.19554615)
(0.582877576 -0.442561746 -0.676842272)
(-0.30685775 0.867458999 0.384900555)
(-0.742944747 -0.120854162 -0.654711246)
(-0.147054583 -0.593446821 0.788246125)
(0.0411617905 -0.881816626 -0.462669075)
(-0.919674009 0.0658276826 -0.380792081)
(-0.0656001866 0.443898499 -0.889986366)
(0.246691778 -0.964165479 -0.0663962364)
(-0.0663962364 0.179034635 -0.978415728)
(0.269967914 0.903625339 0.325135067)
(0.788050443 0.279587947 -0.543686628)
(-0.147054583 0.593446821 -0.788246125)
(-0.159114089 0.769428343 -0.613532364)
(0.0411617905 -0.881816626 0.462669075)
(-0.703032106 0.65456751 0.26654546)
(0.380792081 -0.919674009 -0.0658276826)
(0.788050443 0.279587947 0.543686628)
(-0.550750464 0.340382516 -0.758061886)
(0.987688363 -0.13307111 0)
(0.550580353 -0.667384356 0.494789809)
(-0.106143333 -0.550041825 0.824386179)
(0.867458999 -0.384900555 -0.30685775)
(0.903625339 0.325135067 0.269967914)
(-0.246691778 -0.964165479 0.0663962364)
(-0.106143333 0.550041825 -0.824386179)
(-0.581766754 -0.742880762 -0.321078807)
(0.19554615 0.459165096 0.863798887)
(-0.246691778 0.964165479 -0.0663962364)
(-0.110097352 0.989063621 0.0665355548)
(-0.407291442 0.485056058 -0.770693541)
(0.665760636 -0.0405709259 0.741555691)
(-0.880077809 -0.323848248 0.338148728)
(-0.827658832 0.2364574 -0.502570093)
(-0.850011766 0.443093687 -0.273846969)
(0.824386179 -0.106143333 0.550041825)
(-0.0656001866 -0.443898499 0.889986366)
(0.2364574 0.502570093 0.827658832)
(-0.289172918 -0.945348591 0.132223919)
(0.197555698 -0.865592211 -0.452722937)
(-0.197829008 0.191288441 0.958724558)
(0.522494793 -0.0782172307 0.84541434)
(-0.676842272 0.582877576 0.442561746)
(-0.199737899 0.0411212333 0.975774825)
(-0.609331757 0.747479528 0.254513733)
(-0.987688363 -0.13307111 0)
(-0.131427869 0.42133522 -0.894616961)
(0.380792081 0.919674009 0.0658276826)
(0.273846969 0.850011766 -0.443093687)
(-0.550580353 0.667384356 -0.494789809)
(0 0.464543223 0.8828471)
(0.543686628 -0.788050443 0.279587947)
(-0.380792081 0.919674009 0.0658276826)
(0.698343754 -0.706664085 0.0803110152)
(0.943121493 0.0658276826 0.315747663)
(0.563041836 -0.196760394 -0.799415112)
(-0.269967914 -0.903625339 -0.325135067)
(-0.385739207 -0.551953435 0.735821307)
(0.198437616 -0.260687962 0.941318363)
(0.231859371 0.933650345 -0.263474151)
(-0.179034635 0.978415728 -0.0663962364)
(0.654435813 -0.198854178 0.726216406)
(0.676842272 -0.582877576 -0.442561746)
(0.132931791 0.15117975 0.97704047)
(-0.303022474 -0.47500509 0.823060066)
(0.304417178 -0.732879549 0.604163051)
(0.881816626 0.462669075 -0.0411617905)
(0.198437616 0.260687962 -0.941318363)
(-0.323848248 -0.338148728 0.880077809)
(0.231859371 0.933650345 0.263474151)
(0.186822452 -0.632516056 -0.747347832)
(0.676842272 -0.582877576 0.442561746)
(-0.706664085 0.0803110152 0.698343754)
(0.827658832 -0.2364574 -0.502570093)
(0.726216406 -0.654435813 -0.198854178)
(-0.813681573 -0.364883378 -0.445580095)
(0.392897218 -0.160500258 0.901994497)
(0.876580179 0.459432781 0.119379021)
(0.921031535 0.324526459 -0.200568393)
(0.89348653 0.195773646 -0.396058679)
(0.522494793 0.0782172307 0.84541434)
(0.758061886 -0.550750464 -0.340382516)
(-0.122351158 -0.969372451 -0.197968327)
(-0.813681573 -0.364883378 0.445580095)
(0.179034635 0.978415728 -0.0663962364)
(0.89348653 0.195773646 0.396058679)
(0.880077809 0.323848248 0.338148728)
(-0.582877576 0.442561746 -0.676842272)
(-0.593446821 0.788246125 -0.147054583)
(-0.61718151 0.626222581 -0.469350427)
(0.550041825 -0.824386179 -0.106143333)
(0.0656001866 0.443898499 -0.889986366)
(0.342027783 0.826464236 0.441806868)
(-0.593446821 0.788246125 0.147054583)
(-0.61718151 0.626222581 0.469350427)
(-0.644845933 0.398536712 0.647446007)
(0.582877576 0.442561746 -0.676842272)
(-0.0663962364 -0.179034635 -0.978415728)
(-0.483682975 -0.70225659 -0.516342044)
(0.582877576 0.442561746 0.676842272)
(-0.920274377 -0.197869062 0.329743847)
(-0.572985321 0.0405709259 -0.815427572)
(-0.0812299252 -0.957458913 -0.264635116)
(-0.0663962364 -0.179034635 0.978415728)
(-0.780204356 0.620239556 0)
(0.695250392 -0.360664994 -0.617598563)
(0.732521087 -0.534965396 0.41286926)
(-0.824597448 -0.50962925 -0.232725732)
(0.551953435 -0.735821307 -0.385739207)
(-0.943121493 0.0658276826 -0.315747663)
(-0.84541434 -0.522494793 -0.0782172307)
(0.0658276826 -0.380792081 -0.919674009)
(-0.651905388 -0.333876312 -0.677259326)
(0.654711246 -0.742944747 0.120854162)
(-0.26654546 0.703032106 0.65456751)
(-0.78384304 0 -0.615642011)
(0.987688363 0.13307111 0)
(-0.0405709259 -0.741555691 -0.665760636)
(0.570686549 0.817246914 -0.0405431464)
(-0.196760394 -0.799415112 0.563041836)
(-0.553412586 -0.273051664 0.783834666)
(-0.770693541 0.407291442 -0.485056058)
(-0.881816626 -0.462669075 0.0411617905)
(-0.119379021 0.876580179 0.459432781)
(0.0405709259 0.741555691 -0.665760636)
(-0.464543223 0.8828471 0)
(0.867458999 0.384900555 0.30685775)
(-0.581766754 0.742880762 -0.321078807)
(0 0.912982464 -0.399607062)
(-0.110097352 -0.989063621 -0.0665355548)
(0.459432781 -0.119379021 -0.876580179)
(-0.172111623 -0.527846634 -0.828789264)
(0.817246914 -0.0405431464 -0.570686549)
(-0.381503746 -0.783476204 -0.484214932)
(0 0.912982464 0.399607062)
(-0.381503746 -0.783476204 0.484214932)
(-0.880077809 0.323848248 0.338148728)
(0.232725732 0.824597448 -0.50962925)
(-0.0656001866 -0.505086362 -0.857790053)
(-0.446877629 -0.520887867 0.723063171)
(-0.815427572 0.572985321 0.0405709259)
(-0.331236303 -0.122391716 0.932019502)
(-0.195773646 -0.396058679 -0.89348653)
(-0.0405709259 0.815427572 -0.572985321)
(-0.289172918 0.945348591 0.132223919)
(-0.446877629 0.520887867 -0.723063171)
(0.0405709259 -0.741555691 -0.665760636)
(0.26654546 -0.703032106 -0.65456751)
(-0.340382516 -0.758061886 -0.550750464)
(0.613532364 -0.159114089 0.769428343)
(-0.195773646 -0.396058679 0.89348653)
(-0.198437616 -0.260687962 0.941318363)
(0.26654546 -0.703032106 0.65456751)
(-0.0658276826 0.315747663 0.943121493)
(-0.340382516 -0.758061886 0.550750464)
(-0.364883378 -0.445580095 0.813681573)
(-0.0411212333 0.975774825 -0.199737899)
(0.172111623 0.527846634 -0.828789264)
(0.398536712 -0.647446007 -0.644845933)
(-0.605416 -0.538814843 0.579976618)
(-0.198437616 0.260687962 -0.941318363)
(-0.987688363 0.13307111 0)
(-0.505086362 -0.857790053 0.0656001866)
(0.485056058 -0.770693541 -0.407291442)
(0.0658276826 -0.315747663 0.943121493)
(0.398536712 -0.647446007 0.644845933)
(0.732879549 -0.604163051 -0.304417178)
(0.469350427 -0.61718151 0.626222581)
(0.826464236 -0.441806868 -0.342027783)
(0.919674009 0.0658276826 -0.380792081)
(0.563041836 0.196760394 -0.799415112)
(-0.441806868 -0.342027783 0.826464236)
(-0.97618863 0 -0.205609381)
(0.919674009 0.0658276826 0.380792081)
(0.198437616 0.260687962 0.941318363)
(0.0411212333 0.993844181 0.0665355548)
(0.654435813 0.198854178 0.726216406)
(0.817246914 0.0405431464 0.570686549)
(-0.921031535 -0.324526459 -0.200568393)
(-0.303022474 0.47500509 0.823060066)
(0.304417178 0.732879549 0.604163051)
(0.199737899 -0.0411212333 -0.975774825)
(-0.323848248 0.338148728 0.880077809)
(0.264635116 0.0812299252 0.957458913)
(0.197869062 -0.329743847 -0.920274377)
(0.186822452 0.632516056 -0.747347832)
(0.783476204 -0.484214932 -0.381503746)
(0.676842272 0.582877576 0.442561746)
(-0.876580179 -0.459432781 -0.119379021)
(0.659274518 0.747562379 0.0405431464)
(-0.462669075 -0.0411617905 0.881816626)
(-0.367573723 0.889456302 0.261987343)
(0.200568393 -0.921031535 0.324526459)
(-0.325135067 -0.269967914 -0.903625339)
(-0.384900555 -0.30685775 0.867458999)
(0.742944747 -0.120854162 0.654711246)
(0.0782172307 -0.84541434 0.522494793)
(-0.122351158 0.969372451 -0.197968327)
(-0.813681573 0.364883378 0.445580095)
(-0.228313312 -0.670596182 0.70217815)
(0.742944747 0.120854162 -0.654711246)
(0.735821307 0.385739207 -0.551953435)
(-0.654711246 0.742944747 -0.120854162)
(-0.228313312 0.670596182 -0.70217815)
(-0.264635116 -0.0812299252 -0.957458913)
(0.364883378 -0.445580095 0.813681573)
(-0.551953435 0.735821307 0.385739207)
(-0.993844181 -0.0665355548 -0.0411212333)
(-0.758061886 0.550750464 -0.340382516)
(-0.191288441 -0.958724558 -0.197829008)
(0.404463559 0.853289962 0.321752831)
(-0.0812299252 -0.957458913 0.264635116)
(0 0.0689761192 0.995219439)
(0.47500509 0.823060066 0.303022474)
(-0.920274377 0.197869062 0.329743847)
(-0.338148728 0.880077809 0.323848248)
(-0.943121493 0.0658276826 0.315747663)
(0.964165479 -0.0663962364 -0.246691778)
(0.15117975 -0.97704047 -0.132931791)
(0.380792081 -0.919674009 0.0658276826)
(0.61718151 -0.626222581 -0.469350427)
(-0.41286926 0.732521087 0.534965396)
(-0.933650345 -0.263474151 -0.231859371)
(-0.824597448 0.50962925 -0.232725732)
(0.228313312 -0.670596182 -0.70217815)
(-0.945348591 -0.132223919 -0.289172918)
(0.551953435 0.735821307 -0.385739207)
(0.995219439 0 -0.0689761192)
(0.15117975 -0.97704047 0.132931791)
(0.147054583 -0.593446821 0.788246125)
(-0.0405709259 -0.741555691 0.665760636)
(0.132223919 -0.289172918 0.945348591)
(0.654711246 0.742944747 0.120854162)
(-0.894616961 0.131427869 -0.42133522)
(-0.84541434 0.522494793 0.0782172307)
(0.0405431464 0.570686549 -0.817246914)
(0.199737899 0.0411212333 0.975774825)
(-0.110097352 0.989063621 -0.0665355548)
(0.0405709259 0.741555691 0.665760636)
(0.813681573 0.364883378 -0.445580095)
(0.741555691 0.665760636 0.0405709259)
(0.321752831 0.404463559 -0.853289962)
(-0.867458999 -0.384900555 -0.30685775)
(0.459432781 -0.119379021 0.876580179)
(0.333005875 0.0411617905 0.938421875)
(0.813681573 0.364883378 0.445580095)
(0.799415112 0.563041836 0.196760394)
(0.459432781 0.119379021 -0.876580179)
(-0.817246914 0.0405431464 0.570686549)
(0.442561746 0.676842272 0.582877576)
(-0.321752831 0.404463559 -0.853289962)
(-0.446877629 0.520887867 0.723063171)
(-0.331236303 0.122391716 0.932019502)
(0.118788157 -0.810191125 0.569749027)
(0.315747663 -0.943121493 0.0658276826)
(0.613532364 0.159114089 0.769428343)
(0.483682975 0.70225659 0.516342044)
(-0.232725732 -0.824597448 -0.50962925)
(0.26654546 0.703032106 0.65456751)
(-0.340382516 0.758061886 0.550750464)
(-0.404463559 0.853289962 -0.321752831)
(-0.364883378 0.445580095 0.813681573)
(-0.572985321 -0.0405709259 -0.815427572)
(-0.232725732 -0.824597448 0.50962925)
(-0.901994497 -0.392897218 -0.160500258)
(-0.788246125 -0.147054583 -0.593446821)
(-0.404463559 0.853289962 0.321752831)
(-0.0663962364 0.246691778 -0.964165479)
(0.770693541 0.407291442 0.485056058)
(-0.735821307 -0.385739207 -0.551953435)
(0.826464236 -0.441806868 0.342027783)
(-0.632516056 -0.747347832 -0.186822452)
(-0.788246125 -0.147054583 0.593446821)
(-0.903625339 0.325135067 -0.269967914)
(0.570686549 -0.817246914 0.0405431464)
(0.889986366 0.0656001866 0.443898499)
(-0.732521087 0.534965396 0.41286926)
(-0.632516056 -0.747347832 0.186822452)
(0.933650345 -0.263474151 -0.231859371)
(0.747562379 -0.0405431464 0.659274518)
(-0.70217815 0.228313312 -0.670596182)
(0.0812299252 0.957458913 -0.264635116)
(-0.179034635 0.978415728 0.0663962364)
(0.969372451 0.197968327 0.122351158)
(0.903625339 -0.325135067 -0.269967914)
(-0.441806868 0.342027783 0.826464236)
(0.933650345 -0.263474151 0.231859371)
(-0.604163051 0.304417178 0.732879549)
(-0.613532364 0.159114089 0.769428343)
(0.550750464 -0.340382516 0.758061886)
(-0.452722937 -0.197555698 -0.865592211)
(0.938421875 0.333005875 -0.0411617905)
(-0.876580179 0.459432781 -0.119379021)
(-0.360664994 -0.617598563 0.695250392)
(0.200568393 0.921031535 0.324526459)
(-0.384900555 0.30685775 0.867458999)
(-0.876580179 0.459432781 0.119379021)
(0.742944747 0.120854162 0.654711246)
(0.632516056 0.747347832 0.186822452)
(-0.304417178 -0.732879549 0.604163051)
(-0.360664994 0.617598563 -0.695250392)
(-0.120881941 -0.736992419 0.661143005)
(-0.800923437 -0.426021799 -0.414514527)
(0.0405709259 -0.815427572 -0.572985321)
(-0.800923437 -0.426021799 0.414514527)
(0.769428343 0.613532364 -0.159114089)
(-0.70225659 -0.516342044 0.483682975)
(-0.19554615 0.459165096 -0.863798887)
(-0.321078807 0.581766754 -0.742880762)
(-0.191288441 0.958724558 -0.197829008)
(0.769428343 0.613532364 0.159114089)
(-0.70225659 0.516342044 -0.483682975)
(0 0.205609381 0.97618863)
(0.538814843 -0.579976618 0.605416)
(0.863798887 -0.19554615 -0.459165096)
(0.853289962 -0.321752831 -0.404463559)
(-0.626222581 0.469350427 0.61718151)
(0.61718151 0.626222581 -0.469350427)
(-0.396058679 -0.89348653 0.195773646)
(0.228313312 0.670596182 -0.70217815)
(0.15117975 0.97704047 0.132931791)
(0.677259326 -0.651905388 -0.333876312)
(0.147054583 0.593446821 0.788246125)
(0.61718151 0.626222581 0.469350427)
(0.132223919 0.289172918 0.945348591)
(-0.938421875 0.333005875 0.0411617905)
(-0.889456302 -0.261987343 -0.367573723)
(0.205609381 0.97618863 0)
(0.325135067 0.269967914 0.903625339)
(-0.520887867 -0.723063171 0.446877629)
(0.723063171 -0.446877629 -0.520887867)
(-0.889456302 -0.261987343 0.367573723)
(0.333005875 -0.0411617905 -0.938421875)
(0.324526459 -0.200568393 -0.921031535)
(-0.867458999 0.384900555 -0.30685775)
(-0.273051664 -0.783834666 -0.553412586)
(-0.828789264 -0.172111623 0.527846634)
(-0.742880762 0.321078807 -0.581766754)
(0.484214932 -0.381503746 0.783476204)
(0.445580095 -0.813681573 0.364883378)
(-0.263474151 0.231859371 0.933650345)
(0.315747663 0.943121493 0.0658276826)
(-0.0689761192 -0.995219439 0)
(-0.120854162 -0.654711246 -0.742944747)
(0.459165096 0.863798887 -0.19554615)
(-0.505086362 -0.857790053 -0.0656001866)
(-0.644845933 -0.398536712 -0.647446007)
(0.118788157 0.810191125 0.569749027)
(0.0689761192 0.995219439 0)
(0.543686628 0.788050443 0.279587947)
(0.647446007 -0.644845933 0.398536712)
(0.780204356 0.620239556 0)
(-0.572985321 -0.0405709259 0.815427572)
(-0.901994497 -0.392897218 0.160500258)
(0.698343754 0.706664085 0.0803110152)
(-0.232725732 0.824597448 0.50962925)
(-0.901994497 0.392897218 -0.160500258)
(-0.398536712 -0.647446007 0.644845933)
(0.0665355548 0.0411212333 0.993844181)
(0.957458913 0.264635116 -0.0812299252)
(0.706664085 0.0803110152 0.698343754)
(-0.788246125 0.147054583 0.593446821)
(0.726216406 0.654435813 -0.198854178)
(-0.106143333 -0.550041825 -0.824386179)
(-0.732879549 -0.604163051 0.304417178)
(0.975774825 -0.199737899 0.0411212333)
(0.97618863 0 0.205609381)
(0.903625339 0.325135067 -0.269967914)
(0.827658832 0.2364574 0.502570093)
(-0.732879549 0.604163051 -0.304417178)
(0.367573723 0.889456302 -0.261987343)
(-0.452722937 0.197555698 -0.865592211)
(0.550041825 0.824386179 0.106143333)
(-0.304417178 0.732879549 0.604163051)
(-0.459165096 0.863798887 -0.19554615)
(-0.483682975 0.70225659 -0.516342044)
(-0.0656001866 -0.443898499 -0.889986366)
(0.122391716 -0.932019502 0.331236303)
(-0.289172918 -0.945348591 -0.132223919)
(-0.97704047 -0.132931791 0.15117975)
(0.122391716 0.932019502 -0.331236303)
(0.120881941 0.736992419 -0.661143005)
(-0.747347832 -0.186822452 0.632516056)
(0.732521087 0.534965396 0.41286926)
(-0.800923437 0.426021799 0.414514527)
(0.667384356 -0.494789809 -0.550580353)
(0.0656001866 -0.505086362 0.857790053)
(0.0663962364 0.246691778 -0.964165479)
(-0.863798887 -0.19554615 -0.459165096)
(-0.160500258 -0.901994497 -0.392897218)
(-0.0658276826 0.380792081 0.919674009)
(-0.0411212333 0.993844181 -0.0665355548)
(0.273846969 -0.850011766 -0.443093687)
(0.443898499 -0.889986366 0.0656001866)
(-0.665760636 -0.0405709259 -0.741555691)
(0.0663962364 0.246691778 0.964165479)
(-0.863798887 -0.19554615 0.459165096)
(0.920274377 0.197869062 -0.329743847)
(-0.651905388 0.333876312 0.677259326)
(-0.84541434 0.522494793 -0.0782172307)
(0.863798887 0.19554615 -0.459165096)
(-0.569749027 -0.118788157 0.810191125)
(-0.179034635 -0.978415728 -0.0663962364)
(-0.788050443 0.279587947 -0.543686628)
(0.443093687 0.273846969 0.850011766)
(0.741555691 0.665760636 -0.0405709259)
(0.889986366 -0.0656001866 0.443898499)
(0.943121493 0.0658276826 -0.315747663)
(-0.579976618 -0.605416 -0.538814843)
(0.97704047 -0.132931791 0.15117975)
(0.441806868 -0.342027783 -0.826464236)
(-0.385739207 -0.551953435 -0.735821307)
(0.198437616 -0.260687962 -0.941318363)
(-0.381503746 0.783476204 0.484214932)
(-0.323848248 -0.338148728 -0.880077809)
(-0.889456302 0.261987343 0.367573723)
(-0.462669075 0.0411617905 0.881816626)
(-0.828789264 0.172111623 0.527846634)
(-0.231859371 -0.933650345 0.263474151)
(0.324526459 0.200568393 0.921031535)
(0.89348653 -0.195773646 0.396058679)
(-0.484214932 0.381503746 -0.783476204)
(0.522494793 0.0782172307 -0.84541434)
(0.880077809 -0.323848248 0.338148728)
(-0.231859371 0.933650345 -0.263474151)
(-0.279587947 0.543686628 -0.788050443)
(0.315747663 -0.943121493 -0.0658276826)
(0.880077809 0.323848248 -0.338148728)
(0.342027783 -0.826464236 0.441806868)
(0.333876312 -0.677259326 0.651905388)
(-0.593446821 -0.788246125 0.147054583)
(-0.61718151 -0.626222581 0.469350427)
(-0.644845933 -0.398536712 0.647446007)
(-1 0 0)
(-0.990438879 0 -0.137952238)
(-0.990438879 0 0.137952238)
(-0.987688363 -0.13307111 -0.0822424665)
(-0.987688363 -0.13307111 0.0822424665)
(-0.987688363 0.13307111 -0.0822424665)
(-0.987688363 0.13307111 0.0822424665)
(-0.966392577 -0.132792473 -0.220117033)
(-0.966392577 -0.132792473 0.220117033)
(-0.966392577 0.132792473 -0.220117033)
(-0.966392577 0.132792473 0.220117033)
(-0.963861287 -0.266404688 0)
(-0.963861287 0.266404688 0)
(-0.961938381 0 -0.273266524)
(-0.961938381 0 0.273266524)
(-0.95105654 -0.262865543 -0.16245985)
(-0.95105654 -0.262865543 0.16245985)
(-0.95105654 0.262865543 -0.16245985)
(-0.95105654 0.262865543 0.16245985)
(-0.924304605 -0.131655365 -0.358228803)
(-0.924304605 -0.131655365 0.358228803)
(-0.924304605 0.131655365 -0.358228803)
(-0.924304605 0.131655365 0.358228803)
(-0.916244149 -0.26408276 -0.301258892)
(-0.916244149 -0.26408276 0.301258892)
(-0.916244149 0.26408276 -0.301258892)
(-0.916244149 0.26408276 0.301258892)
(-0.915043414 0 -0.40335536)
(-0.915043414 0 0.40335536)
(-0.912982464 -0.399607062 -0.082323581)
(-0.912982464 -0.399607062 0.082323581)
(-0.912982464 0.399607062 -0.082323581)
(-0.912982464 0.399607062 0.082323581)
(-0.891006529 -0.386187375 -0.238676935)
(-0.891006529 -0.386187375 0.238676935)
(-0.891006529 0.386187375 -0.238676935)
(-0.891006529 0.386187375 0.238676935)
(-0.864929318 -0.131200373 -0.484441638)
(-0.864929318 -0.131200373 0.484441638)
(-0.864929318 0.131200373 -0.484441638)
(-0.864929318 0.131200373 0.484441638)
(-0.862668455 -0.259891927 -0.433888555)
(-0.862668455 -0.259891927 0.433888555)
(-0.862668455 0.259891927 -0.433888555)
(-0.862668455 0.259891927 0.433888555)
(-0.850650787 -0.525731087 0)
(-0.850650787 0 -0.525731087)
(-0.850650787 0 0.525731087)
(-0.850650787 0.525731087 0)
(-0.843911469 -0.383613735 -0.375038564)
(-0.843911469 -0.383613735 0.375038564)
(-0.843911469 0.383613735 -0.375038564)
(-0.843911469 0.383613735 0.375038564)
(-0.840177894 -0.519258499 -0.156434461)
(-0.840177894 -0.519258499 0.156434461)
(-0.840177894 0.519258499 -0.156434461)
(-0.840177894 0.519258499 0.156434461)
(-0.809017003 -0.5 -0.309017003)
(-0.809017003 -0.5 0.309017003)
(-0.809017003 0.5 -0.309017003)
(-0.809017003 0.5 0.309017003)
(-0.792649209 -0.213022873 -0.571251631)
(-0.792649209 -0.213022873 0.571251631)
(-0.792649209 0.213022873 -0.571251631)
(-0.792649209 0.213022873 0.571251631)
(-0.78384304 -0.0810862929 -0.615642011)
(-0.78384304 -0.0810862929 0.615642011)
(-0.78384304 0.0810862929 -0.615642011)
(-0.78384304 0.0810862929 0.615642011)
(-0.783451676 -0.346153021 -0.516121626)
(-0.783451676 -0.346153021 0.516121626)
(-0.783451676 0.346153021 -0.516121626)
(-0.783451676 0.346153021 0.516121626)
(-0.780204356 -0.620239556 -0.0811418518)
(-0.780204356 -0.620239556 0.0811418518)
(-0.780204356 0.620239556 -0.0811418518)
(-0.780204356 0.620239556 0.0811418518)
(-0.758652329 -0.606825173 -0.237086326)
(-0.758652329 -0.606825173 0.237086326)
(-0.758652329 0.606825173 -0.237086326)
(-0.758652329 0.606825173 0.237086326)
(-0.757935405 -0.468429863 -0.453990489)
(-0.757935405 -0.468429863 0.453990489)
(-0.757935405 0.468429863 -0.453990489)
(-0.757935405 0.468429863 0.453990489)
(-0.711281717 0 -0.702907026)
(-0.711281717 0 0.702907026)
(-0.707106769 -0.601500928 -0.37174803)
(-0.707106769 -0.601500928 0.37174803)
(-0.707106769 0.601500928 -0.37174803)
(-0.707106769 0.601500928 0.37174803)
(-0.702907026 -0.711281717 0)
(-0.702907026 0.711281717 0)
(-0.702309847 -0.296004593 -0.647411883)
(-0.702309847 -0.296004593 0.647411883)
(-0.702309847 0.296004593 -0.647411883)
(-0.702309847 0.296004593 0.647411883)
(-0.702046454 -0.16062203 -0.693780482)
(-0.702046454 -0.16062203 0.693780482)
(-0.702046454 0.16062203 -0.693780482)
(-0.702046454 0.16062203 0.693780482)
(-0.693780482 -0.702046454 -0.16062203)
(-0.693780482 -0.702046454 0.16062203)
(-0.693780482 0.702046454 -0.16062203)
(-0.693780482 0.702046454 0.16062203)
(-0.688190937 -0.425325394 -0.587785244)
(-0.688190937 -0.425325394 0.587785244)
(-0.688190937 0.425325394 -0.587785244)
(-0.688190937 0.425325394 0.587785244)
(-0.647411883 -0.702309847 -0.296004593)
(-0.647411883 -0.702309847 0.296004593)
(-0.647411883 0.702309847 -0.296004593)
(-0.647411883 0.702309847 0.296004593)
(-0.646577775 -0.564254224 -0.513375461)
(-0.646577775 -0.564254224 0.513375461)
(-0.646577775 0.564254224 -0.513375461)
(-0.646577775 0.564254224 0.513375461)
(-0.620239556 -0.0811418518 -0.780204356)
(-0.620239556 -0.0811418518 0.780204356)
(-0.620239556 0.0811418518 -0.780204356)
(-0.620239556 0.0811418518 0.780204356)
(-0.615642011 -0.78384304 -0.0810862929)
(-0.615642011 -0.78384304 0.0810862929)
(-0.615642011 0.78384304 -0.0810862929)
(-0.615642011 0.78384304 0.0810862929)
(-0.606825173 -0.237086326 -0.758652329)
(-0.606825173 -0.237086326 0.758652329)
(-0.606825173 0.237086326 -0.758652329)
(-0.606825173 0.237086326 0.758652329)
(-0.601500928 -0.37174803 -0.707106769)
(-0.601500928 -0.37174803 0.707106769)
(-0.601500928 0.37174803 -0.707106769)
(-0.601500928 0.37174803 0.707106769)
(-0.587785244 -0.688190937 -0.425325394)
(-0.587785244 -0.688190937 0.425325394)
(-0.587785244 0.688190937 -0.425325394)
(-0.587785244 0.688190937 0.425325394)
(-0.571251631 -0.792649209 -0.213022873)
(-0.571251631 -0.792649209 0.213022873)
(-0.571251631 0.792649209 -0.213022873)
(-0.571251631 0.792649209 0.213022873)
(-0.564254224 -0.513375461 -0.646577775)
(-0.564254224 -0.513375461 0.646577775)
(-0.564254224 0.513375461 -0.646577775)
(-0.564254224 0.513375461 0.646577775)
(-0.525731087 -0.850650787 0)
(-0.525731087 0 -0.850650787)
(-0.525731087 0 0.850650787)
(-0.525731087 0.850650787 0)
(-0.519258499 -0.156434461 -0.840177894)
(-0.519258499 -0.156434461 0.840177894)
(-0.519258499 0.156434461 -0.840177894)
(-0.519258499 0.156434461 0.840177894)
(-0.516121626 -0.783451676 -0.346153021)
(-0.516121626 -0.783451676 0.346153021)
(-0.516121626 0.783451676 -0.346153021)
(-0.516121626 0.783451676 0.346153021)
(-0.513375461 -0.646577775 -0.564254224)
(-0.513375461 -0.646577775 0.564254224)
(-0.513375461 0.646577775 -0.564254224)
(-0.513375461 0.646577775 0.564254224)
(-0.5 -0.309017003 -0.809017003)
(-0.5 -0.309017003 0.809017003)
(-0.5 0.309017003 -0.809017003)
(-0.5 0.309017003 0.809017003)
(-0.484441638 -0.864929318 -0.131200373)
(-0.484441638 -0.864929318 0.131200373)
(-0.484441638 0.864929318 -0.131200373)
(-0.484441638 0.864929318 0.131200373)
(-0.468429863 -0.453990489 -0.757935405)
(-0.468429863 -0.453990489 0.757935405)
(-0.468429863 0.453990489 -0.757935405)
(-0.468429863 0.453990489 0.757935405)
(-0.453990489 -0.757935405 -0.468429863)
(-0.453990489 -0.757935405 0.468429863)
(-0.453990489 0.757935405 -0.468429863)
(-0.453990489 0.757935405 0.468429863)
(-0.433888555 -0.862668455 -0.259891927)
(-0.433888555 -0.862668455 0.259891927)
(-0.433888555 0.862668455 -0.259891927)
(-0.433888555 0.862668455 0.259891927)
(-0.425325394 -0.587785244 -0.688190937)
(-0.425325394 -0.587785244 0.688190937)
(-0.425325394 0.587785244 -0.688190937)
(-0.425325394 0.587785244 0.688190937)
(-0.40335536 -0.915043414 0)
(-0.40335536 0.915043414 0)
(-0.399607062 -0.082323581 -0.912982464)
(-0.399607062 -0.082323581 0.912982464)
(-0.399607062 0.082323581 -0.912982464)
(-0.399607062 0.082323581 0.912982464)
(-0.386187375 -0.238676935 -0.891006529)
(-0.386187375 -0.238676935 0.891006529)
(-0.386187375 0.238676935 -0.891006529)
(-0.386187375 0.238676935 0.891006529)
(-0.383613735 -0.375038564 -0.843911469)
(-0.383613735 -0.375038564 0.843911469)
(-0.383613735 0.375038564 -0.843911469)
(-0.383613735 0.375038564 0.843911469)
(-0.375038564 -0.843911469 -0.383613735)
(-0.375038564 -0.843911469 0.383613735)
(-0.375038564 0.843911469 -0.383613735)
(-0.375038564 0.843911469 0.383613735)
(-0.37174803 -0.707106769 -0.601500928)
(-0.37174803 -0.707106769 0.601500928)
(-0.37174803 0.707106769 -0.601500928)
(-0.37174803 0.707106769 0.601500928)
(-0.358228803 -0.924304605 -0.131655365)
(-0.358228803 -0.924304605 0.131655365)
(-0.358228803 0.924304605 -0.131655365)
(-0.358228803 0.924304605 0.131655365)
(-0.346153021 -0.516121626 -0.783451676)
(-0.346153021 -0.516121626 0.783451676)
(-0.346153021 0.516121626 -0.783451676)
(-0.346153021 0.516121626 0.783451676)
(-0.309017003 -0.809017003 -0.5)
(-0.309017003 -0.809017003 0.5)
(-0.309017003 0.809017003 -0.5)
(-0.309017003 0.809017003 0.5)
(-0.301258892 -0.916244149 -0.26408276)
(-0.301258892 -0.916244149 0.26408276)
(-0.301258892 0.916244149 -0.26408276)
(-0.301258892 0.916244149 0.26408276)
(-0.296004593 -0.647411883 -0.702309847)
(-0.296004593 -0.647411883 0.702309847)
(-0.296004593 0.647411883 -0.702309847)
(-0.296004593 0.647411883 0.702309847)
(-0.273266524 -0.961938381 0)
(-0.273266524 0.961938381 0)
(-0.266404688 0 -0.963861287)
(-0.266404688 0 0.963861287)
(-0.26408276 -0.301258892 -0.916244149)
(-0.26408276 -0.301258892 0.916244149)
(-0.26408276 0.301258892 -0.916244149)
(-0.26408276 0.301258892 0.916244149)
(-0.262865543 -0.16245985 -0.95105654)
(-0.262865543 -0.16245985 0.95105654)
(-0.262865543 0.16245985 -0.95105654)
(-0.262865543 0.16245985 0.95105654)
(-0.259891927 -0.433888555 -0.862668455)
(-0.259891927 -0.433888555 0.862668455)
(-0.259891927 0.433888555 -0.862668455)
(-0.259891927 0.433888555 0.862668455)
(-0.238676935 -0.891006529 -0.386187375)
(-0.238676935 -0.891006529 0.386187375)
(-0.238676935 0.891006529 -0.386187375)
(-0.238676935 0.891006529 0.386187375)
(-0.237086326 -0.758652329 -0.606825173)
(-0.237086326 -0.758652329 0.606825173)
(-0.237086326 0.758652329 -0.606825173)
(-0.237086326 0.758652329 0.606825173)
(-0.220117033 -0.966392577 -0.132792473)
(-0.220117033 -0.966392577 0.132792473)
(-0.220117033 0.966392577 -0.132792473)
(-0.220117033 0.966392577 0.132792473)
(-0.213022873 -0.571251631 -0.792649209)
(-0.213022873 -0.571251631 0.792649209)
(-0.213022873 0.571251631 -0.792649209)
(-0.213022873 0.571251631 0.792649209)
(-0.16245985 -0.95105654 -0.262865543)
(-0.16245985 -0.95105654 0.262865543)
(-0.16245985 0.95105654 -0.262865543)
(-0.16245985 0.95105654 0.262865543)
(-0.16062203 -0.693780482 -0.702046454)
(-0.16062203 -0.693780482 0.702046454)
(-0.16062203 0.693780482 -0.702046454)
(-0.16062203 0.693780482 0.702046454)
(-0.156434461 -0.840177894 -0.519258499)
(-0.156434461 -0.840177894 0.519258499)
(-0.156434461 0.840177894 -0.519258499)
(-0.156434461 0.840177894 0.519258499)
(-0.137952238 -0.990438879 0)
(-0.137952238 0.990438879 0)
(-0.13307111 -0.0822424665 -0.987688363)
(-0.13307111 -0.0822424665 0.987688363)
(-0.13307111 0.0822424665 -0.987688363)
(-0.13307111 0.0822424665 0.987688363)
(-0.132792473 -0.220117033 -0.966392577)
(-0.132792473 -0.220117033 0.966392577)
(-0.132792473 0.220117033 -0.966392577)
(-0.132792473 0.220117033 0.966392577)
(-0.131655365 -0.358228803 -0.924304605)
(-0.131655365 -0.358228803 0.924304605)
(-0.131655365 0.358228803 -0.924304605)
(-0.131655365 0.358228803 0.924304605)
(-0.131200373 -0.484441638 -0.864929318)
(-0.131200373 -0.484441638 0.864929318)
(-0.131200373 0.484441638 -0.864929318)
(-0.131200373 0.484441638 0.864929318)
(-0.082323581 -0.912982464 -0.399607062)
(-0.082323581 -0.912982464 0.399607062)
(-0.082323581 0.912982464 -0.399607062)
(-0.082323581 0.912982464 0.399607062)
(-0.0822424665 -0.987688363 -0.13307111)
(-0.0822424665 -0.987688363 0.13307111)
(-0.0822424665 0.987688363 -0.13307111)
(-0.0822424665 0.987688363 0.13307111)
(-0.0811418518 -0.780204356 -0.620239556)
(-0.0811418518 -0.780204356 0.620239556)
(-0.0811418518 0.780204356 -0.620239556)
(-0.0811418518 0.780204356 0.620239556)
(-0.0810862929 -0.615642011 -0.78384304)
(-0.0810862929 -0.615642011 0.78384304)
(-0.0810862929 0.615642011 -0.78384304)
(-0.0810862929 0.615642011 0.78384304)
(0 -1 0)
(0 -0.963861287 -0.266404688)
(0 -0.963861287 0.266404688)
(0 -0.850650787 -0.525731087)
(0 -0.850650787 0.525731087)
(0 -0.702907026 -0.711281717)
(0 -0.702907026 0.711281717)
(0 -0.525731087 -0.850650787)
(0 -0.525731087 0.850650787)
(0 -0.40335536 -0.915043414)
(0 -0.40335536 0.915043414)
(0 -0.273266524 -0.961938381)
(0 -0.273266524 0.961938381)
(0 -0.137952238 -0.990438879)
(0 -0.137952238 0.990438879)
(0 0 -1)
(0 0 1)
(0 0.137952238 -0.990438879)
(0 0.137952238 0.990438879)
(0 0.273266524 -0.961938381)
(0 0.273266524 0.961938381)
(0 0.40335536 -0.915043414)
(0 0.40335536 0.915043414)
(0 0.525731087 -0.850650787)
(0 0.525731087 0.850650787)
(0 0.702907026 -0.711281717)
(0 0.702907026 0.711281717)
(0 0.850650787 -0.525731087)
(0 0.850650787 0.525731087)
(0 0.963861287 -0.266404688)
(0 0.963861287 0.266404688)
(0 1 0)
(0.0810862929 -0.615642011 -0.78384304)
(0.0810862929 -0.615642011 0.78384304)
(0.0810862929 0.615642011 -0.78384304)
(0.0810862929 0.615642011 0.78384304)
(0.0811418518 -0.780204356 -0.620239556)
(0.0811418518 -0.780204356 0.620239556)
(0.0811418518 0.780204356 -0.620239556)
(0.0811418518 0.780204356 0.620239556)
(0.0822424665 -0.987688363 -0.13307111)
(0.0822424665 -0.987688363 0.13307111)
(0.0822424665 0.987688363 -0.13307111)
(0.0822424665 0.987688363 0.13307111)
(0.082323581 -0.912982464 -0.399607062)
(0.082323581 -0.912982464 0.399607062)
(0.082323581 0.912982464 -0.399607062)
(0.082323581 0.912982464 0.399607062)
(0.131200373 -0.484441638 -0.864929318)
(0.131200373 -0.484441638 0.864929318)
(0.131200373 0.484441638 -0.864929318)
(0.131200373 0.484441638 0.864929318)
(0.131655365 -0.358228803 -0.924304605)
(0.131655365 -0.358228803 0.924304605)
(0.131655365 0.358228803 -0.924304605)
(0.131655365 0.358228803 0.924304605)
(0.132792473 -0.220117033 -0.966392577)
(0.132792473 -0.220117033 0.966392577)
(0.132792473 0.220117033 -0.966392577)
(0.132792473 0.220117033 0.966392577)
(0.13307111 -0.0822424665 -0.987688363)
(0.13307111 -0.0822424665 0.987688363)
(0.13307111 0.0822424665 -0.987688363)
(0.13307111 0.0822424665 0.987688363)
(0.137952238 -0.990438879 0)
(0.137952238 0.990438879 0)
(0.156434461 -0.840177894 -0.519258499)
(0.156434461 -0.840177894 0.519258499)
(0.156434461 0.840177894 -0.519258499)
(0.156434461 0.840177894 0.519258499)
(0.16062203 -0.693780482 -0.702046454)
(0.16062203 -0.693780482 0.702046454)
(0.16062203 0.693780482 -0.702046454)
(0.16062203 0.693780482 0.702046454)
(0.16245985 -0.95105654 -0.262865543)
(0.16245985 -0.95105654 0.262865543)
(0.16245985 0.95105654 -0.262865543)
(0.16245985 0.95105654 0.262865543)
(0.213022873 -0.571251631 -0.792649209)
(0.213022873 -0.571251631 0.792649209)
(0.213022873 0.571251631 -0.792649209)
(0.213022873 0.571251631 0.792649209)
(0.220117033 -0.966392577 -0.132792473)
(0.220117033 -0.966392577 0.132792473)
(0.220117033 0.966392577 -0.132792473)
(0.220117033 0.966392577 0.132792473)
(0.237086326 -0.758652329 -0.606825173)
(0.237086326 -0.758652329 0.606825173)
(0.237086326 0.758652329 -0.606825173)
(0.237086326 0.758652329 0.606825173)
(0.238676935 -0.891006529 -0.386187375)
(0.238676935 -0.891006529 0.386187375)
(0.238676935 0.891006529 -0.386187375)
(0.238676935 0.891006529 0.386187375)
(0.259891927 -0.433888555 -0.862668455)
(0.259891927 -0.433888555 0.862668455)
(0.259891927 0.433888555 -0.862668455)
(0.259891927 0.433888555 0.862668455)
(0.262865543 -0.16245985 -0.95105654)
(0.262865543 -0.16245985 0.95105654)
(0.262865543 0.16245985 -0.95105654)
(0.262865543 0.16245985 0.95105654)
(0.26408276 -0.301258892 -0.916244149)
(0.26408276 -0.301258892 0.916244149)
(0.26408276 0.301258892 -0.916244149)
(0.26408276 0.301258892 0.916244149)
(0.266404688 0 -0.963861287)
(0.266404688 0 0.963861287)
(0.273266524 -0.961938381 0)
(0.273266524 0.961938381 0)
(0.296004593 -0.647411883 -0.702309847)
(0.296004593 -0.647411883 0.702309847)
(0.296004593 0.647411883 -0.702309847)
(0.296004593 0.647411883 0.702309847)
(0.301258892 -0.916244149 -0.26408276)
(0.301258892 -0.916244149 0.26408276)
(0.301258892 0.916244149 -0.26408276)
(0.301258892 0.916244149 0.26408276)
(0.309017003 -0.809017003 -0.5)
(0.309017003 -0.809017003 0.5)
(0.309017003 0.809017003 -0.5)
(0.309017003 0.809017003 0.5)
(0.346153021 -0.516121626 -0.783451676)
(0.346153021 -0.516121626 0.783451676)
(0.346153021 0.516121626 -0.783451676)
(0.346153021 0.516121626 0.783451676)
(0.358228803 -0.924304605 -0.131655365)
(0.358228803 -0.924304605 0.131655365)
(0.358228803 0.924304605 -0.131655365)
(0.358228803 0.924304605 0.131655365)
(0.37174803 -0.707106769 -0.601500928)
(0.37174803 -0.707106769 0.601500928)
(0.37174803 0.707106769 -0.601500928)
(0.37174803 0.707106769 0.601500928)
(0.375038564 -0.843911469 -0.383613735)
(0.375038564 -0.843911469 0.383613735)
(0.375038564 0.843911469 -0.383613735)
(0.375038564 0.843911469 0.383613735)
(0.383613735 -0.375038564 -0.843911469)
(0.383613735 -0.375038564 0.843911469)
(0.383613735 0.375038564 -0.843911469)
(0.383613735 0.375038564 0.843911469)
(0.386187375 -0.238676935 -0.891006529)
(0.386187375 -0.238676935 0.891006529)
(0.386187375 0.238676935 -0.891006529)
(0.386187375 0.238676935 0.891006529)
(0.399607062 -0.082323581 -0.912982464)
(0.399607062 -0.082323581 0.912982464)
(0.399607062 0.082323581 -0.912982464)
(0.399607062 0.082323581 0.912982464)
(0.40335536 -0.915043414 0)
(0.40335536 0.915043414 0)
(0.425325394 -0.587785244 -0.688190937)
(0.425325394 -0.587785244 0.688190937)
(0.425325394 0.587785244 -0.688190937)
(0.425325394 0.587785244 0.688190937)
(0.433888555 -0.862668455 -0.259891927)
(0.433888555 -0.862668455 0.259891927)
(0.433888555 0.862668455 -0.259891927)
(0.433888555 0.862668455 0.259891927)
(0.453990489 -0.757935405 -0.468429863)
(0.453990489 -0.757935405 0.468429863)
(0.453990489 0.757935405 -0.468429863)
(0.453990489 0.757935405 0.468429863)
(0.468429863 -0.453990489 -0.757935405)
(0.468429863 -0.453990489 0.757935405)
(0.468429863 0.453990489 -0.757935405)
(0.468429863 0.453990489 0.757935405)
(0.484441638 -0.864929318 -0.131200373)
(0.484441638 -0.864929318 0.131200373)
(0.484441638 0.864929318 -0.131200373)
(0.484441638 0.864929318 0.131200373)
(0.5 -0.309017003 -0.809017003)
(0.5 -0.309017003 0.809017003)
(0.5 0.309017003 -0.809017003)
(0.5 0.309017003 0.809017003)
(0.513375461 -0.646577775 -0.564254224)
(0.513375461 -0.646577775 0.564254224)
(0.513375461 0.646577775 -0.564254224)
(0.513375461 0.646577775 0.564254224)
(0.516121626 -0.783451676 -0.346153021)
(0.516121626 -0.783451676 0.346153021)
(0.516121626 0.783451676 -0.346153021)
(0.516121626 0.783451676 0.346153021)
(0.519258499 -0.156434461 -0.840177894)
(0.519258499 -0.156434461 0.840177894)
(0.519258499 0.156434461 -0.840177894)
(0.519258499 0.156434461 0.840177894)
(0.525731087 -0.850650787 0)
(0.525731087 0 -0.850650787)
(0.525731087 0 0.850650787)
(0.525731087 0.850650787 0)
(0.564254224 -0.513375461 -0.646577775)
(0.564254224 -0.513375461 0.646577775)
(0.564254224 0.513375461 -0.646577775)
(0.564254224 0.513375461 0.646577775)
(0.571251631 -0.792649209 -0.213022873)
(0.571251631 -0.792649209 0.213022873)
(0.571251631 0.792649209 -0.213022873)
(0.571251631 0.792649209 0.213022873)
(0.587785244 -0.688190937 -0.425325394)
(0.587785244 -0.688190937 0.425325394)
(0.587785244 0.688190937 -0.425325394)
(0.587785244 0.688190937 0.425325394)
(0.601500928 -0.37174803 -0.707106769)
(0.601500928 -0.37174803 0.707106769)
(0.601500928 0.37174803 -0.707106769)
(0.601500928 0.37174803 0.707106769)
(0.606825173 -0.237086326 -0.758652329)
(0.606825173 -0.237086326 0.758652329)
(0.606825173 0.237086326 -0.758652329)
(0.606825173 0.237086326 0.758652329)
(0.615642011 -0.78384304 -0.0810862929)
(0.615642011 -0.78384304 0.0810862929)
(0.615642011 0.78384304 -0.0810862929)
(0.615642011 0.78384304 0.0810862929)
(0.620239556 -0.0811418518 -0.780204356)
(0.620239556 -0.0811418518 0.780204356)
(0.620239556 0.0811418518 -0.780204356)
(0.620239556 0.0811418518 0.780204356)
(0.646577775 -0.564254224 -0.513375461)
(0.646577775 -0.564254224 0.513375461)
(0.646577775 0.564254224 -0.513375461)
(0.646577775 0.564254224 0.513375461)
(0.647411883 -0.702309847 -0.296004593)
(0.647411883 -0.702309847 0.296004593)
(0.647411883 0.702309847 -0.296004593)
(0.647411883 0.702309847 0.296004593)
(0.688190937 -0.425325394 -0.587785244)
(0.688190937 -0.425325394 0.587785244)
(0.688190937 0.425325394 -0.587785244)
(0.688190937 0.425325394 0.587785244)
(0.693780482 -0.702046454 -0.16062203)
(0.693780482 -0.702046454 0.16062203)
(0.693780482 0.702046454 -0.16062203)
(0.693780482 0.702046454 0.16062203)
(0.702046454 -0.16062203 -0.693780482)
(0.702046454 -0.16062203 0.693780482)
(0.702046454 0.16062203 -0.693780482)
(0.702046454 0.16062203 0.693780482)
(0.702309847 -0.296004593 -0.647411883)
(0.702309847 -0.296004593 0.647411883)
(0.702309847 0.296004593 -0.647411883)
(0.702309847 0.296004593 0.647411883)
(0.702907026 -0.711281717 0)
(0.702907026 0.711281717 0)
(0.707106769 -0.601500928 -0.37174803)
(0.707106769 -0.601500928 0.37174803)
(0.707106769 0.601500928 -0.37174803)
(0.707106769 0.601500928 0.37174803)
(0.711281717 0 -0.702907026)
(0.711281717 0 0.702907026)
(0.757935405 -0.468429863 -0.453990489)
(0.757935405 -0.468429863 0.453990489)
(0.757935405 0.468429863 -0.453990489)
(0.757935405 0.468429863 0.453990489)
(0.758652329 -0.606825173 -0.237086326)
(0.758652329 -0.606825173 0.237086326)
(0.758652329 0.606825173 -0.237086326)
(0.758652329 0.606825173 0.237086326)
(0.780204356 -0.620239556 -0.0811418518)
(0.780204356 -0.620239556 0.0811418518)
(0.780204356 0.620239556 -0.0811418518)
(0.780204356 0.620239556 0.0811418518)
(0.783451676 -0.346153021 -0.516121626)
(0.783451676 -0.346153021 0.516121626)
(0.783451676 0.346153021 -0.516121626)
(0.783451676 0.346153021 0.516121626)
(0.78384304 -0.0810862929 -0.615642011)
(0.78384304 -0.0810862929 0.615642011)
(0.78384304 0.0810862929 -0.615642011)
(0.78384304 0.0810862929 0.615642011)
(0.792649209 -0.213022873 -0.571251631)
(0.792649209 -0.213022873 0.571251631)
(0.792649209 0.213022873 -0.571251631)
(0.792649209 0.213022873 0.571251631)
(0.809017003 -0.5 -0.309017003)
(0.809017003 -0.5 0.309017003)
(0.809017003 0.5 -0.309017003)
(0.809017003 0.5 0.309017003)
(0.840177894 -0.519258499 -0.156434461)
(0.840177894 -0.519258499 0.156434461)
(0.840177894 0.519258499 -0.156434461)
(0.840177894 0.519258499 0.156434461)
(0.843911469 -0.383613735 -0.375038564)
(0.843911469 -0.383613735 0.375038564)
(0.843911469 0.383613735 -0.375038564)
(0.843911469 0.383613735 0.375038564)
(0.850650787 -0.525731087 0)
(0.850650787 0 -0.525731087)
(0.850650787 0 0.525731087)
(0.850650787 0.525731087 0)
(0.862668455 -0.259891927 -0.433888555)
(0.862668455 -0.259891927 0.433888555)
(0.862668455 0.259891927 -0.433888555)
(0.862668455 0.259891927 0.433888555)
(0.864929318 -0.131200373 -0.484441638)
(0.864929318 -0.131200373 0.484441638)
(0.864929318 0.131200373 -0.484441638)
(0.864929318 0.131200373 0.484441638)
(0.891006529 -0.386187375 -0.238676935)
(0.891006529 -0.386187375 0.238676935)
(0.891006529 0.386187375 -0.238676935)
(0.891006529 0.386187375 0.238676935)
(0.912982464 -0.399607062 -0.082323581)
(0.912982464 -0.399607062 0.082323581)
(0.912982464 0.399607062 -0.082323581)
(0.912982464 0.399607062 0.082323581)
(0.915043414 0 -0.40335536)
(0.915043414 0 0.40335536)
(0.916244149 -0.26408276 -0.301258892)
(0.916244149 -0.26408276 0.301258892)
(0.916244149 0.26408276 -0.301258892)
(0.916244149 0.26408276 0.301258892)
(0.924304605 -0.131655365 -0.358228803)
(0.924304605 -0.131655365 0.358228803)
(0.924304605 0.131655365 -0.358228803)
(0.924304605 0.131655365 0.358228803)
(0.95105654 -0.262865543 -0.16245985)
(0.95105654 -0.262865543 0.16245985)
(0.95105654 0.262865543 -0.16245985)
(0.95105654 0.262865543 0.16245985)
(0.961938381 0 -0.273266524)
(0.961938381 0 0.273266524)
(0.963861287 -0.266404688 0)
(0.963861287 0.266404688 0)
(0.966392577 -0.132792473 -0.220117033)
(0.966392577 -0.132792473 0.220117033)
(0.966392577 0.132792473 -0.220117033)
(0.966392577 0.132792473 0.220117033)
(0.987688363 -0.13307111 -0.0822424665)
(0.987688363 -0.13307111 0.0822424665)
(0.987688363 0.13307111 -0.0822424665)
(0.987688363 0.13307111 0.0822424665)
(0.990438879 0 -0.137952238)
(0.990438879 0 0.137952238)
(1 0 0)
)

// ************************************************************************* //
