/*--------------------------------*- C++ -*----------------------------------*\
  =========                 |
  \\      /  F ield         | OpenFOAM: The Open Source CFD Toolbox
   \\    /   O peration     |
    \\  /    A nd           | Version: 13
     \\/     M anipulation  |
\*---------------------------------------------------------------------------*/
FoamFile
{
    version     2.0;
    format      ascii;
    class       faceList;
    location    "constant/polyMesh";
    object      faces;
}
// * * * * * * * * * * * * * * * * * * * * * * * * * * * * * * * * * * * * //
43904
(
3(198 1766 4359)
3(199 198 4359)
3(1767 199 4359)
3(196 1764 4169)
3(381 196 4169)
3(1907 381 4169)
3(4626 1766 198)
3(4626 198 380)
3(4626 380 1906)
3(3114 1906 380)
3(3114 380 381)
3(3114 381 1907)
3(2937 1678 67)
3(2937 67 199)
3(2937 199 1767)
3(67 1678 3354)
3(196 67 3354)
3(1764 196 3354)
6(196 381 380 198 199 67)
3(198 1766 3303)
3(200 198 3303)
3(1768 200 3303)
3(3558 1767 199)
3(3558 199 699)
3(3558 699 2178)
3(200 1768 3826)
3(391 200 3826)
3(1915 391 3826)
3(4092 2178 699)
3(4092 699 700)
3(4092 700 2179)
3(391 1915 4591)
3(700 391 4591)
3(2179 700 4591)
6(198 200 391 700 699 199)
3(378 1904 4268)
3(381 378 4268)
3(1907 381 4268)
3(196 1764 3198)
3(554 196 3198)
3(2055 554 3198)
3(197 1765 3448)
3(378 197 3448)
3(1904 378 3448)
3(3732 2054 553)
3(3732 553 554)
3(3732 554 2055)
3(4234 1765 197)
3(4234 197 553)
3(4234 553 2054)
6(196 554 553 197 378 381)
3(4464 1905 379)
3(4464 379 380)
3(4464 380 1906)
3(3201 1768 200)
3(3201 200 320)
3(3201 320 1857)
3(3738 1858 321)
3(3738 321 379)
3(3738 379 1905)
3(2943 1857 320)
3(2943 320 321)
3(2943 321 1858)
6(380 379 321 320 200 198)
3(378 1904 4798)
3(564 378 4798)
3(2064 564 4798)
3(3556 1905 379)
3(3556 379 565)
3(3556 565 2065)
3(564 2064 3886)
3(565 564 3886)
3(2065 565 3886)
6(564 565 379 380 381 378)
3(4580 1678 67)
3(4580 67 68)
3(4580 68 1679)
3(3308 2177 698)
3(3308 698 699)
3(3308 699 2178)
3(4026 1679 68)
3(4026 68 388)
3(4026 388 1912)
3(3037 1912 388)
3(3037 388 698)
3(3037 698 2177)
6(199 699 698 388 68 67)
3(3974 2055 554)
3(3974 554 797)
3(3974 797 2263)
3(68 1679 4225)
3(796 68 4225)
3(2262 796 4225)
3(796 2262 3044)
3(797 796 3044)
3(2263 797 3044)
6(67 68 796 797 554 196)
3(3869 1915 391)
3(3869 391 398)
3(3869 398 1920)
3(4136 1853 316)
3(4136 316 320)
3(4136 320 1857)
3(397 1919 4644)
3(398 397 4644)
3(1920 398 4644)
3(316 1853 3179)
3(397 316 3179)
3(1919 397 3179)
6(320 316 397 398 391 200)
3(197 1765 3874)
3(562 197 3874)
3(2062 562 3874)
3(4138 2064 564)
3(4138 564 1495)
3(4138 1495 2812)
3(562 2062 3313)
3(1494 562 3313)
3(2811 1494 3313)
3(1494 2811 3837)
3(1495 1494 3837)
3(2812 1495 3837)
6(562 1494 1495 564 378 197)
3(3247 2176 697)
3(3247 697 700)
3(3247 700 2179)
3(3781 2177 698)
3(3781 698 703)
3(3781 703 2182)
3(697 2176 4282)
3(702 697 4282)
3(2181 702 4282)
3(702 2181 3463)
3(703 702 3463)
3(2182 703 3463)
6(702 703 698 699 700 697)
3(3731 2054 553)
3(3731 553 561)
3(3731 561 2061)
3(797 2263 4232)
3(799 797 4232)
3(2265 799 4232)
3(559 2059 3409)
3(561 559 3409)
3(2061 561 3409)
3(3934 2059 559)
3(3934 559 799)
3(3934 799 2265)
6(553 554 797 799 559 561)
3(317 1854 3356)
3(321 317 3356)
3(1858 321 3356)
3(565 2065 3167)
3(1484 565 3167)
3(2802 1484 3167)
3(3839 1854 317)
3(3839 317 1485)
3(3839 1485 2803)
3(1484 2802 3635)
3(1485 1484 3635)
3(2803 1485 3635)
6(317 321 379 565 1484 1485)
3(388 1912 3819)
3(389 388 3819)
3(1913 389 3819)
3(4266 2262 796)
3(4266 796 798)
3(4266 798 2264)
3(4288 1772 207)
3(4288 207 389)
3(4288 389 1913)
3(207 1772 4744)
3(798 207 4744)
3(2264 798 4744)
6(68 388 389 207 798 796)
3(398 1920 4270)
3(399 398 4270)
3(1921 399 4270)
3(390 1914 4528)
3(697 390 4528)
3(2176 697 4528)
3(3986 1914 390)
3(3986 390 399)
3(3986 399 1921)
6(390 697 700 391 398 399)
3(4365 2062 562)
3(4365 562 563)
3(4365 563 2063)
3(4635 2060 560)
3(4635 560 561)
3(4635 561 2061)
3(560 2060 3422)
3(563 560 3422)
3(2063 563 3422)
6(197 553 561 560 563 562)
3(4641 1853 316)
3(4641 316 319)
3(4641 319 1856)
3(317 1854 4101)
3(318 317 4101)
3(1855 318 4101)
3(318 1855 4597)
3(319 318 4597)
3(1856 319 4597)
6(320 321 317 318 319 316)
3(4275 2810 1493)
3(4275 1493 1495)
3(4275 1495 2812)
3(1483 2801 3092)
3(1484 1483 3092)
3(2802 1484 3092)
3(4240 2801 1483)
3(4240 1483 1493)
3(4240 1493 2810)
6(1495 1493 1483 1484 565 564)
3(2978 2180 701)
3(2978 701 703)
3(2978 703 2182)
3(3740 1913 389)
3(3740 389 405)
3(3740 405 1925)
3(4246 1925 405)
3(4246 405 701)
3(4246 701 2180)
6(388 698 703 701 405 389)
3(4372 2265 799)
3(4372 799 801)
3(4372 801 2267)
3(798 2264 3834)
3(800 798 3834)
3(2266 800 3834)
3(800 2266 4337)
3(801 800 4337)
3(2267 801 4337)
6(798 800 801 799 797 796)
3(3876 1918 396)
3(3876 396 397)
3(3876 397 1919)
3(395 1917 3080)
3(394 395 3080)
3(399 394 3080)
3(1921 399 3080)
3(393 1916 4339)
3(395 393 4339)
3(1917 395 4339)
3(3537 1916 393)
3(3537 393 392)
3(3537 392 396)
3(3537 396 1918)
3(392 393 395)
3(392 395 394)
6(394 399 398 397 396 392)
3(1492 2809 4519)
3(1494 1492 4519)
3(2811 1494 4519)
3(563 2063 3085)
3(846 563 3085)
3(847 846 3085)
3(2294 847 3085)
3(847 2294 3048)
3(856 847 3048)
3(2299 856 3048)
3(856 2299 3541)
3(855 856 3541)
3(1492 855 3541)
3(2809 1492 3541)
6(563 846 855 1492 1494 562)
3(846 847 855)
3(847 856 855)
3(4167 2181 702)
3(4167 702 704)
3(4167 704 2183)
3(4425 1910 386)
3(4425 386 201)
3(4425 201 390)
3(4425 390 1914)
3(4652 1908 384)
3(4652 384 383)
3(4652 383 386)
3(4652 386 1910)
3(384 1908 3184)
3(704 384 3184)
3(2183 704 3184)
3(201 386 383)
7(383 384 704 702 697 390 201)
3(4633 2058 558)
3(4633 558 559)
3(4633 559 2059)
3(2944 2060 560)
3(2944 560 848)
3(2944 848 849)
3(2944 849 2295)
3(3144 2295 849)
3(3144 849 858)
3(3144 858 2300)
3(558 2058 3646)
3(857 558 3646)
3(858 857 3646)
3(2300 858 3646)
6(857 848 560 561 559 558)
3(848 857 849)
3(857 858 849)
3(3088 1674 60)
3(3088 60 319)
3(3088 319 1856)
3(61 1675 4745)
3(396 61 4745)
3(1918 396 4745)
3(60 1674 3807)
3(61 60 3807)
3(1675 61 3807)
6(60 61 396 397 316 319)
3(1491 2808 3737)
3(1493 1491 3737)
3(2810 1493 3737)
3(4750 2807 1490)
3(4750 1490 1492)
3(4750 1492 2809)
3(1490 2807 4451)
3(1491 1490 4451)
3(2808 1491 4451)
6(1490 1491 1493 1495 1494 1492)
3(4692 2180 701)
3(4692 701 706)
3(4692 706 2185)
3(704 2183 4384)
3(705 704 4384)
3(2184 705 4384)
3(705 2184 4109)
3(706 705 4109)
3(2185 706 4109)
6(703 702 704 705 706 701)
3(801 2267 3833)
3(1132 801 3833)
3(2519 1132 3833)
3(4834 2058 558)
3(4834 558 1130)
3(4834 1130 2518)
3(4555 2518 1130)
3(4555 1130 1132)
3(4555 1132 2519)
6(558 559 799 801 1132 1130)
3(395 1917 3838)
3(692 395 3838)
3(2171 692 3838)
3(4105 1910 386)
3(4105 386 693)
3(4105 693 2172)
3(692 2171 3340)
3(693 692 3340)
3(2172 693 3340)
6(394 395 692 693 386 201)
3(201 390 399)
3(201 399 394)
3(3465 2294 847)
3(3465 847 1134)
3(3465 1134 2520)
3(849 2295 3742)
3(1135 849 3742)
3(2521 1135 3742)
3(3002 2520 1134)
3(3002 1134 1135)
3(3002 1135 2521)
3(560 848 563)
3(848 846 563)
6(848 849 1135 1134 847 846)
3(1485 2803 3977)
3(1486 1485 3977)
3(1488 1486 3977)
3(2805 1488 3977)
3(155 1736 4683)
3(154 155 4683)
3(318 154 4683)
3(1855 318 4683)
3(2953 1735 152)
3(2953 152 1488)
3(2953 1488 2805)
3(152 1735 4607)
3(155 152 4607)
3(1736 155 4607)
5(152 155 154 1486 1488)
5(318 317 1485 1486 154)
3(1483 2801 4772)
3(1482 1483 4772)
3(1487 1482 4772)
3(2804 1487 4772)
3(4541 2805 1488)
3(4541 1488 1489)
3(4541 1489 2806)
3(1487 2804 4069)
3(1489 1487 4069)
3(2806 1489 4069)
5(1482 1487 1489 1488 1486)
5(1486 1485 1484 1483 1482)
3(4090 1772 207)
3(4090 207 209)
3(4090 209 1045)
3(4090 1045 2445)
3(4775 1923 401)
3(4775 401 405)
3(4775 405 1925)
3(3476 2445 1045)
3(3476 1045 1046)
3(3476 1046 2446)
3(401 1923 4711)
3(208 401 4711)
3(1046 208 4711)
3(2446 1046 4711)
6(389 405 401 208 209 207)
3(208 1046 209)
3(1046 1045 209)
3(555 2056 3453)
3(556 555 3453)
3(800 556 3453)
3(2266 800 3453)
3(3689 2444 1044)
3(3689 1044 1045)
3(3689 1045 2445)
3(4715 2056 555)
3(4715 555 1044)
3(4715 1044 2444)
5(207 209 556 800 798)
5(209 1045 1044 555 556)
3(4661 1674 60)
3(4661 60 163)
3(4661 163 164)
3(4661 164 1740)
3(155 1736 3845)
3(160 155 3845)
3(1738 160 3845)
3(160 1738 4350)
3(164 160 4350)
3(1740 164 4350)
5(154 155 160 164 163)
5(60 319 318 154 163)
3(3324 2632 1288)
3(3324 1288 1287)
3(3324 1287 1491)
3(3324 1491 2808)
3(1289 2633 3849)
3(1487 1289 3849)
3(2804 1487 3849)
3(1288 2632 3057)
3(1289 1288 3057)
3(2633 1289 3057)
5(1287 1288 1289 1487 1482)
5(1482 1483 1493 1491 1287)
3(4753 1922 400)
3(4753 400 706)
3(4753 706 2185)
3(3943 1923 401)
3(3943 401 402)
3(3943 402 404)
3(3943 404 1924)
3(400 1922 4453)
3(403 400 4453)
3(404 403 4453)
3(1924 404 4453)
7(400 403 402 401 405 701 706)
3(403 404 402)
3(1129 2517 3428)
3(1133 1129 3428)
3(1132 1133 3428)
3(2519 1132 3428)
3(555 2056 3948)
3(803 555 3948)
3(2269 803 3948)
3(803 2269 3146)
3(804 803 3146)
3(819 804 3146)
3(1129 819 3146)
3(2517 1129 3146)
7(804 819 1133 1132 801 800 556)
3(555 803 804)
3(555 804 556)
3(819 1129 1133)
3(4807 1769 202)
3(4807 202 393)
3(4807 393 1916)
3(3829 2171 692)
3(3829 692 696)
3(3829 696 2175)
3(202 1769 4120)
3(679 202 4120)
3(2162 679 4120)
3(679 2162 3282)
3(696 679 3282)
3(2175 696 3282)
6(202 679 696 692 395 393)
3(843 2293 4815)
3(856 843 4815)
3(2299 856 4815)
3(1134 2520 3836)
3(1138 1134 3836)
3(2524 1138 3836)
3(839 2290 4755)
3(843 839 4755)
3(2293 843 4755)
3(3288 2290 839)
3(3288 839 1138)
3(3288 1138 2524)
6(843 856 847 1134 1138 839)
3(3984 1908 384)
3(3984 384 382)
3(3984 382 385)
3(3984 385 1909)
3(693 2172 4042)
3(695 693 4042)
3(2174 695 4042)
3(3236 1909 385)
3(3236 385 387)
3(3236 387 1911)
3(3773 1911 387)
3(3773 387 695)
3(3773 695 2174)
7(383 386 693 695 387 385 382)
3(382 384 383)
3(2987 2296 850)
3(2987 850 858)
3(2987 858 2300)
3(3682 2521 1135)
3(3682 1135 1136)
3(3682 1136 2522)
3(4836 2291 840)
3(4836 840 850)
3(4836 850 2296)
3(840 2291 3390)
3(1136 840 3390)
3(2522 1136 3390)
6(840 1136 1135 849 858 850)
3(4141 1672 58)
3(4141 58 21)
3(4141 21 61)
3(4141 61 1675)
3(59 1673 4348)
3(202 59 4348)
3(1769 202 4348)
3(58 1672 4074)
3(59 58 4074)
3(1673 59 4074)
6(21 58 59 202 393 392)
3(392 396 21)
3(396 61 21)
3(1299 2641 3787)
3(844 1299 3787)
3(1490 844 3787)
3(2807 1490 3787)
3(843 2293 4000)
3(1301 843 4000)
3(2642 1301 4000)
3(3708 2641 1299)
3(3708 1299 1301)
3(3708 1301 2642)
3(1490 1492 844)
3(1492 855 844)
6(843 1301 1299 844 855 856)
3(413 1931 4238)
3(69 413 4238)
3(705 69 4238)
3(2184 705 4238)
3(385 1909 4452)
3(411 385 4452)
3(1929 411 4452)
3(411 1929 4160)
3(410 411 4160)
3(413 410 4160)
3(1931 413 4160)
5(24 382 385 411 410)
6(69 705 704 384 382 24)
3(410 413 69)
3(410 69 24)
3(3888 2515 1127)
3(3888 1127 1131)
3(3888 1131 1130)
3(3888 1130 2518)
3(4113 2296 850)
3(4113 850 852)
3(4113 852 2297)
3(3806 2297 852)
3(3806 852 851)
3(3806 851 1127)
3(3806 1127 2515)
5(1130 1131 841 857 558)
6(841 851 852 850 858 857)
3(1131 1127 851)
3(1131 851 841)
3(151 1734 4529)
3(152 151 4529)
3(1735 152 4529)
3(4334 2409 1006)
3(4334 1006 1489)
3(4334 1489 2806)
3(3812 1734 151)
3(3812 151 657)
3(3812 657 2143)
3(4258 2143 657)
3(4258 657 1006)
3(4258 1006 2409)
6(151 152 1488 1489 1006 657)
3(4297 2173 694)
3(4297 694 696)
3(4297 696 2175)
3(694 2173 3230)
3(695 694 3230)
3(2174 695 3230)
5(692 696 694 695 693)
3(1137 2523 4409)
3(1138 1137 4409)
3(2524 1138 4409)
3(1136 2522 4667)
3(1137 1136 4667)
3(2523 1137 4667)
5(1135 1136 1137 1138 1134)
3(1046 2446 4818)
3(1047 1046 4818)
3(2447 1047 4818)
3(4653 2444 1044)
3(4653 1044 1497)
3(4653 1497 2814)
3(1047 2447 4128)
3(1501 1047 4128)
3(2818 1501 4128)
3(4559 2814 1497)
3(4559 1497 1501)
3(4559 1501 2818)
6(1045 1046 1047 1501 1497 1044)
3(164 1740 4281)
3(159 164 4281)
3(181 159 4281)
3(1751 181 4281)
3(4494 1672 58)
3(4494 58 57)
3(4494 57 177)
3(4494 177 1747)
3(4721 1747 177)
3(4721 177 181)
3(4721 181 1751)
6(20 158 159 181 177 57)
3(158 163 164)
3(158 164 159)
3(57 58 20)
3(58 21 20)
6(21 61 60 163 158 20)
3(1286 2631 2984)
3(1285 1286 2984)
3(1288 1285 2984)
3(2632 1288 2984)
3(4502 2640 1298)
3(4502 1298 1300)
3(4502 1300 1299)
3(4502 1299 2641)
3(4723 2631 1286)
3(4723 1286 1298)
3(4723 1298 2640)
3(658 1285 1288)
3(658 1288 1287)
6(845 1300 1298 1286 1285 658)
6(1287 1491 1490 844 845 658)
3(844 1299 845)
3(1299 1300 845)
3(205 1770 3415)
3(204 205 3415)
3(400 204 3415)
3(1922 400 3415)
3(3645 1930 412)
3(3645 412 413)
3(3645 413 1931)
3(3867 1770 205)
3(3867 205 412)
3(3867 412 1930)
5(204 400 706 705 69)
5(69 413 412 205 204)
3(3086 2514 1126)
3(3086 1126 1129)
3(3086 1129 2517)
3(4617 2515 1127)
3(4617 1127 1128)
3(4617 1128 2516)
3(1126 2514 4803)
3(1128 1126 4803)
3(2516 1128 4803)
3(1130 1132 1133)
3(1130 1133 1131)
6(1128 1127 1131 1133 1129 1126)
3(4526 1738 160)
3(4526 160 183)
3(4526 183 1753)
3(151 1734 3279)
3(185 151 3279)
3(1755 185 3279)
3(3811 1753 183)
3(3811 183 185)
3(3811 185 1755)
6(151 185 183 160 155 152)
3(4173 2628 1281)
3(4173 1281 1289)
3(4173 1289 2633)
3(2962 2409 1006)
3(2962 1006 1007)
3(2962 1007 2410)
3(3440 2410 1007)
3(3440 1007 1281)
3(3440 1281 2628)
6(1489 1487 1289 1281 1007 1006)
3(404 1924 4642)
3(680 404 4642)
3(2163 680 4642)
3(681 2164 3385)
3(1047 681 3385)
3(2447 1047 3385)
3(680 2163 3912)
3(681 680 3912)
3(2164 681 3912)
3(208 401 402)
7(402 404 680 681 1047 1046 208)
3(802 2268 4274)
3(803 802 4274)
3(2269 803 4274)
3(1497 2814 3061)
3(1498 1497 3061)
3(2815 1498 3061)
3(3545 2268 802)
3(3545 802 1498)
3(3545 1498 2815)
6(1044 1497 1498 802 803 555)
3(183 1753 3064)
3(186 183 3064)
3(1756 186 3064)
3(4204 1751 181)
3(4204 181 182)
3(4204 182 1752)
3(3024 1752 182)
3(3024 182 162)
3(3024 162 186)
3(3024 186 1756)
3(159 162 182)
3(159 182 181)
6(159 164 160 183 186 162)
3(3704 2628 1281)
3(3704 1281 1282)
3(3704 1282 2629)
3(4210 2630 1284)
3(4210 1284 1286)
3(4210 1286 2631)
3(3658 2629 1282)
3(3658 1282 1283)
3(3658 1283 1284)
3(3658 1284 2630)
6(1281 1289 1288 1285 1283 1282)
3(1285 1286 1284)
3(1285 1284 1283)
3(3335 2163 680)
3(3335 680 684)
3(3335 684 685)
3(3335 685 2166)
3(205 1770 3856)
3(206 205 3856)
3(1771 206 3856)
3(206 1771 4627)
3(685 206 4627)
3(2166 685 4627)
3(403 400 204)
3(403 204 203)
6(203 204 205 206 685 684)
5(684 680 404 403 203)
3(802 2268 3803)
3(817 802 3803)
3(818 817 3803)
3(2273 818 3803)
3(815 2272 4309)
3(1126 815 4309)
3(2514 1126 4309)
3(3772 2272 815)
3(3772 815 818)
3(3772 818 2273)
3(814 819 804)
5(817 814 804 803 802)
7(814 817 818 815 1126 1129 819)
3(4684 2162 679)
3(4684 679 1036)
3(4684 1036 2436)
3(59 1673 3216)
3(62 59 3216)
3(1676 62 3216)
3(62 1676 3662)
3(1035 62 3662)
3(2435 1035 3662)
3(1035 2435 4172)
3(1036 1035 4172)
3(2436 1036 4172)
6(59 62 1035 1036 679 202)
3(4691 2285 833)
3(4691 833 839)
3(4691 839 2290)
3(3221 2642 1301)
3(3221 1301 1303)
3(3221 1303 2644)
3(836 2287 3668)
3(1303 836 3668)
3(2644 1303 3668)
3(833 2285 4801)
3(836 833 4801)
3(2287 836 4801)
6(836 1303 1301 843 839 833)
3(4322 1774 211)
3(4322 211 387)
3(4322 387 1911)
3(409 1928 4822)
3(411 409 4822)
3(1929 411 4822)
3(212 1775 3299)
3(409 212 3299)
3(1928 409 3299)
3(211 1774 3822)
3(212 211 3822)
3(1775 212 3822)
6(211 212 409 411 385 387)
3(838 2289 4780)
3(840 838 4780)
3(2291 840 4780)
3(852 2297 3326)
3(854 852 3326)
3(2298 854 3326)
3(3780 2292 842)
3(3780 842 854)
3(3780 854 2298)
3(2977 2289 838)
3(2977 838 842)
3(2977 842 2292)
6(838 840 850 852 854 842)
3(4534 2173 694)
3(4534 694 714)
3(4534 714 2193)
3(4203 2193 714)
3(4203 714 1040)
3(4203 1040 2440)
3(1036 2436 4422)
3(1040 1036 4422)
3(2440 1040 4422)
6(1036 1040 714 694 696 679)
3(4182 2283 830)
3(4182 830 1137)
3(4182 1137 2523)
3(3850 2278 824)
3(3850 824 830)
3(3850 830 2283)
3(824 2278 4079)
3(833 824 4079)
3(2285 833 4079)
6(824 833 839 1138 1137 830)
3(3586 2190 711)
3(3586 711 714)
3(3586 714 2193)
3(4081 1774 211)
3(4081 211 711)
3(4081 711 2190)
6(211 387 695 694 714 711)
3(3695 2283 830)
3(3695 830 832)
3(3695 832 2284)
3(4166 2284 832)
3(4166 832 838)
3(4166 838 2289)
6(830 1137 1136 840 838 832)
3(177 1747 2954)
3(179 177 2954)
3(1749 179 2954)
3(3152 1676 62)
3(3152 62 64)
3(3152 64 63)
3(3152 63 1677)
3(4688 1677 63)
3(4688 63 179)
3(4688 179 1749)
5(57 177 179 63 64)
5(64 62 59 58 57)
3(3900 2640 1298)
3(3900 1298 1302)
3(3900 1302 2643)
3(1303 2644 4125)
3(1305 1303 4125)
3(1304 1305 4125)
3(2645 1304 4125)
3(4321 2643 1302)
3(4321 1302 1304)
3(4321 1304 2645)
5(1300 1305 1304 1302 1298)
5(1301 1303 1305 1300 1299)
3(4540 1930 412)
3(4540 412 723)
3(4540 723 2202)
3(409 1928 4756)
3(408 409 4756)
3(719 408 4756)
3(2198 719 4756)
3(719 2198 3030)
3(723 719 3030)
3(2202 723 3030)
3(410 411 409)
3(410 409 408)
6(408 719 723 412 413 410)
3(3059 2274 820)
3(3059 820 1128)
3(3059 1128 2516)
3(821 2275 3243)
3(853 821 3243)
3(854 853 3243)
3(2298 854 3243)
3(820 2274 3460)
3(821 820 3460)
3(2275 821 3460)
3(851 853 854)
3(851 854 852)
6(821 853 851 1127 1128 820)
3(2942 2142 656)
3(2942 656 657)
3(2942 657 2143)
3(184 1754 2990)
3(185 184 2990)
3(1755 185 2990)
3(3441 1733 150)
3(3441 150 656)
3(3441 656 2142)
3(150 1733 3395)
3(184 150 3395)
3(1754 184 3395)
6(150 184 185 151 657 656)
3(1007 2410 3615)
3(1008 1007 3615)
3(2411 1008 3615)
3(3648 2142 656)
3(3648 656 1011)
3(3648 1011 2414)
3(1008 2411 4078)
3(1011 1008 4078)
3(2414 1011 4078)
6(657 1006 1007 1008 1011 656)
3(1500 2817 4523)
3(1501 1500 4523)
3(2818 1501 4523)
3(681 2164 3256)
3(682 681 3256)
3(2165 682 3256)
3(1043 2443 3277)
3(1500 1043 3277)
3(2817 1500 3277)
3(682 2165 3715)
3(1043 682 3715)
3(2443 1043 3715)
6(681 682 1043 1500 1501 1047)
3(3741 2815 1498)
3(3741 1498 1499)
3(3741 1499 2816)
3(3949 2813 1496)
3(3949 1496 1500)
3(3949 1500 2817)
3(1496 2813 4164)
3(1499 1496 4164)
3(2816 1499 4164)
6(1496 1499 1498 1497 1501 1500)
3(3182 1756 186)
3(3182 186 187)
3(3182 187 1757)
3(184 1754 3659)
3(188 184 3659)
3(1758 188 3659)
3(3357 1757 187)
3(3357 187 188)
3(3357 188 1758)
6(185 184 188 187 186 183)
3(1282 2629 4783)
3(1291 1282 4783)
3(2635 1291 4783)
3(3289 2411 1008)
3(3289 1008 1292)
3(3289 1292 2636)
3(1291 2635 4319)
3(1292 1291 4319)
3(2636 1292 4319)
6(1007 1281 1282 1291 1292 1008)
3(685 2166 4788)
3(683 685 4788)
3(688 683 4788)
3(2168 688 4788)
3(3296 2165 682)
3(3296 682 689)
3(3296 689 2169)
3(688 2168 3029)
3(689 688 3029)
3(2169 689 3029)
3(684 685 683)
7(680 684 683 688 689 682 681)
3(557 2057 2957)
3(816 557 2957)
3(818 816 2957)
3(2273 818 2957)
3(3391 2647 1307)
3(3391 1307 1499)
3(3391 1499 2816)
3(4434 2057 557)
3(4434 557 1307)
3(4434 1307 2647)
7(816 817 802 1498 1499 1307 557)
3(816 818 817)
3(4382 1748 178)
3(4382 178 182)
3(4382 182 1752)
3(3393 1749 179)
3(3393 179 180)
3(3393 180 1750)
3(178 1748 3126)
3(180 178 3126)
3(1750 180 3126)
6(181 182 178 180 179 177)
3(1243 2592 4039)
3(1284 1243 4039)
3(2630 1284 4039)
3(3070 2593 1244)
3(3070 1244 1302)
3(3070 1302 2643)
3(4725 2592 1243)
3(4725 1243 1244)
3(4725 1244 2593)
6(1284 1286 1298 1302 1244 1243)
3(4046 1771 206)
3(4046 206 716)
3(4046 716 2195)
3(723 2202 3714)
3(724 723 3714)
3(2203 724 3714)
3(4730 2195 716)
3(4730 716 724)
3(4730 724 2203)
6(412 723 724 716 206 205)
3(4695 2271 810)
3(4695 810 815)
3(4695 815 2272)
3(805 2270 3719)
3(820 805 3719)
3(2274 820 3719)
3(3398 2270 805)
3(3398 805 810)
3(3398 810 2271)
6(805 820 1128 1126 815 810)
3(3580 2439 1039)
3(3580 1039 1040)
3(3580 1040 2440)
3(3851 2190 711)
3(3851 711 712)
3(3851 712 2191)
3(4813 2192 713)
3(4813 713 1039)
3(4813 1039 2439)
3(3779 2191 712)
3(3779 712 713)
3(3779 713 2192)
6(714 1040 1039 713 712 711)
3(822 2276 3587)
3(824 822 3587)
3(2278 824 3587)
3(4491 2280 827)
3(4491 827 832)
3(4491 832 2284)
3(3512 2276 822)
3(3512 822 823)
3(3512 823 2277)
3(3782 2277 823)
3(3782 823 827)
3(3782 827 2280)
6(822 824 830 832 827 823)
3(187 1757 3192)
3(167 187 3192)
3(638 167 3192)
3(2126 638 3192)
3(3721 1748 178)
3(3721 178 637)
3(3721 637 2125)
3(3621 2125 637)
3(3621 637 638)
3(3621 638 2126)
6(162 167 638 637 178 182)
3(162 186 187)
3(162 187 167)
3(3196 2635 1291)
3(3196 1291 1293)
3(3196 1293 1294)
3(3196 1294 2637)
3(4358 2590 1241)
3(4358 1241 1243)
3(4358 1243 2592)
3(1241 2590 3629)
3(1294 1241 3629)
3(2637 1294 3629)
3(1282 1283 1291)
3(1283 1293 1291)
6(1294 1293 1283 1284 1243 1241)
3(687 2167 3291)
3(686 687 3291)
3(688 686 3291)
3(2168 688 3291)
3(716 2195 3815)
3(717 716 3815)
3(2196 717 3815)
3(3746 2167 687)
3(3746 687 717)
3(3746 717 2196)
7(716 717 687 686 683 685 206)
3(686 688 683)
3(557 2057 3298)
3(812 557 3298)
3(1356 812 3298)
3(2687 1356 3298)
3(4461 2271 810)
3(4461 810 1355)
3(4461 1355 2686)
3(3751 2686 1355)
3(3751 1355 1356)
3(3751 1356 2687)
3(557 812 816)
7(810 815 818 816 812 1356 1355)
3(3753 1733 150)
3(3753 150 157)
3(3753 157 1737)
3(4194 2413 1010)
3(4194 1010 1011)
3(4194 1011 2414)
3(3665 1737 157)
3(3665 157 335)
3(3665 335 1870)
3(3454 1870 335)
3(3454 335 1010)
3(3454 1010 2413)
6(656 1011 1010 335 157 150)
3(3187 2442 1042)
3(3187 1042 1043)
3(3187 1043 2443)
3(1306 2646 3634)
3(1496 1306 3634)
3(2813 1496 3634)
3(3120 2441 1041)
3(3120 1041 1042)
3(3120 1042 2442)
3(1041 2441 3555)
3(1306 1041 3555)
3(2646 1306 3555)
6(1041 1306 1496 1500 1043 1042)
3(3091 2435 1035)
3(3091 1035 1037)
3(3091 1037 2437)
3(63 1677 4118)
3(1021 63 4118)
3(2423 1021 4118)
3(1019 2421 4025)
3(1037 1019 4025)
3(2437 1037 4025)
3(4531 2421 1019)
3(4531 1019 1018)
3(4531 1018 1021)
3(4531 1021 2423)
3(1021 1018 63)
3(1018 64 63)
6(62 64 1018 1019 1037 1035)
3(4048 2282 829)
3(4048 829 836)
3(4048 836 2287)
3(661 2146 3757)
3(1304 661 3757)
3(2645 1304 3757)
3(829 2282 3670)
3(834 829 3670)
3(2286 834 3670)
3(4180 2146 661)
3(4180 661 835)
3(4180 835 834)
3(4180 834 2286)
3(1304 1305 835)
3(1304 835 661)
6(829 834 835 1305 1303 836)
3(4699 1773 210)
3(4699 210 212)
3(4699 212 1775)
3(4395 2198 719)
3(4395 719 720)
3(4395 720 2199)
3(210 1773 3676)
3(467 210 3676)
3(1978 467 3676)
3(467 1978 4185)
3(466 467 4185)
3(720 466 4185)
3(2199 720 4185)
6(467 466 408 409 212 210)
3(466 720 719)
3(466 719 408)
3(3368 2292 842)
3(3368 842 1562)
3(3368 1562 2874)
3(821 2275 4408)
3(1382 821 4408)
3(2710 1382 4408)
3(4316 2874 1562)
3(4316 1562 1563)
3(4316 1563 2875)
3(1382 2710 4817)
3(1383 1382 4817)
3(1563 1383 4817)
3(2875 1563 4817)
6(842 854 853 1383 1563 1562)
3(1382 1383 821)
3(1383 853 821)
3(1038 2438 3550)
3(1039 1038 3550)
3(2439 1039 3550)
3(1037 2437 3250)
3(1038 1037 3250)
3(2438 1038 3250)
6(1035 1037 1038 1039 1040 1036)
3(822 2276 4209)
3(826 822 4209)
3(2279 826 4209)
3(826 2279 3255)
3(829 826 3255)
3(2282 829 3255)
6(822 826 829 836 833 824)
3(3857 1927 407)
3(3857 407 712)
3(3857 712 2191)
3(2938 1773 210)
3(2938 210 407)
3(2938 407 1927)
6(210 212 211 711 712 407)
3(3861 2280 827)
3(3861 827 1568)
3(3861 1568 2878)
3(1562 2874 3554)
3(1568 1562 3554)
3(2878 1568 3554)
6(832 838 842 1562 1568 827)
3(3748 1758 188)
3(3748 188 645)
3(3748 645 2133)
3(157 1737 3961)
3(644 157 3961)
3(2132 644 3961)
3(644 2132 4690)
3(645 644 4690)
3(2133 645 4690)
6(150 157 644 645 188 184)
3(3755 2634 1290)
3(3755 1290 1292)
3(3755 1292 2636)
3(1009 2412 3968)
3(1010 1009 3968)
3(2413 1010 3968)
3(4696 2412 1009)
3(4696 1009 1290)
3(4696 1290 2634)
6(1292 1290 1009 1010 1011 1008)
3(689 2169 4394)
3(1053 689 4394)
3(2453 1053 4394)
3(4621 2442 1042)
3(4621 1042 1052)
3(4621 1052 2452)
3(3367 2452 1052)
3(3367 1052 1053)
3(3367 1053 2453)
6(682 689 1053 1052 1042 1043)
3(4045 2647 1307)
3(4045 1307 1503)
3(4045 1503 2820)
3(1306 2646 3597)
3(1502 1306 3597)
3(2819 1502 3597)
3(1502 2819 3034)
3(1503 1502 3034)
3(2820 1503 3034)
6(1502 1503 1307 1499 1496 1306)
3(4053 1745 175)
3(4053 175 180)
3(4053 180 1750)
3(4765 2423 1021)
3(4765 1021 1022)
3(4765 1022 2424)
3(175 1745 3038)
3(1022 175 3038)
3(2424 1022 3038)
6(179 180 175 1022 1021 63)
3(4149 2593 1244)
3(4149 1244 1473)
3(4149 1473 2792)
3(661 2146 4851)
3(1472 661 4851)
3(2791 1472 4851)
3(1472 2791 3133)
3(1473 1472 3133)
3(2792 1473 3133)
6(1472 1473 1244 1302 1304 661)
3(722 2201 4153)
3(724 722 4153)
3(2203 724 4153)
3(720 2199 2936)
3(721 720 2936)
3(2200 721 2936)
3(721 2200 3140)
3(722 721 3140)
3(2201 722 3140)
6(720 721 722 724 723 719)
3(805 2270 3794)
3(1513 805 3794)
3(2829 1513 3794)
3(4514 2710 1382)
3(4514 1382 1514)
3(4514 1514 2830)
3(1513 2829 4735)
3(1514 1513 4735)
3(2830 1514 4735)
6(1513 1514 1382 821 820 805)
3(636 2124 3195)
3(638 636 3195)
3(2126 638 3195)
3(3725 2128 640)
3(3725 640 645)
3(3725 645 2133)
3(4445 2124 636)
3(4445 636 355)
3(4445 355 640)
3(4445 640 2128)
3(167 355 636)
3(167 636 638)
6(167 187 188 645 640 355)
3(1294 2637 3666)
3(1297 1294 3666)
3(2639 1297 3666)
3(4175 2634 1290)
3(4175 1290 1295)
3(4175 1295 2638)
3(3577 2638 1295)
3(3577 1295 1296)
3(3577 1296 1297)
3(3577 1297 2639)
6(1290 1292 1291 1293 1296 1295)
3(1294 1297 1293)
3(1297 1296 1293)
3(687 2167 3297)
3(691 687 3297)
3(2170 691 3297)
3(1048 2448 3820)
3(1053 1048 3820)
3(2453 1053 3820)
3(691 2170 4546)
3(690 691 4546)
3(1048 690 4546)
3(2448 1048 4546)
3(686 687 691)
3(686 691 690)
6(690 1048 1053 689 688 686)
3(3304 2687 1356)
3(3304 1356 1360)
3(3304 1360 2691)
3(1503 2820 4463)
3(1505 1503 4463)
3(2822 1505 4463)
3(3226 2691 1360)
3(3226 1360 1361)
3(3226 1361 1505)
3(3226 1505 2822)
6(1307 1503 1505 1361 812 557)
3(812 1361 1360)
3(812 1360 1356)
3(637 2125 4416)
3(979 637 4416)
3(2386 979 4416)
3(3450 1745 175)
3(3450 175 981)
3(3450 981 2388)
3(979 2386 4827)
3(981 979 4827)
3(2388 981 4827)
6(180 178 637 979 981 175)
3(4850 2590 1241)
3(4850 1241 1242)
3(4850 1242 2591)
3(1473 2792 4578)
3(1475 1473 4578)
3(2794 1475 4578)
3(3331 2591 1242)
3(3331 1242 1475)
3(3331 1475 2794)
6(1243 1244 1473 1475 1242 1241)
3(4508 2196 717)
3(4508 717 718)
3(4508 718 2197)
3(3560 2194 715)
3(3560 715 722)
3(3560 722 2201)
3(715 2194 2995)
3(718 715 2995)
3(2197 718 2995)
6(718 717 716 724 722 715)
3(4513 2685 1354)
3(4513 1354 1355)
3(4513 1355 2686)
3(4220 2829 1513)
3(4220 1513 1516)
3(4220 1516 2832)
3(1354 2685 3000)
3(1516 1354 3000)
3(2832 1516 3000)
6(805 810 1355 1354 1516 1513)
3(709 2188 3533)
3(713 709 3533)
3(2192 713 3533)
3(3001 2432 1032)
3(3001 1032 1038)
3(3001 1038 2438)
3(4681 2188 709)
3(4681 709 1033)
3(4681 1033 2433)
3(1032 2432 3405)
3(1033 1032 3405)
3(2433 1033 3405)
6(713 1039 1038 1032 1033 709)
3(823 2277 3623)
3(859 823 3623)
3(2301 859 3623)
3(4410 2279 826)
3(4410 826 828)
3(4410 828 2281)
3(859 2301 4771)
3(862 859 4771)
3(2304 862 4771)
3(4820 2281 828)
3(4820 828 862)
3(4820 862 2304)
6(823 859 862 828 826 822)
3(406 1926 3099)
3(407 406 3099)
3(1927 407 3099)
3(4520 2187 708)
3(4520 708 709)
3(4520 709 2188)
3(3521 1926 406)
3(3521 406 708)
3(3521 708 2187)
6(407 712 713 709 708 406)
3(1568 2878 4707)
3(1569 1568 4707)
3(2879 1569 4707)
3(4168 2301 859)
3(4168 859 863)
3(4168 863 2305)
3(3166 2305 863)
3(3166 863 1569)
3(3166 1569 2879)
6(823 827 1568 1569 863 859)
3(335 1870 3471)
3(336 335 3471)
3(1871 336 3471)
3(641 2129 4415)
3(644 641 4415)
3(2132 644 4415)
3(4129 1741 165)
3(4129 165 336)
3(4129 336 1871)
3(165 1741 3374)
3(641 165 3374)
3(2129 641 3374)
6(335 336 165 641 644 157)
3(4849 2145 660)
3(4849 660 1009)
3(4849 1009 2412)
3(334 1869 4133)
3(336 334 4133)
3(1871 336 4133)
3(3853 1869 334)
3(3853 334 660)
3(3853 660 2145)
6(336 335 1010 1009 660 334)
3(313 1850 3573)
3(1041 313 3573)
3(2441 1041 3573)
3(4507 2451 1051)
3(4507 1051 1052)
3(4507 1052 2452)
3(4022 1850 313)
3(4022 313 314)
3(4022 314 1851)
3(3485 1851 314)
3(3485 314 1051)
3(3485 1051 2451)
6(1041 1042 1052 1051 314 313)
3(4512 2819 1502)
3(4512 1502 1504)
3(4512 1504 2821)
3(313 1850 4218)
3(542 313 4218)
3(2043 542 4218)
3(542 2043 4151)
3(1504 542 4151)
3(2821 1504 4151)
6(313 542 1504 1502 1306 1041)
3(1019 2421 3940)
3(1024 1019 3940)
3(2426 1024 3940)
3(1031 2431 3865)
3(1032 1031 3865)
3(2432 1032 3865)
3(1024 2426 4095)
3(1031 1024 4095)
3(2431 1031 4095)
6(1019 1024 1031 1032 1038 1037)
3(3095 2286 834)
3(3095 834 1193)
3(3095 1193 2555)
3(828 2281 4318)
3(1190 828 4318)
3(2552 1190 4318)
3(1190 2552 4539)
3(1193 1190 4539)
3(2555 1193 4539)
6(828 1190 1193 834 829 826)
3(4055 1978 467)
3(4055 467 470)
3(4055 470 1980)
3(3973 1683 89)
3(3973 89 406)
3(3973 406 1926)
3(89 1683 4186)
3(470 89 4186)
3(1980 470 4186)
6(470 467 210 407 406 89)
3(1563 2875 4706)
3(1565 1563 4706)
3(1567 1565 4706)
3(2877 1567 4706)
3(1564 2876 3979)
3(1569 1564 3979)
3(2879 1569 3979)
3(4192 2876 1564)
3(4192 1564 1566)
3(4192 1566 1567)
3(4192 1567 2877)
7(1563 1565 1566 1564 1569 1568 1562)
3(1565 1567 1566)
3(4414 2422 1020)
3(4414 1020 1022)
3(4414 1022 2424)
3(4324 2426 1024)
3(4324 1024 1027)
3(4324 1027 1028)
3(4324 1028 2428)
3(1020 2422 3373)
3(1028 1020 3373)
3(2428 1028 3373)
6(1018 1021 1022 1020 1028 1027)
3(1027 1024 1019)
3(1027 1019 1018)
3(4063 2791 1472)
3(4063 1472 1474)
3(4063 1474 2793)
3(1193 2555 3316)
3(1194 1193 3316)
3(1195 1194 3316)
3(2556 1195 3316)
3(1195 2556 3046)
3(1474 1195 3046)
3(2793 1474 3046)
6(661 835 1194 1195 1474 1472)
3(1193 1194 834)
3(1194 835 834)
3(468 1979 4506)
3(721 468 4506)
3(2200 721 4506)
3(470 1980 4437)
3(469 470 4437)
3(471 469 4437)
3(1981 471 4437)
3(3484 1979 468)
3(3484 468 471)
3(3484 471 1981)
3(466 467 469)
3(467 470 469)
6(469 471 468 721 720 466)
3(1514 2830 4157)
3(1515 1514 4157)
3(2831 1515 4157)
3(1519 2835 3414)
3(1567 1519 3414)
3(2877 1567 3414)
3(1515 2831 3143)
3(1519 1515 3143)
3(2835 1519 3143)
3(1565 1563 1383)
7(1514 1515 1519 1567 1565 1383 1382)
3(636 2124 3864)
3(639 636 3864)
3(2127 639 3864)
3(4366 2386 979)
3(4366 979 980)
3(4366 980 2387)
3(639 2127 3793)
3(980 639 3793)
3(2387 980 3793)
6(636 639 980 979 637 638)
3(966 2376 3500)
3(1297 966 3500)
3(2639 1297 3500)
3(4015 2377 967)
3(4015 967 1242)
3(4015 1242 2591)
3(4748 2376 966)
3(4748 966 967)
3(4748 967 2377)
6(966 1297 1294 1241 1242 967)
3(118 1705 3971)
3(691 118 3971)
3(2170 691 3971)
3(4468 1802 251)
3(4468 251 718)
3(4468 718 2197)
3(3898 1705 118)
3(3898 118 251)
3(3898 251 1802)
6(118 691 687 717 718 251)
3(4625 2690 1359)
3(4625 1359 1360)
3(4625 1360 2691)
3(1353 2684 3165)
3(1354 1353 3165)
3(2685 1354 3165)
3(3902 2684 1353)
3(3902 1353 1359)
3(3902 1359 2690)
6(1354 1355 1356 1360 1359 1353)
3(3111 2128 640)
3(3111 640 643)
3(3111 643 2131)
3(641 2129 3309)
3(642 641 3309)
3(2130 642 3309)
3(642 2130 3532)
3(643 642 3532)
3(2131 643 3532)
6(645 644 641 642 643 640)
3(3765 2374 964)
3(3765 964 1295)
3(3765 1295 2638)
3(659 2144 3975)
3(660 659 3975)
3(2145 660 3975)
3(4188 2144 659)
3(4188 659 964)
3(4188 964 2374)
6(660 1009 1290 1295 964 659)
3(1048 2448 3197)
3(1049 1048 3197)
3(2449 1049 3197)
3(1050 2450 3406)
3(1051 1050 3406)
3(2451 1051 3406)
3(1049 2449 3632)
3(1050 1049 3632)
3(2450 1050 3632)
6(1049 1050 1051 1052 1053 1048)
3(3862 2822 1505)
3(3862 1505 1507)
3(3862 1507 2824)
3(1504 2821 4088)
3(1506 1504 4088)
3(2823 1506 4088)
3(1506 2823 4287)
3(1507 1506 4287)
3(2824 1507 4287)
6(1504 1506 1507 1505 1503 1502)
3(981 2388 3863)
3(984 981 3863)
3(2391 984 3863)
3(176 1746 4093)
3(1020 176 4093)
3(2422 1020 4093)
3(4292 1746 176)
3(4292 176 984)
3(4292 984 2391)
6(175 981 984 176 1020 1022)
3(3497 2794 1475)
3(3497 1475 1477)
3(3497 1477 2796)
3(1474 2793 3733)
3(1476 1474 3733)
3(2795 1476 3733)
3(1476 2795 3936)
3(1477 1476 3936)
3(2796 1477 3936)
6(1474 1476 1477 1475 1473 1472)
3(463 1975 3970)
3(715 463 3970)
3(2194 715 3970)
3(4183 1977 465)
3(4183 465 468)
3(4183 468 1979)
3(4405 1975 463)
3(4405 463 465)
3(4405 465 1977)
6(715 722 721 468 465 463)
3(1516 2832 3598)
3(1517 1516 3598)
3(2833 1517 3598)
3(3828 2831 1515)
3(3828 1515 1518)
3(3828 1518 2834)
3(1517 2833 4052)
3(1518 1517 4052)
3(2834 1518 4052)
6(1516 1517 1518 1515 1514 1513)
3(4764 1741 165)
3(4764 165 166)
3(4764 166 1742)
3(4581 1739 161)
3(4581 161 334)
3(4581 334 1869)
3(161 1739 4059)
3(166 161 4059)
3(1742 166 4059)
5(166 165 336 334 161)
3(1033 2433 3222)
3(1034 1033 3222)
3(2434 1034 3222)
3(707 2186 3481)
3(708 707 3481)
3(2187 708 3481)
3(4148 2189 710)
3(4148 710 1034)
3(4148 1034 2434)
3(4397 2186 707)
3(4397 707 710)
3(4397 710 2189)
6(708 709 1033 1034 710 707)
3(861 2303 3696)
3(862 861 3696)
3(2304 862 3696)
3(863 2305 3952)
3(864 863 3952)
3(2306 864 3952)
3(860 2302 4609)
3(861 860 4609)
3(2303 861 4609)
3(4835 2302 860)
3(4835 860 864)
3(4835 864 2306)
6(863 864 860 861 862 859)
3(314 1851 3117)
3(315 314 3117)
3(1852 315 3117)
3(2941 2043 542)
3(2941 542 544)
3(2941 544 2045)
3(315 1852 4544)
3(544 315 4544)
3(2045 544 4544)
5(314 315 544 542 313)
3(3491 2430 1030)
3(3491 1030 1031)
3(3491 1031 2431)
3(1029 2429 4191)
3(1034 1029 4191)
3(2434 1034 4191)
3(4709 2429 1029)
3(4709 1029 1030)
3(4709 1030 2430)
6(1029 1034 1033 1032 1031 1030)
3(3496 2552 1190)
3(3496 1190 1191)
3(3496 1191 2553)
3(861 2303 4195)
3(865 861 4195)
3(2307 865 4195)
3(865 2307 3372)
3(1191 865 3372)
3(2553 1191 3372)
6(862 861 865 1191 1190 828)
3(3592 1683 89)
3(3592 89 424)
3(3592 424 1939)
3(4289 1940 426)
3(4289 426 707)
3(4289 707 2186)
3(4790 1939 424)
3(4790 424 426)
3(4790 426 1940)
6(406 708 707 426 424 89)
3(3596 2837 1521)
3(3596 1521 1564)
3(3596 1564 2876)
3(837 2288 4293)
3(864 837 4293)
3(2306 864 4293)
3(3483 2288 837)
3(3483 837 1521)
3(3483 1521 2837)
6(837 864 863 1569 1564 1521)
3(357 1886 2970)
3(639 357 2970)
3(2127 639 2970)
3(3451 1885 356)
3(3451 356 354)
3(3451 354 643)
3(3451 643 2131)
3(356 1885 3640)
3(357 356 3640)
3(1886 357 3640)
6(356 357 639 636 355 354)
3(355 640 354)
3(640 643 354)
3(2973 2375 965)
3(2973 965 966)
3(2973 966 2376)
3(962 2373 3459)
3(964 962 3459)
3(2374 964 3459)
3(3647 2373 962)
3(3647 962 963)
3(3647 963 965)
3(3647 965 2375)
5(964 1295 1296 963 962)
5(1296 1297 966 965 963)
3(118 1705 3599)
3(119 118 3599)
3(1706 119 3599)
3(120 1707 4135)
3(117 120 4135)
3(1049 117 4135)
3(2449 1049 4135)
3(119 1706 4296)
3(120 119 4296)
3(1707 120 4296)
6(690 691 118 119 120 117)
3(117 1049 1048)
3(117 1048 690)
3(1358 2689 3076)
3(1359 1358 3076)
3(2690 1359 3076)
3(4219 2688 1357)
3(4219 1357 1362)
3(4219 1362 1507)
3(4219 1507 2824)
3(1357 2688 3766)
3(1358 1357 3766)
3(2689 1358 3766)
3(1505 1507 1362)
3(1505 1362 1361)
6(1358 1359 1360 1361 1362 1357)
3(980 2387 4517)
3(982 980 4517)
3(2389 982 4517)
3(983 2390 4227)
3(984 983 4227)
3(2391 984 4227)
3(982 2389 4412)
3(983 982 4412)
3(2390 983 4412)
6(979 980 982 983 984 981)
3(4163 2377 967)
3(4163 967 1245)
3(4163 1245 2594)
3(3871 2596 1247)
3(3871 1247 1477)
3(3871 1477 2796)
3(4060 2594 1245)
3(4060 1245 1247)
3(4060 1247 2596)
6(1242 1475 1477 1247 1245 967)
3(250 1801 4794)
3(251 250 4794)
3(1802 251 4794)
3(3879 1974 462)
3(3879 462 463)
3(3879 463 1975)
3(4067 1801 250)
3(4067 250 462)
3(4067 462 1974)
6(251 718 715 463 462 250)
3(4264 2491 1100)
3(4264 1100 1353)
3(4264 1353 2684)
3(1387 2714 3980)
3(1517 1387 3980)
3(2833 1517 3980)
3(1100 2491 4156)
3(1387 1100 4156)
3(2714 1387 4156)
6(1387 1517 1516 1354 1353 1100)
3(3234 2427 1026)
3(3234 1026 1028)
3(3234 1028 2428)
3(1023 2425 3411)
3(1030 1023 3411)
3(2430 1030 3411)
3(3937 2425 1023)
3(3937 1023 1025)
3(3937 1025 1026)
3(3937 1026 2427)
3(1027 1028 1025)
3(1028 1026 1025)
6(1023 1030 1031 1024 1027 1025)
3(3907 2556 1195)
3(3907 1195 1197)
3(3907 1197 2557)
3(1191 2553 3419)
3(1192 1191 3419)
3(2554 1192 3419)
3(1192 2554 4590)
3(1196 1192 4590)
3(1197 1196 4590)
3(2557 1197 4590)
3(1194 1196 1195)
3(1196 1197 1195)
6(1191 1192 1196 1194 1193 1190)
3(219 1782 4840)
3(471 219 4840)
3(1981 471 4840)
3(3089 1938 422)
3(3089 422 424)
3(3089 424 1939)
3(4233 1782 219)
3(4233 219 222)
3(4233 222 422)
3(4233 422 1938)
6(89 424 422 222 469 470)
3(471 469 222)
3(471 222 219)
3(1519 2835 4011)
3(1520 1519 4011)
3(2836 1520 4011)
3(3531 2837 1521)
3(3531 1521 1522)
3(3531 1522 1523)
3(3531 1523 2838)
3(1520 2836 4704)
3(1523 1520 4704)
3(2838 1523 4704)
3(1564 1566 1522)
3(1564 1522 1521)
6(1520 1523 1522 1566 1567 1519)
3(173 1744 4159)
3(642 173 4159)
3(2130 642 4159)
3(166 1742 3204)
3(168 166 3204)
3(1743 168 3204)
3(168 1743 3383)
3(173 168 3383)
3(1744 173 3383)
6(165 166 168 173 642 641)
3(4162 1883 350)
3(4162 350 659)
3(4162 659 2144)
3(3400 1739 161)
3(3400 161 352)
3(3400 352 1884)
3(350 1883 4057)
3(352 350 4057)
3(1884 352 4057)
6(161 334 660 659 350 352)
3(4793 1847 308)
3(4793 308 1050)
3(4793 1050 2450)
3(310 1848 4082)
3(315 310 4082)
3(1852 315 4082)
3(308 1847 4065)
3(310 308 4065)
3(1848 310 4065)
6(308 310 315 314 1051 1050)
3(1090 2486 4262)
3(1506 1090 4262)
3(2823 1506 4262)
3(3727 2044 543)
3(3727 543 544)
3(3727 544 2045)
3(543 2044 4155)
3(1090 543 4155)
3(2486 1090 4155)
6(542 544 543 1090 1506 1504)
3(2968 1729 146)
3(2968 146 176)
3(2968 176 1746)
3(23 1654 3410)
3(1026 23 3410)
3(2427 1026 3410)
3(4158 1654 23)
3(4158 23 146)
3(4158 146 1729)
6(23 1026 1028 1020 176 146)
3(1198 2558 4558)
3(1476 1198 4558)
3(2795 1476 4558)
3(1197 2557 3083)
3(1200 1197 3083)
3(2560 1200 3083)
3(3798 2558 1198)
3(3798 1198 1200)
3(3798 1200 2560)
6(1195 1197 1200 1198 1476 1474)
3(464 1976 4564)
3(465 464 4564)
3(1977 465 4564)
3(219 1782 3087)
3(245 219 3087)
3(1798 245 3087)
3(245 1798 4449)
3(464 245 4449)
3(1976 464 4449)
6(219 245 464 465 468 471)
3(4670 2711 1384)
3(4670 1384 1518)
3(4670 1518 2834)
3(1389 2716 3170)
3(1520 1389 3170)
3(2836 1520 3170)
3(1384 2711 3908)
3(1389 1384 3908)
3(2716 1389 3908)
6(1389 1520 1519 1515 1518 1384)
3(357 1886 3175)
3(361 357 3175)
3(1888 361 3175)
3(359 1887 4332)
3(982 359 4332)
3(2389 982 4332)
3(4552 1887 359)
3(4552 359 361)
3(4552 361 1888)
6(361 359 982 980 639 357)
3(874 2313 3832)
3(965 874 3832)
3(2375 965 3832)
3(1245 2594 4335)
3(1248 1245 4335)
3(2597 1248 4335)
3(4554 2313 874)
3(4554 874 1248)
3(4554 1248 2597)
6(965 966 967 1245 1248 874)
3(39 1662 3458)
3(119 39 3458)
3(1706 119 3458)
3(3988 1653 11)
3(3988 11 250)
3(3988 250 1801)
3(11 1653 4197)
3(39 11 4197)
3(1662 39 4197)
6(11 39 119 118 251 250)
3(3464 2676 1343)
3(3464 1343 1358)
3(3464 1358 2689)
3(4640 2491 1100)
3(4640 1100 1344)
3(4640 1344 2677)
3(1343 2676 4832)
3(1344 1343 4832)
3(2677 1344 4832)
6(1353 1359 1358 1343 1344 1100)
3(56 1671 4373)
3(172 56 4373)
3(170 172 4373)
3(4373 170 356)
3(1885 356 4373)
3(4103 1668 50)
3(4103 50 174)
3(4103 174 173)
3(4103 173 1744)
3(50 1668 4298)
3(56 50 4298)
3(1671 56 4298)
3(356 354 170)
7(354 643 642 173 174 172 170)
3(56 172 50)
3(172 174 50)
3(3081 1872 337)
3(3081 337 339)
3(3081 339 962)
3(3081 962 2373)
3(345 1879 4737)
3(349 345 4737)
3(350 349 4737)
3(1883 350 4737)
3(337 1872 3006)
3(345 337 3006)
3(1879 345 3006)
6(349 350 659 964 962 339)
3(345 349 339)
3(345 339 337)
3(120 1707 4679)
3(38 120 4679)
3(121 38 4679)
3(1708 121 4679)
3(303 1843 3743)
3(307 303 3743)
3(308 307 3743)
3(1847 308 3743)
3(121 1708 3953)
3(303 121 3953)
3(1843 303 3953)
3(117 120 35)
3(120 38 35)
6(35 307 308 1050 1049 117)
5(38 121 303 307 35)
3(1099 2490 4685)
3(1093 1099 4685)
3(1357 1093 4685)
3(2688 1357 4685)
3(1090 2486 4378)
3(1091 1090 4378)
3(1098 1091 4378)
3(2489 1098 4378)
3(1098 2489 4610)
3(1099 1098 4610)
3(2490 1099 4610)
6(1091 1092 1362 1507 1506 1090)
3(1093 1357 1092)
3(1357 1362 1092)
5(1091 1098 1099 1093 1092)
3(3827 1728 145)
3(3827 145 983)
3(3827 983 2390)
3(144 1727 4830)
3(146 144 4830)
3(1729 146 4830)
3(3108 1727 144)
3(3108 144 145)
3(3108 145 1728)
6(146 176 984 983 145 144)
3(1246 2595 4776)
3(1247 1246 4776)
3(2596 1247 4776)
3(1198 2558 4476)
3(1201 1198 4476)
3(2561 1201 4476)
3(1201 2561 4712)
3(1246 1201 4712)
3(2595 1246 4712)
6(1198 1201 1246 1247 1477 1476)
3(461 1973 3456)
3(462 461 3456)
3(1974 462 3456)
3(3171 1972 460)
3(3171 460 464)
3(3171 464 1976)
3(460 1972 4719)
3(461 460 4719)
3(1973 461 4719)
6(461 462 463 465 464 460)
3(3123 2713 1386)
3(3123 1386 1387)
3(3123 1387 2714)
3(4145 2711 1384)
3(4145 1384 1385)
3(4145 1385 2712)
3(4351 2712 1385)
3(4351 1385 1386)
3(4351 1386 2713)
6(1384 1518 1517 1387 1386 1385)
3(47 1665 3564)
3(169 47 3564)
3(168 169 3564)
3(1743 168 3564)
3(4027 1881 347)
3(4027 347 351)
3(4027 351 352)
3(4027 352 1884)
3(3489 1665 47)
3(3489 47 347)
3(3489 347 1881)
6(161 352 351 169 168 166)
3(47 169 351)
3(47 351 347)
3(4034 1846 306)
3(4034 306 309)
3(4034 309 310)
3(4034 310 1848)
3(311 1849 4471)
3(312 311 4471)
3(543 312 4471)
3(2044 543 4471)
3(306 1846 3495)
3(311 306 3495)
3(1849 311 3495)
6(312 543 544 315 310 309)
3(311 312 306)
3(312 309 306)
3(676 2159 3945)
3(675 676 3945)
3(710 675 3945)
3(2189 710 3945)
3(4200 2161 678)
3(4200 678 674)
3(4200 674 1029)
3(4200 1029 2429)
3(3148 2159 676)
3(3148 676 677)
3(3148 677 2160)
3(3916 2160 677)
3(3916 677 678)
3(3916 678 2161)
5(675 710 1034 1029 674)
5(674 678 677 676 675)
3(860 2302 3951)
3(1140 860 3951)
3(1139 1140 3951)
3(2525 1139 3951)
3(4205 2307 865)
3(4205 865 1144)
3(4205 1144 1143)
3(4205 1143 2528)
3(1139 2525 3154)
3(1141 1139 3154)
3(2526 1141 3154)
3(1141 2526 4560)
3(1143 1141 4560)
3(2528 1143 4560)
5(1140 1144 865 861 860)
5(1141 1143 1144 1140 1139)
3(4300 1940 426)
3(4300 426 425)
3(4300 425 671)
3(4300 671 2156)
3(3008 2154 669)
3(3008 669 676)
3(3008 676 2159)
3(669 2154 4014)
3(671 669 4014)
3(2156 671 4014)
5(425 426 707 710 675)
5(675 676 669 671 425)
3(837 2288 4304)
3(1147 837 4304)
3(1148 1147 4304)
3(2531 1148 4304)
3(3012 2525 1139)
3(3012 1139 1142)
3(3012 1142 2527)
3(4671 2527 1142)
3(4671 1142 1148)
3(4671 1148 2531)
5(1147 1140 860 864 837)
5(1139 1140 1147 1148 1142)
3(3956 1762 194)
3(3956 194 193)
3(3956 193 1023)
3(3956 1023 2425)
3(194 1762 4612)
3(374 194 4612)
3(1900 374 4612)
3(374 1900 3155)
3(678 374 3155)
3(2161 678 3155)
5(193 674 1029 1030 1023)
5(194 374 678 674 193)
3(4613 2554 1192)
3(4613 1192 1150)
3(4613 1150 1437)
3(4613 1437 2758)
3(1432 2753 3273)
3(1437 1432 3273)
3(2758 1437 3273)
3(1143 2528 3805)
3(1432 1143 3805)
3(2753 1432 3805)
5(1144 1150 1192 1191 865)
5(1143 1432 1437 1150 1144)
3(3109 1938 422)
3(3109 422 423)
3(3109 423 427)
3(3109 427 1941)
3(3764 1941 427)
3(3764 427 670)
3(3764 670 2155)
3(4259 2155 670)
3(4259 670 671)
3(4259 671 2156)
5(424 426 425 423 422)
5(425 671 670 427 423)
3(4714 2717 1390)
3(4714 1390 1391)
3(4714 1391 1523)
3(4714 1523 2838)
3(3381 2532 1149)
3(3381 1149 1390)
3(3381 1390 2717)
3(3911 2531 1148)
3(3911 1148 1149)
3(3911 1149 2532)
5(837 1521 1522 1153 1147)
3(1522 1523 1391)
3(1522 1391 1153)
6(1147 1153 1391 1390 1149 1148)
3(23 1654 2981)
3(22 23 2981)
3(190 22 2981)
3(1760 190 2981)
3(192 1761 4833)
3(194 192 4833)
3(1762 194 4833)
3(190 1760 3913)
3(191 190 3913)
3(192 191 3913)
3(1761 192 3913)
6(81 82 1025 1026 23 22)
3(82 193 1023)
3(82 1023 1025)
3(22 190 81)
3(190 191 81)
6(81 191 192 194 193 82)
3(1199 2559 4574)
3(1200 1199 4574)
3(2560 1200 4574)
3(4487 2757 1436)
3(4487 1436 1437)
3(4487 1437 2758)
3(3547 2559 1199)
3(3547 1199 1156)
3(3547 1156 1436)
3(3547 1436 2757)
6(1155 1156 1199 1200 1197 1196)
3(1150 1155 1192)
3(1155 1196 1192)
5(1150 1437 1436 1156 1155)
3(3082 1798 245)
3(3082 245 246)
3(3082 246 247)
3(3082 247 1799)
3(3007 1783 224)
3(3007 224 427)
3(3007 427 1941)
3(224 1783 4669)
3(221 224 4669)
3(247 221 4669)
3(1799 247 4669)
3(222 422 223)
3(422 423 223)
6(222 223 220 246 245 219)
6(223 423 427 224 221 220)
3(220 221 247)
3(220 247 246)
3(4680 2715 1388)
3(4680 1388 1389)
3(4680 1389 2716)
3(4601 2717 1390)
3(4601 1390 1392)
3(4601 1392 2718)
3(1388 2715 3656)
3(1393 1388 3656)
3(1394 1393 3656)
3(1392 1394 3656)
3(2718 1392 3656)
7(1393 1395 1391 1523 1520 1389 1388)
5(1391 1395 1394 1392 1390)
3(1394 1395 1393)
3(3355 1888 361)
3(3355 361 360)
3(3355 360 647)
3(3355 647 2134)
3(56 1671 3877)
3(649 56 3877)
3(2135 649 3877)
3(4302 2134 647)
3(4302 647 646)
3(4302 646 649)
3(4302 649 2135)
7(360 361 357 356 170 171 55)
3(170 172 171)
3(55 646 647)
3(55 647 360)
6(171 172 56 649 646 55)
3(874 2313 3359)
3(876 874 3359)
3(875 876 3359)
3(2314 875 3359)
3(3884 1872 337)
3(3884 337 338)
3(3884 338 1873)
3(4310 1873 338)
3(4310 338 875)
3(4310 875 2314)
3(962 963 619)
3(962 619 339)
5(619 963 965 874 876)
6(339 619 876 875 338 337)
3(39 1662 3026)
3(37 39 3026)
3(285 37 3026)
3(1832 285 3026)
3(3518 1708 121)
3(3518 121 283)
3(3518 283 1831)
3(3962 1831 283)
3(3962 283 284)
3(3962 284 285)
3(3962 285 1832)
6(36 38 120 119 39 37)
3(37 285 36)
3(285 284 36)
5(284 283 121 38 36)
3(3457 2676 1343)
3(3457 1343 1341)
3(3457 1341 1351)
3(3457 1351 2682)
3(1099 2490 4634)
3(1345 1099 4634)
3(2678 1345 4634)
3(1345 2678 4421)
3(1350 1345 4421)
3(1351 1350 4421)
3(2682 1351 4421)
6(811 1341 1343 1358 1357 1093)
5(811 1093 1099 1345 1350)
3(1350 1351 811)
3(1351 1341 811)
3(359 1887 4567)
3(358 359 4567)
3(986 358 4567)
3(2393 986 4567)
3(3613 1728 145)
3(3613 145 54)
3(3613 54 985)
3(3613 985 2392)
3(4076 2392 985)
3(4076 985 986)
3(4076 986 2393)
6(54 145 983 982 359 358)
3(358 986 985)
3(358 985 54)
3(4573 2597 1248)
3(4573 1248 1249)
3(4573 1249 2598)
3(1246 2595 4272)
3(1607 1246 4272)
3(1606 1607 4272)
3(2907 1606 4272)
3(4718 2598 1249)
3(4718 1249 1605)
3(4718 1605 1606)
3(4718 1606 2907)
7(1245 1247 1246 1607 1605 1249 1248)
3(1605 1607 1606)
3(4214 1653 11)
3(4214 11 12)
3(4214 12 282)
3(4214 282 1830)
3(3922 1829 281)
3(3922 281 116)
3(3922 116 461)
3(3922 461 1973)
3(281 1829 3717)
3(282 281 3717)
3(1830 282 3717)
6(250 462 461 116 12 11)
3(116 281 12)
3(281 282 12)
3(4678 2675 1342)
3(4678 1342 1344)
3(4678 1344 2677)
3(1094 2487 4371)
3(1095 1094 4371)
3(1386 1095 4371)
3(2713 1386 4371)
3(4792 2487 1094)
3(4792 1094 1096)
3(4792 1096 1342)
3(4792 1342 2675)
7(1386 1387 1100 1344 1342 1096 1095)
3(1095 1096 1094)
3(49 1667 3353)
3(50 49 3353)
3(1668 50 3353)
3(47 1665 4377)
3(48 47 4377)
3(1666 48 4377)
3(48 1666 4797)
3(49 48 4797)
3(1667 49 4797)
3(168 169 174)
3(168 174 173)
6(47 48 49 50 174 169)
3(345 1879 3023)
3(346 345 3023)
3(1880 346 3023)
3(4222 1881 347)
3(4222 347 348)
3(4222 348 1882)
3(346 1880 4457)
3(348 346 4457)
3(1882 348 4457)
3(351 352 349)
3(352 350 349)
6(345 346 348 347 351 349)
3(303 1843 3025)
3(304 303 3025)
3(1844 304 3025)
3(305 1845 4229)
3(306 305 4229)
3(1846 306 4229)
3(304 1844 3153)
3(305 304 3153)
3(1845 305 3153)
3(309 310 307)
3(310 308 307)
6(303 304 305 306 309 307)
3(1097 2488 3115)
3(1098 1097 3115)
3(2489 1098 3115)
3(311 1849 3881)
3(541 311 3881)
3(2042 541 3881)
3(541 2042 4563)
3(1097 541 4563)
3(2488 1097 4563)
3(1091 1090 543)
3(1091 543 312)
6(311 541 1097 1098 1091 312)
3(144 1727 3122)
3(53 144 3122)
3(369 53 3122)
3(1896 369 3122)
3(3846 1760 190)
3(3846 190 370)
3(3846 370 1897)
3(369 1896 3239)
3(370 369 3239)
3(1897 370 3239)
5(22 23 146 144 53)
5(53 369 370 190 22)
3(3776 2561 1201)
3(3776 1201 1592)
3(3776 1592 1591)
3(3776 1591 2896)
3(1199 2559 4483)
3(1594 1199 4483)
3(1593 1594 4483)
3(2897 1593 4483)
3(3245 2896 1591)
3(3245 1591 1593)
3(3245 1593 2897)
6(1198 1200 1199 1594 1592 1201)
3(1591 1592 1594)
3(1591 1594 1593)
3(249 1800 4727)
3(248 249 4727)
3(460 248 4727)
3(1972 460 4727)
3(4144 1797 244)
3(4144 244 247)
3(4144 247 1799)
3(244 1797 4844)
3(249 244 4844)
3(1800 249 4844)
5(245 246 248 460 464)
5(244 249 248 246 247)
3(3870 2256 790)
3(3870 790 806)
3(3870 806 1385)
3(3870 1385 2712)
3(791 2257 4598)
3(813 791 4598)
3(1388 813 4598)
3(2715 1388 4598)
3(790 2256 3351)
3(791 790 3351)
3(2257 791 3351)
6(806 813 1388 1389 1384 1385)
3(790 791 813)
3(790 813 806)
3(647 2134 4241)
3(1270 647 4241)
3(2619 1270 4241)
3(4754 2393 986)
3(4754 986 1271)
3(4754 1271 2620)
3(1270 2619 4676)
3(1271 1270 4676)
3(2620 1271 4676)
3(358 359 360)
3(359 361 360)
6(360 647 1270 1271 986 358)
3(4248 2314 875)
3(4248 875 1629)
3(4248 1629 1631)
3(4248 1631 2920)
3(1249 2598 3429)
3(1616 1249 3429)
3(1617 1616 3429)
3(2912 1617 3429)
3(1617 2912 4682)
3(1631 1617 4682)
3(2920 1631 4682)
6(1248 1249 1616 1615 876 874)
3(875 876 1629)
3(876 1615 1629)
5(1615 1616 1617 1631 1629)
3(3895 1832 285)
3(3895 285 504)
3(3895 504 2011)
3(282 1830 4400)
3(503 282 4400)
3(2010 503 4400)
3(503 2010 4313)
3(504 503 4313)
3(2011 504 4313)
3(11 12 37)
3(11 37 39)
6(12 282 503 504 285 37)
3(1351 2682 4340)
3(1352 1351 4340)
3(2683 1352 4340)
3(1339 2674 3538)
3(1340 1339 3538)
3(1342 1340 3538)
3(2675 1342 3538)
3(4774 2674 1339)
3(4774 1339 1352)
3(4774 1352 2683)
5(1342 1344 1343 1341 1340)
5(1340 1341 1351 1352 1339)
3(4475 2135 649)
3(4475 649 994)
3(4475 994 2399)
3(49 1667 3542)
3(993 49 3542)
3(2398 993 3542)
3(993 2398 3237)
3(994 993 3237)
3(2399 994 3237)
6(993 994 649 56 50 49)
3(3472 1726 143)
3(3472 143 338)
3(3472 338 1873)
3(341 1875 3185)
3(346 341 3185)
3(1880 346 3185)
3(143 1726 4837)
3(341 143 4837)
3(1875 341 4837)
6(341 346 345 337 338 143)
3(283 1831 4142)
3(494 283 4142)
3(2003 494 4142)
3(3843 1844 304)
3(3843 304 495)
3(3843 495 2004)
3(494 2003 4843)
3(495 494 4843)
3(2004 495 4843)
6(121 283 494 495 304 303)
3(3578 2678 1345)
3(3578 1345 1347)
3(3578 1347 2680)
3(1097 2488 3276)
3(1338 1097 3276)
3(2673 1338 3276)
3(1338 2673 3014)
3(1347 1338 3014)
3(2680 1347 3014)
6(1097 1338 1347 1345 1099 1098)
3(985 2392 4239)
3(1014 985 4239)
3(2417 1014 4239)
3(3941 1896 369)
3(3941 369 1012)
3(3941 1012 2415)
3(3022 2415 1012)
3(3022 1012 1014)
3(3022 1014 2417)
3(53 144 54)
3(144 145 54)
6(54 985 1014 1012 369 53)
3(1590 2895 3889)
3(1606 1590 3889)
3(2907 1606 3889)
3(2963 2889 1581)
3(2963 1581 1591)
3(2963 1591 2896)
3(1581 2889 4618)
3(1590 1581 4618)
3(2895 1590 4618)
3(1201 1592 1607)
3(1201 1607 1246)
6(1581 1590 1606 1607 1592 1591)
3(3893 1829 281)
3(3893 281 491)
3(3893 491 2000)
3(249 1800 3581)
3(492 249 3581)
3(2001 492 3581)
3(4622 2000 491)
3(4622 491 492)
3(4622 492 2001)
3(116 461 460)
3(116 460 248)
6(248 249 492 491 281 116)
3(4533 2248 782)
3(4533 782 1094)
3(4533 1094 2487)
3(789 2255 3588)
3(790 789 3588)
3(2256 790 3588)
3(782 2248 3287)
3(789 782 3287)
3(2255 789 3287)
3(806 1385 1095)
3(1385 1386 1095)
6(782 789 790 806 1095 1094)
3(46 1664 3995)
3(48 46 3995)
3(1666 48 3995)
3(4443 1877 343)
3(4443 343 348)
3(4443 348 1882)
3(3915 1664 46)
3(3915 46 343)
3(3915 343 1877)
6(48 47 347 348 343 46)
3(4447 1721 137)
3(4447 137 305)
3(4447 305 1845)
3(540 2041 2955)
3(541 540 2955)
3(2042 541 2955)
3(137 1721 3919)
3(540 137 3919)
3(2041 540 3919)
6(137 540 541 311 306 305)
3(4623 1903 377)
3(4623 377 677)
3(4623 677 2160)
3(2935 2154 669)
3(2935 669 673)
3(2935 673 2158)
3(3552 1779 216)
3(3552 216 377)
3(3552 377 1903)
3(216 1779 3816)
3(673 216 3816)
3(2158 673 3816)
6(216 673 669 676 677 377)
3(3292 2526 1141)
3(3292 1141 1145)
3(3292 1145 2529)
3(1142 2527 3553)
3(1146 1142 3553)
3(2530 1146 3553)
3(4211 2529 1145)
3(4211 1145 1151)
3(4211 1151 2533)
3(1146 2530 4462)
3(1151 1146 4462)
3(2533 1151 4462)
6(1139 1142 1146 1151 1145 1141)
3(3502 1900 374)
3(3502 374 375)
3(3502 375 1901)
3(192 1761 4021)
3(373 192 4021)
3(1899 373 4021)
3(372 1898 2976)
3(375 372 2976)
3(1901 375 2976)
3(3461 1898 372)
3(3461 372 373)
3(3461 373 1899)
6(192 373 372 375 374 194)
3(1432 2753 3156)
3(1433 1432 3156)
3(2754 1433 3156)
3(1435 2756 3664)
3(1436 1435 3664)
3(2757 1436 3664)
3(1433 2754 4570)
3(1434 1433 4570)
3(2755 1434 4570)
3(1434 2755 3129)
3(1435 1434 3129)
3(2756 1435 3129)
6(1433 1434 1435 1436 1437 1432)
3(3161 2153 668)
3(3161 668 670)
3(3161 670 2155)
3(3672 1783 224)
3(3672 224 415)
3(3672 415 1933)
3(4579 1932 414)
3(4579 414 668)
3(4579 668 2153)
3(414 1932 3778)
3(415 414 3778)
3(1933 415 3778)
6(224 427 670 668 414 415)
3(4759 2532 1149)
3(4759 1149 1161)
3(4759 1161 2537)
3(3301 2543 1168)
3(3301 1168 1392)
3(3301 1392 2718)
3(4217 2537 1161)
3(4217 1161 1163)
3(4217 1163 2539)
3(3394 2539 1163)
3(3394 1163 1168)
3(3394 1168 2543)
6(1390 1392 1168 1163 1161 1149)
3(376 1902 3654)
3(377 376 3654)
3(1903 377 3654)
3(375 1901 4165)
3(376 375 4165)
3(1902 376 4165)
6(375 376 377 677 678 374)
3(1145 2529 3285)
3(1431 1145 3285)
3(2752 1431 3285)
3(1431 2752 3813)
3(1433 1431 3813)
3(2754 1433 3813)
6(1141 1145 1431 1433 1432 1143)
3(3290 2157 672)
3(3290 672 673)
3(3290 673 2158)
3(3814 2153 668)
3(3814 668 672)
3(3814 672 2157)
6(668 670 671 669 673 672)
3(3959 2530 1146)
3(3959 1146 1152)
3(3959 1152 2534)
3(4459 2534 1152)
3(4459 1152 1161)
3(4459 1161 2537)
6(1142 1148 1149 1161 1152 1146)
3(370 1897 3878)
3(665 370 3878)
3(2150 665 3878)
3(4561 1899 373)
3(4561 373 371)
3(4561 371 664)
3(4561 664 2149)
3(3118 2149 664)
3(3118 664 665)
3(3118 665 2150)
6(370 665 664 371 191 190)
3(371 373 191)
3(373 192 191)
3(1583 2890 3885)
3(1593 1583 3885)
3(2897 1593 3885)
3(1435 2756 4569)
3(1596 1435 4569)
3(1595 1596 4569)
3(2898 1595 4569)
3(3128 2890 1583)
3(3128 1583 1595)
3(3128 1595 2898)
3(1156 1582 1199)
3(1582 1594 1199)
6(1582 1596 1595 1583 1593 1594)
5(1156 1436 1435 1596 1582)
3(30 1660 3517)
3(244 30 3517)
3(1797 244 3517)
3(415 1933 4212)
3(421 415 4212)
3(420 421 4212)
3(1937 420 4212)
3(4726 1660 30)
3(4726 30 420)
3(4726 420 1937)
3(221 224 415)
3(221 415 421)
6(244 247 221 421 420 30)
3(3524 2254 788)
3(3524 788 791)
3(3524 791 2257)
3(1104 2495 4216)
3(1167 1104 4216)
3(1168 1167 4216)
3(2543 1168 4216)
3(788 2254 3392)
3(1104 788 3392)
3(2495 1104 3392)
3(1393 1388 813)
3(1167 1168 1394)
3(1168 1392 1394)
7(1104 1167 1394 1393 813 791 788)
3(994 2399 3614)
3(995 994 3614)
3(2400 995 3614)
3(1269 2618 3319)
3(1270 1269 3319)
3(2619 1270 3319)
3(995 2400 4808)
3(648 995 4808)
3(1269 648 4808)
3(2618 1269 4808)
5(648 1269 1270 647 646)
5(646 649 994 995 648)
3(3617 1726 143)
3(3617 143 340)
3(3617 340 1874)
3(3327 2315 877)
3(3327 877 1630)
3(3327 1630 1631)
3(3327 1631 2920)
3(3507 1874 340)
3(3507 340 877)
3(3507 877 2315)
7(143 338 875 1629 1630 877 340)
3(1629 1631 1630)
3(4279 2003 494)
3(4279 494 500)
3(4279 500 2009)
3(504 2011 3992)
3(505 504 3992)
3(2012 505 3992)
3(3513 2009 500)
3(3513 500 502)
3(3513 502 505)
3(3513 505 2012)
5(284 285 504 505 502)
5(284 502 500 494 283)
3(3923 2679 1346)
3(3923 1346 1347)
3(3923 1347 2680)
3(1349 2681 2997)
3(1352 1349 2997)
3(2683 1352 2997)
3(1346 2679 3163)
3(1348 1346 3163)
3(1349 1348 3163)
3(2681 1349 3163)
5(1345 1347 1346 1348 1350)
5(1348 1349 1352 1351 1350)
3(3926 2417 1014)
3(3926 1014 1015)
3(3926 1015 2418)
3(3134 2615 1266)
3(3134 1266 1271)
3(3134 1271 2620)
3(4317 2418 1015)
3(4317 1015 1266)
3(4317 1266 2615)
6(986 1271 1266 1015 1014 985)
3(4030 2893 1586)
3(4030 1586 1590)
3(4030 1590 2895)
3(1601 2903 4538)
3(1617 1601 4538)
3(2912 1617 4538)
3(1586 2893 3784)
3(1601 1586 3784)
3(2903 1601 3784)
3(1249 1605 1616)
7(1586 1601 1617 1616 1605 1606 1590)
3(4038 1999 490)
3(4038 490 491)
3(4038 491 2000)
3(3215 2010 503)
3(3215 503 506)
3(3215 506 2013)
3(490 1999 4432)
3(506 490 4432)
3(2013 506 4432)
6(281 491 490 506 503 282)
3(3680 2248 782)
3(3680 782 783)
3(3680 783 2249)
3(4187 2481 1085)
3(4187 1085 1339)
3(4187 1339 2674)
3(4085 2249 783)
3(4085 783 1085)
3(4085 1085 2481)
3(1096 1342 1340)
7(1094 1096 1340 1339 1085 783 782)
3(4628 2398 993)
3(4628 993 997)
3(4628 997 2402)
3(46 1664 4821)
3(52 46 4821)
3(1670 52 4821)
3(52 1670 3069)
3(997 52 3069)
3(2402 997 3069)
6(52 997 993 49 48 46)
3(341 1875 3131)
3(342 341 3131)
3(1876 342 3131)
3(3529 1877 343)
3(3529 343 344)
3(3529 344 1878)
3(342 1876 3506)
3(344 342 3506)
3(1878 344 3506)
6(342 344 343 348 346 341)
3(495 2004 4728)
3(496 495 4728)
3(2005 496 4728)
3(129 1715 4479)
3(137 129 4479)
3(1721 137 4479)
3(3160 1715 129)
3(3160 129 496)
3(3160 496 2005)
6(137 305 304 495 496 129)
3(1335 2670 3396)
3(1338 1335 3396)
3(2673 1338 3396)
3(540 2041 4701)
3(793 540 4701)
3(2259 793 4701)
3(793 2259 3162)
3(1335 793 3162)
3(2670 1335 3162)
6(793 1335 1338 1097 541 540)
3(1012 2415 4364)
3(1013 1012 4364)
3(2416 1013 4364)
3(4550 2150 665)
3(4550 665 667)
3(4550 667 2152)
3(3305 2152 667)
3(3305 667 1013)
3(3305 1013 2416)
6(369 1012 1013 667 665 370)
3(1571 2881 3508)
3(1581 1571 3508)
3(2889 1581 3508)
3(3065 2884 1574)
3(3065 1574 1583)
3(3065 1583 2890)
3(4423 2881 1571)
3(4423 1571 1574)
3(4423 1574 2884)
6(1581 1591 1593 1583 1574 1571)
3(3515 2001 492)
3(3515 492 493)
3(3515 493 2002)
3(30 1660 3705)
3(280 30 3705)
3(1828 280 3705)
3(280 1828 4431)
3(493 280 4431)
3(2002 493 4431)
6(30 280 493 492 249 244)
3(789 2255 3164)
3(1110 789 3164)
3(2501 1110 3164)
3(3336 2254 788)
3(3336 788 1111)
3(3336 1111 2502)
3(1110 2501 4084)
3(1111 1110 4084)
3(2502 1111 4084)
6(788 791 790 789 1110 1111)
3(3343 2400 995)
3(3343 995 996)
3(3343 996 2401)
3(997 2402 4501)
3(998 997 4501)
3(2403 998 4501)
3(4521 2401 996)
3(4521 996 998)
3(4521 998 2403)
6(997 998 996 995 994 993)
3(340 1874 3434)
3(624 340 3434)
3(2113 624 3434)
3(3964 1876 342)
3(3964 342 623)
3(3964 623 2112)
3(4630 2112 623)
3(4630 623 624)
3(4630 624 2113)
6(340 624 623 342 341 143)
3(3439 2008 499)
3(3439 499 500)
3(3439 500 2009)
3(4616 2005 496)
3(4616 496 497)
3(4616 497 2006)
3(3348 2006 497)
3(3348 497 499)
3(3348 499 2008)
6(494 500 499 497 496 495)
3(1337 2672 3103)
3(1346 1337 3103)
3(2679 1346 3103)
3(1335 2670 3594)
3(1336 1335 3594)
3(2671 1336 3594)
3(1336 2671 3013)
3(1337 1336 3013)
3(2672 1337 3013)
6(1335 1336 1337 1346 1347 1338)
3(1015 2418 4257)
3(1016 1015 4257)
3(2419 1016 4257)
3(4762 2416 1013)
3(4762 1013 1017)
3(4762 1017 2420)
3(1016 2419 4273)
3(1017 1016 4273)
3(2420 1017 4273)
6(1014 1015 1016 1017 1013 1012)
3(1573 2883 4720)
3(1586 1573 4720)
3(2893 1586 4720)
3(3252 2880 1570)
3(3252 1570 1571)
3(3252 1571 2881)
3(1570 2880 3404)
3(1573 1570 3404)
3(2883 1573 3404)
6(1573 1586 1590 1581 1571 1570)
3(488 1997 4355)
3(490 488 4355)
3(1999 490 4355)
3(2932 1998 489)
3(2932 489 493)
3(2932 493 2002)
3(4058 1997 488)
3(4058 488 489)
3(4058 489 1998)
6(490 491 492 493 489 488)
3(4360 2247 781)
3(4360 781 783)
3(4360 783 2249)
3(1107 2498 3549)
3(1110 1107 3549)
3(2501 1110 3549)
3(781 2247 4066)
3(1107 781 4066)
3(2498 1107 4066)
6(1107 1110 789 782 783 781)
3(3796 2617 1268)
3(3796 1268 1269)
3(3796 1269 2618)
3(3486 2615 1266)
3(3486 1266 1267)
3(3486 1267 2616)
3(3249 2616 1267)
3(3249 1267 1268)
3(3249 1268 2617)
6(1266 1271 1270 1269 1268 1267)
3(2956 2315 877)
3(2956 877 1620)
3(2956 1620 1621)
3(2956 1621 2915)
3(1601 2903 3963)
3(1603 1601 3963)
3(2905 1603 3963)
3(1603 2905 4362)
3(1621 1603 4362)
3(2915 1621 4362)
3(1630 1620 877)
7(1601 1603 1621 1620 1630 1631 1617)
3(3901 2012 505)
3(3901 505 769)
3(3901 769 2235)
3(506 2013 3590)
3(768 506 3590)
3(2234 768 3590)
3(768 2234 3539)
3(769 768 3539)
3(2235 769 3539)
6(503 506 768 769 505 504)
3(4542 2485 1089)
3(4542 1089 1349)
3(4542 1349 2681)
3(4255 2481 1085)
3(4255 1085 1088)
3(4255 1088 2484)
3(4196 2484 1088)
3(4196 1088 1089)
3(4196 1089 2485)
6(1085 1339 1352 1349 1089 1088)
3(51 1669 4548)
3(52 51 4548)
3(1670 52 4548)
3(3051 1722 138)
3(3051 138 344)
3(3051 344 1878)
3(4761 1669 51)
3(4761 51 138)
3(4761 138 1722)
6(46 343 344 138 51 52)
3(4656 1712 126)
3(4656 126 129)
3(4656 129 1715)
3(4448 2259 793)
3(4448 793 794)
3(4448 794 2260)
3(126 1712 3642)
3(794 126 3642)
3(2260 794 3642)
6(794 793 540 137 129 126)
3(3397 1779 216)
3(3397 216 218)
3(3397 218 1781)
3(3671 1777 214)
3(3671 214 376)
3(3671 376 1902)
3(3307 1776 213)
3(3307 213 214)
3(3307 214 1777)
3(213 1776 3563)
3(218 213 3563)
3(1781 218 3563)
6(218 216 377 376 214 213)
3(1151 2533 3071)
3(1157 1151 3071)
3(2535 1157 3071)
3(1430 2751 3302)
3(1431 1430 3302)
3(2752 1431 3302)
3(1377 2705 2972)
3(1430 1377 2972)
3(2751 1430 2972)
3(1157 2535 3203)
3(1377 1157 3203)
3(2705 1377 3203)
6(1145 1151 1157 1377 1430 1431)
3(215 1778 3306)
3(672 215 3306)
3(2157 672 3306)
3(2980 1780 217)
3(2980 217 218)
3(2980 218 1781)
3(3210 1778 215)
3(3210 215 217)
3(3210 217 1780)
6(672 673 216 218 217 215)
3(1152 2534 3972)
3(1158 1152 3972)
3(2536 1158 3972)
3(3603 2535 1157)
3(3603 1157 1162)
3(3603 1162 2538)
3(1158 2536 3873)
3(1162 1158 3873)
3(2538 1162 3873)
6(1146 1152 1158 1162 1157 1151)
3(372 1898 3402)
3(1258 372 3402)
3(2607 1258 3402)
3(4261 2606 1257)
3(4261 1257 1258)
3(4261 1258 2607)
3(4516 1777 214)
3(4516 214 1257)
3(4516 1257 2606)
6(214 376 375 372 1258 1257)
3(1428 2749 4086)
3(1434 1428 4086)
3(2755 1434 4086)
3(4267 2749 1428)
3(4267 1428 1429)
3(4267 1429 2750)
3(4522 2750 1429)
3(4522 1429 1430)
3(4522 1430 2751)
6(1428 1434 1433 1431 1430 1429)
3(3723 1932 414)
3(3723 414 417)
3(3723 417 1935)
3(4428 1684 90)
3(4428 90 215)
3(4428 215 1778)
3(90 1684 4686)
3(417 90 4686)
3(1935 417 4686)
6(90 417 414 668 672 215)
3(1163 2539 3729)
3(1406 1163 3729)
3(2729 1406 3729)
3(3119 2536 1158)
3(3119 1158 1405)
3(3119 1405 2728)
3(3360 2728 1405)
3(3360 1405 1406)
3(3360 1406 2729)
6(1152 1161 1163 1406 1405 1158)
3(664 2149 3818)
3(972 664 3818)
3(2382 972 3818)
3(972 2382 3233)
3(973 972 3233)
3(1259 973 3233)
3(2608 1259 3233)
3(3498 2607 1258)
3(3498 1258 1259)
3(3498 1259 2608)
3(371 664 972)
3(371 972 973)
6(973 1259 1258 372 373 371)
3(3824 2898 1595)
3(3824 1595 1608)
3(3824 1608 2908)
3(1189 2551 3241)
3(1609 1189 3241)
3(1608 1609 3241)
3(2908 1608 3241)
3(3503 2551 1189)
3(3503 1189 1428)
3(3503 1428 2749)
3(1595 1596 1608)
3(1596 1609 1608)
6(1609 1596 1435 1434 1428 1189)
3(418 1936 4465)
3(420 418 4465)
3(1937 420 4465)
3(2979 1934 416)
3(2979 416 417)
3(2979 417 1935)
3(416 1934 3209)
3(419 416 3209)
3(418 419 3209)
3(1936 418 3209)
6(417 416 419 421 415 414)
3(418 420 421)
3(418 421 419)
3(1104 2495 4130)
3(1119 1104 4130)
3(2508 1119 4130)
3(4572 2729 1406)
3(4572 1406 1407)
3(4572 1407 2730)
3(1119 2508 4809)
3(1169 1119 4809)
3(1407 1169 4809)
3(2730 1407 4809)
6(1163 1168 1167 1169 1407 1406)
3(1119 1169 1167)
3(1119 1167 1104)
3(4782 2151 666)
3(4782 666 667)
3(4782 667 2152)
3(666 2151 4557)
3(971 666 4557)
3(2381 971 4557)
3(971 2381 4795)
3(972 971 4795)
3(2382 972 4795)
6(665 667 666 971 972 664)
3(4440 2884 1574)
3(4440 1574 1584)
3(4440 1584 2891)
3(4201 2891 1584)
3(4201 1584 1597)
3(4201 1597 2899)
3(4455 2899 1597)
3(4455 1597 1608)
3(4455 1608 2908)
6(1583 1595 1608 1597 1584 1574)
3(4444 1828 280)
3(4444 280 761)
3(4444 761 2227)
3(418 1936 4426)
3(759 418 4426)
3(2225 759 4426)
3(759 2225 3352)
3(761 759 3352)
3(2227 761 3352)
6(420 418 759 761 280 30)
3(1111 2502 4098)
3(1112 1111 4098)
3(2503 1112 4098)
3(1118 2507 4080)
3(1119 1118 4080)
3(2508 1119 4080)
3(1112 2503 4315)
3(1118 1112 4315)
3(2507 1118 4315)
6(788 1111 1112 1118 1119 1104)
3(3047 2395 990)
3(3047 990 996)
3(3047 996 2401)
3(989 2394 3269)
3(1268 989 3269)
3(2617 1268 3269)
3(2961 2394 989)
3(2961 989 988)
3(2961 988 990)
3(2961 990 2395)
5(988 989 1268 1269 648)
5(648 995 996 990 988)
3(3052 2113 624)
3(3052 624 1254)
3(3052 1254 2603)
3(1621 2915 3274)
3(1635 1621 3274)
3(2922 1635 3274)
3(2967 2603 1254)
3(2967 1254 1634)
3(2967 1634 1635)
3(2967 1635 2922)
6(340 877 1620 1634 1254 624)
3(1620 1621 1634)
3(1621 1635 1634)
3(3121 2231 765)
3(3121 765 769)
3(3121 769 2235)
3(498 2007 3361)
3(499 498 3361)
3(2008 499 3361)
3(4547 2007 498)
3(4547 498 501)
3(4547 501 765)
3(4547 765 2231)
5(502 505 769 765 501)
5(498 499 500 502 501)
3(3130 2485 1089)
3(3130 1089 1334)
3(3130 1334 2669)
3(4020 2666 1329)
3(4020 1329 1337)
3(4020 1337 2672)
3(1329 2666 4553)
3(1333 1329 4553)
3(1334 1333 4553)
3(2669 1334 4553)
5(1329 1333 1348 1346 1337)
5(1349 1348 1333 1334 1089)
3(51 1669 3790)
3(149 51 3790)
3(1732 149 3790)
3(362 1889 4235)
3(998 362 4235)
3(2403 998 4235)
3(149 1732 2996)
3(362 149 2996)
3(1889 362 2996)
6(149 362 998 997 52 51)
3(3990 1722 138)
3(3990 138 324)
3(3990 324 1861)
3(4242 2111 622)
3(4242 622 623)
3(4242 623 2112)
3(3620 1861 324)
3(3620 324 622)
3(3620 622 2111)
6(344 342 623 622 324 138)
3(4575 1714 128)
3(4575 128 497)
3(4575 497 2006)
3(4810 1712 126)
3(4810 126 127)
3(4810 127 1713)
3(3259 1713 127)
3(3259 127 128)
3(3259 128 1714)
6(126 129 496 497 128 127)
3(1084 2480 3246)
3(1336 1084 3246)
3(2671 1336 3246)
3(794 2260 3077)
3(795 794 3077)
3(2261 795 3077)
3(795 2261 3263)
3(1084 795 3263)
3(2480 1084 3263)
6(794 795 1084 1336 1335 793)
3(4284 2407 1004)
3(4284 1004 1267)
3(4284 1267 2616)
3(1005 2408 4536)
3(1016 1005 4536)
3(2419 1016 4536)
3(1004 2407 4228)
3(1005 1004 4228)
3(2408 1005 4228)
6(1004 1005 1016 1015 1266 1267)
3(1589 2894 4374)
3(1603 1589 4374)
3(2905 1603 4374)
3(1573 2883 4649)
3(1579 1573 4649)
3(2887 1579 4649)
3(1579 2887 4320)
3(1589 1579 4320)
3(2894 1589 4320)
6(1573 1579 1589 1603 1601 1586)
3(4303 1992 483)
3(4303 483 488)
3(4303 488 1997)
3(764 2230 4562)
3(768 764 4562)
3(2234 768 4562)
3(483 1992 4327)
3(764 483 4327)
3(2230 764 4327)
6(483 764 768 506 490 488)
3(3295 2247 781)
3(3295 781 784)
3(3295 784 2250)
3(4206 2483 1087)
3(4206 1087 1088)
3(4206 1088 2484)
3(3981 2250 784)
3(3981 784 1087)
3(3981 1087 2483)
6(781 783 1085 1088 1087 784)
3(3788 2148 663)
3(3788 663 1017)
3(3788 1017 2420)
3(662 2147 4040)
3(666 662 4040)
3(2151 666 4040)
3(2969 2147 662)
3(2969 662 663)
3(2969 663 2148)
6(666 667 1013 1017 663 662)
3(2945 2880 1570)
3(2945 1570 1572)
3(2945 1572 2882)
3(3174 2886 1576)
3(3174 1576 1584)
3(3174 1584 2891)
3(3399 2882 1572)
3(3399 1572 1576)
3(3399 1576 2886)
6(1570 1571 1574 1584 1576 1572)
3(761 2227 3275)
3(762 761 3275)
3(2228 762 3275)
3(487 1996 3544)
3(489 487 3544)
3(1998 489 3544)
3(3072 1996 487)
3(3072 487 762)
3(3072 762 2228)
6(280 761 762 487 489 493)
3(1109 2500 3283)
3(1112 1109 3283)
3(2503 1112 3283)
3(1107 2498 3546)
3(1108 1107 3546)
3(2499 1108 3546)
3(1108 2499 3075)
3(1109 1108 3075)
3(2500 1109 3075)
6(1108 1109 1112 1111 1110 1107)
3(148 1731 3866)
3(149 148 3866)
3(1732 149 3866)
3(3673 1860 323)
3(3673 323 324)
3(3673 324 1861)
3(3650 1731 148)
3(3650 148 323)
3(3650 323 1860)
6(138 324 323 148 149 51)
3(362 1889 3875)
3(651 362 3875)
3(2137 651 3875)
3(3079 2395 990)
3(3079 990 991)
3(3079 991 2396)
3(651 2137 4265)
3(991 651 4265)
3(2396 991 4265)
6(362 651 991 990 996 998)
3(3510 2111 622)
3(3510 622 969)
3(3510 969 2379)
3(1254 2603 4031)
3(1255 1254 4031)
3(2604 1255 4031)
3(3914 2379 969)
3(3914 969 1255)
3(3914 1255 2604)
6(623 624 1254 1255 969 622)
3(4722 2407 1004)
3(4722 1004 1551)
3(4722 1551 2863)
3(989 2394 4424)
3(1550 989 4424)
3(2862 1550 4424)
3(1550 2862 3960)
3(1551 1550 3960)
3(2863 1551 3960)
6(989 1550 1551 1004 1267 1268)
3(1589 2894 3388)
3(1602 1589 3388)
3(2904 1602 3388)
3(1619 2914 4433)
3(1635 1619 4433)
3(2922 1635 4433)
3(1602 2904 4615)
3(1619 1602 4615)
3(2914 1619 4615)
6(1589 1602 1619 1635 1621 1603)
3(4070 2148 663)
3(4070 663 1274)
3(4070 1274 2623)
3(1005 2408 4565)
3(1275 1005 4565)
3(2624 1275 4565)
3(3011 2623 1274)
3(3011 1274 1275)
3(3011 1275 2624)
6(663 1017 1016 1005 1275 1274)
3(1572 2882 4075)
3(1575 1572 4075)
3(2885 1575 4075)
3(3240 2887 1579)
3(3240 1579 1580)
3(3240 1580 2888)
3(1575 2885 3021)
3(1580 1575 3021)
3(2888 1580 3021)
6(1570 1572 1575 1580 1579 1573)
3(970 2380 3447)
3(971 970 3447)
3(2381 971 3447)
3(3435 2138 652)
3(3435 652 662)
3(3435 662 2147)
3(652 2138 4174)
3(970 652 4174)
3(2380 970 4174)
5(970 971 666 662 652)
3(1597 2899 3452)
3(1599 1597 3452)
3(2901 1599 3452)
3(3443 2886 1576)
3(3443 1576 1585)
3(3443 1585 2892)
3(4805 2892 1585)
3(4805 1585 1599)
3(4805 1599 2901)
5(1576 1584 1597 1599 1585)
3(1256 2605 3557)
3(1259 1256 3557)
3(2608 1259 3557)
3(970 2380 4023)
3(978 970 4023)
3(2385 978 4023)
3(978 2385 4530)
3(977 978 4530)
3(1256 977 4530)
3(2605 1256 4530)
6(970 978 977 973 972 971)
3(977 1256 1259)
3(977 1259 973)
3(3561 2540 1164)
3(3561 1164 1189)
3(3561 1189 2551)
3(4029 2901 1599)
3(4029 1599 1613)
3(4029 1613 2910)
3(1164 2540 3211)
3(1612 1164 3211)
3(1613 1612 3211)
3(2910 1613 3211)
6(1608 1609 1612 1613 1599 1597)
3(1164 1612 1189)
3(1612 1609 1189)
3(4221 2606 1257)
3(4221 1257 1265)
3(4221 1265 2614)
3(1256 2605 2986)
3(1263 1256 2986)
3(2612 1263 2986)
3(1263 2612 3469)
3(1265 1263 3469)
3(2614 1265 3469)
6(1256 1263 1265 1257 1258 1259)
3(3208 2704 1376)
3(3208 1376 1429)
3(3208 1429 2750)
3(4583 2540 1164)
3(4583 1164 1165)
3(4583 1165 2541)
3(3135 2541 1165)
3(3135 1165 1376)
3(3135 1376 2704)
6(1164 1189 1428 1429 1376 1165)
3(3872 1776 213)
3(3872 213 367)
3(3872 367 1894)
3(3514 2613 1264)
3(3514 1264 1265)
3(3514 1265 2614)
3(4035 1894 367)
3(4035 367 1264)
3(4035 1264 2613)
6(213 214 1257 1265 1264 367)
3(1377 2705 3314)
3(1381 1377 3314)
3(2709 1381 3314)
3(2988 2704 1376)
3(2988 1376 1379)
3(2988 1379 2707)
3(3473 2707 1379)
3(3473 1379 1381)
3(3473 1381 2709)
6(1429 1430 1377 1381 1379 1376)
3(3982 1780 217)
3(3982 217 364)
3(3982 364 1891)
3(367 1894 3883)
3(368 367 3883)
3(1895 368 3883)
3(4143 1891 364)
3(4143 364 368)
3(4143 368 1895)
6(367 368 364 217 218 213)
3(1162 2538 4631)
3(1166 1162 4631)
3(2542 1166 4631)
3(1380 2708 3892)
3(1381 1380 3892)
3(2709 1381 3892)
3(1166 2542 4777)
3(1380 1166 4777)
3(2708 1380 4777)
6(1162 1166 1380 1381 1377 1157)
3(3608 1684 90)
3(3608 90 91)
3(3608 91 1685)
3(3031 1685 91)
3(3031 91 363)
3(3031 363 1890)
3(3523 1890 363)
3(3523 363 364)
3(3523 364 1891)
6(215 217 364 363 91 90)
3(4731 2727 1404)
3(4731 1404 1405)
3(4731 1405 2728)
3(3462 2544 1170)
3(3462 1170 1404)
3(3462 1404 2727)
3(3994 2542 1166)
3(3994 1166 1170)
3(3994 1170 2544)
6(1405 1404 1170 1166 1162 1158)
3(3736 1934 416)
3(3736 416 524)
3(3736 524 2027)
3(3674 2027 524)
3(3674 524 525)
3(3674 525 2028)
3(91 1685 4806)
3(525 91 4806)
3(2028 525 4806)
6(91 525 524 416 417 90)
3(4367 2726 1403)
3(4367 1403 1407)
3(4367 1407 2730)
3(4312 2725 1402)
3(4312 1402 1403)
3(4312 1403 2726)
3(1402 2725 4814)
3(1404 1402 4814)
3(2727 1404 4814)
6(1404 1405 1406 1407 1403 1402)
3(4018 2225 759)
3(4018 759 760)
3(4018 760 2226)
3(522 2026 4510)
3(760 522 4510)
3(2226 760 4510)
3(3718 2026 522)
3(3718 522 523)
3(3718 523 524)
3(3718 524 2027)
3(524 523 419)
3(524 419 416)
6(418 419 523 522 760 759)
3(4469 2505 1116)
3(4469 1116 1118)
3(4469 1118 2507)
3(1116 2505 3655)
3(1117 1116 3655)
3(2506 1117 3655)
3(1117 2506 4170)
3(1173 1117 4170)
3(1403 1173 4170)
3(2726 1403 4170)
3(1169 1173 1407)
3(1173 1403 1407)
6(1117 1173 1169 1119 1118 1116)
3(4654 2228 762)
3(4654 762 763)
3(4654 763 2229)
3(760 2226 3389)
3(763 760 3389)
3(2229 763 3389)
5(760 763 762 761 759)
3(3626 2497 1106)
3(3626 1106 1109)
3(3626 1109 2500)
3(1106 2497 3067)
3(1116 1106 3067)
3(2505 1116 3067)
5(1116 1118 1112 1109 1106)
3(4036 1994 485)
3(4036 485 487)
3(4036 487 1996)
3(482 1991 4543)
3(483 482 4543)
3(1992 483 4543)
3(2989 1991 482)
3(2989 482 485)
3(2989 485 1994)
6(482 483 488 489 487 485)
3(1105 2496 3475)
3(1108 1105 3475)
3(2499 1108 3475)
3(784 2250 4657)
3(785 784 4657)
3(2251 785 4657)
3(785 2251 4385)
3(1105 785 4385)
3(2496 1105 4385)
6(784 785 1105 1108 1107 781)
3(764 2230 4386)
3(767 764 4386)
3(2233 767 4386)
3(4111 2231 765)
3(4111 765 766)
3(4111 766 2232)
3(3616 2232 766)
3(3616 766 767)
3(3616 767 2233)
6(764 767 766 765 769 768)
3(1086 2482 4041)
3(1087 1086 4041)
3(2483 1087 4041)
3(3106 2668 1332)
3(3106 1332 1334)
3(3106 1334 2669)
3(3257 2482 1086)
3(3257 1086 1332)
3(3257 1332 2668)
6(1086 1087 1088 1089 1334 1332)
3(2991 1714 128)
3(2991 128 133)
3(2991 133 1719)
3(3479 1718 132)
3(3479 132 498)
3(3479 498 2007)
3(132 1718 4700)
3(133 132 4700)
3(1719 133 4700)
6(128 497 499 498 132 133)
3(3431 2479 1083)
3(3431 1083 1084)
3(3431 1084 2480)
3(1328 2665 3950)
3(1329 1328 3950)
3(2666 1329 3950)
3(1083 2479 3183)
3(1328 1083 3183)
3(2665 1328 3183)
6(1328 1329 1337 1336 1084 1083)
3(4150 1710 124)
3(4150 124 127)
3(4150 127 1713)
3(548 2049 4594)
3(795 548 4594)
3(2261 795 4594)
3(124 1710 4767)
3(548 124 4767)
3(2049 548 4767)
6(124 548 795 794 126 127)
3(3797 2138 652)
3(3797 652 653)
3(3797 653 2139)
3(3976 2621 1272)
3(3976 1272 1274)
3(3976 1274 2623)
3(3045 2139 653)
3(3045 653 1272)
3(3045 1272 2621)
6(662 663 1274 1272 653 652)
3(1585 2892 3426)
3(1600 1585 3426)
3(2902 1600 3426)
3(2983 2885 1575)
3(2983 1575 1598)
3(2983 1598 2900)
3(4648 2900 1598)
3(4648 1598 1600)
3(4648 1600 2902)
6(1572 1576 1585 1600 1598 1575)
3(3903 1995 486)
3(3903 486 763)
3(3903 763 2229)
3(484 1993 4089)
3(485 484 4089)
3(1994 485 4089)
3(3142 1993 484)
3(3142 484 486)
3(3142 486 1995)
6(484 485 487 762 763 486)
3(3535 2497 1106)
3(3535 1106 1399)
3(3535 1399 2722)
3(1105 2496 3084)
3(1401 1105 3084)
3(2724 1401 3084)
3(4741 2722 1399)
3(4741 1399 1401)
3(4741 1401 2724)
6(1401 1399 1106 1109 1108 1105)
3(4016 2861 1549)
3(4016 1549 1551)
3(4016 1551 2863)
3(3200 2624 1275)
3(3200 1275 1481)
3(3200 1481 2800)
3(3938 2800 1481)
3(3938 1481 1549)
3(3938 1549 2861)
6(1551 1549 1481 1275 1005 1004)
3(4672 2904 1602)
3(4672 1602 1618)
3(4672 1618 2913)
3(1580 2888 3202)
3(1604 1580 3202)
3(2906 1604 3202)
3(1604 2906 3944)
3(1618 1604 3944)
3(2913 1618 3944)
6(1580 1604 1618 1602 1589 1579)
3(480 1989 4306)
3(767 480 4306)
3(2233 767 4306)
3(4800 1990 481)
3(4800 481 482)
3(4800 482 1991)
3(3575 1989 480)
3(3575 480 481)
3(3575 481 1990)
6(480 767 764 483 482 481)
3(4766 2253 787)
3(4766 787 1086)
3(4766 1086 2482)
3(3310 2251 785)
3(3310 785 786)
3(3310 786 2252)
3(4062 2252 786)
3(4062 786 787)
3(4062 787 2253)
6(784 1087 1086 787 786 785)
3(3018 1730 147)
3(3018 147 148)
3(3018 148 1731)
3(650 2136 2975)
3(651 650 2975)
3(2137 651 2975)
3(147 1730 4637)
3(650 147 4637)
3(2136 650 4637)
6(650 651 362 149 148 147)
3(3194 1860 323)
3(3194 323 567)
3(3194 567 2067)
3(2982 2378 968)
3(2982 968 969)
3(2982 969 2379)
3(4647 2067 567)
3(4647 567 968)
3(4647 968 2378)
6(324 622 969 968 567 323)
3(3855 1710 124)
3(3855 124 131)
3(3855 131 1717)
3(133 1719 3605)
3(134 133 3605)
3(1720 134 3605)
3(3315 1717 131)
3(3315 131 134)
3(3315 134 1720)
6(127 128 133 134 131 124)
3(548 2049 3492)
3(549 548 3492)
3(2050 549 3492)
3(547 2048 3728)
3(1083 547 3728)
3(2479 1083 3728)
3(4739 2048 547)
3(4739 547 549)
3(4739 549 2050)
6(547 1083 1084 795 548 549)
3(1548 2860 3499)
3(1550 1548 3499)
3(2862 1550 3499)
3(991 2396 3199)
3(992 991 3199)
3(2397 992 3199)
3(992 2397 3935)
3(987 992 3935)
3(1548 987 3935)
3(2860 1548 3935)
5(987 1548 1550 989 988)
5(988 990 991 992 987)
3(1619 2914 3150)
3(1633 1619 3150)
3(2921 1633 3150)
3(4796 2604 1255)
3(4796 1255 1545)
3(4796 1545 2857)
3(3569 2857 1545)
3(3569 1545 1632)
3(3569 1632 1633)
3(3569 1633 2921)
5(1634 1632 1545 1255 1254)
5(1633 1632 1634 1635 1619)
3(3158 2038 537)
3(3158 537 766)
3(3158 766 2232)
3(4799 1718 132)
3(4799 132 535)
3(4799 535 2037)
3(3571 2037 535)
3(3571 535 536)
3(3571 536 537)
3(3571 537 2038)
5(501 765 766 537 536)
5(498 501 536 535 132)
3(1331 2667 3235)
3(1332 1331 3235)
3(2668 1332 3235)
3(2971 2664 1327)
3(2971 1327 1328)
3(2971 1328 2665)
3(1327 2664 3686)
3(1330 1327 3686)
3(1331 1330 3686)
3(2667 1331 3686)
5(1327 1330 1333 1329 1328)
5(1330 1331 1332 1334 1333)
3(976 2384 4236)
3(978 976 4236)
3(2385 978 4236)
3(2974 2116 627)
3(2974 627 653)
3(2974 653 2139)
3(627 2116 3692)
3(976 627 3692)
3(2384 976 3692)
6(627 976 978 970 652 653)
3(1613 2910 2947)
3(1628 1613 2947)
3(2919 1628 2947)
3(3600 2902 1600)
3(3600 1600 1614)
3(3600 1614 2911)
3(4336 2911 1614)
3(4336 1614 1628)
3(4336 1628 2919)
6(1599 1613 1628 1614 1600 1585)
3(3891 2024 519)
3(3891 519 522)
3(3891 522 2026)
3(123 1709 4576)
3(486 123 4576)
3(1995 486 4576)
3(3989 1709 123)
3(3989 123 519)
3(3989 519 2024)
6(486 763 760 522 519 123)
3(792 2258 3042)
3(1117 792 3042)
3(2506 1117 3042)
3(3726 2720 1397)
3(3726 1397 1399)
3(3726 1399 2722)
3(4446 2258 792)
3(4446 792 1397)
3(4446 1397 2720)
6(792 1117 1116 1106 1399 1397)
3(1261 2610 3991)
3(1263 1261 3991)
3(2612 1263 3991)
3(2951 2383 974)
3(2951 974 975)
3(2951 975 976)
3(2951 976 2384)
3(974 2383 4603)
3(1261 974 4603)
3(2610 1261 4603)
3(977 978 975)
3(978 976 975)
6(974 1261 1263 1256 977 975)
3(1165 2541 4650)
3(1371 1165 4650)
3(2699 1371 4650)
3(1373 2701 3568)
3(1627 1373 3568)
3(1628 1627 3568)
3(2919 1628 3568)
3(1371 2699 3267)
3(1373 1371 3267)
3(2701 1373 3267)
3(1612 1627 1613)
3(1627 1628 1613)
6(1165 1371 1373 1627 1612 1164)
3(4277 2025 521)
3(4277 521 525)
3(4277 525 2028)
3(518 2023 3214)
3(520 518 3214)
3(519 520 3214)
3(2024 519 3214)
3(4250 2023 518)
3(4250 518 521)
3(4250 521 2025)
6(520 523 524 525 521 518)
3(522 523 520)
3(522 520 519)
3(1177 2547 4743)
3(1402 1177 4743)
3(2725 1402 4743)
3(792 2258 3685)
3(1181 792 3685)
3(1180 1181 3685)
3(2548 1180 3685)
3(3376 2547 1177)
3(3376 1177 1180)
3(3376 1180 2548)
6(1181 1180 1177 1402 1403 1173)
3(792 1181 1117)
3(1181 1173 1117)
3(1262 2611 3413)
3(1264 1262 3413)
3(2613 1264 3413)
3(1260 2609 4331)
3(1262 1260 4331)
3(2611 1262 4331)
3(4831 2609 1260)
3(4831 1260 1261)
3(4831 1261 2610)
6(1262 1264 1265 1263 1261 1260)
3(4381 2706 1378)
3(4381 1378 1379)
3(4381 1379 2707)
3(3321 2700 1372)
3(3321 1372 1378)
3(3321 1378 2706)
3(4477 2699 1371)
3(4477 1371 1372)
3(4477 1372 2700)
6(1165 1376 1379 1378 1372 1371)
3(363 1890 3090)
3(528 363 3090)
3(2031 528 3090)
3(3987 2030 527)
3(3987 527 528)
3(3987 528 2031)
3(4486 2025 521)
3(4486 521 527)
3(4486 527 2030)
6(363 528 527 521 525 91)
3(4482 2544 1170)
3(4482 1170 1171)
3(4482 1171 2545)
3(3425 2545 1171)
3(3425 1171 1172)
3(3425 1172 2546)
3(4593 2546 1172)
3(4593 1172 1177)
3(4593 1177 2547)
6(1170 1404 1402 1177 1172 1171)
3(366 1893 2948)
3(368 366 2948)
3(1895 368 2948)
3(3565 1892 365)
3(3565 365 1262)
3(3565 1262 2611)
3(365 1892 4600)
3(366 365 4600)
3(1893 366 4600)
6(365 366 368 367 1264 1262)
3(1380 2708 2950)
3(1556 1380 2950)
3(2868 1556 2950)
3(3567 2706 1378)
3(3567 1378 1559)
3(3567 1559 2871)
3(1556 2868 3266)
3(1559 1556 3266)
3(2871 1559 3266)
6(1379 1381 1380 1556 1559 1378)
3(3212 2031 528)
3(3212 528 529)
3(3212 529 2032)
3(366 1893 3996)
3(529 366 3996)
3(2032 529 3996)
6(364 368 366 529 528 363)
3(1171 2545 3218)
3(1560 1171 3218)
3(2872 1560 3218)
3(4655 2868 1556)
3(4655 1556 1560)
3(4655 1560 2872)
6(1166 1170 1171 1560 1556 1380)
3(45 1663 3387)
3(147 45 3387)
3(1730 147 3387)
3(3860 2066 566)
3(3860 566 567)
3(3860 567 2067)
3(4107 1663 45)
3(4107 45 566)
3(4107 566 2066)
6(45 147 148 323 567 566)
3(4503 1716 130)
3(4503 130 131)
3(4503 131 1717)
3(125 1711 4305)
3(549 125 4305)
3(2050 549 4305)
3(4746 1711 125)
3(4746 125 130)
3(4746 130 1716)
6(124 131 130 125 549 548)
3(1547 2859 3958)
3(1549 1547 3958)
3(2861 1549 3958)
3(4458 2858 1546)
3(4458 1546 1548)
3(4458 1548 2860)
3(1546 2858 3437)
3(1547 1546 3437)
3(2859 1547 3437)
6(1546 1547 1549 1551 1550 1548)
3(1618 2913 3967)
3(1638 1618 3967)
3(2923 1638 3967)
3(3157 2921 1633)
3(3157 1633 1643)
3(3157 1643 2925)
3(1638 2923 4110)
3(1643 1638 4110)
3(2925 1643 4110)
6(1618 1638 1643 1633 1619 1602)
3(3110 1838 294)
3(3110 294 480)
3(3110 480 1989)
3(532 2035 3601)
3(537 532 3601)
3(2038 537 3601)
3(294 1838 4556)
3(532 294 4556)
3(2035 532 4556)
6(294 532 537 766 767 480)
3(550 2051 4077)
3(787 550 4077)
3(2253 787 4077)
3(3242 2047 546)
3(3242 546 1331)
3(3242 1331 2667)
3(546 2047 4198)
3(550 546 4198)
3(2051 550 4198)
6(550 787 1086 1332 1331 546)
3(4489 2621 1272)
3(4489 1272 1273)
3(4489 1273 2622)
3(4199 2798 1479)
3(4199 1479 1481)
3(4199 1481 2800)
3(4643 2622 1273)
3(4643 1273 1479)
3(4643 1479 2798)
6(1272 1274 1275 1481 1479 1273)
3(1598 2900 4147)
3(1610 1598 4147)
3(2909 1610 4147)
3(3191 2906 1604)
3(3191 1604 1622)
3(3191 1622 2916)
3(1610 2909 3618)
3(1622 1610 3618)
3(2916 1622 3618)
6(1575 1598 1610 1622 1604 1580)
3(4604 1827 279)
3(4604 279 484)
3(4604 484 1993)
3(278 1826 4299)
3(481 278 4299)
3(1990 481 4299)
3(4738 1826 278)
3(4738 278 279)
3(4738 279 1827)
6(481 482 485 484 279 278)
3(1400 2723 4244)
3(1401 1400 4244)
3(2724 1401 4244)
3(3947 2053 552)
3(3947 552 786)
3(3947 786 2252)
3(552 2053 3744)
3(1400 552 3744)
3(2723 1400 3744)
6(1400 1401 1105 785 786 552)
3(650 2136 4252)
3(1313 650 4252)
3(2653 1313 4252)
3(3954 2397 992)
3(3954 992 1309)
3(3954 1309 2649)
3(4379 2649 1309)
3(4379 1309 1313)
3(4379 1313 2653)
6(1313 1309 992 991 651 650)
3(2958 2378 968)
3(2958 968 1251)
3(2958 1251 2600)
3(4611 2856 1544)
3(4611 1544 1545)
3(4611 1545 2857)
3(4383 2600 1251)
3(4383 1251 1544)
3(4383 1544 2856)
6(969 1255 1545 1544 1251 968)
3(4346 1720 134)
3(4346 134 771)
3(4346 771 2237)
3(535 2037 4073)
3(770 535 4073)
3(2236 770 4073)
3(770 2236 4478)
3(771 770 4478)
3(2237 771 4478)
6(535 770 771 134 133 132)
3(3053 1859 322)
3(3053 322 547)
3(3053 547 2048)
3(545 2046 4713)
3(1327 545 4713)
3(2664 1327 4713)
3(322 1859 4488)
3(545 322 4488)
3(2046 545 4488)
6(545 1327 1328 1083 547 322)
3(3712 2116 627)
3(3712 627 628)
3(3712 628 2117)
3(3124 2404 999)
3(3124 999 1273)
3(3124 1273 2622)
3(3320 2117 628)
3(3320 628 999)
3(3320 999 2404)
6(627 653 1272 1273 999 628)
3(1614 2911 4354)
3(1626 1614 4354)
3(2918 1626 4354)
3(3132 2909 1610)
3(3132 1610 1624)
3(3132 1624 2917)
3(3328 2917 1624)
3(3328 1624 1626)
3(3328 1626 2918)
6(1598 1600 1614 1626 1624 1610)
3(123 1709 3810)
3(290 123 3810)
3(1835 290 3810)
3(3205 1827 279)
3(3205 279 293)
3(3205 293 1837)
3(290 1835 3424)
3(293 290 3424)
3(1837 293 3424)
6(123 290 293 279 484 486)
3(1396 2719 4456)
3(1397 1396 4456)
3(2720 1397 4456)
3(3213 2721 1398)
3(3213 1398 1400)
3(3213 1400 2723)
3(3432 2719 1396)
3(3432 1396 1398)
3(3432 1398 2721)
6(1396 1397 1399 1401 1400 1398)
3(45 1663 4427)
3(475 45 4427)
3(1985 475 4427)
3(1312 2652 3880)
3(1313 1312 3880)
3(2653 1313 3880)
3(475 1985 4106)
3(1312 475 4106)
3(2652 1312 4106)
6(475 1312 1313 650 147 45)
3(3602 2066 566)
3(3602 566 568)
3(3602 568 2068)
3(3511 2599 1250)
3(3511 1250 1251)
3(3511 1251 2600)
3(3098 2068 568)
3(3098 568 1250)
3(3098 1250 2599)
6(567 968 1251 1250 568 566)
3(4263 1716 130)
3(4263 130 300)
3(4263 300 1841)
3(771 2237 3516)
3(772 771 3516)
3(2238 772 3516)
3(3747 1841 300)
3(3747 300 772)
3(3747 772 2238)
6(130 131 134 771 772 300)
3(125 1711 3917)
3(139 125 3917)
3(1723 139 3917)
3(140 1724 3607)
3(322 140 3607)
3(1859 322 3607)
3(139 1723 3840)
3(140 139 3840)
3(1724 140 3840)
6(139 140 322 547 549 125)
3(1478 2797 4566)
3(1479 1478 4566)
3(2798 1479 4566)
3(3612 2799 1480)
3(3612 1480 1547)
3(3612 1547 2859)
3(3847 2797 1478)
3(3847 1478 1480)
3(3847 1480 2799)
6(1478 1479 1481 1549 1547 1480)
3(1622 2916 4571)
3(1641 1622 4571)
3(2924 1641 4571)
3(1538 2851 4271)
3(1637 1538 4271)
3(1638 1637 4271)
3(2923 1638 4271)
3(4484 2851 1538)
3(4484 1538 1639)
3(4484 1639 1641)
3(4484 1641 2924)
7(1604 1622 1641 1639 1637 1638 1618)
3(1538 1637 1639)
3(278 1826 4213)
3(1079 278 4213)
3(2475 1079 4213)
3(3258 1838 294)
3(3258 294 295)
3(3258 295 1072)
3(3258 1072 2470)
3(3480 2470 1072)
3(3480 1072 1077)
3(3480 1077 1079)
3(3480 1079 2475)
7(1079 1077 295 294 480 481 278)
3(1077 1072 295)
3(551 2052 4677)
3(552 551 4677)
3(2053 552 4677)
3(550 2051 4370)
3(926 550 4370)
3(925 926 4370)
3(2352 925 4370)
3(4599 2052 551)
3(4599 551 924)
3(4599 924 925)
3(4599 925 2352)
7(550 926 924 551 552 786 787)
3(924 926 925)
3(1309 2649 4311)
3(1310 1309 4311)
3(2650 1310 4311)
3(1276 2625 4811)
3(1546 1276 4811)
3(2858 1546 4811)
3(3584 2625 1276)
3(3584 1276 758)
3(3584 758 1310)
3(3584 1310 2650)
5(758 1276 1546 1548 987)
5(987 992 1309 1310 758)
3(1542 2854 4314)
3(1544 1542 4314)
3(2856 1544 4314)
3(3509 2855 1543)
3(3509 1543 1642)
3(3509 1642 1643)
3(3509 1643 2925)
3(4249 2854 1542)
3(4249 1542 1543)
3(4249 1543 2855)
6(1542 1544 1545 1632 1642 1543)
3(1632 1633 1642)
3(1633 1643 1642)
3(3969 2236 770)
3(3969 770 775)
3(3969 775 2241)
3(532 2035 4467)
3(534 532 4467)
3(2036 534 4467)
3(534 2036 3896)
3(533 534 3896)
3(775 533 3896)
3(2241 775 3896)
5(532 534 533 536 537)
5(533 775 770 535 536)
3(545 2046 4429)
3(904 545 4429)
3(2340 904 4429)
3(3606 2047 546)
3(3606 546 906)
3(3606 906 2341)
3(904 2340 4341)
3(905 904 4341)
3(906 905 4341)
3(2341 906 4341)
5(904 905 1330 1327 545)
5(1331 1330 905 906 546)
3(635 2123 4342)
3(974 635 4342)
3(2383 974 4342)
3(628 2117 3611)
3(629 628 3611)
3(2118 629 3611)
3(629 2118 3050)
3(353 629 3050)
3(635 353 3050)
3(2123 635 3050)
6(353 975 976 627 628 629)
3(635 974 353)
3(974 975 353)
3(1373 2701 3998)
3(1374 1373 3998)
3(2702 1374 3998)
3(1229 2582 3254)
3(1625 1229 3254)
3(1626 1625 3254)
3(2918 1626 3254)
3(4003 2582 1229)
3(4003 1229 1179)
3(4003 1179 1374)
3(4003 1374 2702)
6(1625 1626 1614 1628 1627 1611)
5(1179 1611 1627 1373 1374)
3(1229 1625 1611)
3(1229 1611 1179)
3(4004 2022 517)
3(4004 517 518)
3(4004 518 2023)
3(3921 1835 290)
3(3921 290 289)
3(3921 289 512)
3(3921 512 2019)
3(4660 2019 512)
3(4660 512 516)
3(4660 516 517)
3(4660 517 2022)
5(520 518 517 516 122)
6(289 290 123 519 520 122)
3(122 516 289)
3(516 512 289)
3(4108 2548 1180)
3(4108 1180 1187)
3(4108 1187 2550)
3(3362 2504 1113)
3(3362 1113 940)
3(3362 940 1396)
3(3362 1396 2719)
3(1113 2504 4114)
3(4114 1113 1115)
3(1188 1115 4114)
3(1187 1188 4114)
3(2550 1187 4114)
3(1180 1181 1188)
3(1180 1188 1187)
7(1397 1396 940 1115 1188 1181 792)
3(940 1113 1115)
3(3576 2121 633)
3(3576 633 1260)
3(3576 1260 2609)
3(189 1759 4115)
3(365 189 4115)
3(1892 365 4115)
3(4752 1792 237)
3(4752 237 633)
3(4752 633 2121)
3(3284 1759 189)
3(3284 189 237)
3(3284 237 1792)
6(189 365 1262 1260 633 237)
3(1370 2698 3219)
3(1372 1370 3219)
3(2700 1372 3219)
3(3754 2870 1558)
3(3754 1558 1559)
3(3754 1559 2871)
3(1367 2696 4388)
3(1370 1367 4388)
3(2698 1370 4388)
3(2964 2696 1367)
3(2964 1367 1558)
3(2964 1558 2870)
6(1370 1372 1378 1559 1558 1367)
3(3224 2030 527)
3(3224 527 531)
3(3224 531 2034)
3(3482 2029 526)
3(3482 526 529)
3(3482 529 2032)
3(530 2033 4398)
3(531 530 4398)
3(2034 531 4398)
3(526 2029 3582)
3(530 526 3582)
3(2033 530 3582)
6(526 530 531 527 528 529)
3(1172 2546 3697)
3(1650 1172 3697)
3(2930 1650 3697)
3(4602 2872 1560)
3(4602 1560 1561)
3(4602 1561 2873)
3(1650 2930 4838)
3(1651 1650 4838)
3(2931 1651 4838)
3(4068 2873 1561)
3(4068 1561 1651)
3(4068 1651 2931)
6(1171 1172 1650 1651 1561 1560)
3(3466 2122 634)
3(3466 634 635)
3(3466 635 2123)
3(3997 2121 633)
3(3997 633 634)
3(3997 634 2122)
6(1260 1261 974 635 634 633)
3(3470 2702 1374)
3(3470 1374 1375)
3(3470 1375 2703)
3(1370 2698 4002)
3(1375 1370 4002)
3(2703 1375 4002)
6(1375 1374 1373 1371 1372 1370)
3(515 2021 3136)
3(517 515 3136)
3(2022 517 3136)
3(3625 2021 515)
3(3625 515 531)
3(3625 531 2034)
6(515 517 518 521 527 531)
3(1187 2550 3572)
3(1647 1187 3572)
3(2928 1647 3572)
3(1647 2928 4747)
3(1650 1647 4747)
3(2930 1650 4747)
6(1172 1177 1180 1187 1647 1650)
3(189 1759 4751)
3(228 189 4751)
3(1785 228 4751)
3(228 1785 3060)
3(526 228 3060)
3(2029 526 3060)
6(228 526 529 366 365 189)
3(1557 2869 4387)
3(1558 1557 4387)
3(2870 1558 4387)
3(4663 2869 1557)
3(4663 1557 1561)
3(4663 1561 2873)
6(1560 1561 1557 1558 1559 1556)
3(4845 1985 475)
3(4845 475 476)
3(4845 476 1986)
3(4673 1814 266)
3(4673 266 568)
3(4673 568 2068)
3(266 1814 3325)
3(476 266 3325)
3(1986 476 3325)
6(45 566 568 266 476 475)
3(300 1841 4308)
3(899 300 4308)
3(2335 899 4308)
3(4760 1723 139)
3(4760 139 897)
3(4760 897 2334)
3(4290 2334 897)
3(4290 897 899)
3(4290 899 2335)
6(125 130 300 899 897 139)
3(3548 2404 999)
3(3548 999 1002)
3(3548 1002 1003)
3(3548 1003 2406)
3(3248 2405 1001)
3(3248 1001 1000)
3(3248 1000 1478)
3(3248 1478 2797)
3(1001 2405 3430)
3(1003 1001 3430)
3(2406 1003 3430)
6(1273 1479 1478 1000 1002 999)
3(1000 1001 1003)
3(1000 1003 1002)
3(3190 2581 1228)
3(3190 1228 1623)
3(3190 1623 1624)
3(3190 1624 2917)
3(1202 2562 4848)
3(1640 1202 4848)
3(1641 1640 4848)
3(2924 1641 4848)
3(4402 2562 1202)
3(4402 1202 1228)
3(4402 1228 2581)
6(1610 1624 1623 1640 1641 1622)
3(1640 1623 1228)
3(1640 1228 1202)
3(3852 1836 291)
3(3852 291 292)
3(3852 292 293)
3(3852 293 1837)
3(1075 2473 2934)
3(1078 1075 2934)
3(1079 1078 2934)
3(2475 1079 2934)
3(291 1836 3096)
3(1075 291 3096)
3(2473 1075 3096)
6(278 279 293 292 1078 1079)
3(1075 1078 291)
3(1078 292 291)
3(936 2355 3859)
3(935 936 3859)
3(1398 935 3859)
3(2721 1398 3859)
3(551 2052 3551)
3(927 551 3551)
3(928 927 3551)
3(2353 928 3551)
3(928 2353 3100)
3(936 928 3100)
3(2355 936 3100)
6(927 935 1398 1400 552 551)
3(927 928 936)
3(927 936 935)
3(3957 2648 1308)
3(3957 1308 1312)
3(3957 1312 2652)
3(3028 2650 1310)
3(3028 1310 1311)
3(3028 1311 2651)
3(1308 2648 3186)
3(1311 1308 3186)
3(2651 1311 3186)
6(1308 1311 1310 1309 1313 1312)
3(3965 2599 1250)
3(3965 1250 1252)
3(3965 1252 2601)
3(3663 2602 1253)
3(3663 1253 1542)
3(3663 1542 2854)
3(3189 2601 1252)
3(3189 1252 1253)
3(3189 1253 2602)
6(1250 1251 1544 1542 1253 1252)
3(3591 2238 772)
3(3591 772 773)
3(3591 773 2239)
3(3294 2240 774)
3(3294 774 775)
3(3294 775 2241)
3(4789 2239 773)
3(4789 773 774)
3(4789 774 2240)
6(770 775 774 773 772 771)
3(140 1724 3595)
3(141 140 3595)
3(1725 141 3595)
3(903 2339 3300)
3(904 903 3300)
3(2340 904 3300)
3(141 1725 3478)
3(903 141 3478)
3(2339 903 3478)
6(140 141 903 904 545 322)
3(1278 2626 3713)
3(1277 1278 3713)
3(1480 1277 3713)
3(2799 1480 3713)
3(1276 2625 4215)
3(1279 1276 4215)
3(1280 1279 4215)
3(2627 1280 4215)
3(2966 2626 1278)
3(2966 1278 1280)
3(2966 1280 2627)
6(1276 1279 1277 1480 1547 1546)
3(1279 1280 1278)
3(1279 1278 1277)
3(1538 2851 4353)
3(1540 1538 4353)
3(2852 1540 4353)
3(1541 2853 4847)
3(1539 1541 4847)
3(1543 1539 4847)
3(2855 1543 4847)
3(1540 2852 3583)
3(1541 1540 3583)
3(2853 1541 3583)
3(1539 1543 1642)
3(1539 1642 1636)
5(1636 1642 1643 1638 1637)
6(1538 1540 1541 1539 1636 1637)
3(1072 2470 4356)
3(1073 1072 4356)
3(2471 1073 4356)
3(2933 2036 534)
3(2933 534 296)
3(2933 296 776)
3(2933 776 2242)
3(3589 2242 776)
3(3589 776 1073)
3(3589 1073 2471)
5(295 296 534 532 294)
5(295 1072 1073 776 296)
3(921 2349 4010)
3(925 921 4010)
3(2352 925 4010)
3(906 2341 4511)
3(915 906 4511)
3(916 915 4511)
3(2346 916 4511)
3(916 2346 3229)
3(921 916 3229)
3(2349 921 3229)
5(546 906 915 926 550)
5(915 916 921 925 926)
3(3027 2118 629)
3(3027 629 631)
3(3027 631 632)
3(3027 632 2120)
3(4139 2119 630)
3(4139 630 1003)
3(4139 1003 2406)
3(630 2119 3709)
3(632 630 3709)
3(2120 632 3709)
5(999 1002 631 629 628)
5(632 631 1002 1003 630)
3(1229 2582 4624)
3(1230 1229 4624)
3(2583 1230 4624)
3(1227 2580 3137)
3(1228 1227 3137)
3(2581 1228 3137)
3(3338 2580 1227)
3(3338 1227 1230)
3(3338 1230 2583)
3(1623 1624 1625)
3(1624 1626 1625)
6(1228 1623 1625 1229 1230 1227)
3(3293 2018 511)
3(3293 511 512)
3(3293 512 2019)
3(288 1834 3786)
3(291 288 3786)
3(1836 291 3786)
3(4001 1834 288)
3(4001 288 511)
3(4001 511 2018)
3(292 293 289)
3(293 290 289)
6(288 291 292 289 512 511)
3(4260 2504 1113)
3(4260 1113 1425)
3(4260 1425 2746)
3(936 2355 3403)
3(1426 936 3403)
3(2747 1426 3403)
3(3624 2746 1425)
3(3624 1425 1426)
3(3624 1426 2747)
3(935 940 1398)
3(940 1396 1398)
6(935 936 1426 1425 1113 940)
3(476 1986 4435)
3(477 476 4435)
3(752 477 4435)
3(2222 752 4435)
3(1066 2466 3887)
3(1067 1066 3887)
3(1308 1067 3887)
3(2648 1308 3887)
3(752 2222 4112)
3(1066 752 4112)
3(2466 1066 4112)
6(476 477 1067 1308 1312 475)
3(477 752 1067)
3(752 1066 1067)
3(264 1813 4638)
3(265 264 4638)
3(266 265 4638)
3(1814 266 4638)
3(3894 1763 195)
3(3894 195 65)
3(3894 65 1252)
3(3894 1252 2601)
3(195 1763 4119)
3(264 195 4119)
3(1813 264 4119)
6(265 266 568 1250 1252 65)
3(195 264 65)
3(264 265 65)
3(894 2332 4269)
3(898 894 4269)
3(899 898 4269)
3(2335 899 4269)
3(3526 1842 302)
3(3526 302 301)
3(3526 301 773)
3(3526 773 2239)
3(302 1842 3758)
3(894 302 3758)
3(2332 894 3758)
6(300 772 773 301 898 899)
3(301 302 894)
3(301 894 898)
3(4466 2333 895)
3(4466 895 896)
3(4466 896 897)
3(4466 897 2334)
3(4181 1725 141)
3(4181 141 142)
3(4181 142 578)
3(4181 578 2076)
3(4396 2076 578)
3(4396 578 895)
3(4396 895 2333)
6(897 896 142 141 140 139)
3(896 895 142)
3(895 578 142)
3(655 2141 4577)
3(1001 655 4577)
3(2405 1001 4577)
3(3619 2140 654)
3(3619 654 1278)
3(3619 1278 2626)
3(654 2140 4357)
3(655 654 4357)
3(2141 655 4357)
3(1000 1478 1480)
3(1000 1480 1277)
6(654 655 1001 1000 1277 1278)
3(4584 2312 873)
3(4584 873 1202)
3(4584 1202 2562)
3(866 2308 4283)
3(1540 866 4283)
3(2852 1540 4283)
3(3066 2308 866)
3(3066 866 873)
3(3066 873 2312)
3(1639 1641 1640)
7(866 1540 1538 1639 1640 1202 873)
3(1075 2473 3253)
3(1076 1075 3253)
3(2474 1076 3253)
3(4285 2471 1073)
3(4285 1073 1074)
3(4285 1074 2472)
3(3706 2472 1074)
3(3706 1074 1076)
3(3706 1076 2474)
3(1077 1079 1078)
7(1077 1078 1075 1076 1074 1073 1072)
3(922 2350 4226)
3(928 922 4226)
3(2353 928 4226)
3(3928 2347 917)
3(3928 917 921)
3(3928 921 2349)
3(917 2347 4668)
3(922 917 4668)
3(2350 922 4668)
3(551 924 927)
7(922 928 927 924 925 921 917)
3(2939 2467 1069)
3(2939 1069 1068)
3(2939 1068 1311)
3(2939 1311 2651)
3(755 2224 3407)
3(1280 755 3407)
3(2627 1280 3407)
3(3344 2224 755)
3(3344 755 754)
3(3344 754 1069)
3(3344 1069 2467)
5(1279 1276 758 757 756)
5(758 1310 1311 1068 757)
5(754 755 1280 1279 756)
5(756 757 1068 1069 754)
3(867 2309 4325)
3(869 867 4325)
3(871 869 4325)
3(1253 871 4325)
3(2602 1253 4325)
3(3519 2310 868)
3(3519 868 1541)
3(3519 1541 2853)
3(4758 2309 867)
3(4758 867 868)
3(4758 868 2310)
6(871 1253 1542 1543 1539 870)
3(869 871 870)
6(869 870 1539 1541 868 867)
3(3032 2240 774)
3(3032 774 135)
3(3032 135 1321)
3(3032 1321 2660)
3(776 2242 3525)
3(1322 776 3525)
3(2661 1322 3525)
3(3442 2660 1321)
3(3442 1321 1322)
3(3442 1322 2661)
3(136 533 534)
3(136 534 296)
5(135 774 775 533 136)
6(136 296 776 1322 1321 135)
3(903 2339 4629)
3(911 903 4629)
3(1219 911 4629)
3(2572 1219 4629)
3(3168 2346 916)
3(3168 916 1220)
3(3168 1220 2573)
3(1219 2572 3104)
3(1220 1219 3104)
3(2573 1220 3104)
5(903 911 914 905 904)
3(914 915 906)
3(914 906 905)
6(911 1219 1220 916 915 914)
3(239 1793 3638)
3(238 239 3638)
3(634 238 3638)
3(2122 634 3638)
3(3823 1680 84)
3(3823 84 632)
3(3823 632 2120)
3(84 1680 4829)
3(83 84 4829)
3(239 83 4829)
3(1793 239 4829)
3(77 353 629)
3(77 629 631)
6(77 78 238 634 635 353)
6(631 632 84 83 78 77)
3(83 239 78)
3(239 238 78)
3(4121 2549 1184)
3(4121 1184 1375)
3(4121 1375 2703)
3(943 2358 4280)
3(1230 943 4280)
3(2583 1230 4280)
3(3993 2358 943)
3(3993 943 945)
3(3993 945 1182)
3(3993 1182 1184)
3(3993 1184 2549)
6(1178 1179 1374 1375 1184 1182)
6(1230 1229 1179 1178 945 943)
3(1178 1182 945)
3(3759 2020 513)
3(3759 513 514)
3(3759 514 515)
3(3759 515 2021)
3(510 2017 3924)
3(511 510 3924)
3(2018 511 3924)
3(2998 2017 510)
3(2998 510 513)
3(2998 513 2020)
3(516 517 515)
3(516 515 514)
6(511 512 516 514 513 510)
3(1644 2926 4399)
3(1645 1644 4399)
3(1647 1645 4399)
3(2928 1647 4399)
3(3927 2743 1422)
3(3927 1422 1425)
3(3927 1425 2746)
3(1422 2743 3622)
3(1114 1422 3622)
3(1644 1114 3622)
3(2926 1644 3622)
6(1185 1645 1647 1187 1188 1186)
3(1115 1186 1188)
3(1644 1645 1185)
3(1644 1185 1114)
7(1425 1422 1114 1185 1186 1115 1113)
3(3380 1792 237)
3(3380 237 240)
3(3380 240 452)
3(3380 452 1965)
3(239 1793 4100)
3(451 239 4100)
3(1964 451 4100)
3(451 1964 4295)
3(452 451 4295)
3(1965 452 4295)
5(237 633 634 238 240)
5(239 451 452 240 238)
3(1367 2696 4495)
3(1369 1367 4495)
3(1368 1369 4495)
3(2697 1368 4495)
3(1103 2494 3217)
3(1183 1103 3217)
3(1184 1183 3217)
3(2549 1184 3217)
3(3433 2494 1103)
3(3433 1103 1368)
3(3433 1368 2697)
6(1183 1184 1375 1370 1367 1369)
3(1103 1183 1368)
3(1183 1369 1368)
3(3490 1786 229)
3(3490 229 230)
3(3490 230 530)
3(3490 530 2033)
3(287 1833 4189)
3(286 287 4189)
3(513 286 4189)
3(2020 513 4189)
3(229 1786 4411)
3(287 229 4411)
3(1833 287 4411)
6(70 514 515 531 530 230)
5(70 230 229 287 286)
3(286 513 514)
3(286 514 70)
3(1649 2929 4154)
3(1648 1649 4154)
3(1651 1648 4154)
3(2931 1651 4154)
3(1644 2926 4823)
3(1646 1644 4823)
3(2927 1646 4823)
3(1646 2927 3102)
3(1649 1646 3102)
3(2929 1649 3102)
5(1648 1651 1650 1647 1645)
5(1646 1649 1648 1645 1644)
3(3906 1785 228)
3(3906 228 227)
3(3906 227 440)
3(3906 440 1953)
3(452 1965 4549)
3(455 452 4549)
3(1968 455 4549)
3(3543 1953 440)
3(3543 440 455)
3(3543 455 1968)
5(237 240 227 228 189)
5(240 452 455 440 227)
3(4008 2828 1512)
3(4008 1512 1508)
3(4008 1508 1557)
3(4008 1557 2869)
3(4662 2697 1368)
3(4662 1368 1510)
3(4662 1510 2826)
3(3017 2826 1510)
3(3017 1510 1512)
3(3017 1512 2828)
5(1558 1557 1508 1369 1367)
5(1368 1369 1508 1512 1510)
3(4666 1786 229)
3(4666 229 442)
3(4666 442 1955)
3(440 1953 3382)
3(442 440 3382)
3(1955 442 3382)
5(230 530 526 228 227)
5(440 442 229 230 227)
3(4291 2866 1554)
3(4291 1554 1649)
3(4291 1649 2929)
3(3055 2828 1512)
3(3055 1512 1554)
3(3055 1554 2866)
5(1508 1557 1561 1651 1648)
5(1648 1649 1554 1512 1508)
3(3073 2222 752)
3(3073 752 753)
3(3073 753 2223)
3(264 1813 4812)
3(479 264 4812)
3(1988 479 4812)
3(479 1988 4294)
3(753 479 4294)
3(2223 753 4294)
3(477 476 265)
3(476 266 265)
6(264 479 753 752 477 265)
3(894 2332 3978)
3(901 894 3978)
3(2337 901 3978)
3(3785 2333 895)
3(3785 895 902)
3(3785 902 2338)
3(901 2337 3707)
3(902 901 3707)
3(2338 902 3707)
3(896 897 899)
3(896 899 898)
6(901 902 895 896 898 894)
3(625 2114 3724)
3(630 625 3724)
3(2119 630 3724)
3(3929 2115 626)
3(3929 626 655)
3(3929 655 2141)
3(3337 2114 625)
3(3337 625 626)
3(3337 626 2115)
6(625 630 1003 1001 655 626)
3(4361 2357 942)
3(4361 942 1227)
3(4361 1227 2580)
3(872 2311 4586)
3(873 872 4586)
3(2312 873 4586)
3(3346 2311 872)
3(3346 872 942)
3(3346 942 2357)
6(873 1202 1228 1227 942 872)
3(288 1834 4012)
3(507 288 4012)
3(2014 507 4012)
3(538 2039 4224)
3(1076 538 4224)
3(2474 1076 4224)
3(507 2014 3004)
3(538 507 3004)
3(2039 538 3004)
6(507 538 1076 1075 291 288)
3(4013 2747 1426)
3(4013 1426 1427)
3(4013 1427 2748)
3(922 2350 4230)
3(1418 922 4230)
3(2739 1418 4230)
3(1418 2739 3009)
3(1427 1418 3009)
3(2748 1427 3009)
6(922 1418 1427 1426 936 928)
3(1066 2466 4127)
3(1071 1066 4127)
3(2469 1071 4127)
3(4323 2467 1069)
3(4323 1069 1070)
3(4323 1070 2468)
3(3105 2468 1070)
3(3105 1070 1071)
3(3105 1071 2469)
3(1068 1311 1308)
3(1068 1308 1067)
6(1066 1071 1070 1069 1068 1067)
3(4131 1763 195)
3(4131 195 586)
3(4131 586 2084)
3(4329 2083 585)
3(4329 585 66)
3(4329 66 867)
3(4329 867 2309)
3(585 2083 3756)
3(586 585 3756)
3(2084 586 3756)
3(65 1252 1253)
3(65 1253 871)
7(871 869 66 585 586 195 65)
3(869 867 66)
3(4763 1842 302)
3(4763 302 539)
3(4763 539 2040)
3(1321 2660 3035)
3(1323 1321 3035)
3(1324 1323 3035)
3(2662 1324 3035)
3(3762 2040 539)
3(3762 539 1324)
3(3762 1324 2662)
5(301 773 774 135 40)
3(40 135 1321)
3(40 1321 1323)
6(1323 1324 539 302 301 40)
3(578 2076 4419)
3(1460 578 4419)
3(2779 1460 4419)
3(4632 2572 1219)
3(4632 1219 1217)
3(4632 1217 1461)
3(4632 1461 2780)
3(1460 2779 3377)
3(1461 1460 3377)
3(2780 1461 3377)
5(141 142 910 911 903)
6(142 578 1460 1461 1217 910)
3(910 1217 1219)
3(910 1219 911)
3(254 1805 3401)
3(654 254 3401)
3(2140 654 3401)
3(4582 1811 261)
3(4582 261 755)
3(4582 755 2224)
3(3858 1805 254)
3(3858 254 261)
3(3858 261 1811)
6(254 654 1278 1280 755 261)
3(3074 2087 589)
3(3074 589 866)
3(3074 866 2308)
3(590 2088 3562)
3(868 590 3562)
3(2310 868 3562)
3(589 2087 3487)
3(590 589 3487)
3(2088 590 3487)
6(589 590 868 1541 1540 866)
3(1074 2472 3722)
3(1081 1074 3722)
3(2477 1081 3722)
3(1319 2658 4223)
3(1322 1319 4223)
3(2661 1322 4223)
3(1081 2477 3494)
3(1319 1081 3494)
3(2658 1319 3494)
6(776 1073 1074 1081 1319 1322)
3(907 2342 4675)
3(917 907 4675)
3(2347 917 4675)
3(3868 2571 1216)
3(3868 1216 1220)
3(3868 1220 2573)
3(3147 2342 907)
3(3147 907 1216)
3(3147 1216 2571)
6(907 917 921 916 1220 1216)
3(4126 1680 84)
3(4126 84 86)
3(4126 86 1681)
3(4037 1656 26)
3(4037 26 625)
3(4037 625 2114)
3(26 1656 3593)
3(86 26 3593)
3(1681 86 3593)
6(26 86 84 632 630 625)
3(943 2358 4757)
3(944 943 4757)
3(2359 944 4757)
3(941 2356 4047)
3(942 941 4047)
3(2357 942 4047)
3(4256 2356 941)
3(4256 941 944)
3(4256 944 2359)
6(942 1227 1230 943 944 941)
3(3770 1942 429)
3(3770 429 510)
3(3770 510 2017)
3(3684 2014 507)
3(3684 507 509)
3(3684 509 2016)
3(429 1942 3905)
3(509 429 3905)
3(2016 509 3905)
6(288 511 510 429 509 507)
3(4418 2743 1422)
3(4418 1422 1423)
3(4418 1423 2744)
3(3688 2745 1424)
3(3688 1424 1427)
3(3688 1427 2748)
3(3910 2744 1423)
3(3910 1423 1424)
3(3910 1424 2745)
6(1422 1425 1426 1427 1424 1423)
3(753 2223 4094)
3(1065 753 4094)
3(2465 1065 4094)
3(1064 2464 3791)
3(1071 1064 3791)
3(2469 1071 3791)
3(4509 2464 1064)
3(4509 1064 1065)
3(4509 1065 2465)
6(753 1065 1064 1071 1066 752)
3(478 1987 4276)
3(479 478 4276)
3(1988 479 4276)
3(3795 2081 583)
3(3795 583 586)
3(3795 586 2084)
3(3193 1987 478)
3(3193 478 583)
3(3193 583 2081)
6(586 583 478 479 264 195)
3(4177 2337 901)
3(4177 901 1226)
3(4177 1226 2579)
3(539 2040 3418)
3(1225 539 3418)
3(2578 1225 3418)
3(1225 2578 4161)
3(1226 1225 4161)
3(2579 1226 4161)
6(539 1225 1226 901 894 302)
3(4369 2336 900)
3(4369 900 902)
3(4369 902 2338)
3(1458 2777 4097)
3(1460 1458 4097)
3(2779 1460 4097)
3(900 2336 4791)
3(1458 900 4791)
3(2777 1458 4791)
6(578 895 902 900 1458 1460)
3(450 1963 3817)
3(451 450 3817)
3(1964 451 3817)
3(86 1681 3101)
3(85 86 3101)
3(235 85 3101)
3(1790 235 3101)
3(235 1790 4254)
3(450 235 4254)
3(1963 450 4254)
3(83 84 86)
3(83 86 85)
6(85 235 450 451 239 83)
3(1103 2494 3444)
3(1234 1103 3444)
3(2587 1234 3444)
3(4708 2359 944)
3(4708 944 946)
3(4708 946 1231)
3(4708 1231 2584)
3(3232 2584 1231)
3(3232 1231 1234)
3(3232 1234 2587)
3(1182 1184 1183)
3(945 946 944)
3(945 944 943)
7(945 1182 1183 1103 1234 1231 946)
3(287 1833 3446)
3(727 287 3446)
3(2206 727 3446)
3(3371 1942 429)
3(3371 429 730)
3(3371 730 2207)
3(727 2206 3904)
3(728 727 3904)
3(730 728 3904)
3(2207 730 3904)
3(286 287 727)
3(286 727 728)
6(728 730 429 510 513 286)
3(1555 2867 3113)
3(1646 1555 3113)
3(2927 1646 3113)
3(4338 2513 1124)
3(4338 1124 1423)
3(4338 1423 2744)
3(1124 2513 3536)
3(937 1124 3536)
3(1555 937 3536)
3(2867 1555 3536)
5(1555 1646 1644 1114 937)
5(1114 1422 1423 1124 937)
3(256 1807 4091)
3(626 256 4091)
3(2115 626 4091)
3(254 1805 3789)
3(255 254 3789)
3(1806 255 3789)
3(255 1806 3716)
3(256 255 3716)
3(1807 256 3716)
6(255 256 626 655 654 254)
3(4732 1865 329)
3(4732 329 872)
3(4732 872 2311)
3(587 2085 4439)
3(589 587 4439)
3(2087 589 4439)
3(329 1865 3720)
3(587 329 3720)
3(2085 587 3720)
6(587 589 866 873 872 329)
3(538 2039 4363)
3(777 538 4363)
3(2243 777 4363)
3(3417 2477 1081)
3(3417 1081 1082)
3(3417 1082 2478)
3(777 2243 3347)
3(1082 777 3347)
3(2478 1082 3347)
6(538 777 1082 1081 1074 1076)
3(4368 2739 1418)
3(4368 1418 1419)
3(4368 1419 2740)
3(907 2342 4096)
3(912 907 4096)
3(2344 912 4096)
3(912 2344 3350)
3(1419 912 3350)
3(2740 1419 3350)
6(912 1419 1418 922 917 907)
3(4019 1810 260)
3(4019 260 1070)
3(4019 1070 2468)
3(4527 1811 261)
3(4527 261 263)
3(4527 263 1812)
3(260 1810 3019)
3(262 260 3019)
3(263 262 3019)
3(1812 263 3019)
5(261 755 754 262 263)
5(260 262 754 1069 1070)
3(584 2082 4470)
3(585 584 4470)
3(2083 585 4470)
3(3678 2086 588)
3(3678 588 590)
3(3678 590 2088)
3(4124 2082 584)
3(4124 584 328)
3(4124 328 588)
3(4124 588 2086)
3(328 584 66)
3(584 585 66)
6(66 867 868 590 588 328)
3(4134 2662 1324)
3(4134 1324 1326)
3(4134 1326 2663)
3(1319 2658 4645)
3(1320 1319 4645)
3(2659 1320 4645)
3(1320 2659 3112)
3(1325 1320 3112)
3(1326 1325 3112)
3(2663 1326 3112)
6(1319 1320 1325 1323 1321 1322)
3(1325 1326 1323)
3(1326 1324 1323)
3(4768 2778 1459)
3(4768 1459 1461)
3(4768 1461 2780)
3(1215 2570 3312)
3(1216 1215 3312)
3(2571 1216 3312)
3(3768 2570 1215)
3(3768 1215 1218)
3(3768 1218 1459)
3(3768 1459 2778)
3(1461 1459 1217)
3(1459 1218 1217)
6(1216 1220 1219 1217 1218 1215)
3(454 1967 3068)
3(455 454 3068)
3(1968 455 3068)
3(450 1963 4474)
3(453 450 4474)
3(1966 453 4474)
3(453 1966 3540)
3(454 453 3540)
3(1967 454 3540)
6(450 453 454 455 452 451)
3(4460 2825 1509)
3(4460 1509 1510)
3(4460 1510 2826)
3(3932 2587 1234)
3(3932 1234 1364)
3(3932 1364 2693)
3(3637 2693 1364)
3(3637 1364 1509)
3(3637 1509 2825)
6(1103 1368 1510 1509 1364 1234)
3(4841 1954 441)
3(4841 441 442)
3(4841 442 1955)
3(4589 2206 727)
3(4589 727 731)
3(4589 731 2208)
3(441 1954 3643)
3(731 441 3643)
3(2208 731 3643)
6(229 442 441 731 727 287)
3(1553 2865 4499)
3(1554 1553 4499)
3(2866 1554 4499)
3(4231 2864 1552)
3(4231 1552 1555)
3(4231 1555 2867)
3(1552 2864 3272)
3(1553 1552 3272)
3(2865 1553 3272)
6(1553 1554 1649 1646 1555 1552)
3(1060 2460 4237)
3(1065 1060 4237)
3(2465 1065 4237)
3(478 1987 4693)
3(1060 478 4693)
3(2460 1060 4693)
5(1060 1065 753 479 478)
3(4393 1952 439)
3(4393 439 454)
3(4393 454 1967)
3(439 1952 3323)
3(441 439 3323)
3(1954 441 3323)
6(439 441 442 440 455 454)
3(3093 2825 1509)
3(3093 1509 1511)
3(3093 1511 2827)
3(3329 2827 1511)
3(3329 1511 1553)
3(3329 1553 2865)
6(1510 1512 1554 1553 1511 1509)
3(4537 2577 1224)
3(4537 1224 1226)
3(4537 1226 2579)
3(3043 2336 900)
3(3043 900 1224)
3(3043 1224 2577)
5(900 902 901 1226 1224)
3(25 1655 4420)
3(26 25 4420)
3(1656 26 4420)
3(3177 1692 99)
3(3177 99 256)
3(3177 256 1807)
3(4202 1655 25)
3(4202 25 99)
3(4202 99 1692)
6(25 26 625 626 256 99)
3(2940 2094 598)
3(2940 598 941)
3(2940 941 2356)
3(3636 1865 329)
3(3636 329 596)
3(3636 596 2092)
3(3345 2092 596)
3(3345 596 598)
3(3345 598 2094)
6(872 942 941 598 596 329)
3(4515 2015 508)
3(4515 508 509)
3(4515 509 2016)
3(3265 2243 777)
3(3265 777 779)
3(3265 779 2245)
3(508 2015 3005)
3(779 508 3005)
3(2245 779 3005)
6(509 508 779 777 538 507)
3(1421 2742 4518)
3(1424 1421 4518)
3(2745 1424 4518)
3(1419 2740 3271)
3(1420 1419 3271)
3(2741 1420 3271)
3(1420 2741 3010)
3(1421 1420 3010)
3(2742 1421 3010)
6(1419 1420 1421 1424 1427 1418)
3(3734 2463 1063)
3(3734 1063 1064)
3(3734 1064 2464)
3(3939 1810 260)
3(3939 260 750)
3(3939 750 2220)
3(3641 2220 750)
3(3641 750 1063)
3(3641 1063 2463)
6(260 1070 1071 1064 1063 750)
3(3825 2081 583)
3(3825 583 960)
3(3825 960 2371)
3(584 2082 3378)
3(961 584 3378)
3(2372 961 3378)
3(3107 2371 960)
3(3107 960 961)
3(3107 961 2372)
6(583 586 585 584 961 960)
3(1222 2575 3830)
3(1225 1222 3830)
3(2578 1225 3830)
3(4054 2654 1314)
3(4054 1314 1326)
3(4054 1326 2663)
3(3763 2575 1222)
3(3763 1222 1314)
3(3763 1314 2654)
6(1324 1326 1314 1222 1225 539)
3(3455 2775 1456)
3(3455 1456 1458)
3(3455 1458 2777)
3(1457 2776 3690)
3(1459 1457 3690)
3(2778 1459 3690)
3(1456 2775 4717)
3(1457 1456 4717)
3(2776 1457 4717)
6(1456 1457 1459 1461 1460 1458)
3(100 1693 4639)
3(255 100 4639)
3(1806 255 4639)
3(3176 1809 259)
3(3176 259 263)
3(3176 263 1812)
3(3349 1693 100)
3(3349 100 259)
3(3349 259 1809)
6(100 255 254 261 263 259)
3(587 2085 4102)
3(605 587 4102)
3(2099 605 4102)
3(3260 2086 588)
3(3260 588 606)
3(3260 606 2100)
3(605 2099 4769)
3(606 605 4769)
3(2100 606 4769)
6(587 605 606 588 590 589)
3(4736 2476 1080)
3(4736 1080 1082)
3(4736 1082 2478)
3(1316 2655 3264)
3(1320 1316 3264)
3(2659 1320 3264)
3(1080 2476 3445)
3(1316 1080 3445)
3(2655 1316 3445)
6(1316 1320 1319 1081 1082 1080)
3(4742 2344 912)
3(4742 912 913)
3(4742 913 2345)
3(3931 2343 909)
3(3931 909 1215)
3(3931 1215 2570)
3(909 2343 3449)
3(913 909 3449)
3(2345 913 3449)
6(907 1216 1215 909 913 912)
3(3653 1790 235)
3(3653 235 236)
3(3653 236 1791)
3(25 1655 2952)
3(231 25 2952)
3(1787 231 2952)
3(231 1787 3151)
3(232 231 3151)
3(236 232 3151)
3(1791 236 3151)
6(231 232 85 86 26 25)
3(232 236 85)
3(236 235 85)
3(1231 2584 3660)
3(1232 1231 3660)
3(2585 1232 3660)
3(597 2093 3570)
3(598 597 3570)
3(2094 598 3570)
3(3799 2093 597)
3(3799 597 591)
3(3799 591 1232)
3(3799 1232 2585)
6(591 597 598 941 944 946)
3(946 1231 1232)
3(946 1232 591)
3(3771 2204 725)
3(3771 725 729)
3(3771 729 730)
3(3771 730 2207)
3(430 1943 3049)
3(508 430 3049)
3(2015 508 3049)
3(3238 1943 430)
3(3238 430 428)
3(3238 428 725)
3(3238 725 2204)
3(729 725 428)
7(428 430 508 509 429 730 729)
3(3774 2513 1124)
3(3774 1124 1125)
3(3774 1125 1412)
3(3774 1412 2735)
3(3687 2737 1415)
3(3687 1415 1421)
3(3687 1421 2742)
3(3909 2735 1412)
3(3909 1412 1414)
3(3909 1414 1415)
3(3909 1415 2737)
3(1125 1414 1412)
7(1423 1424 1421 1415 1414 1125 1124)
3(447 1960 3920)
3(453 447 3920)
3(1966 453 3920)
3(444 1957 3842)
3(447 444 3842)
3(1960 447 3842)
3(236 1791 4349)
3(444 236 4349)
3(1957 444 4349)
6(236 444 447 453 450 235)
3(1364 2693 4568)
3(1365 1364 4568)
3(2694 1365 4568)
3(4480 2586 1233)
3(4480 1233 1365)
3(4480 1365 2694)
3(3056 2585 1232)
3(3056 1232 1233)
3(3056 1233 2586)
6(1231 1234 1364 1365 1233 1232)
3(731 2208 3078)
3(732 731 3078)
3(2209 732 3078)
3(3003 2205 726)
3(3003 726 732)
3(3003 732 2209)
3(3493 2204 725)
3(3493 725 726)
3(3493 726 2205)
7(725 729 728 727 731 732 726)
3(729 730 728)
3(1120 2509 4674)
3(1552 1120 4674)
3(2864 1552 4674)
3(4595 2509 1120)
3(4595 1120 1411)
3(4595 1411 2734)
3(3145 2734 1411)
3(3145 1411 1412)
3(3145 1412 2735)
7(937 1125 1412 1411 1120 1552 1555)
3(937 1124 1125)
3(1060 2460 4122)
3(1061 1060 4122)
3(2461 1061 4122)
3(1062 2462 3566)
3(1063 1062 3566)
3(2463 1063 3566)
3(1061 2461 3149)
3(1062 1061 3149)
3(2462 1062 3149)
6(1061 1062 1063 1064 1065 1060)
3(4532 2368 957)
3(4532 957 960)
3(4532 960 2371)
3(957 2368 2999)
3(1061 957 2999)
3(2461 1061 2999)
6(583 960 957 1061 1060 478)
3(1223 2576 4208)
3(1224 1223 4208)
3(2577 1224 4208)
3(3683 2574 1221)
3(3683 1221 1222)
3(3683 1222 2575)
3(1221 2574 3436)
3(1223 1221 3436)
3(2576 1223 3436)
6(1221 1223 1224 1226 1225 1222)
3(581 2079 4651)
3(1456 581 4651)
3(2775 1456 4651)
3(4608 2079 581)
3(4608 581 1223)
3(4608 1223 2576)
6(1456 1458 900 1224 1223 581)
3(233 1788 4301)
3(439 233 4301)
3(1952 439 4301)
3(447 1960 3317)
3(448 447 3317)
3(1961 448 3317)
3(3801 1788 233)
3(3801 233 448)
3(3801 448 1961)
6(439 454 453 447 448 233)
3(4307 2695 1366)
3(4307 1366 1511)
3(4307 1511 2827)
3(1363 2692 3322)
3(1365 1363 3322)
3(2694 1365 3322)
3(4450 2692 1363)
3(4450 1363 1366)
3(4450 1366 2695)
6(1365 1364 1509 1511 1366 1363)
3(432 1945 3416)
3(732 432 3416)
3(2209 732 3416)
3(233 1788 3644)
3(432 233 3644)
3(1945 432 3644)
6(233 432 732 731 441 439)
3(1120 2509 3427)
3(1121 1120 3427)
3(2510 1121 3427)
3(1121 2510 3652)
3(1366 1121 3652)
3(2695 1366 3652)
6(1120 1121 1366 1511 1553 1552)
3(4804 1692 99)
3(4804 99 1054)
3(4804 1054 2454)
3(100 1693 4481)
3(1057 100 4481)
3(2457 1057 4481)
3(3281 2454 1054)
3(3281 1054 1057)
3(3281 1057 2457)
6(99 256 255 100 1057 1054)
3(3505 2089 593)
3(3505 593 596)
3(3505 596 2092)
3(604 2098 4490)
3(605 604 4490)
3(2099 605 4490)
3(593 2089 3946)
3(604 593 3946)
3(2098 604 3946)
6(329 596 593 604 605 587)
3(3983 2244 778)
3(3983 778 779)
3(3983 779 2245)
3(780 2246 3633)
3(1080 780 3633)
3(2476 1080 3633)
3(778 2244 4417)
3(780 778 4417)
3(2246 780 4417)
6(779 778 780 1080 1082 777)
3(1409 2732 3604)
3(1420 1409 3604)
3(2741 1420 3604)
3(913 2345 4606)
3(918 913 4606)
3(2348 918 4606)
3(918 2348 4064)
3(1409 918 4064)
3(2732 1409 4064)
6(912 913 918 1409 1420 1419)
3(3609 2218 748)
3(3609 748 750)
3(3609 750 2220)
3(257 1808 4740)
3(258 257 4740)
3(259 258 4740)
3(1809 259 4740)
3(4071 1808 257)
3(4071 257 748)
3(4071 748 2218)
3(258 259 263)
3(258 263 262)
6(258 262 260 750 748 257)
3(959 2370 3251)
3(961 959 3251)
3(2372 961 3251)
3(606 2100 3745)
3(602 606 3745)
3(607 602 3745)
3(2101 607 3745)
3(607 2101 3702)
3(959 607 3702)
3(2370 959 3702)
6(602 607 959 961 584 328)
3(328 588 602)
3(588 606 602)
3(3918 2654 1314)
3(3918 1314 1317)
3(3918 1317 2656)
3(1316 2655 4380)
3(1315 1316 4380)
3(1318 1315 4380)
3(2657 1318 4380)
3(4344 2656 1317)
3(4344 1317 1318)
3(4344 1318 2657)
3(1325 1320 1315)
3(1320 1316 1315)
6(1314 1326 1325 1315 1318 1317)
3(3358 2331 893)
3(3358 893 1457)
3(3358 1457 2776)
3(892 2330 3844)
3(908 892 3844)
3(909 908 3844)
3(2343 909 3844)
3(3804 2330 892)
3(3804 892 893)
3(3804 893 2331)
6(892 908 1218 1459 1457 893)
3(908 909 1215)
3(908 1215 1218)
3(4524 1787 231)
3(4524 231 733)
3(4524 733 2210)
3(1054 2454 4749)
3(1055 1054 4749)
3(2455 1055 4749)
3(3016 2210 733)
3(3016 733 1055)
3(3016 1055 2455)
6(99 1054 1055 733 231 25)
3(3207 2091 595)
3(3207 595 597)
3(3207 597 2093)
3(3423 2089 593)
3(3423 593 594)
3(3423 594 2090)
3(3649 2090 594)
3(3649 594 595)
3(3649 595 2091)
6(596 598 597 595 594 593)
3(4178 1784 226)
3(4178 226 430)
3(4178 430 1943)
3(10 1652 4391)
3(778 10 4391)
3(2244 778 4391)
3(4620 1652 10)
3(4620 10 226)
3(4620 226 1784)
6(778 779 508 430 226 10)
3(3311 2737 1415)
3(3311 1415 1417)
3(3311 1417 2738)
3(3534 2731 1408)
3(3534 1408 1409)
3(3534 1409 2732)
3(1408 2731 3767)
3(1417 1408 3767)
3(2738 1417 3767)
6(1417 1415 1421 1420 1409 1408)
3(4278 2221 751)
3(4278 751 1062)
3(4278 1062 2462)
3(4493 2218 748)
3(4493 748 749)
3(4493 749 2219)
3(3694 2219 749)
3(3694 749 751)
3(3694 751 2221)
6(748 750 1063 1062 751 749)
3(4472 2368 957)
3(4472 957 958)
3(4472 958 2369)
3(3180 2367 956)
3(3180 956 959)
3(3180 959 2370)
3(956 2367 3700)
3(958 956 3700)
3(2369 958 3700)
6(958 957 960 961 959 956)
3(582 2080 4137)
3(1221 582 4137)
3(2574 1221 4137)
3(4781 1864 327)
3(4781 327 1317)
3(4781 1317 2656)
3(327 1864 3334)
3(582 327 3334)
3(2080 582 3334)
6(327 582 1221 1222 1314 1317)
3(4773 2078 580)
3(4773 580 581)
3(4773 581 2079)
3(577 2075 3270)
3(893 577 3270)
3(2331 893 3270)
3(3802 2075 577)
3(3802 577 580)
3(3802 580 2078)
6(893 1457 1456 581 580 577)
3(444 1957 4017)
3(446 444 4017)
3(1959 446 4017)
3(3985 1961 448)
3(3985 448 449)
3(3985 449 1962)
3(445 1958 3015)
3(449 445 3015)
3(1962 449 3015)
3(3504 1958 445)
3(3504 445 446)
3(3504 446 1959)
6(446 445 449 448 447 444)
3(952 2363 3661)
3(1233 952 3661)
3(2586 1233 3661)
3(3610 2492 1101)
3(3610 1101 1363)
3(3610 1363 2692)
3(4614 2364 953)
3(4614 953 1101)
3(4614 1101 2492)
3(3159 2363 952)
3(3159 952 953)
3(3159 953 2364)
6(1233 1365 1363 1101 953 952)
3(435 1948 3667)
3(726 435 3667)
3(2205 726 3667)
3(3364 1944 431)
3(3364 431 432)
3(3364 432 1945)
3(431 1944 4619)
3(434 431 4619)
3(1947 434 4619)
3(434 1947 3808)
3(435 434 3808)
3(1948 435 3808)
6(434 435 726 732 432 431)
3(3775 2733 1410)
3(3775 1410 1411)
3(3775 1411 2734)
3(4779 2510 1121)
3(4779 1121 1122)
3(4779 1122 2511)
3(4716 2511 1122)
3(4716 1122 1123)
3(4716 1123 2512)
3(3244 2512 1123)
3(3244 1123 1410)
3(3244 1410 2733)
6(1120 1411 1410 1123 1122 1121)
3(733 2210 3693)
3(734 733 3693)
3(735 734 3693)
3(2211 735 3693)
3(3384 1959 446)
3(3384 446 735)
3(3384 735 2211)
3(733 734 232)
3(733 232 231)
6(734 735 446 444 236 232)
3(3698 2091 595)
3(3698 595 330)
3(3698 330 951)
3(3698 951 2362)
3(3386 2362 951)
3(3386 951 952)
3(3386 952 2363)
3(330 595 591)
3(595 597 591)
6(591 1232 1233 952 951 330)
3(3333 1784 226)
3(3333 226 225)
3(3333 225 436)
3(3333 436 1949)
3(435 1948 3062)
3(436 435 3062)
3(1949 436 3062)
6(428 725 726 435 436 225)
3(225 226 428)
3(226 430 428)
3(3800 2736 1413)
3(3800 1413 1416)
3(3800 1416 1417)
3(3800 1417 2738)
3(3501 2733 1410)
3(3501 1410 1413)
3(3501 1413 2736)
6(1410 1411 1412 1414 1416 1413)
3(1414 1415 1417)
3(1414 1417 1416)
3(747 2217 4376)
3(751 747 4376)
3(2221 751 4376)
3(4190 2217 747)
3(4190 747 958)
3(4190 958 2369)
6(747 751 1062 1061 957 958)
3(4824 2077 579)
3(4824 579 582)
3(4824 582 2080)
3(579 2077 4659)
3(580 579 4659)
3(2078 580 4659)
6(580 581 1223 1221 582 579)
3(4083 2457 1057)
3(4083 1057 1058)
3(4083 1058 2458)
3(4585 1804 253)
3(4585 253 257)
3(4585 257 1808)
3(253 1804 4500)
3(98 253 4500)
3(1058 98 4500)
3(2458 1058 4500)
6(98 1058 1057 100 259 258)
3(258 257 253)
3(258 253 98)
3(4525 2097 603)
3(4525 603 604)
3(4525 604 2098)
3(3735 2101 607)
3(3735 607 610)
3(3735 610 2104)
3(603 2097 3020)
3(601 603 3020)
3(610 601 3020)
3(2104 610 3020)
3(601 610 607)
3(601 607 602)
6(602 606 605 604 603 601)
3(3206 1839 297)
3(3206 297 780)
3(3206 780 2246)
3(298 1840 3739)
3(299 298 3739)
3(1318 299 3739)
3(2657 1318 3739)
3(297 1839 3651)
3(298 297 3651)
3(1840 298 3651)
7(297 298 299 1315 1316 1080 780)
3(299 1318 1315)
3(4802 2348 918)
3(4802 918 923)
3(4802 923 2351)
3(892 2330 3365)
3(930 892 3365)
3(932 930 3365)
3(2354 932 3365)
3(3278 2351 923)
3(3278 923 932)
3(3278 932 2354)
3(930 908 892)
7(930 932 923 918 913 909 908)
3(3094 1789 234)
3(3094 234 449)
3(3094 449 1962)
3(234 1789 3330)
3(431 234 3330)
3(1944 431 3330)
6(448 449 234 431 432 233)
3(4698 2492 1101)
3(4698 1101 1102)
3(4698 1102 2493)
3(2994 2493 1102)
3(2994 1102 1122)
3(2994 1122 2511)
6(1101 1363 1366 1121 1122 1102)
3(4375 2455 1055)
3(4375 1055 1056)
3(4375 1056 2456)
3(1058 2458 4605)
3(1059 1058 4605)
3(2459 1059 4605)
3(3657 2456 1056)
3(3657 1056 1059)
3(3657 1059 2459)
6(1054 1057 1058 1059 1056 1055)
3(594 2090 4028)
3(948 594 4028)
3(2361 948 4028)
3(4245 2097 603)
3(4245 603 947)
3(4245 947 2360)
3(3286 2360 947)
3(3286 947 948)
3(3286 948 2361)
6(593 594 948 947 603 604)
3(10 1652 4033)
3(101 10 4033)
3(1694 101 4033)
3(106 1697 4253)
3(297 106 4253)
3(1839 297 4253)
3(101 1694 3955)
3(106 101 3955)
3(1697 106 3955)
6(101 106 297 780 778 10)
3(4687 2731 1408)
3(4687 1408 1442)
3(4687 1442 2761)
3(923 2351 2959)
3(1439 923 2959)
3(2760 1439 2959)
3(1439 2760 3966)
3(1442 1439 3966)
3(2761 1442 3966)
6(918 923 1439 1442 1408 1409)
3(3116 1982 472)
3(3116 472 749)
3(3116 749 2219)
3(252 1803 3841)
3(253 252 3841)
3(1804 253 3841)
3(4347 1803 252)
3(4347 252 472)
3(4347 472 1982)
6(252 253 257 748 749 472)
3(608 2102 3125)
3(956 608 3125)
3(2367 956 3125)
3(3848 2103 609)
3(3848 609 610)
3(3848 610 2104)
3(3054 2102 608)
3(3054 608 609)
3(3054 609 2103)
6(607 610 609 608 956 959)
3(326 1863 4724)
3(327 326 4724)
3(1864 327 4724)
3(3477 1699 110)
3(3477 110 109)
3(3477 109 298)
3(3477 298 1840)
3(110 1699 4009)
3(326 110 4009)
3(1863 326 4009)
3(299 298 109)
7(109 110 326 327 1317 1318 299)
3(4729 2073 575)
3(4729 575 577)
3(4729 577 2075)
3(887 2325 4146)
3(931 887 4146)
3(932 931 4146)
3(2354 932 4146)
3(575 2073 4665)
3(887 575 4665)
3(2325 887 4665)
7(575 887 931 930 892 893 577)
3(931 932 930)
3(4132 1984 474)
3(4132 474 747)
3(4132 747 2217)
3(3579 1982 472)
3(3579 472 473)
3(3579 473 1983)
3(3280 1983 473)
3(3280 473 474)
3(3280 474 1984)
6(472 749 751 747 474 473)
3(4243 1867 332)
3(4243 332 608)
3(4243 608 2102)
3(332 1867 3488)
3(474 332 3488)
3(1984 474 3488)
6(332 474 747 958 956 608)
3(4770 2077 579)
3(4770 579 881)
3(4770 881 2319)
3(326 1863 4251)
3(885 326 4251)
3(2323 885 4251)
3(3769 2319 881)
3(3769 881 885)
3(3769 885 2323)
6(885 881 579 582 327 326)
3(3899 2073 575)
3(3899 575 883)
3(3899 883 2321)
3(881 2319 3585)
3(883 881 3585)
3(2321 883 3585)
6(577 580 579 881 883 575)
3(4140 2211 735)
3(4140 735 736)
3(4140 736 2212)
3(4345 2215 742)
3(4345 742 741)
3(4345 741 1056)
3(4345 1056 2456)
3(4072 2212 736)
3(4072 736 742)
3(4072 742 2215)
5(1055 1056 741 734 733)
5(741 742 736 735 734)
3(951 2362 3783)
3(1235 951 3783)
3(2588 1235 3783)
3(3999 2361 948)
3(3999 948 1237)
3(3999 1237 2589)
3(1235 2588 3703)
3(1236 1235 3703)
3(1237 1236 3703)
3(2589 1237 3703)
6(1236 1237 948 594 595 330)
3(330 951 1236)
3(951 1235 1236)
3(436 1949 4430)
3(437 436 4430)
3(1950 437 4430)
3(4658 1694 101)
3(4658 101 102)
3(4658 102 1695)
3(3711 1695 102)
3(3711 102 33)
3(3711 33 437)
3(3711 437 1950)
3(225 436 33)
3(436 437 33)
6(10 226 225 33 102 101)
3(879 2317 4436)
3(1413 879 4436)
3(2736 1413 4436)
3(1442 2761 4664)
3(1443 1442 4664)
3(2762 1443 4664)
3(4352 2317 879)
3(4352 879 938)
3(4352 938 1443)
3(4352 1443 2762)
3(879 1413 938)
3(1413 1416 938)
6(1416 1417 1408 1442 1443 938)
3(3127 1789 234)
3(3127 234 273)
3(3127 273 1821)
3(3366 1956 443)
3(3366 443 445)
3(3366 445 1958)
3(4551 1821 273)
3(4551 273 274)
3(4551 274 1822)
3(3809 1822 274)
3(3809 274 443)
3(3809 443 1956)
6(234 449 445 443 274 273)
3(3777 2070 570)
3(3777 570 1102)
3(3777 1102 2493)
3(4024 2364 953)
3(4024 953 1468)
3(4024 1468 2787)
3(570 2070 3228)
3(1467 570 3228)
3(2786 1467 3228)
3(1467 2786 4454)
3(1468 1467 4454)
3(2787 1468 4454)
6(1467 1468 953 1101 1102 570)
3(433 1946 3669)
3(434 433 3669)
3(1947 434 3669)
3(273 1821 3942)
3(275 273 3942)
3(1823 275 3942)
3(275 1823 4117)
3(433 275 4117)
3(1946 433 4117)
6(273 275 433 434 431 234)
3(3675 2316 878)
3(3675 878 1123)
3(3675 1123 2512)
3(569 2069 4596)
3(570 569 4596)
3(2070 570 4596)
3(4123 2069 569)
3(4123 569 878)
3(4123 878 2316)
6(570 1102 1122 1123 878 569)
3(4492 1970 457)
3(4492 457 736)
3(4492 736 2212)
3(3063 1956 443)
3(3063 443 457)
3(3063 457 1970)
6(445 446 735 736 457 443)
3(3181 2588 1235)
3(3181 1235 1466)
3(3181 1466 2785)
3(3701 2785 1466)
3(3701 1466 1468)
3(3701 1468 2787)
6(952 953 1468 1466 1235 951)
3(3188 1950 437)
3(3188 437 438)
3(3188 438 1951)
3(433 1946 3710)
3(438 433 3710)
3(1951 438 3710)
6(433 438 437 436 435 434)
3(879 2317 4787)
3(880 879 4787)
3(2318 880 4787)
3(3341 2316 878)
3(3341 878 880)
3(3341 880 2318)
6(878 1123 1410 1413 879 880)
3(4087 1691 97)
3(4087 97 252)
3(4087 252 1803)
3(746 2216 4587)
3(744 746 4587)
3(1059 744 4587)
3(2459 1059 4587)
3(97 1691 4005)
3(746 97 4005)
3(2216 746 4005)
3(744 1059 1058)
3(744 1058 98)
6(97 746 744 98 253 252)
3(4171 2103 609)
3(4171 609 1535)
3(4171 1535 2849)
3(947 2360 4689)
3(950 947 4689)
3(1537 950 4689)
3(2850 1537 4689)
3(3438 2849 1535)
3(3438 1535 1537)
3(3438 1537 2850)
6(950 1537 1535 609 610 601)
3(601 603 950)
3(603 947 950)
3(108 1698 4176)
3(110 108 4176)
3(1699 110 4176)
3(3363 1696 105)
3(3363 105 106)
3(3363 106 1697)
3(105 1696 4116)
3(107 105 4116)
3(108 107 4116)
3(1698 108 4116)
6(107 109 298 297 106 105)
3(107 108 110)
3(107 110 109)
3(887 2325 3821)
3(1207 887 3821)
3(2564 1207 3821)
3(1438 2759 4328)
3(1439 1438 4328)
3(2760 1439 4328)
3(1207 2564 3750)
3(1206 1207 3750)
3(1203 1206 3750)
3(1438 1203 3750)
3(2759 1438 3750)
3(1206 1203 929)
5(887 1207 1206 929 931)
7(923 932 931 929 1203 1438 1439)
3(473 1983 3033)
3(611 473 3033)
3(2105 611 3033)
3(3225 1691 97)
3(3225 97 615)
3(3225 615 2108)
3(611 2105 3760)
3(615 611 3760)
3(2108 615 3760)
6(97 252 472 473 611 615)
3(3679 1867 332)
3(3679 332 333)
3(3679 333 1868)
3(3699 2848 1534)
3(3699 1534 1535)
3(3699 1535 2849)
3(4207 1868 333)
3(4207 333 1534)
3(4207 1534 2848)
6(608 609 1535 1534 333 332)
3(2949 2323 885)
3(2949 885 886)
3(2949 886 2324)
3(108 1698 3332)
3(572 108 3332)
3(2072 572 3332)
3(572 2072 3854)
3(886 572 3854)
3(2324 886 3854)
6(572 886 885 326 110 108)
3(883 2321 3138)
3(884 883 3138)
3(2322 884 3138)
3(1205 2563 3339)
3(1207 1205 3339)
3(2564 1207 3339)
3(884 2322 4496)
3(1205 884 4496)
3(2563 1205 4496)
6(575 883 884 1205 1207 887)
3(738 2214 4734)
3(740 738 4734)
3(742 740 4734)
3(2215 742 4734)
3(4441 2213 737)
3(4441 737 745)
3(4441 745 746)
3(4441 746 2216)
3(737 2213 4407)
3(738 737 4407)
3(2214 738 4407)
6(741 1056 1059 744 743 739)
3(744 746 743)
3(746 745 743)
3(739 740 742)
3(739 742 741)
6(737 738 740 739 743 745)
3(1237 2589 3220)
3(1240 1237 3220)
3(1462 1240 3220)
3(2781 1462 3220)
3(1530 2845 2960)
3(1536 1530 2960)
3(1537 1536 2960)
3(2850 1537 2960)
3(1462 2781 4842)
3(1530 1462 4842)
3(2845 1530 4842)
3(949 1536 1537)
3(949 1537 950)
6(947 948 1237 1240 949 950)
5(1240 1462 1530 1536 949)
3(102 1695 3890)
3(104 102 3890)
3(268 104 3890)
3(1816 268 3890)
3(3574 1696 105)
3(3574 105 103)
3(3574 103 267)
3(3574 267 1815)
3(4846 1815 267)
3(4846 267 268)
3(4846 268 1816)
3(104 268 103)
3(268 267 103)
6(101 102 104 103 105 106)
3(3522 2762 1443)
3(3522 1443 1440)
3(3522 1440 1446)
3(3522 1446 2765)
3(1438 2759 4545)
3(1441 1438 4545)
3(1447 1441 4545)
3(2766 1447 4545)
3(4505 2765 1446)
3(4505 1446 1447)
3(4505 1447 2766)
3(1440 1441 1446)
3(1441 1447 1446)
6(1438 1441 1440 1443 1442 1439)
3(3223 2105 611)
3(3223 611 612)
3(3223 612 2106)
3(333 1868 3058)
3(612 333 3058)
3(2106 612 3058)
6(332 333 612 611 473 474)
3(274 1822 3173)
3(276 274 3173)
3(1824 276 3173)
3(3421 1823 275)
3(3421 275 277)
3(3421 277 1825)
3(276 1824 3379)
3(277 276 3379)
3(1825 277 3379)
5(273 274 276 277 275)
3(3831 2786 1467)
3(3831 1467 1470)
3(3831 1470 2789)
3(4099 1862 325)
3(4099 325 569)
3(4099 569 2069)
3(325 1862 4056)
3(1470 325 4056)
3(2789 1470 4056)
5(1470 1467 570 569 325)
3(4485 2320 882)
3(4485 882 886)
3(4485 886 2324)
3(882 2320 2993)
3(884 882 2993)
3(2322 884 2993)
6(881 885 886 882 884 883)
3(456 1969 4733)
3(457 456 4733)
3(1970 457 4733)
3(3231 1971 459)
3(3231 459 738)
3(3231 738 2214)
3(4404 1969 456)
3(4404 456 458)
3(4404 458 459)
3(4404 459 1971)
6(456 457 736 742 740 458)
3(740 738 459)
3(740 459 458)
3(1466 2785 3882)
3(1469 1466 3882)
3(2788 1469 3882)
3(4343 2781 1462)
3(4343 1462 1463)
3(4343 1463 2782)
3(4839 2782 1463)
3(4839 1463 1238)
3(4839 1238 1469)
3(4839 1469 2788)
3(1239 1240 1237)
3(1239 1237 1236)
5(1238 1463 1462 1240 1239)
6(1235 1466 1469 1238 1239 1236)
3(4819 1700 111)
3(4819 111 438)
3(4819 438 1951)
3(3342 1816 268)
3(3342 268 269)
3(3342 269 1817)
3(111 1700 4498)
3(32 111 4498)
3(269 32 4498)
3(1817 269 4498)
6(32 34 33 437 438 111)
5(269 268 104 34 32)
3(34 104 102)
3(34 102 33)
3(3520 2318 880)
3(3520 880 1209)
3(3520 1209 2565)
3(4006 2764 1445)
3(4006 1445 1446)
3(4006 1446 2765)
3(4504 2565 1209)
3(4504 1209 1208)
3(4504 1208 1445)
3(4504 1445 2764)
5(939 1440 1446 1445 1208)
6(938 939 1208 1209 880 879)
3(938 1443 1440)
3(938 1440 939)
3(96 1690 4193)
3(276 96 4193)
3(1824 276 4193)
3(3630 1690 96)
3(3630 96 456)
3(3630 456 1969)
6(276 274 443 457 456 96)
3(1470 2789 4825)
3(1471 1470 4825)
3(2790 1471 4825)
3(3639 2788 1469)
3(3639 1469 1471)
3(3639 1471 2790)
6(1468 1467 1470 1471 1469 1466)
3(4044 1701 112)
3(4044 112 277)
3(4044 277 1825)
3(3752 1700 111)
3(3752 111 112)
3(3752 112 1701)
6(111 438 433 275 277 112)
3(4694 1862 325)
3(4694 325 1211)
3(4694 1211 2566)
3(1209 2565 3761)
3(1211 1209 3761)
3(2566 1211 3761)
6(569 878 880 1209 1211 325)
3(615 2108 3925)
3(616 615 3925)
3(617 616 3925)
3(2109 617 3925)
3(241 1794 4703)
3(737 241 4703)
3(2213 737 4703)
3(4401 1794 241)
3(4401 241 617)
3(4401 617 2109)
5(615 616 745 746 97)
5(241 737 745 616 617)
3(1531 2846 3559)
3(1533 1531 3559)
3(1534 1533 3559)
3(2848 1534 3559)
3(1530 2845 4333)
3(1532 1530 4333)
3(2847 1532 4333)
3(4050 2846 1531)
3(4050 1531 1532)
3(4050 1532 2847)
5(1533 1534 1535 1537 1536)
5(1530 1532 1531 1533 1536)
3(571 2071 4032)
3(573 571 4032)
3(572 573 4032)
3(2072 572 4032)
3(267 1815 4786)
3(270 267 4786)
3(1818 270 4786)
3(270 1818 4497)
3(571 270 4497)
3(2071 571 4497)
6(19 103 267 270 571 573)
3(107 105 103)
3(107 103 19)
5(19 573 572 108 107)
3(1205 2563 3677)
3(1204 1205 3677)
3(1528 1204 3677)
3(2843 1528 3677)
3(4442 2766 1447)
3(4442 1447 1529)
3(4442 1529 2844)
3(1528 2843 4152)
3(1529 1528 4152)
3(2844 1529 4152)
7(1206 1204 1528 1529 1447 1441 1203)
3(1206 1207 1205)
3(1206 1205 1204)
3(1441 1438 1203)
3(612 2106 2985)
3(613 612 2985)
3(614 613 2985)
3(2107 614 2985)
3(3628 2109 617)
3(3628 617 618)
3(3628 618 2110)
3(614 2107 4413)
3(618 614 4413)
3(2110 618 4413)
5(611 612 613 616 615)
5(613 614 618 617 616)
3(3262 2365 954)
3(3262 954 1531)
3(3262 1531 2846)
3(4247 2107 614)
3(4247 614 954)
3(4247 954 2365)
5(1534 1533 613 612 333)
5(1533 1531 954 614 613)
3(3730 2320 882)
3(3730 882 574)
3(3730 574 888)
3(3730 888 2326)
3(571 2071 3749)
3(891 571 3749)
3(2329 891 3749)
3(4710 2326 888)
3(4710 888 891)
3(4710 891 2329)
5(571 891 888 574 573)
5(572 573 574 882 886)
3(1526 2841 4389)
3(1528 1526 4389)
3(2843 1528 4389)
3(888 2326 2965)
3(1526 888 2965)
3(2841 1526 2965)
5(574 888 1526 1528 1204)
5(1204 1205 884 882 574)
3(4326 1682 87)
3(4326 87 88)
3(4326 88 96)
3(4326 96 1690)
3(28 1658 4588)
3(18 28 4588)
3(112 18 4588)
3(1701 112 4588)
3(3375 1658 28)
3(3375 28 87)
3(3375 87 1682)
6(112 277 276 96 88 18)
3(18 88 28)
3(88 87 28)
3(1212 2567 4330)
3(592 1212 4330)
3(1471 592 4330)
3(2790 1471 4330)
3(1211 2566 4592)
3(1210 1211 4592)
3(1213 1210 4592)
3(2568 1213 4592)
3(4049 2567 1212)
3(4049 1212 1213)
3(4049 1213 2568)
3(1210 1213 1212)
3(1210 1212 592)
6(325 1211 1210 592 1471 1470)
3(243 1796 4179)
3(459 243 4179)
3(1971 459 4179)
3(241 1794 4697)
3(242 241 4697)
3(1795 242 4697)
3(242 1795 4392)
3(243 242 4392)
3(1796 243 4392)
6(242 243 459 738 737 241)
3(1463 2782 4184)
3(1464 1463 4184)
3(2783 1464 4184)
3(1465 2784 4705)
3(1532 1465 4705)
3(2847 1532 4705)
3(1464 2783 4406)
3(1465 1464 4406)
3(2784 1465 4406)
6(1462 1463 1464 1465 1532 1530)
3(269 1817 4816)
3(271 269 4816)
3(1819 271 4816)
3(3369 1818 270)
3(3369 270 272)
3(3369 272 1820)
3(271 1819 3097)
3(272 271 3097)
3(1820 272 3097)
6(267 268 269 271 272 270)
3(1444 2763 3835)
3(1445 1444 3835)
3(2764 1445 3835)
3(3039 2842 1527)
3(3039 1527 1529)
3(3039 1529 2844)
3(4061 2763 1444)
3(4061 1444 1527)
3(4061 1527 2842)
6(1444 1445 1446 1447 1529 1527)
3(3474 1682 87)
3(3474 87 94)
3(3474 94 1688)
3(4007 1688 94)
3(4007 94 243)
3(4007 243 1796)
3(96 456 458)
3(96 458 88)
6(88 458 459 243 94 87)
3(1212 2567 3141)
3(1448 1212 3141)
3(2767 1448 3141)
3(1448 2767 3631)
3(1464 1448 3631)
3(2783 1464 3631)
6(592 1212 1448 1464 1463 1238)
3(1238 1469 1471)
3(1238 1471 592)
3(28 1658 4826)
3(29 28 4826)
3(1659 29 4826)
3(29 1659 4286)
3(271 29 4286)
3(1819 271 4286)
3(18 32 112)
3(32 111 112)
6(18 28 29 271 269 32)
3(4473 2568 1213)
3(4473 1213 1214)
3(4473 1214 2569)
3(3268 2569 1214)
3(3268 1214 1444)
3(3268 1444 2763)
6(1208 1445 1444 1214 1213 1210)
3(1210 1211 1208)
3(1211 1209 1208)
3(2992 1866 331)
3(2992 331 618)
3(2992 618 2110)
3(95 1689 3227)
3(242 95 3227)
3(1795 242 3227)
3(4390 1689 95)
3(4390 95 331)
3(4390 331 1866)
6(95 242 241 617 618 331)
3(3178 2365 954)
3(3178 954 955)
3(3178 955 2366)
3(3897 2768 1449)
3(3897 1449 1465)
3(3897 1465 2784)
3(4403 2366 955)
3(4403 955 1449)
3(4403 1449 2768)
6(1531 1532 1465 1449 955 954)
3(890 2328 4778)
3(891 890 4778)
3(2329 891 4778)
3(3528 1702 113)
3(3528 113 272)
3(3528 272 1820)
3(113 1702 4051)
3(890 113 4051)
3(2328 890 4051)
6(113 890 891 571 270 272)
3(3036 2839 1524)
3(3036 1524 1526)
3(3036 1526 2841)
3(1525 2840 3530)
3(1527 1525 3530)
3(2842 1527 3530)
3(1524 2839 4702)
3(1525 1524 4702)
3(2840 1525 4702)
6(1525 1527 1529 1528 1526 1524)
3(4636 1686 92)
3(4636 92 94)
3(4636 94 1688)
3(27 1657 2946)
3(29 27 2946)
3(1659 29 2946)
3(3691 1657 27)
3(3691 27 92)
3(3691 92 1686)
6(29 28 87 94 92 27)
3(3139 2767 1448)
3(3139 1448 1453)
3(3139 1453 2772)
3(1214 2569 3370)
3(1455 1214 3370)
3(2774 1455 3370)
3(4785 2772 1453)
3(4785 1453 1455)
3(4785 1455 2774)
6(1213 1214 1455 1453 1448 1212)
3(3041 1866 331)
3(3041 331 600)
3(3041 600 2096)
3(4784 2096 600)
3(4784 600 955)
3(4784 955 2366)
6(618 614 954 955 600 331)
3(3468 2327 889)
3(3468 889 890)
3(3468 890 2328)
3(889 2327 3930)
3(1524 889 3930)
3(2839 1524 3930)
6(888 891 890 889 1524 1526)
3(3408 1687 93)
3(3408 93 95)
3(3408 95 1689)
3(3933 1686 92)
3(3933 92 93)
3(3933 93 1687)
6(92 94 243 242 95 93)
3(4828 2768 1449)
3(4828 1449 1452)
3(4828 1452 2771)
3(4043 2771 1452)
3(4043 1452 1453)
3(4043 1453 2772)
6(1448 1453 1452 1449 1465 1464)
3(3527 1702 113)
3(3527 113 115)
3(3527 115 1704)
3(27 1657 3792)
3(115 27 3792)
3(1704 115 3792)
6(115 113 272 271 29 27)
3(3169 2773 1454)
3(3169 1454 1525)
3(3169 1525 2840)
3(1454 2773 3412)
3(1455 1454 3412)
3(2774 1455 3412)
6(1444 1527 1525 1454 1455 1214)
3(4438 2095 599)
3(4438 599 600)
3(4438 600 2096)
3(31 1661 3172)
3(93 31 3172)
3(1687 93 3172)
3(3420 1661 31)
3(3420 31 599)
3(3420 599 2095)
6(93 95 331 600 599 31)
3(3627 2769 1450)
3(3627 1450 1452)
3(3627 1452 2771)
3(4104 2095 599)
3(4104 599 1450)
3(4104 1450 2769)
6(599 600 955 1449 1452 1450)
3(576 2074 4535)
3(889 576 4535)
3(2327 889 4535)
3(3040 1703 114)
3(3040 114 115)
3(3040 115 1704)
3(114 1703 3261)
3(576 114 3261)
3(2074 576 3261)
6(115 114 576 889 890 113)
3(1451 2770 3681)
3(1454 1451 3681)
3(2773 1454 3681)
3(576 2074 3467)
3(1451 576 3467)
3(2770 1451 3467)
6(1451 1454 1525 1524 889 576)
3(31 1661 4646)
3(114 31 4646)
3(1703 114 4646)
6(27 92 93 31 114 115)
3(3318 2769 1450)
3(3318 1450 1451)
3(3318 1451 2770)
6(1450 1452 1453 1455 1454 1451)
6(31 599 1450 1451 576 114)
10(153 158 159 162 167 355 354 170 171 156)
9(80 82 1025 1027 1018 64 57 20 3)
3(3 20 153)
3(20 158 153)
9(22 81 79 43 55 360 358 54 53)
3(156 171 43)
3(171 55 43)
3(79 81 82)
3(79 82 80)
6(3 153 156 43 79 80)
9(620 621 658 1285 1283 1293 1296 963 619)
9(158 163 154 1486 1482 1287 658 621 153)
10(620 619 339 349 351 169 174 172 171 156)
4(153 621 620 156)
3(621 658 845)
3(621 845 825)
9(825 845 1300 1305 835 1194 1196 1155 1154)
5(620 1577 1615 876 619)
9(1577 1578 1582 1594 1592 1607 1605 1616 1615)
6(620 621 825 1154 1578 1577)
5(1154 1155 1156 1582 1578)
10(3 5 24 382 383 201 394 392 21 20)
9(74 223 222 469 466 408 410 24 5)
9(74 80 82 193 674 675 425 423 223)
4(80 74 5 3)
9(831 841 857 848 846 855 844 845 825)
6(5 24 69 204 203 4)
10(203 403 402 208 209 556 804 814 809 4)
7(809 814 819 1133 1131 841 831)
8(3 5 4 809 831 825 621 153)
10(841 851 853 1383 1565 1566 1522 1153 1160 831)
4(831 1160 1154 825)
8(1140 1144 1150 1155 1154 1160 1153 1147)
9(8 35 117 690 686 683 684 203 4)
3(74 223 220)
3(74 220 75)
6(4 5 74 75 9 8)
9(75 220 246 248 116 12 37 36 9)
5(9 36 38 35 8)
9(807 1092 1362 1361 812 816 817 814 809)
4(8 807 809 4)
8(8 35 307 309 312 1091 1092 807)
6(807 808 1159 1160 831 809)
5(1153 1160 1159 1395 1391)
5(1092 1093 811 808 807)
11(1095 1096 1340 1341 811 808 1159 1395 1393 813 806)
9(43 55 646 648 988 987 758 757 44)
11(73 76 77 353 975 977 973 371 191 81 79)
6(2 73 79 43 44 0)
10(0 756 1279 1277 1000 1002 631 77 76 2)
3(44 757 0)
3(757 756 0)
3(2 76 73)
10(1577 1615 1629 1630 1620 1634 1632 1642 1636 1587)
7(44 43 156 620 1577 1587 42)
10(42 870 871 65 265 477 1067 1068 757 44)
5(1587 1636 1539 870 42)
4(1577 1578 1588 1587)
8(1582 1596 1609 1612 1627 1611 1588 1578)
9(1588 1611 1625 1623 1640 1639 1637 1636 1587)
7(72 75 74 80 79 73 71)
9(122 520 523 419 421 221 220 75 72)
3(77 78 76)
9(71 73 76 78 238 240 227 230 70)
6(70 514 516 122 72 71)
8(1578 1588 1174 1175 1176 1159 1160 1154)
4(72 75 9 7)
8(7 9 8 807 808 920 919 6)
4(808 1159 1176 920)
3(0 2 1)
6(1 14 13 42 44 0)
6(13 41 1174 1588 1587 42)
6(2 73 71 17 14 1)
7(14 17 16 933 934 41 13)
4(41 934 1175 1174)
6(16 17 71 72 7 6)
4(6 919 933 16)
6(919 920 1176 1175 934 933)
10(1159 1395 1394 1167 1169 1173 1181 1188 1186 1176)
5(1174 1178 1179 1611 1588)
10(1175 1185 1645 1648 1508 1369 1183 1182 1178 1174)
3(1176 1186 1185)
3(1176 1185 1175)
9(7 136 533 536 501 502 284 36 9)
10(72 122 289 292 1078 1077 295 296 136 7)
9(920 914 905 1330 1333 1348 1350 811 808)
5(7 136 135 40 6)
8(40 301 898 896 142 910 919 6)
5(910 911 914 920 919)
11(914 915 926 924 927 935 940 1115 1186 1176 920)
10(0 756 754 262 258 98 744 743 15 1)
11(1 15 739 741 734 232 85 83 78 76 2)
3(743 739 15)
10(42 870 869 66 328 602 601 950 949 13)
3(1 14 15)
10(13 949 1536 1533 613 616 745 743 15 14)
5(13 41 1239 1240 949)
9(1174 1178 945 946 591 330 1236 1239 41)
10(14 15 739 740 458 88 18 32 34 17)
10(17 34 33 225 428 729 728 286 70 71)
8(41 1239 1238 592 1210 1208 939 934)
6(16 19 103 104 34 17)
8(933 929 1206 1204 574 573 19 16)
7(933 934 939 1440 1441 1203 929)
10(934 1175 1185 1114 937 1125 1414 1416 938 939)
10(16 19 107 109 299 1315 1325 1323 40 6)
9(908 1218 1217 910 919 933 929 931 930)
3(3354 1678 2937)
3(7196 3354 5520)
3(3354 1678 5520)
3(5520 1678 2937)
3(5520 2937 6779)
4(6779 2937 3354 7196)
3(3354 2937 4852)
3(6779 2937 4852)
3(6779 4852 8694)
3(8694 4852 7196)
3(4852 3354 7196)
3(4852 4169 1764)
4(8694 4852 4169 8011)
3(8011 4169 5606)
3(4169 1764 5606)
3(5606 1764 4852)
3(5606 4852 8694)
3(4852 1764 3354)
3(5606 1764 3354)
3(5606 3354 7196)
3(4852 4359 1766)
4(8694 4852 4359 8201)
3(8201 4359 5608)
3(4359 1766 5608)
3(5608 1766 4852)
3(5608 4852 8694)
3(4852 1766 4626)
3(5608 1766 4626)
3(5608 4626 8468)
3(8468 4626 4852)
3(8468 4852 8694)
3(2937 1767 4359)
3(6779 2937 5609)
3(2937 1767 5609)
3(5609 1767 4359)
3(5609 4359 8201)
3(8201 4359 6779)
3(4359 2937 6779)
3(2937 4359 4852)
3(4852 4626 1906)
3(8468 4626 5748)
3(4626 1906 5748)
4(5748 1906 4852 8694)
3(4852 1906 3114)
3(5748 1906 3114)
3(5748 3114 6956)
3(6956 3114 4852)
3(6956 4852 8694)
3(3114 1907 4169)
3(6956 3114 5749)
3(3114 1907 5749)
3(5749 1907 4169)
3(5749 4169 8011)
3(8011 4169 6956)
3(4169 3114 6956)
3(3114 4169 4852)
3(3303 1766 4359)
3(7145 3303 5608)
3(3303 1766 5608)
3(8201 4359 7145)
3(4359 3303 7145)
3(3303 4359 4853)
4(8201 4359 4853 8695)
3(8695 4853 7145)
3(4853 3303 7145)
3(4853 4359 1767)
3(5609 1767 4853)
3(5609 4853 8695)
3(4853 1767 3558)
3(5609 1767 3558)
3(5609 3558 7400)
3(7400 3558 4853)
3(7400 4853 8695)
3(3826 1768 3303)
3(7668 3826 5610)
3(3826 1768 5610)
3(5610 1768 3303)
3(5610 3303 7145)
4(7145 3303 3826 7668)
3(3826 3303 4853)
3(8695 4853 7668)
3(4853 3826 7668)
3(4591 1915 3826)
3(8433 4591 5757)
3(4591 1915 5757)
3(5757 1915 3826)
3(5757 3826 7668)
3(7668 3826 4591)
3(7668 4591 8433)
3(4591 3826 4853)
4(8695 4853 4591 8433)
3(4853 3558 2178)
3(7400 3558 6020)
3(3558 2178 6020)
3(6020 2178 4853)
3(6020 4853 8695)
3(4853 2178 4092)
3(6020 2178 4092)
3(6020 4092 7934)
3(7934 4092 4853)
3(7934 4853 8695)
3(4853 4092 2179)
3(7934 4092 6021)
3(4092 2179 6021)
3(6021 2179 4853)
3(6021 4853 8695)
3(4853 2179 4591)
3(6021 2179 4591)
3(6021 4591 8433)
3(3198 1764 4169)
3(7040 3198 5606)
3(3198 1764 5606)
3(8011 4169 7040)
3(4169 3198 7040)
3(3198 4169 4854)
4(8011 4169 4854 8696)
3(8696 4854 7040)
3(4854 3198 7040)
3(4854 3448 1765)
3(8696 4854 7290)
3(4854 3448 7290)
3(7290 3448 5607)
3(3448 1765 5607)
3(5607 1765 4854)
3(5607 4854 8696)
3(4854 1765 4234)
3(5607 1765 4234)
3(5607 4234 8076)
4(8076 4234 4854 8696)
3(4854 4268 1904)
3(8696 4854 8110)
3(4854 4268 8110)
3(8110 4268 5746)
3(4268 1904 5746)
3(5746 1904 4854)
3(5746 4854 8696)
3(4854 1904 3448)
3(5746 1904 3448)
3(5746 3448 7290)
3(4854 4169 1907)
3(5749 1907 4854)
3(5749 4854 8696)
3(4854 1907 4268)
3(5749 1907 4268)
3(5749 4268 8110)
3(4234 2054 3732)
3(8076 4234 5896)
3(4234 2054 5896)
3(5896 2054 3732)
3(5896 3732 7574)
3(7574 3732 4234)
3(7574 4234 8076)
3(4234 3732 4854)
3(7574 3732 4854)
3(7574 4854 8696)
3(3732 2055 3198)
3(7574 3732 5897)
3(3732 2055 5897)
3(5897 2055 3198)
3(5897 3198 7040)
4(7040 3198 3732 7574)
3(3732 3198 4854)
3(4855 4626 1766)
3(8697 4855 8468)
3(4855 4626 8468)
3(5608 1766 4855)
3(5608 4855 8697)
3(4855 1766 3303)
3(7145 3303 4855)
3(7145 4855 8697)
3(4855 3303 1768)
3(5610 1768 4855)
3(5610 4855 8697)
3(4855 1768 3201)
3(5610 1768 3201)
3(5610 3201 7043)
3(7043 3201 4855)
3(7043 4855 8697)
3(4855 3201 1857)
3(7043 3201 5699)
3(3201 1857 5699)
3(5699 1857 4855)
3(5699 4855 8697)
3(4855 1857 2943)
3(5699 1857 2943)
3(5699 2943 6785)
3(6785 2943 4855)
3(6785 4855 8697)
3(2943 1858 3738)
3(6785 2943 5700)
3(2943 1858 5700)
3(5700 1858 3738)
3(5700 3738 7580)
3(7580 3738 6785)
3(3738 2943 6785)
3(2943 3738 4855)
3(7580 3738 4855)
3(7580 4855 8697)
3(3738 1905 4464)
3(7580 3738 5747)
3(3738 1905 5747)
4(5747 1905 4464 8306)
4(8306 4464 3738 7580)
3(3738 4464 4855)
3(8306 4464 4855)
3(8306 4855 8697)
3(4464 1906 4626)
4(8306 4464 1906 5748)
3(8468 4626 8306)
3(4626 4464 8306)
3(4464 4626 4855)
3(4798 1904 4268)
3(8640 4798 5746)
3(4798 1904 5746)
4(8110 4268 4798 8640)
3(4798 4268 4856)
3(8110 4268 4856)
3(8110 4856 8698)
3(8698 4856 8640)
3(4856 4798 8640)
3(4856 4464 1905)
3(8698 4856 8306)
3(4856 4464 8306)
3(5747 1905 4856)
3(5747 4856 8698)
3(4856 1905 3556)
3(5747 1905 3556)
3(5747 3556 7398)
3(7398 3556 4856)
3(7398 4856 8698)
3(4856 3114 1906)
3(8698 4856 6956)
3(4856 3114 6956)
3(5748 1906 4856)
3(5748 4856 8698)
3(4856 1906 4464)
3(4268 1907 3114)
3(6956 3114 4268)
3(6956 4268 8110)
3(4268 3114 4856)
3(3886 2064 4798)
3(7728 3886 5906)
3(3886 2064 5906)
3(5906 2064 4798)
3(5906 4798 8640)
3(8640 4798 7728)
3(4798 3886 7728)
3(3886 4798 4856)
3(8698 4856 7728)
3(4856 3886 7728)
3(4856 3556 2065)
3(7398 3556 5907)
3(3556 2065 5907)
3(5907 2065 4856)
3(5907 4856 8698)
3(4856 2065 3886)
3(5907 2065 3886)
3(5907 3886 7728)
3(4857 2937 1678)
3(8699 4857 6779)
3(4857 2937 6779)
3(5520 1678 4857)
3(5520 4857 8699)
3(4857 1678 4580)
4(5520 1678 4580 8422)
3(8422 4580 4857)
3(8422 4857 8699)
3(4857 4580 1679)
4(8422 4580 1679 5521)
3(5521 1679 4857)
3(5521 4857 8699)
3(4857 1679 4026)
3(5521 1679 4026)
3(5521 4026 7868)
3(7868 4026 4857)
3(7868 4857 8699)
3(3558 1767 2937)
3(6779 2937 3558)
3(6779 3558 7400)
3(3558 2937 4857)
3(8699 4857 7400)
3(4857 3558 7400)
3(4857 4026 1912)
3(7868 4026 5754)
3(4026 1912 5754)
3(5754 1912 4857)
3(5754 4857 8699)
3(4857 1912 3037)
3(5754 1912 3037)
3(5754 3037 6879)
3(6879 3037 4857)
3(6879 4857 8699)
3(3037 2177 3308)
3(6879 3037 6019)
3(3037 2177 6019)
3(6019 2177 3308)
3(6019 3308 7150)
3(7150 3308 6879)
3(3308 3037 6879)
3(3037 3308 4857)
3(7150 3308 4857)
3(7150 4857 8699)
3(3308 2178 3558)
3(7150 3308 6020)
3(3308 2178 6020)
4(7400 3558 3308 7150)
3(3308 3558 4857)
3(4580 1678 3354)
3(7196 3354 8422)
3(3354 4580 8422)
3(4580 3354 4858)
3(7196 3354 4858)
3(7196 4858 8700)
3(8700 4858 8422)
3(4858 4580 8422)
3(4225 1679 4580)
3(8067 4225 5521)
3(4225 1679 5521)
4(8422 4580 4225 8067)
3(4225 4580 4858)
3(8700 4858 8067)
3(4858 4225 8067)
3(4858 3354 1764)
3(5606 1764 4858)
3(5606 4858 8700)
3(4858 1764 3198)
3(7040 3198 4858)
3(7040 4858 8700)
3(4858 3198 2055)
3(5897 2055 4858)
3(5897 4858 8700)
3(4858 2055 3974)
3(5897 2055 3974)
3(5897 3974 7816)
3(7816 3974 4858)
3(7816 4858 8700)
3(3044 2262 4225)
3(6886 3044 6104)
3(3044 2262 6104)
3(6104 2262 4225)
3(6104 4225 8067)
3(8067 4225 6886)
3(4225 3044 6886)
3(3044 4225 4858)
3(8700 4858 6886)
3(4858 3044 6886)
3(4858 3974 2263)
3(7816 3974 6105)
3(3974 2263 6105)
3(6105 2263 4858)
3(6105 4858 8700)
3(4858 2263 3044)
3(6105 2263 3044)
3(6105 3044 6886)
3(3201 1768 3826)
3(7668 3826 3201)
3(7668 3201 7043)
3(3201 3826 4859)
3(7668 3826 4859)
3(7668 4859 8701)
3(8701 4859 7043)
3(4859 3201 7043)
3(3179 1853 4136)
4(7021 3179 1853 5695)
3(5695 1853 4136)
3(5695 4136 7978)
3(7978 4136 7021)
3(4136 3179 7021)
3(3179 4136 4859)
3(7978 4136 4859)
3(7978 4859 8701)
3(8701 4859 7021)
3(4859 3179 7021)
3(4136 1857 3201)
3(7978 4136 5699)
3(4136 1857 5699)
3(7043 3201 7978)
3(3201 4136 7978)
3(4136 3201 4859)
3(4859 3826 1915)
3(5757 1915 4859)
3(5757 4859 8701)
3(4859 1915 3869)
3(5757 1915 3869)
3(5757 3869 7711)
3(7711 3869 4859)
3(7711 4859 8701)
3(4859 4644 1919)
4(8701 4859 4644 8486)
3(8486 4644 5761)
3(4644 1919 5761)
3(5761 1919 4859)
3(5761 4859 8701)
3(4859 1919 3179)
4(5761 1919 3179 7021)
3(4859 3869 1920)
3(7711 3869 5762)
3(3869 1920 5762)
3(5762 1920 4859)
3(5762 4859 8701)
3(4859 1920 4644)
3(5762 1920 4644)
3(5762 4644 8486)
3(3874 1765 3448)
3(7716 3874 5607)
3(3874 1765 5607)
3(7290 3448 3874)
3(7290 3874 7716)
3(3874 3448 4860)
3(7290 3448 4860)
3(7290 4860 8702)
3(8702 4860 7716)
3(4860 3874 7716)
3(4860 3448 1904)
3(5746 1904 4860)
3(5746 4860 8702)
3(4860 1904 4798)
3(8640 4798 4860)
3(8640 4860 8702)
3(3313 2062 3874)
3(7155 3313 5904)
3(3313 2062 5904)
3(5904 2062 3874)
3(5904 3874 7716)
3(7716 3874 3313)
3(7716 3313 7155)
3(3313 3874 4860)
4(8702 4860 3313 7155)
3(4860 4798 2064)
3(5906 2064 4860)
3(5906 4860 8702)
3(4860 2064 4138)
3(5906 2064 4138)
3(5906 4138 7980)
3(7980 4138 4860)
3(7980 4860 8702)
3(3837 2811 3313)
4(7679 3837 2811 6653)
3(6653 2811 3313)
3(6653 3313 7155)
3(7155 3313 7679)
3(3313 3837 7679)
3(3837 3313 4860)
3(8702 4860 7679)
3(4860 3837 7679)
3(4860 4138 2812)
3(7980 4138 6654)
3(4138 2812 6654)
3(6654 2812 4860)
3(6654 4860 8702)
3(4860 2812 3837)
4(6654 2812 3837 7679)
3(4282 2176 3247)
3(8124 4282 6018)
3(4282 2176 6018)
3(6018 2176 3247)
3(6018 3247 7089)
3(7089 3247 4282)
3(7089 4282 8124)
3(4282 3247 4861)
3(7089 3247 4861)
3(7089 4861 8703)
4(8703 4861 4282 8124)
3(4861 3308 2177)
3(8703 4861 7150)
3(4861 3308 7150)
3(6019 2177 4861)
3(6019 4861 8703)
3(4861 2177 3781)
3(6019 2177 3781)
3(6019 3781 7623)
3(7623 3781 4861)
3(7623 4861 8703)
3(4861 4092 2178)
3(8703 4861 7934)
3(4861 4092 7934)
3(6020 2178 4861)
3(6020 4861 8703)
3(4861 2178 3308)
3(3247 2179 4092)
3(7089 3247 6021)
3(3247 2179 6021)
3(7934 4092 3247)
3(7934 3247 7089)
3(3247 4092 4861)
3(3463 2181 4282)
4(7305 3463 2181 6023)
3(6023 2181 4282)
3(6023 4282 8124)
3(8124 4282 7305)
3(4282 3463 7305)
3(3463 4282 4861)
3(8703 4861 7305)
3(4861 3463 7305)
3(4861 3781 2182)
3(7623 3781 6024)
3(3781 2182 6024)
3(6024 2182 4861)
3(6024 4861 8703)
3(4861 2182 3463)
4(6024 2182 3463 7305)
3(4862 3732 2054)
3(8704 4862 7574)
3(4862 3732 7574)
3(5896 2054 4862)
3(5896 4862 8704)
3(4862 2054 3731)
3(5896 2054 3731)
3(5896 3731 7573)
3(7573 3731 4862)
3(7573 4862 8704)
3(3974 2055 3732)
3(7574 3732 3974)
3(7574 3974 7816)
3(3974 3732 4862)
3(8704 4862 7816)
3(4862 3974 7816)
3(4862 3409 2059)
4(8704 4862 3409 7251)
3(7251 3409 5901)
3(3409 2059 5901)
3(5901 2059 4862)
3(5901 4862 8704)
3(4862 2059 3934)
4(5901 2059 3934 7776)
3(7776 3934 4862)
3(7776 4862 8704)
3(4862 3731 2061)
3(7573 3731 5903)
3(3731 2061 5903)
3(5903 2061 4862)
3(5903 4862 8704)
3(4862 2061 3409)
3(5903 2061 3409)
3(5903 3409 7251)
3(4232 2263 3974)
3(8074 4232 6105)
3(4232 2263 6105)
3(7816 3974 8074)
3(3974 4232 8074)
3(4232 3974 4862)
3(8704 4862 8074)
3(4862 4232 8074)
3(3934 2265 4232)
4(7776 3934 2265 6107)
3(6107 2265 4232)
3(6107 4232 8074)
3(8074 4232 7776)
3(4232 3934 7776)
3(3934 4232 4862)
3(4863 3356 1854)
3(8705 4863 7198)
3(4863 3356 7198)
3(7198 3356 5696)
3(3356 1854 5696)
3(5696 1854 4863)
3(5696 4863 8705)
3(4863 1854 3839)
4(5696 1854 3839 7681)
3(7681 3839 4863)
3(7681 4863 8705)
3(4863 3738 1858)
3(8705 4863 7580)
3(4863 3738 7580)
3(5700 1858 4863)
3(5700 4863 8705)
3(4863 1858 3356)
3(5700 1858 3356)
3(5700 3356 7198)
3(3556 1905 3738)
4(7580 3738 3556 7398)
3(3556 3738 4863)
3(8705 4863 7398)
3(4863 3556 7398)
3(3167 2065 3556)
3(7009 3167 5907)
3(3167 2065 5907)
3(7398 3556 7009)
3(3556 3167 7009)
3(3167 3556 4863)
3(8705 4863 7009)
3(4863 3167 7009)
3(3635 2802 3167)
4(7477 3635 2802 6644)
3(6644 2802 3167)
3(6644 3167 7009)
3(7009 3167 3635)
3(7009 3635 7477)
3(3635 3167 4863)
3(8705 4863 7477)
3(4863 3635 7477)
3(4863 3839 2803)
4(7681 3839 2803 6645)
4(6645 2803 4863 8705)
3(4863 2803 3635)
4(6645 2803 3635 7477)
3(4864 4026 1679)
3(8706 4864 7868)
3(4864 4026 7868)
4(5521 1679 4864 8706)
3(4864 1679 4225)
3(8067 4225 4864)
3(8067 4864 8706)
3(4744 1772 4288)
4(8586 4744 1772 5614)
4(5614 1772 4288 8130)
4(8130 4288 4744 8586)
3(4744 4288 4864)
3(8130 4288 4864)
3(8130 4864 8706)
3(8706 4864 8586)
3(4864 4744 8586)
3(3819 1912 4026)
3(7661 3819 5754)
3(3819 1912 5754)
3(7868 4026 7661)
3(4026 3819 7661)
3(3819 4026 4864)
3(8706 4864 7661)
3(4864 3819 7661)
3(4288 1913 3819)
4(8130 4288 1913 5755)
3(5755 1913 3819)
3(5755 3819 7661)
3(7661 3819 4288)
3(7661 4288 8130)
3(4288 3819 4864)
3(4864 4225 2262)
3(6104 2262 4864)
3(6104 4864 8706)
3(4864 2262 4266)
3(6104 2262 4266)
3(6104 4266 8108)
3(8108 4266 4864)
3(8108 4864 8706)
3(4864 4266 2264)
3(8108 4266 6106)
3(4266 2264 6106)
3(6106 2264 4864)
3(6106 4864 8706)
3(4864 2264 4744)
4(6106 2264 4744 8586)
3(4865 4528 1914)
3(8707 4865 8370)
3(4865 4528 8370)
3(8370 4528 5756)
3(4528 1914 5756)
3(5756 1914 4865)
3(5756 4865 8707)
3(4865 1914 3986)
3(5756 1914 3986)
3(5756 3986 7828)
4(7828 3986 4865 8707)
3(3869 1915 4591)
3(8433 4591 7711)
3(4591 3869 7711)
3(3869 4591 4865)
4(8433 4591 4865 8707)
3(8707 4865 7711)
3(4865 3869 7711)
3(4270 1920 3869)
3(8112 4270 5762)
3(4270 1920 5762)
3(7711 3869 8112)
3(3869 4270 8112)
3(4270 3869 4865)
3(8707 4865 8112)
3(4865 4270 8112)
3(3986 1921 4270)
3(7828 3986 5763)
3(3986 1921 5763)
3(5763 1921 4270)
3(5763 4270 8112)
3(8112 4270 3986)
3(8112 3986 7828)
3(3986 4270 4865)
3(4865 3247 2176)
3(8707 4865 7089)
3(4865 3247 7089)
3(6018 2176 4865)
3(6018 4865 8707)
3(4865 2176 4528)
3(6018 2176 4528)
3(6018 4528 8370)
3(4865 4591 2179)
3(6021 2179 4865)
3(6021 4865 8707)
3(4865 2179 3247)
3(4866 4234 1765)
4(8708 4866 4234 8076)
3(5607 1765 4866)
3(5607 4866 8708)
3(4866 1765 3874)
3(7716 3874 4866)
3(7716 4866 8708)
3(3731 2054 4234)
3(8076 4234 7573)
3(4234 3731 7573)
3(3731 4234 4866)
3(8708 4866 7573)
3(4866 3731 7573)
3(3422 2060 4635)
3(7264 3422 5902)
3(3422 2060 5902)
3(5902 2060 4635)
3(5902 4635 8477)
3(8477 4635 3422)
3(8477 3422 7264)
3(3422 4635 4866)
3(8477 4635 4866)
3(8477 4866 8708)
4(8708 4866 3422 7264)
3(4635 2061 3731)
3(8477 4635 5903)
3(4635 2061 5903)
3(7573 3731 8477)
3(3731 4635 8477)
3(4635 3731 4866)
3(4866 3874 2062)
3(5904 2062 4866)
3(5904 4866 8708)
3(4866 2062 4365)
3(5904 2062 4365)
3(5904 4365 8207)
3(8207 4365 4866)
3(8207 4866 8708)
3(4866 4365 2063)
3(8207 4365 5905)
3(4365 2063 5905)
3(5905 2063 4866)
3(5905 4866 8708)
3(4866 2063 3422)
3(5905 2063 3422)
3(5905 3422 7264)
3(4867 4136 1853)
3(8709 4867 7978)
3(4867 4136 7978)
4(5695 1853 4867 8709)
3(4867 1853 4641)
3(5695 1853 4641)
3(5695 4641 8483)
3(8483 4641 4867)
3(8483 4867 8709)
3(4101 1854 3356)
3(7943 4101 5696)
3(4101 1854 5696)
4(7198 3356 4101 7943)
3(4101 3356 4867)
3(7198 3356 4867)
3(7198 4867 8709)
3(8709 4867 7943)
3(4867 4101 7943)
3(4597 1855 4101)
3(8439 4597 5697)
3(4597 1855 5697)
3(5697 1855 4101)
3(5697 4101 7943)
3(7943 4101 8439)
3(4101 4597 8439)
3(4597 4101 4867)
3(8709 4867 8439)
3(4867 4597 8439)
3(4867 4641 1856)
3(8483 4641 5698)
3(4641 1856 5698)
3(5698 1856 4867)
3(5698 4867 8709)
3(4867 1856 4597)
3(5698 1856 4597)
3(5698 4597 8439)
3(4867 2943 1857)
3(8709 4867 6785)
3(4867 2943 6785)
3(5699 1857 4867)
3(5699 4867 8709)
3(4867 1857 4136)
3(3356 1858 2943)
3(6785 2943 3356)
3(6785 3356 7198)
3(3356 2943 4867)
3(4138 2064 3886)
3(7728 3886 4138)
3(7728 4138 7980)
3(4138 3886 4868)
3(7728 3886 4868)
3(7728 4868 8710)
3(8710 4868 7980)
3(4868 4138 7980)
3(4868 3886 2065)
3(5907 2065 4868)
3(5907 4868 8710)
3(4868 2065 3167)
3(7009 3167 4868)
3(7009 4868 8710)
3(4868 3092 2801)
3(8710 4868 6934)
3(4868 3092 6934)
3(6934 3092 6643)
3(3092 2801 6643)
3(6643 2801 4868)
3(6643 4868 8710)
3(4868 2801 4240)
3(6643 2801 4240)
3(6643 4240 8082)
3(8082 4240 4868)
3(8082 4868 8710)
3(4868 3167 2802)
4(6644 2802 4868 8710)
3(4868 2802 3092)
3(6644 2802 3092)
3(6644 3092 6934)
3(4240 2810 4275)
3(8082 4240 6652)
3(4240 2810 6652)
3(6652 2810 4275)
3(6652 4275 8117)
3(8117 4275 8082)
3(4275 4240 8082)
3(4240 4275 4868)
3(8117 4275 4868)
3(8117 4868 8710)
3(4275 2812 4138)
3(8117 4275 6654)
3(4275 2812 6654)
4(7980 4138 4275 8117)
3(4275 4138 4868)
3(4869 3037 1912)
3(8711 4869 6879)
3(4869 3037 6879)
3(5754 1912 4869)
3(5754 4869 8711)
3(4869 1912 3819)
3(7661 3819 4869)
3(7661 4869 8711)
3(4869 3819 1913)
4(5755 1913 4869 8711)
3(4869 1913 3740)
3(5755 1913 3740)
3(5755 3740 7582)
3(7582 3740 4869)
3(7582 4869 8711)
3(4869 3740 1925)
3(7582 3740 5767)
3(3740 1925 5767)
3(5767 1925 4869)
3(5767 4869 8711)
3(4869 1925 4246)
3(5767 1925 4246)
3(5767 4246 8088)
3(8088 4246 4869)
3(8088 4869 8711)
3(3781 2177 3037)
3(6879 3037 3781)
3(6879 3781 7623)
3(3781 3037 4869)
3(8711 4869 7623)
3(4869 3781 7623)
3(4246 2180 2978)
3(8088 4246 6022)
3(4246 2180 6022)
3(6022 2180 2978)
3(6022 2978 6820)
3(6820 2978 8088)
3(2978 4246 8088)
3(4246 2978 4869)
3(6820 2978 4869)
3(6820 4869 8711)
3(2978 2182 3781)
3(6820 2978 6024)
3(2978 2182 6024)
4(7623 3781 2978 6820)
3(2978 3781 4869)
3(4266 2262 3044)
3(6886 3044 4266)
3(6886 4266 8108)
3(4266 3044 4870)
3(6886 3044 4870)
3(6886 4870 8712)
3(8712 4870 8108)
3(4870 4266 8108)
3(4870 3044 2263)
3(6105 2263 4870)
3(6105 4870 8712)
3(4870 2263 4232)
3(8074 4232 4870)
3(8074 4870 8712)
3(3834 2264 4266)
3(7676 3834 6106)
3(3834 2264 6106)
4(8108 4266 3834 7676)
3(3834 4266 4870)
3(8712 4870 7676)
3(4870 3834 7676)
3(4870 4232 2265)
4(6107 2265 4870 8712)
3(4870 2265 4372)
3(6107 2265 4372)
3(6107 4372 8214)
3(8214 4372 4870)
3(8214 4870 8712)
3(4337 2266 3834)
3(8179 4337 6108)
3(4337 2266 6108)
3(6108 2266 3834)
3(6108 3834 7676)
3(7676 3834 8179)
3(3834 4337 8179)
3(4337 3834 4870)
3(8712 4870 8179)
3(4870 4337 8179)
3(4870 4372 2267)
3(8214 4372 6109)
3(4372 2267 6109)
3(6109 2267 4870)
3(6109 4870 8712)
3(4870 2267 4337)
3(6109 2267 4337)
3(6109 4337 8179)
3(4871 4339 1916)
3(8713 4871 8181)
3(4871 4339 8181)
3(8181 4339 5758)
3(4339 1916 5758)
3(5758 1916 4871)
3(5758 4871 8713)
3(4871 1916 3537)
3(5758 1916 3537)
3(5758 3537 7379)
3(7379 3537 4871)
3(7379 4871 8713)
3(4871 3080 1917)
3(8713 4871 6922)
3(4871 3080 6922)
3(6922 3080 5759)
3(3080 1917 5759)
4(5759 1917 4871 8713)
3(4871 1917 4339)
3(5759 1917 4339)
3(5759 4339 8181)
3(3537 1918 3876)
3(7379 3537 5760)
3(3537 1918 5760)
3(5760 1918 3876)
3(5760 3876 7718)
3(7718 3876 7379)
3(3876 3537 7379)
3(3537 3876 4871)
3(7718 3876 4871)
3(7718 4871 8713)
3(3876 1919 4644)
3(7718 3876 5761)
3(3876 1919 5761)
4(8486 4644 3876 7718)
3(3876 4644 4871)
3(8486 4644 4871)
3(8486 4871 8713)
3(4871 4644 1920)
3(5762 1920 4871)
3(5762 4871 8713)
3(4871 1920 4270)
3(8112 4270 4871)
3(8112 4871 8713)
3(4871 4270 1921)
3(5763 1921 4871)
3(5763 4871 8713)
3(4871 1921 3080)
3(5763 1921 3080)
3(5763 3080 6922)
3(4365 2062 3313)
3(7155 3313 8207)
3(3313 4365 8207)
3(4365 3313 4872)
3(7155 3313 4872)
3(7155 4872 8714)
3(8714 4872 8207)
3(4872 4365 8207)
3(3085 2063 4365)
3(6927 3085 5905)
3(3085 2063 5905)
3(8207 4365 3085)
3(8207 3085 6927)
3(3085 4365 4872)
3(8714 4872 6927)
3(4872 3085 6927)
3(3048 2294 3085)
3(6890 3048 6136)
3(3048 2294 6136)
3(6136 2294 3085)
3(6136 3085 6927)
4(6927 3085 3048 6890)
3(3048 3085 4872)
3(8714 4872 6890)
3(4872 3048 6890)
3(3541 2299 3048)
3(7383 3541 6141)
3(3541 2299 6141)
3(6141 2299 3048)
3(6141 3048 6890)
3(6890 3048 7383)
3(3048 3541 7383)
3(3541 3048 4872)
3(8714 4872 7383)
3(4872 3541 7383)
3(4872 4519 2809)
3(8714 4872 8361)
3(4872 4519 8361)
3(8361 4519 6651)
3(4519 2809 6651)
3(6651 2809 4872)
3(6651 4872 8714)
3(4872 2809 3541)
3(6651 2809 3541)
3(6651 3541 7383)
3(4872 3313 2811)
4(6653 2811 4872 8714)
3(4872 2811 4519)
3(6653 2811 4519)
3(6653 4519 8361)
3(3184 1908 4652)
3(7026 3184 5750)
3(3184 1908 5750)
3(5750 1908 4652)
3(5750 4652 8494)
3(8494 4652 7026)
3(4652 3184 7026)
3(3184 4652 4873)
3(8494 4652 4873)
3(8494 4873 8715)
3(8715 4873 7026)
3(4873 3184 7026)
3(4652 1910 4425)
3(8494 4652 5752)
3(4652 1910 5752)
3(5752 1910 4425)
3(5752 4425 8267)
4(8267 4425 4652 8494)
3(4652 4425 4873)
3(8267 4425 4873)
3(8267 4873 8715)
3(4425 1914 4528)
3(8267 4425 5756)
3(4425 1914 5756)
3(8370 4528 4425)
3(8370 4425 8267)
3(4425 4528 4873)
3(8370 4528 4873)
3(8370 4873 8715)
3(4528 2176 4282)
3(8124 4282 8370)
3(4282 4528 8370)
3(4528 4282 4873)
3(8124 4282 4873)
3(8124 4873 8715)
3(4873 4282 2181)
4(6023 2181 4873 8715)
3(4873 2181 4167)
3(6023 2181 4167)
3(6023 4167 8009)
3(8009 4167 4873)
3(8009 4873 8715)
3(4873 4167 2183)
3(8009 4167 6025)
3(4167 2183 6025)
3(6025 2183 4873)
3(6025 4873 8715)
3(4873 2183 3184)
3(6025 2183 3184)
3(6025 3184 7026)
3(3646 2058 4633)
3(7488 3646 5900)
3(3646 2058 5900)
3(5900 2058 4633)
3(5900 4633 8475)
3(8475 4633 7488)
3(4633 3646 7488)
3(3646 4633 4874)
3(8475 4633 4874)
3(8475 4874 8716)
3(8716 4874 7488)
3(4874 3646 7488)
3(4633 2059 3409)
3(8475 4633 5901)
3(4633 2059 5901)
4(7251 3409 4633 8475)
3(4633 3409 4874)
3(7251 3409 4874)
3(7251 4874 8716)
3(4874 4635 2060)
3(8716 4874 8477)
3(4874 4635 8477)
3(5902 2060 4874)
3(5902 4874 8716)
3(4874 2060 2944)
3(5902 2060 2944)
3(5902 2944 6786)
3(6786 2944 4874)
3(6786 4874 8716)
3(4874 3409 2061)
3(5903 2061 4874)
3(5903 4874 8716)
3(4874 2061 4635)
3(4874 2944 2295)
3(6786 2944 6137)
3(2944 2295 6137)
4(6137 2295 4874 8716)
3(4874 2295 3144)
3(6137 2295 3144)
3(6137 3144 6986)
3(6986 3144 4874)
3(6986 4874 8716)
3(4874 3144 2300)
3(6986 3144 6142)
3(3144 2300 6142)
3(6142 2300 4874)
3(6142 4874 8716)
3(4874 2300 3646)
3(6142 2300 3646)
3(6142 3646 7488)
3(3807 1674 3088)
3(7649 3807 5516)
3(3807 1674 5516)
3(5516 1674 3088)
3(5516 3088 6930)
3(6930 3088 7649)
3(3088 3807 7649)
3(3807 3088 4875)
3(6930 3088 4875)
3(6930 4875 8717)
3(8717 4875 7649)
3(4875 3807 7649)
3(4875 4745 1675)
3(8717 4875 8587)
3(4875 4745 8587)
3(8587 4745 5517)
3(4745 1675 5517)
3(5517 1675 4875)
3(5517 4875 8717)
3(4875 1675 3807)
3(5517 1675 3807)
3(5517 3807 7649)
3(4641 1853 3179)
3(7021 3179 4641)
3(7021 4641 8483)
3(4641 3179 4875)
3(7021 3179 4875)
3(7021 4875 8717)
3(8717 4875 8483)
3(4875 4641 8483)
3(3088 1856 4641)
3(6930 3088 5698)
3(3088 1856 5698)
3(8483 4641 3088)
3(8483 3088 6930)
3(3088 4641 4875)
3(4875 3876 1918)
4(8717 4875 3876 7718)
3(5760 1918 4875)
3(5760 4875 8717)
3(4875 1918 4745)
3(5760 1918 4745)
3(5760 4745 8587)
3(4875 3179 1919)
3(5761 1919 4875)
3(5761 4875 8717)
3(4875 1919 3876)
3(4451 2807 4750)
3(8293 4451 6649)
3(4451 2807 6649)
3(6649 2807 4750)
3(6649 4750 8592)
3(8592 4750 8293)
3(4750 4451 8293)
3(4451 4750 4876)
3(8592 4750 4876)
3(8592 4876 8718)
3(8718 4876 8293)
3(4876 4451 8293)
3(4876 3737 2808)
3(8718 4876 7579)
3(4876 3737 7579)
3(7579 3737 6650)
3(3737 2808 6650)
3(6650 2808 4876)
3(6650 4876 8718)
3(4876 2808 4451)
3(6650 2808 4451)
3(6650 4451 8293)
3(4750 2809 4519)
3(8592 4750 6651)
3(4750 2809 6651)
3(8361 4519 8592)
3(4519 4750 8592)
3(4750 4519 4876)
4(8361 4519 4876 8718)
3(4876 4275 2810)
3(8718 4876 8117)
3(4876 4275 8117)
3(6652 2810 4876)
3(6652 4876 8718)
3(4876 2810 3737)
3(6652 2810 3737)
3(6652 3737 7579)
3(4519 2811 3837)
3(7679 3837 4519)
3(7679 4519 8361)
3(4519 3837 4876)
3(7679 3837 4876)
3(7679 4876 8718)
3(4876 3837 2812)
3(6654 2812 4876)
3(6654 4876 8718)
3(4876 2812 4275)
3(4877 2978 2180)
3(8719 4877 6820)
3(4877 2978 6820)
3(6022 2180 4877)
3(6022 4877 8719)
3(4877 2180 4692)
3(6022 2180 4692)
3(6022 4692 8534)
3(8534 4692 4877)
3(8534 4877 8719)
3(4167 2181 3463)
3(7305 3463 4167)
3(7305 4167 8009)
3(4167 3463 4877)
3(7305 3463 4877)
3(7305 4877 8719)
4(8719 4877 4167 8009)
3(4877 3463 2182)
3(6024 2182 4877)
3(6024 4877 8719)
3(4877 2182 2978)
3(4384 2183 4167)
3(8226 4384 6025)
3(4384 2183 6025)
3(8009 4167 8226)
3(4167 4384 8226)
3(4384 4167 4877)
3(8719 4877 8226)
3(4877 4384 8226)
3(4109 2184 4384)
3(7951 4109 6026)
3(4109 2184 6026)
3(6026 2184 4384)
3(6026 4384 8226)
3(8226 4384 7951)
3(4384 4109 7951)
3(4109 4384 4877)
3(8719 4877 7951)
3(4877 4109 7951)
3(4877 4692 2185)
3(8534 4692 6027)
3(4692 2185 6027)
3(6027 2185 4877)
3(6027 4877 8719)
3(4877 2185 4109)
3(6027 2185 4109)
3(6027 4109 7951)
3(4878 4633 2058)
4(8720 4878 4633 8475)
3(5900 2058 4878)
3(5900 4878 8720)
3(4878 2058 4834)
3(5900 2058 4834)
3(5900 4834 8676)
3(8676 4834 4878)
3(8676 4878 8720)
3(4878 3934 2059)
3(8720 4878 7776)
3(4878 3934 7776)
3(5901 2059 4878)
3(5901 4878 8720)
3(4878 2059 4633)
3(4372 2265 3934)
3(7776 3934 4372)
3(7776 4372 8214)
3(4372 3934 4878)
3(8720 4878 8214)
3(4878 4372 8214)
3(3833 2267 4372)
3(7675 3833 6109)
3(3833 2267 6109)
3(8214 4372 3833)
3(8214 3833 7675)
3(3833 4372 4878)
3(8720 4878 7675)
3(4878 3833 7675)
3(4878 4834 2518)
3(8676 4834 6360)
3(4834 2518 6360)
3(6360 2518 4878)
3(6360 4878 8720)
3(4878 2518 4555)
3(6360 2518 4555)
3(6360 4555 8397)
3(8397 4555 4878)
3(8397 4878 8720)
3(4555 2519 3833)
3(8397 4555 6361)
3(4555 2519 6361)
3(6361 2519 3833)
3(6361 3833 7675)
3(7675 3833 8397)
3(3833 4555 8397)
3(4555 3833 4878)
3(4879 4425 1910)
3(8721 4879 8267)
3(4879 4425 8267)
3(5752 1910 4879)
3(5752 4879 8721)
3(4879 1910 4105)
4(5752 1910 4105 7947)
3(7947 4105 4879)
3(7947 4879 8721)
3(4879 3986 1914)
4(8721 4879 3986 7828)
3(5756 1914 4879)
3(5756 4879 8721)
3(4879 1914 4425)
3(3838 1917 3080)
4(7680 3838 1917 5759)
3(6922 3080 7680)
3(3080 3838 7680)
3(3838 3080 4879)
3(6922 3080 4879)
3(6922 4879 8721)
3(8721 4879 7680)
3(4879 3838 7680)
3(3080 1921 3986)
3(7828 3986 6922)
3(3986 3080 6922)
3(3080 3986 4879)
3(3340 2171 3838)
3(7182 3340 6013)
3(3340 2171 6013)
4(6013 2171 3838 7680)
3(7680 3838 3340)
3(7680 3340 7182)
3(3340 3838 4879)
4(8721 4879 3340 7182)
3(4879 4105 2172)
4(7947 4105 2172 6014)
3(6014 2172 4879)
3(6014 4879 8721)
3(4879 2172 3340)
3(6014 2172 3340)
3(6014 3340 7182)
3(2944 2060 3422)
3(7264 3422 6786)
3(3422 2944 6786)
3(2944 3422 4880)
4(7264 3422 4880 8722)
3(8722 4880 6786)
3(4880 2944 6786)
3(4880 3422 2063)
3(5905 2063 4880)
3(5905 4880 8722)
3(4880 2063 3085)
3(6927 3085 4880)
3(6927 4880 8722)
3(4880 3085 2294)
3(6136 2294 4880)
3(6136 4880 8722)
3(4880 2294 3465)
4(6136 2294 3465 7307)
3(7307 3465 4880)
3(7307 4880 8722)
3(3742 2295 2944)
4(7584 3742 2295 6137)
3(6786 2944 7584)
3(2944 3742 7584)
3(3742 2944 4880)
3(8722 4880 7584)
3(4880 3742 7584)
3(4880 3465 2520)
4(7307 3465 2520 6362)
3(6362 2520 4880)
3(6362 4880 8722)
3(4880 2520 3002)
3(6362 2520 3002)
3(6362 3002 6844)
4(6844 3002 4880 8722)
3(3002 2521 3742)
3(6844 3002 6363)
3(3002 2521 6363)
4(6363 2521 3742 7584)
3(7584 3742 3002)
3(7584 3002 6844)
3(3002 3742 4880)
3(4607 1735 2953)
3(8449 4607 5577)
3(4607 1735 5577)
3(5577 1735 2953)
3(5577 2953 6795)
3(6795 2953 4607)
3(6795 4607 8449)
3(4607 2953 4881)
3(6795 2953 4881)
3(6795 4881 8723)
3(8723 4881 8449)
3(4881 4607 8449)
3(4881 4683 1736)
3(8723 4881 8525)
3(4881 4683 8525)
3(8525 4683 5578)
3(4683 1736 5578)
4(5578 1736 4881 8723)
3(4881 1736 4607)
3(5578 1736 4607)
3(5578 4607 8449)
3(4881 3839 1854)
3(8723 4881 7681)
3(4881 3839 7681)
3(5696 1854 4881)
3(5696 4881 8723)
3(4881 1854 4101)
3(7943 4101 4881)
3(7943 4881 8723)
3(4881 4101 1855)
3(5697 1855 4881)
3(5697 4881 8723)
3(4881 1855 4683)
3(5697 1855 4683)
3(5697 4683 8525)
3(3977 2803 3839)
4(7819 3977 2803 6645)
4(7681 3839 3977 7819)
3(3977 3839 4881)
3(8723 4881 7819)
3(4881 3977 7819)
3(2953 2805 3977)
3(6795 2953 6647)
3(2953 2805 6647)
4(6647 2805 3977 7819)
3(7819 3977 6795)
3(3977 2953 6795)
3(2953 3977 4881)
3(4772 2801 3092)
3(8614 4772 6643)
3(4772 2801 6643)
3(6934 3092 4772)
3(6934 4772 8614)
3(4772 3092 4882)
3(6934 3092 4882)
3(6934 4882 8724)
3(8724 4882 8614)
3(4882 4772 8614)
3(3092 2802 3635)
3(7477 3635 6934)
3(3635 3092 6934)
3(3092 3635 4882)
3(7477 3635 4882)
3(7477 4882 8724)
3(4882 3635 2803)
4(6645 2803 4882 8724)
3(4882 2803 3977)
3(7819 3977 4882)
3(7819 4882 8724)
3(4069 2804 4772)
3(7911 4069 6646)
3(4069 2804 6646)
3(6646 2804 4772)
3(6646 4772 8614)
4(8614 4772 4069 7911)
3(4069 4772 4882)
3(8724 4882 7911)
3(4882 4069 7911)
3(4882 3977 2805)
3(6647 2805 4882)
3(6647 4882 8724)
3(4882 2805 4541)
3(6647 2805 4541)
3(6647 4541 8383)
3(8383 4541 4882)
3(8383 4882 8724)
3(4882 4541 2806)
3(8383 4541 6648)
3(4541 2806 6648)
3(6648 2806 4882)
3(6648 4882 8724)
3(4882 2806 4069)
3(6648 2806 4069)
3(6648 4069 7911)
3(4883 4288 1772)
3(8725 4883 8130)
3(4883 4288 8130)
4(5614 1772 4883 8725)
3(4883 1772 4090)
4(5614 1772 4090 7932)
3(7932 4090 4883)
3(7932 4883 8725)
3(3740 1913 4288)
3(8130 4288 7582)
3(4288 3740 7582)
3(3740 4288 4883)
3(8725 4883 7582)
3(4883 3740 7582)
3(4711 1923 4775)
3(8553 4711 5765)
3(4711 1923 5765)
3(5765 1923 4775)
3(5765 4775 8617)
4(8617 4775 4711 8553)
3(4711 4775 4883)
3(8617 4775 4883)
3(8617 4883 8725)
3(8725 4883 8553)
3(4883 4711 8553)
3(4775 1925 3740)
3(8617 4775 5767)
3(4775 1925 5767)
3(7582 3740 4775)
3(7582 4775 8617)
3(4775 3740 4883)
3(4883 4090 2445)
4(7932 4090 2445 6287)
3(6287 2445 4883)
3(6287 4883 8725)
3(4883 2445 3476)
3(6287 2445 3476)
3(6287 3476 7318)
3(7318 3476 4883)
3(7318 4883 8725)
3(4883 3476 2446)
3(7318 3476 6288)
3(3476 2446 6288)
3(6288 2446 4883)
3(6288 4883 8725)
3(4883 2446 4711)
3(6288 2446 4711)
3(6288 4711 8553)
3(4090 1772 4744)
4(8586 4744 4090 7932)
3(4090 4744 4884)
3(8586 4744 4884)
3(8586 4884 8726)
3(8726 4884 7932)
3(4884 4090 7932)
3(4884 3453 2056)
3(8726 4884 7295)
3(4884 3453 7295)
3(7295 3453 5898)
3(3453 2056 5898)
4(5898 2056 4884 8726)
3(4884 2056 4715)
3(5898 2056 4715)
3(5898 4715 8557)
3(8557 4715 4884)
3(8557 4884 8726)
3(4884 4744 2264)
3(6106 2264 4884)
3(6106 4884 8726)
3(4884 2264 3834)
3(7676 3834 4884)
3(7676 4884 8726)
3(4884 3834 2266)
3(6108 2266 4884)
3(6108 4884 8726)
3(4884 2266 3453)
3(6108 2266 3453)
3(6108 3453 7295)
3(4715 2444 3689)
3(8557 4715 6286)
3(4715 2444 6286)
3(6286 2444 3689)
3(6286 3689 7531)
3(7531 3689 4715)
3(7531 4715 8557)
3(4715 3689 4884)
3(7531 3689 4884)
3(7531 4884 8726)
3(3689 2445 4090)
3(7531 3689 6287)
3(3689 2445 6287)
3(7932 4090 7531)
3(4090 3689 7531)
3(3689 4090 4884)
3(4885 3088 1674)
3(8727 4885 6930)
3(4885 3088 6930)
3(5516 1674 4885)
3(5516 4885 8727)
3(4885 1674 4661)
3(5516 1674 4661)
3(5516 4661 8503)
3(8503 4661 4885)
3(8503 4885 8727)
3(3845 1736 4683)
4(7687 3845 1736 5578)
4(8525 4683 3845 7687)
3(3845 4683 4885)
3(8525 4683 4885)
3(8525 4885 8727)
3(8727 4885 7687)
3(4885 3845 7687)
3(4350 1738 3845)
3(8192 4350 5580)
3(4350 1738 5580)
4(5580 1738 3845 7687)
3(7687 3845 4350)
3(7687 4350 8192)
3(4350 3845 4885)
3(8727 4885 8192)
3(4885 4350 8192)
3(4885 4661 1740)
3(8503 4661 5582)
3(4661 1740 5582)
3(5582 1740 4885)
3(5582 4885 8727)
3(4885 1740 4350)
3(5582 1740 4350)
3(5582 4350 8192)
3(4683 1855 4597)
3(8439 4597 4683)
3(8439 4683 8525)
3(4683 4597 4885)
3(8439 4597 4885)
3(8439 4885 8727)
3(4885 4597 1856)
3(5698 1856 4885)
3(5698 4885 8727)
3(4885 1856 3088)
3(3057 2632 3324)
3(6899 3057 6474)
3(3057 2632 6474)
3(6474 2632 3324)
3(6474 3324 7166)
3(7166 3324 6899)
3(3324 3057 6899)
3(3057 3324 4886)
3(7166 3324 4886)
3(7166 4886 8728)
3(8728 4886 6899)
3(4886 3057 6899)
3(4886 3849 2633)
3(8728 4886 7691)
3(4886 3849 7691)
4(7691 3849 2633 6475)
3(6475 2633 4886)
3(6475 4886 8728)
3(4886 2633 3057)
3(6475 2633 3057)
3(6475 3057 6899)
3(4886 4240 2801)
3(8728 4886 8082)
3(4886 4240 8082)
3(6643 2801 4886)
3(6643 4886 8728)
3(4886 2801 4772)
3(8614 4772 4886)
3(8614 4886 8728)
3(4886 4772 2804)
3(6646 2804 4886)
3(6646 4886 8728)
3(4886 2804 3849)
4(6646 2804 3849 7691)
3(3324 2808 3737)
3(7166 3324 6650)
3(3324 2808 6650)
4(7579 3737 3324 7166)
3(3324 3737 4886)
3(7579 3737 4886)
3(7579 4886 8728)
3(3737 2810 4240)
3(8082 4240 3737)
3(8082 3737 7579)
3(3737 4240 4886)
3(4453 1922 4753)
3(8295 4453 5764)
3(4453 1922 5764)
3(5764 1922 4753)
3(5764 4753 8595)
3(8595 4753 8295)
3(4753 4453 8295)
3(4453 4753 4887)
3(8595 4753 4887)
3(8595 4887 8729)
3(8729 4887 8295)
3(4887 4453 8295)
3(4887 4775 1923)
3(8729 4887 8617)
3(4887 4775 8617)
3(5765 1923 4887)
3(5765 4887 8729)
3(4887 1923 3943)
4(5765 1923 3943 7785)
3(7785 3943 4887)
3(7785 4887 8729)
3(4887 3943 1924)
4(7785 3943 1924 5766)
3(5766 1924 4887)
3(5766 4887 8729)
3(4887 1924 4453)
3(5766 1924 4453)
3(5766 4453 8295)
3(4887 4246 1925)
3(8729 4887 8088)
3(4887 4246 8088)
3(5767 1925 4887)
3(5767 4887 8729)
3(4887 1925 4775)
3(4692 2180 4246)
3(8088 4246 4692)
3(8088 4692 8534)
3(4692 4246 4887)
3(8729 4887 8534)
3(4887 4692 8534)
3(4753 2185 4692)
3(8595 4753 6027)
3(4753 2185 6027)
4(8534 4692 4753 8595)
3(4753 4692 4887)
3(3948 2056 3453)
4(7790 3948 2056 5898)
4(7295 3453 3948 7790)
3(3948 3453 4888)
3(7295 3453 4888)
3(7295 4888 8730)
3(8730 4888 7790)
3(4888 3948 7790)
3(3453 2266 4337)
3(8179 4337 3453)
3(8179 3453 7295)
3(3453 4337 4888)
3(8179 4337 4888)
3(8179 4888 8730)
3(4888 4337 2267)
3(6109 2267 4888)
3(6109 4888 8730)
3(4888 2267 3833)
3(7675 3833 4888)
3(7675 4888 8730)
3(3146 2269 3948)
3(6988 3146 6111)
3(3146 2269 6111)
4(6111 2269 3948 7790)
3(7790 3948 3146)
3(7790 3146 6988)
3(3146 3948 4888)
3(8730 4888 6988)
3(4888 3146 6988)
3(4888 3428 2517)
3(8730 4888 7270)
3(4888 3428 7270)
3(7270 3428 6359)
3(3428 2517 6359)
3(6359 2517 4888)
3(6359 4888 8730)
3(4888 2517 3146)
3(6359 2517 3146)
3(6359 3146 6988)
3(4888 3833 2519)
3(6361 2519 4888)
3(6361 4888 8730)
3(4888 2519 3428)
3(6361 2519 3428)
3(6361 3428 7270)
3(4120 1769 4807)
3(7962 4120 5611)
3(4120 1769 5611)
3(5611 1769 4807)
3(5611 4807 8649)
3(8649 4807 7962)
3(4807 4120 7962)
3(4120 4807 4889)
4(8649 4807 4889 8731)
3(8731 4889 7962)
3(4889 4120 7962)
3(4807 1916 4339)
3(8649 4807 5758)
3(4807 1916 5758)
3(8181 4339 4807)
3(8181 4807 8649)
3(4807 4339 4889)
3(8181 4339 4889)
3(8181 4889 8731)
3(4889 4339 1917)
3(5759 1917 4889)
3(5759 4889 8731)
3(4889 1917 3838)
3(7680 3838 4889)
3(7680 4889 8731)
3(3282 2162 4120)
4(7124 3282 2162 6004)
3(6004 2162 4120)
3(6004 4120 7962)
3(7962 4120 7124)
3(4120 3282 7124)
3(3282 4120 4889)
3(8731 4889 7124)
3(4889 3282 7124)
3(4889 3838 2171)
3(6013 2171 4889)
3(6013 4889 8731)
3(4889 2171 3829)
3(6013 2171 3829)
3(6013 3829 7671)
4(7671 3829 4889 8731)
3(4889 3829 2175)
3(7671 3829 6017)
3(3829 2175 6017)
3(6017 2175 4889)
3(6017 4889 8731)
3(4889 2175 3282)
4(6017 2175 3282 7124)
3(4890 4755 2290)
3(8732 4890 8597)
3(4890 4755 8597)
3(8597 4755 6132)
3(4755 2290 6132)
3(6132 2290 4890)
3(6132 4890 8732)
3(4890 2290 3288)
4(6132 2290 3288 7130)
3(7130 3288 4890)
3(7130 4890 8732)
3(4890 4815 2293)
4(8732 4890 4815 8657)
3(8657 4815 6135)
3(4815 2293 6135)
3(6135 2293 4890)
3(6135 4890 8732)
3(4890 2293 4755)
3(6135 2293 4755)
3(6135 4755 8597)
3(3465 2294 3048)
3(6890 3048 7307)
3(3048 3465 7307)
3(3465 3048 4890)
3(6890 3048 4890)
3(6890 4890 8732)
3(8732 4890 7307)
3(4890 3465 7307)
3(4890 3048 2299)
3(6141 2299 4890)
3(6141 4890 8732)
3(4890 2299 4815)
3(6141 2299 4815)
3(6141 4815 8657)
3(3836 2520 3465)
3(7678 3836 6362)
3(3836 2520 6362)
3(7307 3465 3836)
3(7307 3836 7678)
3(3836 3465 4890)
4(8732 4890 3836 7678)
3(3288 2524 3836)
4(7130 3288 2524 6366)
3(6366 2524 3836)
3(6366 3836 7678)
3(7678 3836 7130)
3(3836 3288 7130)
3(3288 3836 4890)
3(4891 4652 1908)
3(8733 4891 8494)
3(4891 4652 8494)
3(5750 1908 4891)
3(5750 4891 8733)
3(4891 1908 3984)
3(5750 1908 3984)
3(5750 3984 7826)
4(7826 3984 4891 8733)
3(4891 3984 1909)
3(7826 3984 5751)
3(3984 1909 5751)
3(5751 1909 4891)
3(5751 4891 8733)
3(4891 1909 3236)
3(5751 1909 3236)
3(5751 3236 7078)
3(7078 3236 4891)
3(7078 4891 8733)
3(4105 1910 4652)
3(8494 4652 7947)
3(4652 4105 7947)
3(4105 4652 4891)
3(8733 4891 7947)
3(4891 4105 7947)
3(4891 3236 1911)
3(7078 3236 5753)
3(3236 1911 5753)
3(5753 1911 4891)
3(5753 4891 8733)
3(4891 1911 3773)
4(5753 1911 3773 7615)
3(7615 3773 4891)
3(7615 4891 8733)
3(4042 2172 4105)
3(7884 4042 6014)
3(4042 2172 6014)
3(7947 4105 4042)
3(7947 4042 7884)
3(4042 4105 4891)
4(8733 4891 4042 7884)
3(3773 2174 4042)
4(7615 3773 2174 6016)
3(6016 2174 4042)
3(6016 4042 7884)
3(7884 4042 7615)
3(4042 3773 7615)
3(3773 4042 4891)
3(3390 2291 4836)
4(7232 3390 2291 6133)
3(6133 2291 4836)
3(6133 4836 8678)
3(8678 4836 7232)
3(4836 3390 7232)
3(3390 4836 4892)
3(8678 4836 4892)
3(8678 4892 8734)
3(8734 4892 7232)
3(4892 3390 7232)
3(4892 3144 2295)
3(8734 4892 6986)
3(4892 3144 6986)
3(6137 2295 4892)
3(6137 4892 8734)
3(4892 2295 3742)
3(7584 3742 4892)
3(7584 4892 8734)
3(4836 2296 2987)
3(8678 4836 6138)
3(4836 2296 6138)
3(6138 2296 2987)
3(6138 2987 6829)
3(6829 2987 8678)
3(2987 4836 8678)
3(4836 2987 4892)
4(6829 2987 4892 8734)
3(2987 2300 3144)
3(6829 2987 6142)
3(2987 2300 6142)
3(6986 3144 2987)
3(6986 2987 6829)
3(2987 3144 4892)
3(4892 3742 2521)
3(6363 2521 4892)
3(6363 4892 8734)
3(4892 2521 3682)
3(6363 2521 3682)
3(6363 3682 7524)
4(7524 3682 4892 8734)
3(4892 3682 2522)
3(7524 3682 6364)
3(3682 2522 6364)
3(6364 2522 4892)
3(6364 4892 8734)
3(4892 2522 3390)
4(6364 2522 3390 7232)
3(4074 1672 4141)
3(7916 4074 5514)
3(4074 1672 5514)
3(5514 1672 4141)
3(5514 4141 7983)
3(7983 4141 7916)
3(4141 4074 7916)
3(4074 4141 4893)
4(7983 4141 4893 8735)
3(8735 4893 7916)
3(4893 4074 7916)
3(4893 4348 1673)
3(8735 4893 8190)
3(4893 4348 8190)
3(8190 4348 5515)
3(4348 1673 5515)
3(5515 1673 4893)
3(5515 4893 8735)
3(4893 1673 4074)
3(5515 1673 4074)
3(5515 4074 7916)
3(4141 1675 4745)
3(7983 4141 5517)
3(4141 1675 5517)
3(8587 4745 4141)
3(8587 4141 7983)
3(4141 4745 4893)
3(8587 4745 4893)
3(8587 4893 8735)
3(4893 4807 1769)
4(8735 4893 4807 8649)
3(5611 1769 4893)
3(5611 4893 8735)
3(4893 1769 4348)
3(5611 1769 4348)
3(5611 4348 8190)
3(4893 3537 1916)
3(8735 4893 7379)
3(4893 3537 7379)
3(5758 1916 4893)
3(5758 4893 8735)
3(4893 1916 4807)
3(4745 1918 3537)
3(7379 3537 4745)
3(7379 4745 8587)
3(4745 3537 4893)
3(4000 2293 4815)
3(7842 4000 6135)
3(4000 2293 6135)
3(8657 4815 7842)
3(4815 4000 7842)
3(4000 4815 4894)
4(8657 4815 4894 8736)
3(8736 4894 7842)
3(4894 4000 7842)
3(4815 2299 3541)
3(7383 3541 4815)
3(7383 4815 8657)
3(4815 3541 4894)
3(7383 3541 4894)
3(7383 4894 8736)
3(4894 3787 2641)
4(8736 4894 3787 7629)
3(7629 3787 6483)
3(3787 2641 6483)
3(6483 2641 4894)
3(6483 4894 8736)
3(4894 2641 3708)
3(6483 2641 3708)
3(6483 3708 7550)
3(7550 3708 4894)
3(7550 4894 8736)
3(3708 2642 4000)
3(7550 3708 6484)
3(3708 2642 6484)
3(6484 2642 4000)
3(6484 4000 7842)
3(7842 4000 3708)
3(7842 3708 7550)
3(3708 4000 4894)
3(4894 4750 2807)
3(8736 4894 8592)
3(4894 4750 8592)
3(6649 2807 4894)
3(6649 4894 8736)
3(4894 2807 3787)
3(6649 2807 3787)
3(6649 3787 7629)
3(4894 3541 2809)
3(6651 2809 4894)
3(6651 4894 8736)
3(4894 2809 4750)
3(3984 1908 3184)
3(7026 3184 3984)
3(7026 3984 7826)
3(3984 3184 4895)
3(7026 3184 4895)
3(7026 4895 8737)
4(8737 4895 3984 7826)
3(4452 1909 3984)
3(8294 4452 5751)
3(4452 1909 5751)
3(7826 3984 8294)
3(3984 4452 8294)
3(4452 3984 4895)
3(8737 4895 8294)
3(4895 4452 8294)
3(4160 1929 4452)
3(8002 4160 5771)
3(4160 1929 5771)
3(5771 1929 4452)
3(5771 4452 8294)
3(8294 4452 4160)
3(8294 4160 8002)
3(4160 4452 4895)
3(8737 4895 8002)
3(4895 4160 8002)
3(4895 4238 1931)
4(8737 4895 4238 8080)
3(8080 4238 5773)
3(4238 1931 5773)
3(5773 1931 4895)
3(5773 4895 8737)
3(4895 1931 4160)
3(5773 1931 4160)
3(5773 4160 8002)
3(4895 3184 2183)
3(6025 2183 4895)
3(6025 4895 8737)
3(4895 2183 4384)
3(8226 4384 4895)
3(8226 4895 8737)
3(4895 4384 2184)
3(6026 2184 4895)
3(6026 4895 8737)
3(4895 2184 4238)
3(6026 2184 4238)
3(6026 4238 8080)
3(4834 2058 3646)
3(7488 3646 4834)
3(7488 4834 8676)
3(4834 3646 4896)
3(7488 3646 4896)
3(7488 4896 8738)
3(8738 4896 8676)
3(4896 4834 8676)
3(4896 2987 2296)
4(8738 4896 2987 6829)
3(6138 2296 4896)
3(6138 4896 8738)
3(4896 2296 4113)
3(6138 2296 4113)
3(6138 4113 7955)
3(7955 4113 4896)
3(7955 4896 8738)
3(4896 4113 2297)
3(7955 4113 6139)
3(4113 2297 6139)
3(6139 2297 4896)
3(6139 4896 8738)
3(4896 2297 3806)
3(6139 2297 3806)
3(6139 3806 7648)
3(7648 3806 4896)
3(7648 4896 8738)
3(4896 3646 2300)
3(6142 2300 4896)
3(6142 4896 8738)
3(4896 2300 2987)
3(3806 2515 3888)
3(7648 3806 6357)
3(3806 2515 6357)
3(6357 2515 3888)
3(6357 3888 7730)
3(7730 3888 7648)
3(3888 3806 7648)
3(3806 3888 4896)
4(7730 3888 4896 8738)
3(3888 2518 4834)
3(7730 3888 6360)
3(3888 2518 6360)
3(8676 4834 3888)
3(8676 3888 7730)
3(3888 4834 4896)
3(4897 4529 1734)
3(8739 4897 8371)
3(4897 4529 8371)
3(8371 4529 5576)
3(4529 1734 5576)
3(5576 1734 4897)
3(5576 4897 8739)
3(4897 1734 3812)
3(5576 1734 3812)
3(5576 3812 7654)
3(7654 3812 4897)
3(7654 4897 8739)
3(4897 2953 1735)
3(8739 4897 6795)
3(4897 2953 6795)
3(5577 1735 4897)
3(5577 4897 8739)
3(4897 1735 4529)
3(5577 1735 4529)
3(5577 4529 8371)
3(4897 3812 2143)
3(7654 3812 5985)
3(3812 2143 5985)
4(5985 2143 4897 8739)
3(4897 2143 4258)
3(5985 2143 4258)
3(5985 4258 8100)
3(8100 4258 4897)
3(8100 4897 8739)
3(4258 2409 4334)
3(8100 4258 6251)
3(4258 2409 6251)
3(6251 2409 4334)
3(6251 4334 8176)
3(8176 4334 4258)
3(8176 4258 8100)
3(4258 4334 4897)
3(8176 4334 4897)
3(8176 4897 8739)
3(4541 2805 2953)
4(6795 2953 4541 8383)
3(4541 2953 4897)
3(8739 4897 8383)
3(4897 4541 8383)
3(4334 2806 4541)
3(8176 4334 6648)
3(4334 2806 6648)
3(8383 4541 8176)
3(4541 4334 8176)
3(4334 4541 4897)
3(3829 2171 3340)
4(7182 3340 3829 7671)
3(3829 3340 4898)
4(7182 3340 4898 8740)
4(8740 4898 3829 7671)
3(4898 3340 2172)
4(6014 2172 4898 8740)
3(4898 2172 4042)
4(7884 4042 4898 8740)
3(3230 2173 4297)
3(7072 3230 6015)
3(3230 2173 6015)
3(6015 2173 4297)
3(6015 4297 8139)
4(8139 4297 3230 7072)
3(3230 4297 4898)
4(8139 4297 4898 8740)
4(8740 4898 3230 7072)
3(4898 4042 2174)
4(6016 2174 4898 8740)
3(4898 2174 3230)
3(6016 2174 3230)
3(6016 3230 7072)
3(4297 2175 3829)
3(8139 4297 6017)
3(4297 2175 6017)
4(7671 3829 4297 8139)
3(4297 3829 4898)
3(4899 3002 2520)
4(8741 4899 3002 6844)
4(6362 2520 4899 8741)
3(4899 2520 3836)
4(7678 3836 4899 8741)
3(3682 2521 3002)
4(6844 3002 3682 7524)
3(3682 3002 4899)
4(8741 4899 3682 7524)
3(4667 2522 3682)
3(8509 4667 6364)
3(4667 2522 6364)
4(7524 3682 4667 8509)
3(4667 3682 4899)
4(8741 4899 4667 8509)
3(4899 4409 2523)
4(8741 4899 4409 8251)
3(8251 4409 6365)
3(4409 2523 6365)
4(6365 2523 4899 8741)
3(4899 2523 4667)
3(6365 2523 4667)
3(6365 4667 8509)
3(4899 3836 2524)
4(6366 2524 4899 8741)
3(4899 2524 4409)
3(6366 2524 4409)
3(6366 4409 8251)
3(4900 3689 2444)
3(8742 4900 7531)
3(4900 3689 7531)
3(6286 2444 4900)
3(6286 4900 8742)
3(4900 2444 4653)
3(6286 2444 4653)
3(6286 4653 8495)
3(8495 4653 4900)
3(8495 4900 8742)
3(4900 3476 2445)
3(8742 4900 7318)
3(4900 3476 7318)
4(6287 2445 4900 8742)
3(4900 2445 3689)
3(4818 2446 3476)
3(8660 4818 6288)
3(4818 2446 6288)
3(7318 3476 8660)
3(3476 4818 8660)
3(4818 3476 4900)
3(8742 4900 8660)
3(4900 4818 8660)
3(4128 2447 4818)
3(7970 4128 6289)
3(4128 2447 6289)
3(6289 2447 4818)
3(6289 4818 8660)
3(8660 4818 4128)
3(8660 4128 7970)
3(4128 4818 4900)
3(8742 4900 7970)
3(4900 4128 7970)
3(4900 4653 2814)
3(8495 4653 6656)
3(4653 2814 6656)
3(6656 2814 4900)
3(6656 4900 8742)
3(4900 2814 4559)
3(6656 2814 4559)
3(6656 4559 8401)
3(8401 4559 4900)
3(8401 4900 8742)
3(4559 2818 4128)
3(8401 4559 6660)
3(4559 2818 6660)
3(6660 2818 4128)
3(6660 4128 7970)
4(7970 4128 4559 8401)
3(4559 4128 4900)
3(4901 4141 1672)
4(8743 4901 4141 7983)
3(5514 1672 4901)
3(5514 4901 8743)
3(4901 1672 4494)
3(5514 1672 4494)
3(5514 4494 8336)
3(8336 4494 4901)
3(8336 4901 8743)
3(4661 1674 3807)
4(7649 3807 4661 8503)
3(4661 3807 4901)
3(7649 3807 4901)
3(7649 4901 8743)
3(8743 4901 8503)
3(4901 4661 8503)
3(4901 3807 1675)
3(5517 1675 4901)
3(5517 4901 8743)
3(4901 1675 4141)
3(4281 1740 4661)
3(8123 4281 5582)
3(4281 1740 5582)
3(8503 4661 4281)
3(8503 4281 8123)
3(4281 4661 4901)
4(8743 4901 4281 8123)
3(4901 4494 1747)
3(8336 4494 5589)
3(4494 1747 5589)
3(5589 1747 4901)
3(5589 4901 8743)
3(4901 1747 4721)
3(5589 1747 4721)
3(5589 4721 8563)
3(8563 4721 4901)
3(8563 4901 8743)
3(4721 1751 4281)
3(8563 4721 5593)
3(4721 1751 5593)
3(5593 1751 4281)
3(5593 4281 8123)
3(8123 4281 8563)
3(4281 4721 8563)
3(4721 4281 4901)
3(4902 2984 2631)
4(8744 4902 2984 6826)
3(6826 2984 6473)
3(2984 2631 6473)
3(6473 2631 4902)
3(6473 4902 8744)
3(4902 2631 4723)
3(6473 2631 4723)
3(6473 4723 8565)
3(8565 4723 4902)
3(8565 4902 8744)
3(4902 3324 2632)
3(8744 4902 7166)
3(4902 3324 7166)
3(6474 2632 4902)
3(6474 4902 8744)
3(4902 2632 2984)
3(6474 2632 2984)
3(6474 2984 6826)
3(4723 2640 4502)
3(8565 4723 6482)
3(4723 2640 6482)
3(6482 2640 4502)
3(6482 4502 8344)
4(8344 4502 4723 8565)
3(4723 4502 4902)
3(8344 4502 4902)
3(8344 4902 8744)
3(4502 2641 3787)
3(8344 4502 6483)
3(4502 2641 6483)
3(7629 3787 8344)
3(3787 4502 8344)
3(4502 3787 4902)
4(7629 3787 4902 8744)
3(3787 2807 4451)
3(8293 4451 3787)
3(8293 3787 7629)
3(3787 4451 4902)
3(8293 4451 4902)
3(8293 4902 8744)
3(4902 4451 2808)
3(6650 2808 4902)
3(6650 4902 8744)
3(4902 2808 3324)
3(4903 3415 1770)
4(8745 4903 3415 7257)
3(7257 3415 5612)
3(3415 1770 5612)
3(5612 1770 4903)
3(5612 4903 8745)
3(4903 1770 3867)
3(5612 1770 3867)
3(5612 3867 7709)
3(7709 3867 4903)
3(7709 4903 8745)
3(4903 4753 1922)
3(8745 4903 8595)
3(4903 4753 8595)
3(5764 1922 4903)
3(5764 4903 8745)
3(4903 1922 3415)
3(5764 1922 3415)
3(5764 3415 7257)
3(3867 1930 3645)
3(7709 3867 5772)
3(3867 1930 5772)
3(5772 1930 3645)
3(5772 3645 7487)
4(7487 3645 3867 7709)
3(3867 3645 4903)
3(7487 3645 4903)
3(7487 4903 8745)
3(3645 1931 4238)
3(7487 3645 5773)
3(3645 1931 5773)
3(8080 4238 7487)
3(4238 3645 7487)
3(3645 4238 4903)
4(8080 4238 4903 8745)
3(4238 2184 4109)
3(7951 4109 4238)
3(7951 4238 8080)
3(4238 4109 4903)
3(7951 4109 4903)
3(7951 4903 8745)
3(4903 4109 2185)
3(6027 2185 4903)
3(6027 4903 8745)
3(4903 2185 4753)
3(4803 2514 3086)
3(8645 4803 6356)
3(4803 2514 6356)
3(6356 2514 3086)
3(6356 3086 6928)
3(6928 3086 8645)
3(3086 4803 8645)
3(4803 3086 4904)
4(6928 3086 4904 8746)
3(8746 4904 8645)
3(4904 4803 8645)
3(4904 3888 2515)
4(8746 4904 3888 7730)
3(6357 2515 4904)
3(6357 4904 8746)
3(4904 2515 4617)
3(6357 2515 4617)
3(6357 4617 8459)
3(8459 4617 4904)
3(8459 4904 8746)
3(4904 4617 2516)
3(8459 4617 6358)
3(4617 2516 6358)
3(6358 2516 4904)
3(6358 4904 8746)
3(4904 2516 4803)
3(6358 2516 4803)
3(6358 4803 8645)
3(3086 2517 3428)
3(6928 3086 6359)
3(3086 2517 6359)
3(7270 3428 3086)
3(7270 3086 6928)
3(3086 3428 4904)
3(7270 3428 4904)
3(7270 4904 8746)
3(4904 4555 2518)
3(8746 4904 8397)
3(4904 4555 8397)
3(6360 2518 4904)
3(6360 4904 8746)
3(4904 2518 3888)
3(3428 2519 4555)
4(8397 4555 3428 7270)
3(3428 4555 4904)
3(3279 1734 4529)
3(7121 3279 5576)
3(3279 1734 5576)
3(8371 4529 3279)
3(8371 3279 7121)
3(3279 4529 4905)
3(8371 4529 4905)
3(8371 4905 8747)
3(8747 4905 7121)
3(4905 3279 7121)
3(4529 1735 4607)
3(8449 4607 8371)
3(4607 4529 8371)
3(4529 4607 4905)
3(8449 4607 4905)
3(8449 4905 8747)
3(4905 4607 1736)
3(5578 1736 4905)
3(5578 4905 8747)
3(4905 1736 3845)
3(7687 3845 4905)
3(7687 4905 8747)
3(4905 3845 1738)
3(5580 1738 4905)
3(5580 4905 8747)
3(4905 1738 4526)
3(5580 1738 4526)
3(5580 4526 8368)
3(8368 4526 4905)
3(8368 4905 8747)
3(4905 4526 1753)
3(8368 4526 5595)
3(4526 1753 5595)
3(5595 1753 4905)
3(5595 4905 8747)
3(4905 1753 3811)
3(5595 1753 3811)
3(5595 3811 7653)
3(7653 3811 4905)
3(7653 4905 8747)
3(3811 1755 3279)
3(7653 3811 5597)
3(3811 1755 5597)
3(5597 1755 3279)
3(5597 3279 7121)
4(7121 3279 3811 7653)
3(3811 3279 4905)
3(4906 4334 2409)
3(8748 4906 8176)
3(4906 4334 8176)
3(6251 2409 4906)
3(6251 4906 8748)
3(4906 2409 2962)
3(6251 2409 2962)
3(6251 2962 6804)
3(6804 2962 4906)
3(6804 4906 8748)
3(4906 2962 2410)
3(6804 2962 6252)
3(2962 2410 6252)
3(6252 2410 4906)
3(6252 4906 8748)
3(4906 2410 3440)
3(6252 2410 3440)
3(6252 3440 7282)
3(7282 3440 4906)
3(7282 4906 8748)
3(3440 2628 4173)
3(7282 3440 6470)
3(3440 2628 6470)
3(6470 2628 4173)
3(6470 4173 8015)
3(8015 4173 3440)
3(8015 3440 7282)
3(3440 4173 4906)
3(8015 4173 4906)
3(8015 4906 8748)
3(4173 2633 3849)
3(8015 4173 6475)
3(4173 2633 6475)
3(7691 3849 4173)
3(7691 4173 8015)
3(4173 3849 4906)
3(7691 3849 4906)
3(7691 4906 8748)
3(3849 2804 4069)
4(7911 4069 3849 7691)
3(3849 4069 4906)
3(7911 4069 4906)
3(7911 4906 8748)
3(4906 4069 2806)
3(6648 2806 4906)
3(6648 4906 8748)
3(4906 2806 4334)
3(3943 1923 4711)
4(8553 4711 3943 7785)
3(3943 4711 4907)
3(8553 4711 4907)
3(8553 4907 8749)
3(8749 4907 7785)
3(4907 3943 7785)
3(4642 1924 3943)
3(8484 4642 5766)
3(4642 1924 5766)
3(7785 3943 4642)
3(7785 4642 8484)
3(4642 3943 4907)
3(8749 4907 8484)
3(4907 4642 8484)
3(3912 2163 4642)
3(7754 3912 6005)
3(3912 2163 6005)
3(6005 2163 4642)
3(6005 4642 8484)
3(8484 4642 3912)
3(8484 3912 7754)
3(3912 4642 4907)
3(8749 4907 7754)
3(4907 3912 7754)
3(4907 3385 2164)
3(8749 4907 7227)
3(4907 3385 7227)
3(7227 3385 6006)
3(3385 2164 6006)
3(6006 2164 4907)
3(6006 4907 8749)
3(4907 2164 3912)
3(6006 2164 3912)
3(6006 3912 7754)
3(4907 4711 2446)
3(6288 2446 4907)
3(6288 4907 8749)
3(4907 2446 4818)
3(8660 4818 4907)
3(8660 4907 8749)
3(4907 4818 2447)
3(6289 2447 4907)
3(6289 4907 8749)
3(4907 2447 3385)
3(6289 2447 3385)
3(6289 3385 7227)
3(4908 4715 2056)
3(8750 4908 8557)
3(4908 4715 8557)
3(5898 2056 4908)
3(5898 4908 8750)
3(4908 2056 3948)
3(7790 3948 4908)
3(7790 4908 8750)
3(4908 4274 2268)
3(8750 4908 8116)
3(4908 4274 8116)
3(8116 4274 6110)
3(4274 2268 6110)
3(6110 2268 4908)
3(6110 4908 8750)
3(4908 2268 3545)
3(6110 2268 3545)
3(6110 3545 7387)
3(7387 3545 4908)
3(7387 4908 8750)
3(4908 3948 2269)
3(6111 2269 4908)
3(6111 4908 8750)
3(4908 2269 4274)
3(6111 2269 4274)
3(6111 4274 8116)
3(4653 2444 4715)
3(8557 4715 8495)
3(4715 4653 8495)
3(4653 4715 4908)
3(8750 4908 8495)
3(4908 4653 8495)
3(3061 2814 4653)
3(6903 3061 6656)
3(3061 2814 6656)
3(8495 4653 3061)
3(8495 3061 6903)
3(3061 4653 4908)
3(8750 4908 6903)
3(4908 3061 6903)
3(3545 2815 3061)
3(7387 3545 6657)
3(3545 2815 6657)
3(6657 2815 3061)
3(6657 3061 6903)
4(6903 3061 3545 7387)
3(3545 3061 4908)
3(4526 1738 4350)
4(8192 4350 4526 8368)
3(4526 4350 4909)
3(8192 4350 4909)
3(8192 4909 8751)
3(8751 4909 8368)
3(4909 4526 8368)
3(4909 4350 1740)
3(5582 1740 4909)
3(5582 4909 8751)
3(4909 1740 4281)
4(8123 4281 4909 8751)
3(4909 4281 1751)
3(5593 1751 4909)
3(5593 4909 8751)
3(4909 1751 4204)
3(5593 1751 4204)
3(5593 4204 8046)
3(8046 4204 4909)
3(8046 4909 8751)
3(4909 4204 1752)
3(8046 4204 5594)
3(4204 1752 5594)
4(5594 1752 4909 8751)
3(4909 1752 3024)
3(5594 1752 3024)
3(5594 3024 6866)
3(6866 3024 4909)
3(6866 4909 8751)
3(3064 1753 4526)
3(6906 3064 5595)
3(3064 1753 5595)
3(8368 4526 3064)
3(8368 3064 6906)
3(3064 4526 4909)
4(8751 4909 3064 6906)
3(3024 1756 3064)
3(6866 3024 5598)
3(3024 1756 5598)
3(5598 1756 3064)
3(5598 3064 6906)
3(6906 3064 6866)
3(3064 3024 6866)
3(3024 3064 4909)
3(4910 4173 2628)
3(8752 4910 8015)
3(4910 4173 8015)
3(6470 2628 4910)
3(6470 4910 8752)
3(4910 2628 3704)
3(6470 2628 3704)
3(6470 3704 7546)
4(7546 3704 4910 8752)
3(4910 3704 2629)
3(7546 3704 6471)
3(3704 2629 6471)
3(6471 2629 4910)
3(6471 4910 8752)
3(4910 2629 3658)
3(6471 2629 3658)
3(6471 3658 7500)
3(7500 3658 4910)
3(7500 4910 8752)
3(3658 2630 4210)
3(7500 3658 6472)
3(3658 2630 6472)
3(6472 2630 4210)
3(6472 4210 8052)
4(8052 4210 3658 7500)
3(3658 4210 4910)
3(8052 4210 4910)
3(8052 4910 8752)
3(4210 2631 2984)
3(8052 4210 6473)
3(4210 2631 6473)
3(6826 2984 8052)
3(2984 4210 8052)
3(4210 2984 4910)
4(6826 2984 4910 8752)
3(2984 2632 3057)
3(6899 3057 2984)
3(6899 2984 6826)
3(2984 3057 4910)
3(6899 3057 4910)
3(6899 4910 8752)
3(4910 3057 2633)
4(6475 2633 4910 8752)
3(4910 2633 4173)
3(3856 1770 3415)
3(7698 3856 5612)
3(3856 1770 5612)
3(7257 3415 7698)
3(3415 3856 7698)
3(3856 3415 4911)
4(7257 3415 4911 8753)
3(8753 4911 7698)
3(4911 3856 7698)
3(4627 1771 3856)
3(8469 4627 5613)
3(4627 1771 5613)
3(5613 1771 3856)
3(5613 3856 7698)
4(7698 3856 4627 8469)
3(4627 3856 4911)
3(8753 4911 8469)
3(4911 4627 8469)
3(3415 1922 4453)
3(8295 4453 3415)
3(8295 3415 7257)
3(3415 4453 4911)
3(8295 4453 4911)
3(8295 4911 8753)
3(4911 4453 1924)
4(5766 1924 4911 8753)
3(4911 1924 4642)
3(8484 4642 4911)
3(8484 4911 8753)
3(4911 4642 2163)
3(6005 2163 4911)
3(6005 4911 8753)
3(4911 2163 3335)
3(6005 2163 3335)
3(6005 3335 7177)
4(7177 3335 4911 8753)
3(4911 3335 2166)
3(7177 3335 6008)
3(3335 2166 6008)
3(6008 2166 4911)
3(6008 4911 8753)
3(4911 2166 4627)
3(6008 2166 4627)
3(6008 4627 8469)
3(3803 2268 4274)
3(7645 3803 6110)
3(3803 2268 6110)
3(8116 4274 3803)
3(8116 3803 7645)
3(3803 4274 4912)
3(8116 4274 4912)
3(8116 4912 8754)
4(8754 4912 3803 7645)
3(4274 2269 3146)
4(6988 3146 4274 8116)
3(4274 3146 4912)
3(6988 3146 4912)
3(6988 4912 8754)
3(4912 4309 2272)
3(8754 4912 8151)
3(4912 4309 8151)
3(8151 4309 6114)
3(4309 2272 6114)
4(6114 2272 4912 8754)
3(4912 2272 3772)
3(6114 2272 3772)
3(6114 3772 7614)
3(7614 3772 4912)
3(7614 4912 8754)
3(3772 2273 3803)
3(7614 3772 6115)
3(3772 2273 6115)
3(6115 2273 3803)
3(6115 3803 7645)
3(7645 3803 7614)
3(3803 3772 7614)
3(3772 3803 4912)
3(4912 3086 2514)
4(8754 4912 3086 6928)
3(6356 2514 4912)
3(6356 4912 8754)
3(4912 2514 4309)
3(6356 2514 4309)
3(6356 4309 8151)
3(4912 3146 2517)
3(6359 2517 4912)
3(6359 4912 8754)
3(4912 2517 3086)
3(3216 1673 4348)
3(7058 3216 5515)
3(3216 1673 5515)
3(8190 4348 3216)
3(8190 3216 7058)
3(3216 4348 4913)
3(8190 4348 4913)
3(8190 4913 8755)
3(8755 4913 7058)
3(4913 3216 7058)
3(3662 1676 3216)
3(7504 3662 5518)
3(3662 1676 5518)
3(5518 1676 3216)
3(5518 3216 7058)
4(7058 3216 3662 7504)
3(3662 3216 4913)
3(8755 4913 7504)
3(4913 3662 7504)
3(4348 1769 4120)
3(7962 4120 8190)
3(4120 4348 8190)
3(4348 4120 4913)
3(7962 4120 4913)
3(7962 4913 8755)
3(4913 4120 2162)
4(6004 2162 4913 8755)
3(4913 2162 4684)
3(6004 2162 4684)
3(6004 4684 8526)
3(8526 4684 4913)
3(8526 4913 8755)
3(4172 2435 3662)
3(8014 4172 6277)
3(4172 2435 6277)
3(6277 2435 3662)
3(6277 3662 7504)
3(7504 3662 8014)
3(3662 4172 8014)
3(4172 3662 4913)
3(8755 4913 8014)
3(4913 4172 8014)
3(4913 4684 2436)
3(8526 4684 6278)
3(4684 2436 6278)
3(6278 2436 4913)
3(6278 4913 8755)
3(4913 2436 4172)
3(6278 2436 4172)
3(6278 4172 8014)
3(4801 2285 4691)
3(8643 4801 6127)
3(4801 2285 6127)
3(6127 2285 4691)
3(6127 4691 8533)
3(8533 4691 8643)
3(4691 4801 8643)
3(4801 4691 4914)
3(8533 4691 4914)
3(8533 4914 8756)
3(8756 4914 8643)
3(4914 4801 8643)
3(4914 3668 2287)
3(8756 4914 7510)
3(4914 3668 7510)
3(7510 3668 6129)
3(3668 2287 6129)
3(6129 2287 4914)
3(6129 4914 8756)
3(4914 2287 4801)
3(6129 2287 4801)
3(6129 4801 8643)
3(4691 2290 4755)
3(8533 4691 6132)
3(4691 2290 6132)
4(8597 4755 4691 8533)
3(4691 4755 4914)
3(8597 4755 4914)
3(8597 4914 8756)
3(4914 4755 2293)
3(6135 2293 4914)
3(6135 4914 8756)
3(4914 2293 4000)
3(7842 4000 4914)
3(7842 4914 8756)
3(4914 4000 2642)
3(6484 2642 4914)
3(6484 4914 8756)
3(4914 2642 3221)
3(6484 2642 3221)
3(6484 3221 7063)
3(7063 3221 4914)
3(7063 4914 8756)
3(4914 3221 2644)
3(7063 3221 6486)
3(3221 2644 6486)
4(6486 2644 4914 8756)
3(4914 2644 3668)
3(6486 2644 3668)
3(6486 3668 7510)
3(3822 1774 4322)
3(7664 3822 5616)
3(3822 1774 5616)
3(5616 1774 4322)
3(5616 4322 8164)
3(8164 4322 7664)
3(4322 3822 7664)
3(3822 4322 4915)
3(8164 4322 4915)
3(8164 4915 8757)
3(8757 4915 7664)
3(4915 3822 7664)
3(4915 3299 1775)
3(8757 4915 7141)
3(4915 3299 7141)
3(7141 3299 5617)
3(3299 1775 5617)
3(5617 1775 4915)
3(5617 4915 8757)
3(4915 1775 3822)
3(5617 1775 3822)
3(5617 3822 7664)
3(4915 3236 1909)
3(8757 4915 7078)
3(4915 3236 7078)
3(5751 1909 4915)
3(5751 4915 8757)
3(4915 1909 4452)
3(8294 4452 4915)
3(8294 4915 8757)
3(4322 1911 3236)
3(8164 4322 5753)
3(4322 1911 5753)
4(7078 3236 4322 8164)
3(4322 3236 4915)
3(4915 4822 1928)
3(8757 4915 8664)
3(4915 4822 8664)
3(8664 4822 5770)
3(4822 1928 5770)
4(5770 1928 4915 8757)
3(4915 1928 3299)
3(5770 1928 3299)
3(5770 3299 7141)
3(4915 4452 1929)
3(5771 1929 4915)
3(5771 4915 8757)
3(4915 1929 4822)
3(5771 1929 4822)
3(5771 4822 8664)
3(4916 4780 2289)
3(8758 4916 8622)
3(4916 4780 8622)
3(8622 4780 6131)
3(4780 2289 6131)
3(6131 2289 4916)
3(6131 4916 8758)
3(4916 2289 2977)
3(6131 2289 2977)
3(6131 2977 6819)
3(6819 2977 4916)
3(6819 4916 8758)
3(4916 4836 2291)
3(8758 4916 8678)
3(4916 4836 8678)
4(6133 2291 4916 8758)
3(4916 2291 4780)
3(6133 2291 4780)
3(6133 4780 8622)
3(2977 2292 3780)
3(6819 2977 6134)
3(2977 2292 6134)
3(6134 2292 3780)
3(6134 3780 7622)
3(7622 3780 6819)
3(3780 2977 6819)
3(2977 3780 4916)
3(7622 3780 4916)
3(7622 4916 8758)
3(4113 2296 4836)
3(8678 4836 7955)
3(4836 4113 7955)
3(4113 4836 4916)
3(8758 4916 7955)
3(4916 4113 7955)
3(3326 2297 4113)
3(7168 3326 6139)
3(3326 2297 6139)
3(7955 4113 3326)
3(7955 3326 7168)
3(3326 4113 4916)
3(8758 4916 7168)
3(4916 3326 7168)
3(3780 2298 3326)
3(7622 3780 6140)
3(3780 2298 6140)
3(6140 2298 3326)
3(6140 3326 7168)
4(7168 3326 3780 7622)
3(3780 3326 4916)
3(4684 2162 3282)
3(7124 3282 4684)
3(7124 4684 8526)
3(4684 3282 4917)
3(7124 3282 4917)
3(7124 4917 8759)
3(8759 4917 8526)
3(4917 4684 8526)
3(4917 4297 2173)
4(8759 4917 4297 8139)
3(6015 2173 4917)
3(6015 4917 8759)
3(4917 2173 4534)
4(6015 2173 4534 8376)
3(8376 4534 4917)
3(8376 4917 8759)
3(4917 3282 2175)
3(6017 2175 4917)
3(6017 4917 8759)
3(4917 2175 4297)
3(4917 4534 2193)
4(8376 4534 2193 6035)
3(6035 2193 4917)
3(6035 4917 8759)
3(4917 2193 4203)
3(6035 2193 4203)
3(6035 4203 8045)
3(8045 4203 4917)
3(8045 4917 8759)
3(4422 2436 4684)
3(8264 4422 6278)
3(4422 2436 6278)
3(8526 4684 4422)
3(8526 4422 8264)
3(4422 4684 4917)
4(8759 4917 4422 8264)
3(4917 4203 2440)
3(8045 4203 6282)
3(4203 2440 6282)
3(6282 2440 4917)
3(6282 4917 8759)
3(4917 2440 4422)
3(6282 2440 4422)
3(6282 4422 8264)
3(4079 2278 3850)
3(7921 4079 6120)
3(4079 2278 6120)
3(6120 2278 3850)
3(6120 3850 7692)
3(7692 3850 4079)
3(7692 4079 7921)
3(4079 3850 4918)
3(7692 3850 4918)
3(7692 4918 8760)
4(8760 4918 4079 7921)
3(3850 2283 4182)
3(7692 3850 6125)
3(3850 2283 6125)
4(6125 2283 4182 8024)
3(8024 4182 3850)
3(8024 3850 7692)
3(3850 4182 4918)
3(8024 4182 4918)
3(8024 4918 8760)
3(4918 4691 2285)
3(8760 4918 8533)
3(4918 4691 8533)
3(6127 2285 4918)
3(6127 4918 8760)
3(4918 2285 4079)
3(6127 2285 4079)
3(6127 4079 7921)
3(4918 3288 2290)
3(8760 4918 7130)
3(4918 3288 7130)
3(6132 2290 4918)
3(6132 4918 8760)
3(4918 2290 4691)
3(4182 2523 4409)
4(8024 4182 2523 6365)
3(8251 4409 8024)
3(4409 4182 8024)
3(4182 4409 4918)
4(8251 4409 4918 8760)
3(4409 2524 3288)
3(7130 3288 4409)
3(7130 4409 8251)
3(4409 3288 4918)
3(4919 4322 1774)
3(8761 4919 8164)
3(4919 4322 8164)
3(5616 1774 4919)
3(5616 4919 8761)
3(4919 1774 4081)
3(5616 1774 4081)
3(5616 4081 7923)
4(7923 4081 4919 8761)
3(4919 3773 1911)
3(8761 4919 7615)
3(4919 3773 7615)
3(5753 1911 4919)
3(5753 4919 8761)
3(4919 1911 4322)
3(4534 2173 3230)
3(7072 3230 8376)
3(3230 4534 8376)
3(4534 3230 4919)
4(7072 3230 4919 8761)
3(8761 4919 8376)
3(4919 4534 8376)
3(3230 2174 3773)
3(7615 3773 3230)
3(7615 3230 7072)
3(3230 3773 4919)
3(4081 2190 3586)
3(7923 4081 6032)
3(4081 2190 6032)
3(6032 2190 3586)
3(6032 3586 7428)
3(7428 3586 4081)
3(7428 4081 7923)
3(4081 3586 4919)
3(7428 3586 4919)
3(7428 4919 8761)
3(3586 2193 4534)
3(7428 3586 6035)
3(3586 2193 6035)
3(8376 4534 3586)
3(8376 3586 7428)
3(3586 4534 4919)
3(4920 4182 2283)
3(8762 4920 8024)
3(4920 4182 8024)
3(6125 2283 4920)
3(6125 4920 8762)
3(4920 2283 3695)
3(6125 2283 3695)
3(6125 3695 7537)
3(7537 3695 4920)
3(7537 4920 8762)
3(4920 3695 2284)
3(7537 3695 6126)
3(3695 2284 6126)
3(6126 2284 4920)
3(6126 4920 8762)
3(4920 2284 4166)
3(6126 2284 4166)
3(6126 4166 8008)
4(8008 4166 4920 8762)
3(4166 2289 4780)
3(8008 4166 6131)
3(4166 2289 6131)
3(8622 4780 4166)
3(8622 4166 8008)
3(4166 4780 4920)
3(8622 4780 4920)
3(8622 4920 8762)
3(4780 2291 3390)
3(7232 3390 4780)
3(7232 4780 8622)
3(4780 3390 4920)
3(7232 3390 4920)
3(7232 4920 8762)
3(4920 3390 2522)
3(6364 2522 4920)
3(6364 4920 8762)
3(4920 2522 4667)
4(8509 4667 4920 8762)
3(4920 4667 2523)
3(6365 2523 4920)
3(6365 4920 8762)
3(4920 2523 4182)
3(4494 1672 4074)
3(7916 4074 8336)
3(4074 4494 8336)
3(4494 4074 4921)
3(7916 4074 4921)
3(7916 4921 8763)
3(8763 4921 8336)
3(4921 4494 8336)
3(4921 4074 1673)
3(5515 1673 4921)
3(5515 4921 8763)
3(4921 1673 3216)
4(7058 3216 4921 8763)
3(4921 3216 1676)
3(5518 1676 4921)
3(5518 4921 8763)
3(4921 1676 3152)
4(5518 1676 3152 6994)
3(6994 3152 4921)
3(6994 4921 8763)
3(4921 3152 1677)
4(6994 3152 1677 5519)
3(5519 1677 4921)
3(5519 4921 8763)
3(4921 1677 4688)
3(5519 1677 4688)
3(5519 4688 8530)
3(8530 4688 4921)
3(8530 4921 8763)
3(2954 1747 4494)
3(6796 2954 5589)
3(2954 1747 5589)
3(8336 4494 2954)
3(8336 2954 6796)
3(2954 4494 4921)
3(8763 4921 6796)
3(4921 2954 6796)
3(4688 1749 2954)
3(8530 4688 5591)
3(4688 1749 5591)
3(5591 1749 2954)
3(5591 2954 6796)
3(6796 2954 8530)
3(2954 4688 8530)
3(4688 2954 4921)
3(4922 4502 2640)
3(8764 4922 8344)
3(4922 4502 8344)
3(6482 2640 4922)
3(6482 4922 8764)
3(4922 2640 3900)
3(6482 2640 3900)
3(6482 3900 7742)
3(7742 3900 4922)
3(7742 4922 8764)
3(4922 3708 2641)
3(8764 4922 7550)
3(4922 3708 7550)
3(6483 2641 4922)
3(6483 4922 8764)
3(4922 2641 4502)
3(3221 2642 3708)
3(7550 3708 3221)
3(7550 3221 7063)
3(3221 3708 4922)
4(8764 4922 3221 7063)
3(4922 3900 2643)
3(7742 3900 6485)
3(3900 2643 6485)
3(6485 2643 4922)
3(6485 4922 8764)
3(4922 2643 4321)
3(6485 2643 4321)
3(6485 4321 8163)
3(8163 4321 4922)
3(8163 4922 8764)
3(4125 2644 3221)
4(7967 4125 2644 6486)
3(7063 3221 7967)
3(3221 4125 7967)
3(4125 3221 4922)
3(8764 4922 7967)
3(4922 4125 7967)
3(4321 2645 4125)
3(8163 4321 6487)
3(4321 2645 6487)
4(6487 2645 4125 7967)
3(7967 4125 4321)
3(7967 4321 8163)
3(4321 4125 4922)
3(4756 1928 4822)
4(8598 4756 1928 5770)
3(8664 4822 8598)
3(4822 4756 8598)
3(4756 4822 4923)
4(8664 4822 4923 8765)
3(8765 4923 8598)
3(4923 4756 8598)
3(4822 1929 4160)
3(8002 4160 4822)
3(8002 4822 8664)
3(4822 4160 4923)
3(8002 4160 4923)
3(8002 4923 8765)
3(4923 3645 1930)
3(8765 4923 7487)
3(4923 3645 7487)
3(5772 1930 4923)
3(5772 4923 8765)
3(4923 1930 4540)
3(5772 1930 4540)
3(5772 4540 8382)
3(8382 4540 4923)
3(8382 4923 8765)
3(4923 4160 1931)
3(5773 1931 4923)
3(5773 4923 8765)
3(4923 1931 3645)
3(3030 2198 4756)
3(6872 3030 6040)
3(3030 2198 6040)
4(6040 2198 4756 8598)
3(8598 4756 3030)
3(8598 3030 6872)
3(3030 4756 4923)
3(8765 4923 6872)
3(4923 3030 6872)
3(4923 4540 2202)
3(8382 4540 6044)
3(4540 2202 6044)
3(6044 2202 4923)
3(6044 4923 8765)
3(4923 2202 3030)
3(6044 2202 3030)
3(6044 3030 6872)
3(3460 2274 3059)
3(7302 3460 6116)
3(3460 2274 6116)
3(6116 2274 3059)
3(6116 3059 6901)
3(6901 3059 7302)
3(3059 3460 7302)
3(3460 3059 4924)
3(6901 3059 4924)
3(6901 4924 8766)
3(8766 4924 7302)
3(4924 3460 7302)
3(4924 3243 2275)
3(8766 4924 7085)
3(4924 3243 7085)
4(7085 3243 2275 6117)
3(6117 2275 4924)
3(6117 4924 8766)
3(4924 2275 3460)
3(6117 2275 3460)
3(6117 3460 7302)
3(4924 3806 2297)
3(8766 4924 7648)
3(4924 3806 7648)
3(6139 2297 4924)
3(6139 4924 8766)
3(4924 2297 3326)
4(7168 3326 4924 8766)
3(4924 3326 2298)
3(6140 2298 4924)
3(6140 4924 8766)
3(4924 2298 3243)
4(6140 2298 3243 7085)
3(4617 2515 3806)
3(7648 3806 8459)
3(3806 4617 8459)
3(4617 3806 4924)
3(8766 4924 8459)
3(4924 4617 8459)
3(3059 2516 4617)
3(6901 3059 6358)
3(3059 2516 6358)
3(8459 4617 3059)
3(8459 3059 6901)
3(3059 4617 4924)
3(3395 1733 3441)
3(7237 3395 5575)
3(3395 1733 5575)
3(5575 1733 3441)
3(5575 3441 7283)
3(7283 3441 7237)
3(3441 3395 7237)
3(3395 3441 4925)
4(7283 3441 4925 8767)
3(8767 4925 7237)
3(4925 3395 7237)
3(4925 3812 1734)
3(8767 4925 7654)
3(4925 3812 7654)
3(5576 1734 4925)
3(5576 4925 8767)
3(4925 1734 3279)
3(7121 3279 4925)
3(7121 4925 8767)
3(4925 2990 1754)
3(8767 4925 6832)
3(4925 2990 6832)
3(6832 2990 5596)
3(2990 1754 5596)
3(5596 1754 4925)
3(5596 4925 8767)
3(4925 1754 3395)
3(5596 1754 3395)
3(5596 3395 7237)
3(4925 3279 1755)
3(5597 1755 4925)
3(5597 4925 8767)
3(4925 1755 2990)
3(5597 1755 2990)
3(5597 2990 6832)
3(3441 2142 2942)
3(7283 3441 5984)
3(3441 2142 5984)
4(5984 2142 2942 6784)
3(6784 2942 3441)
3(6784 3441 7283)
3(3441 2942 4925)
3(6784 2942 4925)
3(6784 4925 8767)
3(2942 2143 3812)
4(6784 2942 2143 5985)
3(7654 3812 6784)
3(3812 2942 6784)
3(2942 3812 4925)
3(4926 2942 2142)
3(8768 4926 6784)
3(4926 2942 6784)
3(5984 2142 4926)
3(5984 4926 8768)
3(4926 2142 3648)
3(5984 2142 3648)
3(5984 3648 7490)
4(7490 3648 4926 8768)
3(4926 4258 2143)
3(8768 4926 8100)
3(4926 4258 8100)
3(5985 2143 4926)
3(5985 4926 8768)
3(4926 2143 2942)
3(2962 2409 4258)
3(8100 4258 2962)
3(8100 2962 6804)
3(2962 4258 4926)
3(8768 4926 6804)
3(4926 2962 6804)
3(3615 2410 2962)
3(7457 3615 6252)
3(3615 2410 6252)
3(6804 2962 7457)
3(2962 3615 7457)
3(3615 2962 4926)
3(8768 4926 7457)
3(4926 3615 7457)
3(4078 2411 3615)
3(7920 4078 6253)
3(4078 2411 6253)
3(6253 2411 3615)
3(6253 3615 7457)
3(7457 3615 4078)
3(7457 4078 7920)
3(4078 3615 4926)
3(8768 4926 7920)
3(4926 4078 7920)
3(4926 3648 2414)
3(7490 3648 6256)
3(3648 2414 6256)
3(6256 2414 4926)
3(6256 4926 8768)
3(4926 2414 4078)
3(6256 2414 4078)
3(6256 4078 7920)
3(3256 2164 3385)
3(7098 3256 6006)
3(3256 2164 6006)
3(7227 3385 7098)
3(3385 3256 7098)
3(3256 3385 4927)
3(7227 3385 4927)
3(7227 4927 8769)
3(8769 4927 7098)
3(4927 3256 7098)
3(3715 2165 3256)
3(7557 3715 6007)
3(3715 2165 6007)
3(6007 2165 3256)
3(6007 3256 7098)
3(7098 3256 3715)
3(7098 3715 7557)
3(3715 3256 4927)
3(8769 4927 7557)
3(4927 3715 7557)
3(4927 3277 2443)
4(8769 4927 3277 7119)
3(7119 3277 6285)
3(3277 2443 6285)
3(6285 2443 4927)
3(6285 4927 8769)
3(4927 2443 3715)
3(6285 2443 3715)
3(6285 3715 7557)
3(3385 2447 4128)
3(7970 4128 3385)
3(7970 3385 7227)
3(3385 4128 4927)
3(7970 4128 4927)
3(7970 4927 8769)
3(4927 4523 2817)
3(8769 4927 8365)
3(4927 4523 8365)
4(8365 4523 2817 6659)
3(6659 2817 4927)
3(6659 4927 8769)
3(4927 2817 3277)
3(6659 2817 3277)
3(6659 3277 7119)
3(4927 4128 2818)
3(6660 2818 4927)
3(6660 4927 8769)
3(4927 2818 4523)
4(6660 2818 4523 8365)
3(4164 2813 3949)
3(8006 4164 6655)
3(4164 2813 6655)
3(6655 2813 3949)
3(6655 3949 7791)
3(7791 3949 8006)
3(3949 4164 8006)
3(4164 3949 4928)
4(7791 3949 4928 8770)
3(8770 4928 8006)
3(4928 4164 8006)
3(4928 4559 2814)
3(8770 4928 8401)
3(4928 4559 8401)
3(6656 2814 4928)
3(6656 4928 8770)
3(4928 2814 3061)
3(6903 3061 4928)
3(6903 4928 8770)
3(4928 3061 2815)
3(6657 2815 4928)
3(6657 4928 8770)
3(4928 2815 3741)
3(6657 2815 3741)
3(6657 3741 7583)
3(7583 3741 4928)
3(7583 4928 8770)
3(4928 3741 2816)
3(7583 3741 6658)
3(3741 2816 6658)
3(6658 2816 4928)
3(6658 4928 8770)
3(4928 2816 4164)
3(6658 2816 4164)
3(6658 4164 8006)
3(3949 2817 4523)
3(7791 3949 6659)
3(3949 2817 6659)
3(8365 4523 3949)
3(8365 3949 7791)
3(3949 4523 4928)
3(8365 4523 4928)
3(8365 4928 8770)
3(4523 2818 4559)
3(8401 4559 8365)
3(4559 4523 8365)
3(4523 4559 4928)
3(4929 3811 1753)
3(8771 4929 7653)
3(4929 3811 7653)
3(5595 1753 4929)
3(5595 4929 8771)
3(4929 1753 3064)
4(6906 3064 4929 8771)
3(3659 1754 2990)
3(7501 3659 5596)
3(3659 1754 5596)
3(6832 2990 3659)
3(6832 3659 7501)
3(3659 2990 4929)
3(6832 2990 4929)
3(6832 4929 8771)
4(8771 4929 3659 7501)
3(2990 1755 3811)
4(7653 3811 2990 6832)
3(2990 3811 4929)
3(4929 3064 1756)
3(5598 1756 4929)
3(5598 4929 8771)
3(4929 1756 3182)
3(5598 1756 3182)
3(5598 3182 7024)
3(7024 3182 4929)
3(7024 4929 8771)
3(4929 3182 1757)
3(7024 3182 5599)
3(3182 1757 5599)
3(5599 1757 4929)
3(5599 4929 8771)
3(4929 1757 3357)
3(5599 1757 3357)
3(5599 3357 7199)
3(7199 3357 4929)
3(7199 4929 8771)
3(3357 1758 3659)
3(7199 3357 5600)
3(3357 1758 5600)
3(5600 1758 3659)
3(5600 3659 7501)
3(7501 3659 7199)
3(3659 3357 7199)
3(3357 3659 4929)
3(4930 3440 2410)
3(8772 4930 7282)
3(4930 3440 7282)
3(6252 2410 4930)
3(6252 4930 8772)
3(4930 2410 3615)
3(7457 3615 4930)
3(7457 4930 8772)
3(4930 3615 2411)
3(6253 2411 4930)
3(6253 4930 8772)
3(4930 2411 3289)
3(6253 2411 3289)
3(6253 3289 7131)
4(7131 3289 4930 8772)
3(3704 2628 3440)
3(7282 3440 3704)
3(7282 3704 7546)
3(3704 3440 4930)
4(8772 4930 3704 7546)
3(4783 2629 3704)
3(8625 4783 6471)
3(4783 2629 6471)
3(7546 3704 8625)
3(3704 4783 8625)
3(4783 3704 4930)
3(8772 4930 8625)
3(4930 4783 8625)
3(4319 2635 4783)
3(8161 4319 6477)
3(4319 2635 6477)
3(6477 2635 4783)
3(6477 4783 8625)
4(8625 4783 4319 8161)
3(4319 4783 4930)
3(8772 4930 8161)
3(4930 4319 8161)
3(4930 3289 2636)
3(7131 3289 6478)
3(3289 2636 6478)
3(6478 2636 4930)
3(6478 4930 8772)
3(4930 2636 4319)
3(6478 2636 4319)
3(6478 4319 8161)
3(3335 2163 3912)
3(7754 3912 3335)
3(7754 3335 7177)
3(3335 3912 4931)
3(7754 3912 4931)
3(7754 4931 8773)
4(8773 4931 3335 7177)
3(4931 3912 2164)
3(6006 2164 4931)
3(6006 4931 8773)
3(4931 2164 3256)
3(7098 3256 4931)
3(7098 4931 8773)
3(4931 3256 2165)
3(6007 2165 4931)
3(6007 4931 8773)
3(4931 2165 3296)
3(6007 2165 3296)
3(6007 3296 7138)
4(7138 3296 4931 8773)
3(4788 2166 3335)
3(8630 4788 6008)
3(4788 2166 6008)
3(7177 3335 8630)
3(3335 4788 8630)
3(4788 3335 4931)
3(8773 4931 8630)
3(4931 4788 8630)
3(3029 2168 4788)
3(6871 3029 6010)
3(3029 2168 6010)
3(6010 2168 4788)
3(6010 4788 8630)
4(8630 4788 3029 6871)
3(3029 4788 4931)
3(8773 4931 6871)
3(4931 3029 6871)
3(4931 3296 2169)
3(7138 3296 6011)
3(3296 2169 6011)
3(6011 2169 4931)
3(6011 4931 8773)
3(4931 2169 3029)
3(6011 2169 3029)
3(6011 3029 6871)
3(4932 2957 2057)
3(8774 4932 6799)
3(4932 2957 6799)
3(6799 2957 5899)
3(2957 2057 5899)
3(5899 2057 4932)
3(5899 4932 8774)
3(4932 2057 4434)
3(5899 2057 4434)
3(5899 4434 8276)
3(8276 4434 4932)
3(8276 4932 8774)
3(4932 3545 2268)
3(8774 4932 7387)
3(4932 3545 7387)
3(6110 2268 4932)
3(6110 4932 8774)
3(4932 2268 3803)
4(7645 3803 4932 8774)
3(4932 3803 2273)
3(6115 2273 4932)
3(6115 4932 8774)
3(4932 2273 2957)
3(6115 2273 2957)
3(6115 2957 6799)
3(4434 2647 3391)
3(8276 4434 6489)
3(4434 2647 6489)
3(6489 2647 3391)
3(6489 3391 7233)
3(7233 3391 8276)
3(3391 4434 8276)
3(4434 3391 4932)
4(7233 3391 4932 8774)
3(3741 2815 3545)
4(7387 3545 3741 7583)
3(3741 3545 4932)
3(8774 4932 7583)
3(4932 3741 7583)
3(3391 2816 3741)
3(7233 3391 6658)
3(3391 2816 6658)
3(7583 3741 3391)
3(7583 3391 7233)
3(3391 3741 4932)
3(4933 4721 1747)
3(8775 4933 8563)
3(4933 4721 8563)
3(5589 1747 4933)
3(5589 4933 8775)
3(4933 1747 2954)
3(6796 2954 4933)
3(6796 4933 8775)
3(3126 1748 4382)
3(6968 3126 5590)
3(3126 1748 5590)
4(5590 1748 4382 8224)
4(8224 4382 3126 6968)
3(3126 4382 4933)
3(8224 4382 4933)
3(8224 4933 8775)
3(8775 4933 6968)
3(4933 3126 6968)
3(4933 2954 1749)
3(5591 1749 4933)
3(5591 4933 8775)
3(4933 1749 3393)
3(5591 1749 3393)
3(5591 3393 7235)
3(7235 3393 4933)
3(7235 4933 8775)
3(4933 3393 1750)
3(7235 3393 5592)
3(3393 1750 5592)
3(5592 1750 4933)
3(5592 4933 8775)
3(4933 1750 3126)
3(5592 1750 3126)
3(5592 3126 6968)
3(4204 1751 4721)
3(8563 4721 8046)
3(4721 4204 8046)
3(4204 4721 4933)
3(8775 4933 8046)
3(4933 4204 8046)
3(4382 1752 4204)
4(8224 4382 1752 5594)
3(8046 4204 8224)
3(4204 4382 8224)
3(4382 4204 4933)
3(4934 4039 2592)
3(8776 4934 7881)
3(4934 4039 7881)
4(7881 4039 2592 6434)
3(6434 2592 4934)
3(6434 4934 8776)
3(4934 2592 4725)
3(6434 2592 4725)
3(6434 4725 8567)
3(8567 4725 4934)
3(8567 4934 8776)
3(4725 2593 3070)
3(8567 4725 6435)
3(4725 2593 6435)
3(6435 2593 3070)
3(6435 3070 6912)
3(6912 3070 4725)
3(6912 4725 8567)
3(4725 3070 4934)
3(6912 3070 4934)
3(6912 4934 8776)
3(4934 4210 2630)
3(8776 4934 8052)
3(4934 4210 8052)
3(6472 2630 4934)
3(6472 4934 8776)
3(4934 2630 4039)
4(6472 2630 4039 7881)
3(4934 4723 2631)
3(8776 4934 8565)
3(4934 4723 8565)
3(6473 2631 4934)
3(6473 4934 8776)
3(4934 2631 4210)
3(3900 2640 4723)
4(8565 4723 3900 7742)
3(3900 4723 4934)
3(8776 4934 7742)
3(4934 3900 7742)
3(3070 2643 3900)
3(6912 3070 6485)
3(3070 2643 6485)
3(7742 3900 6912)
3(3900 3070 6912)
3(3070 3900 4934)
3(4935 3867 1770)
3(8777 4935 7709)
3(4935 3867 7709)
3(5612 1770 4935)
3(5612 4935 8777)
3(4935 1770 3856)
3(7698 3856 4935)
3(7698 4935 8777)
3(4935 3856 1771)
3(5613 1771 4935)
3(5613 4935 8777)
3(4935 1771 4046)
4(5613 1771 4046 7888)
3(7888 4046 4935)
3(7888 4935 8777)
3(4540 1930 3867)
4(7709 3867 4540 8382)
3(4540 3867 4935)
3(8777 4935 8382)
3(4935 4540 8382)
3(4935 4046 2195)
4(7888 4046 2195 6037)
3(6037 2195 4935)
3(6037 4935 8777)
3(4935 2195 4730)
3(6037 2195 4730)
3(6037 4730 8572)
3(8572 4730 4935)
3(8572 4935 8777)
3(3714 2202 4540)
3(7556 3714 6044)
3(3714 2202 6044)
3(8382 4540 7556)
3(4540 3714 7556)
3(3714 4540 4935)
3(8777 4935 7556)
3(4935 3714 7556)
3(4730 2203 3714)
3(8572 4730 6045)
3(4730 2203 6045)
3(6045 2203 3714)
3(6045 3714 7556)
3(7556 3714 4730)
3(7556 4730 8572)
3(4730 3714 4935)
3(4936 3719 2270)
3(8778 4936 7561)
3(4936 3719 7561)
3(7561 3719 6112)
3(3719 2270 6112)
3(6112 2270 4936)
3(6112 4936 8778)
3(4936 2270 3398)
3(6112 2270 3398)
3(6112 3398 7240)
3(7240 3398 4936)
3(7240 4936 8778)
3(3398 2271 4695)
3(7240 3398 6113)
3(3398 2271 6113)
4(6113 2271 4695 8537)
4(8537 4695 3398 7240)
3(3398 4695 4936)
3(8537 4695 4936)
3(8537 4936 8778)
3(4695 2272 4309)
4(8537 4695 2272 6114)
3(8151 4309 8537)
3(4309 4695 8537)
3(4695 4309 4936)
3(8151 4309 4936)
3(8151 4936 8778)
3(4936 3059 2274)
3(8778 4936 6901)
3(4936 3059 6901)
3(6116 2274 4936)
3(6116 4936 8778)
3(4936 2274 3719)
3(6116 2274 3719)
3(6116 3719 7561)
3(4309 2514 4803)
3(8645 4803 8151)
3(4803 4309 8151)
3(4309 4803 4936)
3(8645 4803 4936)
3(8645 4936 8778)
3(4936 4803 2516)
3(6358 2516 4936)
3(6358 4936 8778)
3(4936 2516 3059)
3(4937 3586 2190)
3(8779 4937 7428)
3(4937 3586 7428)
3(6032 2190 4937)
3(6032 4937 8779)
3(4937 2190 3851)
3(6032 2190 3851)
3(6032 3851 7693)
3(7693 3851 4937)
3(7693 4937 8779)
3(4937 3851 2191)
3(7693 3851 6033)
3(3851 2191 6033)
3(6033 2191 4937)
3(6033 4937 8779)
3(4937 2191 3779)
3(6033 2191 3779)
3(6033 3779 7621)
3(7621 3779 4937)
3(7621 4937 8779)
3(3779 2192 4813)
3(7621 3779 6034)
3(3779 2192 6034)
3(6034 2192 4813)
3(6034 4813 8655)
4(8655 4813 3779 7621)
3(3779 4813 4937)
3(8655 4813 4937)
3(8655 4937 8779)
3(4937 4203 2193)
3(8779 4937 8045)
3(4937 4203 8045)
4(6035 2193 4937 8779)
3(4937 2193 3586)
3(4813 2439 3580)
3(8655 4813 6281)
3(4813 2439 6281)
3(6281 2439 3580)
3(6281 3580 7422)
3(7422 3580 4813)
3(7422 4813 8655)
3(4813 3580 4937)
3(7422 3580 4937)
3(7422 4937 8779)
3(3580 2440 4203)
3(7422 3580 6282)
3(3580 2440 6282)
3(8045 4203 7422)
3(4203 3580 7422)
3(3580 4203 4937)
3(4938 3587 2276)
3(8780 4938 7429)
3(4938 3587 7429)
3(7429 3587 6118)
3(3587 2276 6118)
3(6118 2276 4938)
3(6118 4938 8780)
3(4938 2276 3512)
3(6118 2276 3512)
3(6118 3512 7354)
3(7354 3512 4938)
3(7354 4938 8780)
3(4938 3512 2277)
3(7354 3512 6119)
3(3512 2277 6119)
4(6119 2277 4938 8780)
3(4938 2277 3782)
3(6119 2277 3782)
3(6119 3782 7624)
3(7624 3782 4938)
3(7624 4938 8780)
3(4938 3850 2278)
3(8780 4938 7692)
3(4938 3850 7692)
3(6120 2278 4938)
3(6120 4938 8780)
3(4938 2278 3587)
3(6120 2278 3587)
3(6120 3587 7429)
3(3782 2280 4491)
3(7624 3782 6122)
3(3782 2280 6122)
3(6122 2280 4491)
3(6122 4491 8333)
3(8333 4491 3782)
3(8333 3782 7624)
3(3782 4491 4938)
3(8333 4491 4938)
3(8333 4938 8780)
3(3695 2283 3850)
4(7692 3850 3695 7537)
3(3695 3850 4938)
3(8780 4938 7537)
3(4938 3695 7537)
3(4491 2284 3695)
3(8333 4491 6126)
3(4491 2284 6126)
3(7537 3695 8333)
3(3695 4491 8333)
3(4491 3695 4938)
3(4939 4382 1748)
3(8781 4939 8224)
3(4939 4382 8224)
3(5590 1748 4939)
3(5590 4939 8781)
3(4939 1748 3721)
3(5590 1748 3721)
3(5590 3721 7563)
3(7563 3721 4939)
3(7563 4939 8781)
3(4939 3024 1752)
3(8781 4939 6866)
3(4939 3024 6866)
3(5594 1752 4939)
3(5594 4939 8781)
3(4939 1752 4382)
3(3182 1756 3024)
3(6866 3024 3182)
3(6866 3182 7024)
3(3182 3024 4939)
3(8781 4939 7024)
3(4939 3182 7024)
3(3192 1757 3182)
3(7034 3192 5599)
3(3192 1757 5599)
4(7024 3182 3192 7034)
3(3192 3182 4939)
3(8781 4939 7034)
3(4939 3192 7034)
3(4939 3721 2125)
3(7563 3721 5967)
3(3721 2125 5967)
3(5967 2125 4939)
3(5967 4939 8781)
3(4939 2125 3621)
3(5967 2125 3621)
3(5967 3621 7463)
3(7463 3621 4939)
3(7463 4939 8781)
3(3621 2126 3192)
3(7463 3621 5968)
3(3621 2126 5968)
3(5968 2126 3192)
3(5968 3192 7034)
3(7034 3192 7463)
3(3192 3621 7463)
3(3621 3192 4939)
3(3629 2590 4358)
3(7471 3629 6432)
3(3629 2590 6432)
3(6432 2590 4358)
3(6432 4358 8200)
3(8200 4358 7471)
3(4358 3629 7471)
3(3629 4358 4940)
3(8200 4358 4940)
3(8200 4940 8782)
3(8782 4940 7471)
3(4940 3629 7471)
3(4358 2592 4039)
3(8200 4358 6434)
3(4358 2592 6434)
4(7881 4039 4358 8200)
3(4358 4039 4940)
3(7881 4039 4940)
3(7881 4940 8782)
3(4940 3658 2629)
3(8782 4940 7500)
3(4940 3658 7500)
3(6471 2629 4940)
3(6471 4940 8782)
3(4940 2629 4783)
3(8625 4783 4940)
3(8625 4940 8782)
3(4039 2630 3658)
3(7500 3658 7881)
3(3658 4039 7881)
3(4039 3658 4940)
3(4940 4783 2635)
3(6477 2635 4940)
3(6477 4940 8782)
3(4940 2635 3196)
3(6477 2635 3196)
3(6477 3196 7038)
3(7038 3196 4940)
3(7038 4940 8782)
3(4940 3196 2637)
3(7038 3196 6479)
3(3196 2637 6479)
3(6479 2637 4940)
3(6479 4940 8782)
3(4940 2637 3629)
3(6479 2637 3629)
3(6479 3629 7471)
3(4046 1771 4627)
3(8469 4627 7888)
3(4627 4046 7888)
3(4046 4627 4941)
3(8469 4627 4941)
3(8469 4941 8783)
3(8783 4941 7888)
3(4941 4046 7888)
3(4941 4627 2166)
3(6008 2166 4941)
3(6008 4941 8783)
3(4941 2166 4788)
3(8630 4788 4941)
3(8630 4941 8783)
3(4941 3291 2167)
3(8783 4941 7133)
3(4941 3291 7133)
3(7133 3291 6009)
3(3291 2167 6009)
3(6009 2167 4941)
3(6009 4941 8783)
3(4941 2167 3746)
3(6009 2167 3746)
3(6009 3746 7588)
3(7588 3746 4941)
3(7588 4941 8783)
3(4941 4788 2168)
3(6010 2168 4941)
3(6010 4941 8783)
3(4941 2168 3291)
3(6010 2168 3291)
3(6010 3291 7133)
3(3815 2195 4046)
3(7657 3815 6037)
3(3815 2195 6037)
4(7888 4046 3815 7657)
3(3815 4046 4941)
3(8783 4941 7657)
3(4941 3815 7657)
3(3746 2196 3815)
3(7588 3746 6038)
3(3746 2196 6038)
3(6038 2196 3815)
3(6038 3815 7657)
3(7657 3815 7588)
3(3815 3746 7588)
3(3746 3815 4941)
3(3298 2057 2957)
3(7140 3298 5899)
3(3298 2057 5899)
4(6799 2957 3298 7140)
3(3298 2957 4942)
3(6799 2957 4942)
3(6799 4942 8784)
3(8784 4942 7140)
3(4942 3298 7140)
3(4942 4695 2271)
3(8784 4942 8537)
3(4942 4695 8537)
3(6113 2271 4942)
3(6113 4942 8784)
3(4942 2271 4461)
3(6113 2271 4461)
3(6113 4461 8303)
3(8303 4461 4942)
3(8303 4942 8784)
3(4942 3772 2272)
3(8784 4942 7614)
3(4942 3772 7614)
3(6114 2272 4942)
3(6114 4942 8784)
3(4942 2272 4695)
3(2957 2273 3772)
3(7614 3772 2957)
3(7614 2957 6799)
3(2957 3772 4942)
3(4942 4461 2686)
3(8303 4461 6528)
3(4461 2686 6528)
3(6528 2686 4942)
3(6528 4942 8784)
3(4942 2686 3751)
3(6528 2686 3751)
3(6528 3751 7593)
3(7593 3751 4942)
3(7593 4942 8784)
3(3751 2687 3298)
3(7593 3751 6529)
3(3751 2687 6529)
3(6529 2687 3298)
3(6529 3298 7140)
3(7140 3298 7593)
3(3298 3751 7593)
3(3751 3298 4942)
3(4943 3441 1733)
3(8785 4943 7283)
3(4943 3441 7283)
3(5575 1733 4943)
3(5575 4943 8785)
3(4943 1733 3753)
3(5575 1733 3753)
3(5575 3753 7595)
3(7595 3753 4943)
3(7595 4943 8785)
3(4943 3753 1737)
3(7595 3753 5579)
3(3753 1737 5579)
3(5579 1737 4943)
3(5579 4943 8785)
3(4943 1737 3665)
3(5579 1737 3665)
3(5579 3665 7507)
3(7507 3665 4943)
3(7507 4943 8785)
3(4943 3665 1870)
3(7507 3665 5712)
3(3665 1870 5712)
4(5712 1870 4943 8785)
3(4943 1870 3454)
3(5712 1870 3454)
3(5712 3454 7296)
3(7296 3454 4943)
3(7296 4943 8785)
3(3648 2142 3441)
4(7283 3441 3648 7490)
3(3648 3441 4943)
3(8785 4943 7490)
3(4943 3648 7490)
3(3454 2413 4194)
3(7296 3454 6255)
3(3454 2413 6255)
3(6255 2413 4194)
3(6255 4194 8036)
3(8036 4194 3454)
3(8036 3454 7296)
3(3454 4194 4943)
3(8036 4194 4943)
3(8036 4943 8785)
3(4194 2414 3648)
3(8036 4194 6256)
3(4194 2414 6256)
3(7490 3648 8036)
3(3648 4194 8036)
3(4194 3648 4943)
3(3555 2441 3120)
3(7397 3555 6283)
3(3555 2441 6283)
3(6283 2441 3120)
3(6283 3120 6962)
4(6962 3120 3555 7397)
3(3555 3120 4944)
3(6962 3120 4944)
3(6962 4944 8786)
3(8786 4944 7397)
3(4944 3555 7397)
3(3120 2442 3187)
3(6962 3120 6284)
3(3120 2442 6284)
3(6284 2442 3187)
3(6284 3187 7029)
3(7029 3187 3120)
3(7029 3120 6962)
3(3120 3187 4944)
3(7029 3187 4944)
3(7029 4944 8786)
3(3187 2443 3277)
3(7029 3187 6285)
3(3187 2443 6285)
3(7119 3277 7029)
3(3277 3187 7029)
3(3187 3277 4944)
3(7119 3277 4944)
3(7119 4944 8786)
3(4944 3634 2646)
3(8786 4944 7476)
3(4944 3634 7476)
3(7476 3634 6488)
3(3634 2646 6488)
3(6488 2646 4944)
3(6488 4944 8786)
3(4944 2646 3555)
3(6488 2646 3555)
3(6488 3555 7397)
3(4944 3949 2813)
3(8786 4944 7791)
3(4944 3949 7791)
3(6655 2813 4944)
3(6655 4944 8786)
3(4944 2813 3634)
3(6655 2813 3634)
3(6655 3634 7476)
3(4944 3277 2817)
4(6659 2817 4944 8786)
3(4944 2817 3949)
3(3152 1676 3662)
3(7504 3662 6994)
3(3662 3152 6994)
3(3152 3662 4945)
4(7504 3662 4945 8787)
3(8787 4945 6994)
3(4945 3152 6994)
3(4118 1677 3152)
3(7960 4118 5519)
3(4118 1677 5519)
3(6994 3152 4118)
3(6994 4118 7960)
3(4118 3152 4945)
3(8787 4945 7960)
3(4945 4118 7960)
3(4945 4025 2421)
3(8787 4945 7867)
3(4945 4025 7867)
3(7867 4025 6263)
3(4025 2421 6263)
3(6263 2421 4945)
3(6263 4945 8787)
3(4945 2421 4531)
3(6263 2421 4531)
3(6263 4531 8373)
3(8373 4531 4945)
3(8373 4945 8787)
3(4531 2423 4118)
3(8373 4531 6265)
3(4531 2423 6265)
3(6265 2423 4118)
3(6265 4118 7960)
3(7960 4118 4531)
3(7960 4531 8373)
3(4531 4118 4945)
3(4945 3662 2435)
3(6277 2435 4945)
3(6277 4945 8787)
3(4945 2435 3091)
3(6277 2435 3091)
3(6277 3091 6933)
3(6933 3091 4945)
3(6933 4945 8787)
3(4945 3091 2437)
3(6933 3091 6279)
3(3091 2437 6279)
3(6279 2437 4945)
3(6279 4945 8787)
3(4945 2437 4025)
3(6279 2437 4025)
3(6279 4025 7867)
3(4946 3757 2146)
3(8788 4946 7599)
3(4946 3757 7599)
3(7599 3757 5988)
3(3757 2146 5988)
3(5988 2146 4946)
3(5988 4946 8788)
3(4946 2146 4180)
3(5988 2146 4180)
3(5988 4180 8022)
3(8022 4180 4946)
3(8022 4946 8788)
3(3670 2282 4048)
3(7512 3670 6124)
3(3670 2282 6124)
3(6124 2282 4048)
3(6124 4048 7890)
3(7890 4048 7512)
3(4048 3670 7512)
3(3670 4048 4946)
3(7890 4048 4946)
3(7890 4946 8788)
3(8788 4946 7512)
3(4946 3670 7512)
3(4180 2286 3670)
3(8022 4180 6128)
3(4180 2286 6128)
3(6128 2286 3670)
3(6128 3670 7512)
3(7512 3670 4180)
3(7512 4180 8022)
3(4180 3670 4946)
3(4048 2287 3668)
3(7890 4048 6129)
3(4048 2287 6129)
3(7510 3668 7890)
3(3668 4048 7890)
3(4048 3668 4946)
4(7510 3668 4946 8788)
3(4946 3668 2644)
3(6486 2644 4946)
3(6486 4946 8788)
3(4946 2644 4125)
3(7967 4125 4946)
3(7967 4946 8788)
3(4946 4125 2645)
3(6487 2645 4946)
3(6487 4946 8788)
3(4946 2645 3757)
3(6487 2645 3757)
3(6487 3757 7599)
3(3676 1773 4699)
3(7518 3676 5615)
3(3676 1773 5615)
3(5615 1773 4699)
3(5615 4699 8541)
3(8541 4699 7518)
3(4699 3676 7518)
3(3676 4699 4947)
3(8541 4699 4947)
3(8541 4947 8789)
3(8789 4947 7518)
3(4947 3676 7518)
3(4699 1775 3299)
3(8541 4699 5617)
3(4699 1775 5617)
3(7141 3299 8541)
3(3299 4699 8541)
3(4699 3299 4947)
4(7141 3299 4947 8789)
3(4947 3299 1928)
3(5770 1928 4947)
3(5770 4947 8789)
3(4947 1928 4756)
3(8598 4756 4947)
3(8598 4947 8789)
3(4185 1978 3676)
3(8027 4185 5820)
3(4185 1978 5820)
3(5820 1978 3676)
3(5820 3676 7518)
3(7518 3676 4185)
3(7518 4185 8027)
3(4185 3676 4947)
3(8789 4947 8027)
3(4947 4185 8027)
3(4947 4756 2198)
3(6040 2198 4947)
3(6040 4947 8789)
3(4947 2198 4395)
3(6040 2198 4395)
3(6040 4395 8237)
3(8237 4395 4947)
3(8237 4947 8789)
3(4947 4395 2199)
3(8237 4395 6041)
3(4395 2199 6041)
3(6041 2199 4947)
3(6041 4947 8789)
3(4947 2199 4185)
3(6041 2199 4185)
3(6041 4185 8027)
3(4408 2275 3243)
3(8250 4408 6117)
3(4408 2275 6117)
3(7085 3243 4408)
3(7085 4408 8250)
3(4408 3243 4948)
3(7085 3243 4948)
3(7085 4948 8790)
3(8790 4948 8250)
3(4948 4408 8250)
3(4948 3780 2292)
4(8790 4948 3780 7622)
3(6134 2292 4948)
3(6134 4948 8790)
3(4948 2292 3368)
3(6134 2292 3368)
3(6134 3368 7210)
3(7210 3368 4948)
3(7210 4948 8790)
3(3243 2298 3780)
3(7622 3780 7085)
3(3780 3243 7085)
3(3243 3780 4948)
3(4817 2710 4408)
3(8659 4817 6552)
3(4817 2710 6552)
3(6552 2710 4408)
3(6552 4408 8250)
3(8250 4408 4817)
3(8250 4817 8659)
3(4817 4408 4948)
3(8790 4948 8659)
3(4948 4817 8659)
3(4948 3368 2874)
3(7210 3368 6716)
3(3368 2874 6716)
3(6716 2874 4948)
3(6716 4948 8790)
3(4948 2874 4316)
3(6716 2874 4316)
3(6716 4316 8158)
3(8158 4316 4948)
3(8158 4948 8790)
3(4948 4316 2875)
3(8158 4316 6717)
3(4316 2875 6717)
3(6717 2875 4948)
3(6717 4948 8790)
3(4948 2875 4817)
3(6717 2875 4817)
3(6717 4817 8659)
3(3091 2435 4172)
3(8014 4172 3091)
3(8014 3091 6933)
3(3091 4172 4949)
3(8014 4172 4949)
3(8014 4949 8791)
3(8791 4949 6933)
3(4949 3091 6933)
3(4949 4172 2436)
3(6278 2436 4949)
3(6278 4949 8791)
3(4949 2436 4422)
4(8264 4422 4949 8791)
3(3250 2437 3091)
3(7092 3250 6279)
3(3250 2437 6279)
3(6933 3091 3250)
3(6933 3250 7092)
3(3250 3091 4949)
4(8791 4949 3250 7092)
3(4949 3550 2438)
3(8791 4949 7392)
3(4949 3550 7392)
3(7392 3550 6280)
3(3550 2438 6280)
3(6280 2438 4949)
3(6280 4949 8791)
3(4949 2438 3250)
3(6280 2438 3250)
3(6280 3250 7092)
3(4949 3580 2439)
3(8791 4949 7422)
3(4949 3580 7422)
3(6281 2439 4949)
3(6281 4949 8791)
3(4949 2439 3550)
3(6281 2439 3550)
3(6281 3550 7392)
3(4949 4422 2440)
3(6282 2440 4949)
3(6282 4949 8791)
3(4949 2440 3580)
3(4209 2276 3587)
3(8051 4209 6118)
3(4209 2276 6118)
3(7429 3587 4209)
3(7429 4209 8051)
3(4209 3587 4950)
3(7429 3587 4950)
3(7429 4950 8792)
3(8792 4950 8051)
3(4950 4209 8051)
3(3587 2278 4079)
3(7921 4079 7429)
3(4079 3587 7429)
3(3587 4079 4950)
4(7921 4079 4950 8792)
3(3255 2279 4209)
3(7097 3255 6121)
3(3255 2279 6121)
3(6121 2279 4209)
3(6121 4209 8051)
3(8051 4209 3255)
3(8051 3255 7097)
3(3255 4209 4950)
4(8792 4950 3255 7097)
3(4950 4048 2282)
3(8792 4950 7890)
3(4950 4048 7890)
3(6124 2282 4950)
3(6124 4950 8792)
3(4950 2282 3255)
3(6124 2282 3255)
3(6124 3255 7097)
3(4079 2285 4801)
3(8643 4801 4079)
3(8643 4079 7921)
3(4079 4801 4950)
3(8643 4801 4950)
3(8643 4950 8792)
3(4950 4801 2287)
3(6129 2287 4950)
3(6129 4950 8792)
3(4950 2287 4048)
3(4951 4699 1773)
3(8793 4951 8541)
3(4951 4699 8541)
3(5615 1773 4951)
3(5615 4951 8793)
3(4951 1773 2938)
3(5615 1773 2938)
3(5615 2938 6780)
4(6780 2938 4951 8793)
3(4081 1774 3822)
3(7664 3822 4081)
3(7664 4081 7923)
3(4081 3822 4951)
3(7664 3822 4951)
3(7664 4951 8793)
4(8793 4951 4081 7923)
3(4951 3822 1775)
3(5617 1775 4951)
3(5617 4951 8793)
3(4951 1775 4699)
3(2938 1927 3857)
3(6780 2938 5769)
3(2938 1927 5769)
3(5769 1927 3857)
3(5769 3857 7699)
3(7699 3857 2938)
3(7699 2938 6780)
3(2938 3857 4951)
3(7699 3857 4951)
3(7699 4951 8793)
3(3851 2190 4081)
3(7923 4081 7693)
3(4081 3851 7693)
3(3851 4081 4951)
3(8793 4951 7693)
3(4951 3851 7693)
3(3857 2191 3851)
3(7699 3857 6033)
3(3857 2191 6033)
3(7693 3851 3857)
3(7693 3857 7699)
3(3857 3851 4951)
3(4952 4491 2280)
3(8794 4952 8333)
3(4952 4491 8333)
3(6122 2280 4952)
3(6122 4952 8794)
3(4952 2280 3861)
3(6122 2280 3861)
3(6122 3861 7703)
3(7703 3861 4952)
3(7703 4952 8794)
3(4952 4166 2284)
4(8794 4952 4166 8008)
3(6126 2284 4952)
3(6126 4952 8794)
3(4952 2284 4491)
3(4952 2977 2289)
3(8794 4952 6819)
3(4952 2977 6819)
3(6131 2289 4952)
3(6131 4952 8794)
3(4952 2289 4166)
3(3368 2292 2977)
3(6819 2977 3368)
3(6819 3368 7210)
3(3368 2977 4952)
3(8794 4952 7210)
3(4952 3368 7210)
3(3554 2874 3368)
3(7396 3554 6716)
3(3554 2874 6716)
3(7210 3368 3554)
3(7210 3554 7396)
3(3554 3368 4952)
4(8794 4952 3554 7396)
3(4952 3861 2878)
3(7703 3861 6720)
3(3861 2878 6720)
3(6720 2878 4952)
3(6720 4952 8794)
3(4952 2878 3554)
3(6720 2878 3554)
3(6720 3554 7396)
3(3753 1733 3395)
3(7237 3395 7595)
3(3395 3753 7595)
3(3753 3395 4953)
3(7237 3395 4953)
3(7237 4953 8795)
3(8795 4953 7595)
3(4953 3753 7595)
3(3961 1737 3753)
3(7803 3961 5579)
3(3961 1737 5579)
3(7595 3753 3961)
3(7595 3961 7803)
3(3961 3753 4953)
4(8795 4953 3961 7803)
3(4953 3395 1754)
3(5596 1754 4953)
3(5596 4953 8795)
3(4953 1754 3659)
4(7501 3659 4953 8795)
3(4953 3659 1758)
3(5600 1758 4953)
3(5600 4953 8795)
3(4953 1758 3748)
3(5600 1758 3748)
3(5600 3748 7590)
3(7590 3748 4953)
3(7590 4953 8795)
3(4690 2132 3961)
3(8532 4690 5974)
3(4690 2132 5974)
3(5974 2132 3961)
3(5974 3961 7803)
3(7803 3961 8532)
3(3961 4690 8532)
3(4690 3961 4953)
3(8795 4953 8532)
3(4953 4690 8532)
3(4953 3748 2133)
3(7590 3748 5975)
3(3748 2133 5975)
3(5975 2133 4953)
3(5975 4953 8795)
3(4953 2133 4690)
3(5975 2133 4690)
3(5975 4690 8532)
3(3289 2411 4078)
3(7920 4078 3289)
3(7920 3289 7131)
3(3289 4078 4954)
3(7920 4078 4954)
3(7920 4954 8796)
4(8796 4954 3289 7131)
3(4954 3968 2412)
4(8796 4954 3968 7810)
3(7810 3968 6254)
3(3968 2412 6254)
3(6254 2412 4954)
3(6254 4954 8796)
3(4954 2412 4696)
3(6254 2412 4696)
3(6254 4696 8538)
3(8538 4696 4954)
3(8538 4954 8796)
3(4954 4194 2413)
3(8796 4954 8036)
3(4954 4194 8036)
3(6255 2413 4954)
3(6255 4954 8796)
3(4954 2413 3968)
3(6255 2413 3968)
3(6255 3968 7810)
3(4954 4078 2414)
3(6256 2414 4954)
3(6256 4954 8796)
3(4954 2414 4194)
3(4696 2634 3755)
3(8538 4696 6476)
3(4696 2634 6476)
3(6476 2634 3755)
3(6476 3755 7597)
3(7597 3755 8538)
3(3755 4696 8538)
3(4696 3755 4954)
3(7597 3755 4954)
3(7597 4954 8796)
3(3755 2636 3289)
3(7597 3755 6478)
3(3755 2636 6478)
3(7131 3289 7597)
3(3289 3755 7597)
3(3755 3289 4954)
3(3296 2165 3715)
3(7557 3715 3296)
3(7557 3296 7138)
3(3296 3715 4955)
3(7557 3715 4955)
3(7557 4955 8797)
4(8797 4955 3296 7138)
3(4394 2169 3296)
3(8236 4394 6011)
3(4394 2169 6011)
3(7138 3296 8236)
3(3296 4394 8236)
3(4394 3296 4955)
3(8797 4955 8236)
3(4955 4394 8236)
3(4955 3187 2442)
3(8797 4955 7029)
3(4955 3187 7029)
3(6284 2442 4955)
3(6284 4955 8797)
3(4955 2442 4621)
3(6284 2442 4621)
3(6284 4621 8463)
4(8463 4621 4955 8797)
3(4955 3715 2443)
3(6285 2443 4955)
3(6285 4955 8797)
3(4955 2443 3187)
3(4955 4621 2452)
3(8463 4621 6294)
3(4621 2452 6294)
3(6294 2452 4955)
3(6294 4955 8797)
3(4955 2452 3367)
3(6294 2452 3367)
3(6294 3367 7209)
3(7209 3367 4955)
3(7209 4955 8797)
3(3367 2453 4394)
3(7209 3367 6295)
3(3367 2453 6295)
3(6295 2453 4394)
3(6295 4394 8236)
3(8236 4394 7209)
3(4394 3367 7209)
3(3367 4394 4955)
3(3597 2646 3634)
3(7439 3597 6488)
3(3597 2646 6488)
3(7476 3634 3597)
3(7476 3597 7439)
3(3597 3634 4956)
3(7476 3634 4956)
3(7476 4956 8798)
4(8798 4956 3597 7439)
3(4956 3391 2647)
4(8798 4956 3391 7233)
3(6489 2647 4956)
3(6489 4956 8798)
3(4956 2647 4045)
3(6489 2647 4045)
3(6489 4045 7887)
3(7887 4045 4956)
3(7887 4956 8798)
3(3634 2813 4164)
3(8006 4164 7476)
3(4164 3634 7476)
3(3634 4164 4956)
3(8006 4164 4956)
3(8006 4956 8798)
3(4956 4164 2816)
3(6658 2816 4956)
3(6658 4956 8798)
3(4956 2816 3391)
3(3034 2819 3597)
3(6876 3034 6661)
3(3034 2819 6661)
3(6661 2819 3597)
3(6661 3597 7439)
3(7439 3597 6876)
3(3597 3034 6876)
3(3034 3597 4956)
3(8798 4956 6876)
3(4956 3034 6876)
3(4956 4045 2820)
3(7887 4045 6662)
3(4045 2820 6662)
3(6662 2820 4956)
3(6662 4956 8798)
3(4956 2820 3034)
3(6662 2820 3034)
3(6662 3034 6876)
3(4957 4688 1677)
3(8799 4957 8530)
3(4957 4688 8530)
4(5519 1677 4957 8799)
3(4957 1677 4118)
3(7960 4118 4957)
3(7960 4957 8799)
3(3038 1745 4053)
3(6880 3038 5587)
3(3038 1745 5587)
3(5587 1745 4053)
3(5587 4053 7895)
4(7895 4053 3038 6880)
3(3038 4053 4957)
3(7895 4053 4957)
3(7895 4957 8799)
3(8799 4957 6880)
3(4957 3038 6880)
3(3393 1749 4688)
3(8530 4688 7235)
3(4688 3393 7235)
3(3393 4688 4957)
3(8799 4957 7235)
3(4957 3393 7235)
3(4053 1750 3393)
3(7895 4053 5592)
3(4053 1750 5592)
3(7235 3393 4053)
3(7235 4053 7895)
3(4053 3393 4957)
3(4957 4118 2423)
3(6265 2423 4957)
3(6265 4957 8799)
3(4957 2423 4765)
3(6265 2423 4765)
3(6265 4765 8607)
3(8607 4765 4957)
3(8607 4957 8799)
3(4957 4765 2424)
3(8607 4765 6266)
3(4765 2424 6266)
3(6266 2424 4957)
3(6266 4957 8799)
3(4957 2424 3038)
3(6266 2424 3038)
3(6266 3038 6880)
3(4851 2146 3757)
3(8693 4851 5988)
3(4851 2146 5988)
3(7599 3757 8693)
3(3757 4851 8693)
3(4851 3757 4958)
3(7599 3757 4958)
3(7599 4958 8800)
3(8800 4958 8693)
3(4958 4851 8693)
3(4958 3070 2593)
3(8800 4958 6912)
3(4958 3070 6912)
3(6435 2593 4958)
3(6435 4958 8800)
3(4958 2593 4149)
3(6435 2593 4149)
3(6435 4149 7991)
3(7991 4149 4958)
3(7991 4958 8800)
3(4958 4321 2643)
3(8800 4958 8163)
3(4958 4321 8163)
3(6485 2643 4958)
3(6485 4958 8800)
3(4958 2643 3070)
3(3757 2645 4321)
4(8163 4321 3757 7599)
3(3757 4321 4958)
3(3133 2791 4851)
3(6975 3133 6633)
3(3133 2791 6633)
3(6633 2791 4851)
3(6633 4851 8693)
3(8693 4851 3133)
3(8693 3133 6975)
3(3133 4851 4958)
3(8800 4958 6975)
3(4958 3133 6975)
3(4958 4149 2792)
3(7991 4149 6634)
3(4149 2792 6634)
4(6634 2792 4958 8800)
3(4958 2792 3133)
3(6634 2792 3133)
3(6634 3133 6975)
3(4395 2198 3030)
4(6872 3030 4395 8237)
3(4395 3030 4959)
3(6872 3030 4959)
3(6872 4959 8801)
3(8801 4959 8237)
3(4959 4395 8237)
3(2936 2199 4395)
3(6778 2936 6041)
3(2936 2199 6041)
3(8237 4395 6778)
3(4395 2936 6778)
3(2936 4395 4959)
3(8801 4959 6778)
3(4959 2936 6778)
3(3140 2200 2936)
3(6982 3140 6042)
3(3140 2200 6042)
3(6042 2200 2936)
3(6042 2936 6778)
3(6778 2936 3140)
3(6778 3140 6982)
3(3140 2936 4959)
3(8801 4959 6982)
3(4959 3140 6982)
3(4959 4153 2201)
3(8801 4959 7995)
3(4959 4153 7995)
3(7995 4153 6043)
3(4153 2201 6043)
4(6043 2201 4959 8801)
3(4959 2201 3140)
3(6043 2201 3140)
3(6043 3140 6982)
3(4959 3030 2202)
3(6044 2202 4959)
3(6044 4959 8801)
3(4959 2202 3714)
3(7556 3714 4959)
3(7556 4959 8801)
3(4959 3714 2203)
3(6045 2203 4959)
3(6045 4959 8801)
3(4959 2203 4153)
3(6045 2203 4153)
3(6045 4153 7995)
3(3794 2270 3719)
3(7636 3794 6112)
3(3794 2270 6112)
3(7561 3719 3794)
3(7561 3794 7636)
3(3794 3719 4960)
3(7561 3719 4960)
3(7561 4960 8802)
3(8802 4960 7636)
3(4960 3794 7636)
3(3719 2274 3460)
3(7302 3460 7561)
3(3460 3719 7561)
3(3719 3460 4960)
3(7302 3460 4960)
3(7302 4960 8802)
3(4960 3460 2275)
4(6117 2275 4960 8802)
3(4960 2275 4408)
3(8250 4408 4960)
3(8250 4960 8802)
3(4960 4408 2710)
3(6552 2710 4960)
3(6552 4960 8802)
3(4960 2710 4514)
3(6552 2710 4514)
3(6552 4514 8356)
3(8356 4514 4960)
3(8356 4960 8802)
3(4735 2829 3794)
3(8577 4735 6671)
3(4735 2829 6671)
3(6671 2829 3794)
3(6671 3794 7636)
4(7636 3794 4735 8577)
3(4735 3794 4960)
3(8802 4960 8577)
3(4960 4735 8577)
3(4960 4514 2830)
3(8356 4514 6672)
3(4514 2830 6672)
3(6672 2830 4960)
3(6672 4960 8802)
3(4960 2830 4735)
3(6672 2830 4735)
3(6672 4735 8577)
3(4961 3357 1757)
3(8803 4961 7199)
3(4961 3357 7199)
3(5599 1757 4961)
3(5599 4961 8803)
3(4961 1757 3192)
3(7034 3192 4961)
3(7034 4961 8803)
3(3748 1758 3357)
3(7199 3357 3748)
3(7199 3748 7590)
3(3748 3357 4961)
3(8803 4961 7590)
3(4961 3748 7590)
3(4961 3195 2124)
3(8803 4961 7037)
3(4961 3195 7037)
3(7037 3195 5966)
3(3195 2124 5966)
3(5966 2124 4961)
3(5966 4961 8803)
3(4961 2124 4445)
4(5966 2124 4445 8287)
3(8287 4445 4961)
3(8287 4961 8803)
3(4961 3192 2126)
3(5968 2126 4961)
3(5968 4961 8803)
3(4961 2126 3195)
3(5968 2126 3195)
3(5968 3195 7037)
3(4445 2128 3725)
4(8287 4445 2128 5970)
3(5970 2128 3725)
3(5970 3725 7567)
3(7567 3725 8287)
3(3725 4445 8287)
3(4445 3725 4961)
4(7567 3725 4961 8803)
3(3725 2133 3748)
3(7567 3725 5975)
3(3725 2133 5975)
3(7590 3748 3725)
3(7590 3725 7567)
3(3725 3748 4961)
3(4962 3755 2634)
3(8804 4962 7597)
3(4962 3755 7597)
3(6476 2634 4962)
3(6476 4962 8804)
3(4962 2634 4175)
3(6476 2634 4175)
3(6476 4175 8017)
4(8017 4175 4962 8804)
3(3196 2635 4319)
3(8161 4319 3196)
3(8161 3196 7038)
3(3196 4319 4962)
3(8161 4319 4962)
3(8161 4962 8804)
3(8804 4962 7038)
3(4962 3196 7038)
3(4962 4319 2636)
3(6478 2636 4962)
3(6478 4962 8804)
3(4962 2636 3755)
3(3666 2637 3196)
3(7508 3666 6479)
3(3666 2637 6479)
3(7038 3196 7508)
3(3196 3666 7508)
3(3666 3196 4962)
3(8804 4962 7508)
3(4962 3666 7508)
3(4962 4175 2638)
3(8017 4175 6480)
3(4175 2638 6480)
3(6480 2638 4962)
3(6480 4962 8804)
3(4962 2638 3577)
4(6480 2638 3577 7419)
3(7419 3577 4962)
3(7419 4962 8804)
3(3577 2639 3666)
4(7419 3577 2639 6481)
3(6481 2639 3666)
3(6481 3666 7508)
3(7508 3666 7419)
3(3666 3577 7419)
3(3577 3666 4962)
3(3297 2167 3291)
3(7139 3297 6009)
3(3297 2167 6009)
3(7133 3291 7139)
3(3291 3297 7139)
3(3297 3291 4963)
3(7133 3291 4963)
3(7133 4963 8805)
3(8805 4963 7139)
3(4963 3297 7139)
3(3291 2168 3029)
3(6871 3029 3291)
3(6871 3291 7133)
3(3291 3029 4963)
3(6871 3029 4963)
3(6871 4963 8805)
3(4963 3029 2169)
3(6011 2169 4963)
3(6011 4963 8805)
3(4963 2169 4394)
3(8236 4394 4963)
3(8236 4963 8805)
3(4546 2170 3297)
4(8388 4546 2170 6012)
3(6012 2170 3297)
3(6012 3297 7139)
3(7139 3297 8388)
3(3297 4546 8388)
3(4546 3297 4963)
3(8805 4963 8388)
3(4963 4546 8388)
3(4963 3820 2448)
4(8805 4963 3820 7662)
3(7662 3820 6290)
3(3820 2448 6290)
3(6290 2448 4963)
3(6290 4963 8805)
3(4963 2448 4546)
4(6290 2448 4546 8388)
3(4963 4394 2453)
3(6295 2453 4963)
3(6295 4963 8805)
3(4963 2453 3820)
3(6295 2453 3820)
3(6295 3820 7662)
3(4964 4434 2057)
3(8806 4964 8276)
3(4964 4434 8276)
3(5899 2057 4964)
3(5899 4964 8806)
3(4964 2057 3298)
3(7140 3298 4964)
3(7140 4964 8806)
3(4045 2647 4434)
3(8276 4434 4045)
3(8276 4045 7887)
3(4045 4434 4964)
3(8806 4964 7887)
3(4964 4045 7887)
3(4964 3298 2687)
3(6529 2687 4964)
3(6529 4964 8806)
3(4964 2687 3304)
3(6529 2687 3304)
3(6529 3304 7146)
3(7146 3304 4964)
3(7146 4964 8806)
3(4964 3304 2691)
3(7146 3304 6533)
3(3304 2691 6533)
3(6533 2691 4964)
3(6533 4964 8806)
3(4964 2691 3226)
4(6533 2691 3226 7068)
3(7068 3226 4964)
3(7068 4964 8806)
3(4463 2820 4045)
3(8305 4463 6662)
3(4463 2820 6662)
3(7887 4045 4463)
3(7887 4463 8305)
3(4463 4045 4964)
4(8806 4964 4463 8305)
3(3226 2822 4463)
4(7068 3226 2822 6664)
3(6664 2822 4463)
3(6664 4463 8305)
3(8305 4463 7068)
3(4463 3226 7068)
3(3226 4463 4964)
3(4965 4053 1745)
3(8807 4965 7895)
3(4965 4053 7895)
3(5587 1745 4965)
3(5587 4965 8807)
3(4965 1745 3450)
4(5587 1745 3450 7292)
3(7292 3450 4965)
3(7292 4965 8807)
3(3721 1748 3126)
4(6968 3126 3721 7563)
3(3721 3126 4965)
3(6968 3126 4965)
3(6968 4965 8807)
3(8807 4965 7563)
3(4965 3721 7563)
3(4965 3126 1750)
3(5592 1750 4965)
3(5592 4965 8807)
3(4965 1750 4053)
3(4416 2125 3721)
3(8258 4416 5967)
3(4416 2125 5967)
3(7563 3721 8258)
3(3721 4416 8258)
3(4416 3721 4965)
3(8807 4965 8258)
3(4965 4416 8258)
3(4827 2386 4416)
4(8669 4827 2386 6228)
3(6228 2386 4416)
3(6228 4416 8258)
3(8258 4416 4827)
3(8258 4827 8669)
3(4827 4416 4965)
3(8807 4965 8669)
3(4965 4827 8669)
3(4965 3450 2388)
4(7292 3450 2388 6230)
4(6230 2388 4965 8807)
3(4965 2388 4827)
4(6230 2388 4827 8669)
3(4966 4358 2590)
3(8808 4966 8200)
3(4966 4358 8200)
3(6432 2590 4966)
3(6432 4966 8808)
3(4966 2590 4850)
3(6432 2590 4850)
3(6432 4850 8692)
3(8692 4850 4966)
3(8692 4966 8808)
3(4966 4850 2591)
3(8692 4850 6433)
3(4850 2591 6433)
3(6433 2591 4966)
3(6433 4966 8808)
3(4966 2591 3331)
4(6433 2591 3331 7173)
3(7173 3331 4966)
3(7173 4966 8808)
3(4966 4725 2592)
3(8808 4966 8567)
3(4966 4725 8567)
4(6434 2592 4966 8808)
3(4966 2592 4358)
3(4149 2593 4725)
3(8567 4725 7991)
3(4725 4149 7991)
3(4149 4725 4966)
3(8808 4966 7991)
3(4966 4149 7991)
3(4578 2792 4149)
4(8420 4578 2792 6634)
3(7991 4149 4578)
3(7991 4578 8420)
3(4578 4149 4966)
3(8808 4966 8420)
3(4966 4578 8420)
3(3331 2794 4578)
4(7173 3331 2794 6636)
4(6636 2794 4578 8420)
4(8420 4578 3331 7173)
3(3331 4578 4966)
3(2995 2194 3560)
4(6837 2995 2194 6036)
4(6036 2194 3560 7402)
4(7402 3560 2995 6837)
3(2995 3560 4967)
3(7402 3560 4967)
3(7402 4967 8809)
3(8809 4967 6837)
3(4967 2995 6837)
3(4967 4730 2195)
3(8809 4967 8572)
3(4967 4730 8572)
4(6037 2195 4967 8809)
3(4967 2195 3815)
3(7657 3815 4967)
3(7657 4967 8809)
3(4967 3815 2196)
3(6038 2196 4967)
3(6038 4967 8809)
3(4967 2196 4508)
3(6038 2196 4508)
3(6038 4508 8350)
3(8350 4508 4967)
3(8350 4967 8809)
3(4967 4508 2197)
3(8350 4508 6039)
3(4508 2197 6039)
3(6039 2197 4967)
3(6039 4967 8809)
3(4967 2197 2995)
4(6039 2197 2995 6837)
3(3560 2201 4153)
4(7402 3560 2201 6043)
3(7995 4153 3560)
3(7995 3560 7402)
3(3560 4153 4967)
3(7995 4153 4967)
3(7995 4967 8809)
3(4153 2203 4730)
3(8572 4730 7995)
3(4730 4153 7995)
3(4153 4730 4967)
3(4968 3398 2270)
3(8810 4968 7240)
3(4968 3398 7240)
3(6112 2270 4968)
3(6112 4968 8810)
3(4968 2270 3794)
3(7636 3794 4968)
3(7636 4968 8810)
3(4461 2271 3398)
4(7240 3398 4461 8303)
3(4461 3398 4968)
3(8810 4968 8303)
3(4968 4461 8303)
3(3000 2685 4513)
4(6842 3000 2685 6527)
3(6527 2685 4513)
3(6527 4513 8355)
3(8355 4513 3000)
3(8355 3000 6842)
3(3000 4513 4968)
3(8355 4513 4968)
3(8355 4968 8810)
3(8810 4968 6842)
3(4968 3000 6842)
3(4513 2686 4461)
3(8355 4513 6528)
3(4513 2686 6528)
3(8303 4461 8355)
3(4461 4513 8355)
3(4513 4461 4968)
3(4968 3794 2829)
3(6671 2829 4968)
3(6671 4968 8810)
3(4968 2829 4220)
4(6671 2829 4220 8062)
3(8062 4220 4968)
3(8062 4968 8810)
3(4968 4220 2832)
4(8062 4220 2832 6674)
4(6674 2832 4968 8810)
3(4968 2832 3000)
4(6674 2832 3000 6842)
3(4969 3533 2188)
3(8811 4969 7375)
3(4969 3533 7375)
4(7375 3533 2188 6030)
3(6030 2188 4969)
3(6030 4969 8811)
3(4969 2188 4681)
3(6030 2188 4681)
3(6030 4681 8523)
3(8523 4681 4969)
3(8523 4969 8811)
3(4969 4813 2192)
4(8811 4969 4813 8655)
3(6034 2192 4969)
3(6034 4969 8811)
3(4969 2192 3533)
4(6034 2192 3533 7375)
3(3405 2432 3001)
3(7247 3405 6274)
3(3405 2432 6274)
3(6274 2432 3001)
3(6274 3001 6843)
3(6843 3001 3405)
3(6843 3405 7247)
3(3405 3001 4969)
3(6843 3001 4969)
3(6843 4969 8811)
3(8811 4969 7247)
3(4969 3405 7247)
3(4969 4681 2433)
3(8523 4681 6275)
3(4681 2433 6275)
3(6275 2433 4969)
3(6275 4969 8811)
3(4969 2433 3405)
3(6275 2433 3405)
3(6275 3405 7247)
3(3001 2438 3550)
3(6843 3001 6280)
3(3001 2438 6280)
3(7392 3550 6843)
3(3550 3001 6843)
3(3001 3550 4969)
3(7392 3550 4969)
3(7392 4969 8811)
3(3550 2439 4813)
3(8655 4813 7392)
3(4813 3550 7392)
3(3550 4813 4969)
3(4970 3512 2276)
4(8812 4970 3512 7354)
3(6118 2276 4970)
3(6118 4970 8812)
3(4970 2276 4209)
3(8051 4209 4970)
3(8051 4970 8812)
3(3623 2277 3512)
4(7465 3623 2277 6119)
3(7354 3512 7465)
3(3512 3623 7465)
3(3623 3512 4970)
3(8812 4970 7465)
3(4970 3623 7465)
3(4970 4209 2279)
3(6121 2279 4970)
3(6121 4970 8812)
3(4970 2279 4410)
3(6121 2279 4410)
3(6121 4410 8252)
3(8252 4410 4970)
3(8252 4970 8812)
3(4970 4410 2281)
3(8252 4410 6123)
3(4410 2281 6123)
3(6123 2281 4970)
3(6123 4970 8812)
3(4970 2281 4820)
3(6123 2281 4820)
3(6123 4820 8662)
3(8662 4820 4970)
3(8662 4970 8812)
3(4771 2301 3623)
3(8613 4771 6143)
3(4771 2301 6143)
4(6143 2301 3623 7465)
3(7465 3623 4771)
3(7465 4771 8613)
3(4771 3623 4970)
3(8812 4970 8613)
3(4970 4771 8613)
3(4820 2304 4771)
3(8662 4820 6146)
3(4820 2304 6146)
3(6146 2304 4771)
3(6146 4771 8613)
3(8613 4771 4820)
3(8613 4820 8662)
3(4820 4771 4970)
3(4971 3099 1926)
3(8813 4971 6941)
3(4971 3099 6941)
3(6941 3099 5768)
3(3099 1926 5768)
3(5768 1926 4971)
3(5768 4971 8813)
3(4971 1926 3521)
3(5768 1926 3521)
3(5768 3521 7363)
3(7363 3521 4971)
3(7363 4971 8813)
3(4971 3857 1927)
3(8813 4971 7699)
3(4971 3857 7699)
3(5769 1927 4971)
3(5769 4971 8813)
3(4971 1927 3099)
3(5769 1927 3099)
3(5769 3099 6941)
3(3521 2187 4520)
3(7363 3521 6029)
3(3521 2187 6029)
3(6029 2187 4520)
3(6029 4520 8362)
3(8362 4520 3521)
3(8362 3521 7363)
3(3521 4520 4971)
3(8362 4520 4971)
3(8362 4971 8813)
3(4520 2188 3533)
3(8362 4520 6030)
3(4520 2188 6030)
3(7375 3533 4520)
3(7375 4520 8362)
3(4520 3533 4971)
3(7375 3533 4971)
3(7375 4971 8813)
3(4971 3779 2191)
4(8813 4971 3779 7621)
3(6033 2191 4971)
3(6033 4971 8813)
3(4971 2191 3857)
3(3533 2192 3779)
3(7621 3779 7375)
3(3779 3533 7375)
3(3533 3779 4971)
3(4972 3782 2277)
4(8814 4972 3782 7624)
3(6119 2277 4972)
3(6119 4972 8814)
3(4972 2277 3623)
3(7465 3623 4972)
3(7465 4972 8814)
3(3861 2280 3782)
3(7624 3782 7703)
3(3782 3861 7703)
3(3861 3782 4972)
3(8814 4972 7703)
3(4972 3861 7703)
3(4972 3623 2301)
3(6143 2301 4972)
3(6143 4972 8814)
3(4972 2301 4168)
3(6143 2301 4168)
3(6143 4168 8010)
3(8010 4168 4972)
3(8010 4972 8814)
3(4972 4168 2305)
3(8010 4168 6147)
3(4168 2305 6147)
3(6147 2305 4972)
3(6147 4972 8814)
3(4972 2305 3166)
3(6147 2305 3166)
3(6147 3166 7008)
3(7008 3166 4972)
3(7008 4972 8814)
3(4707 2878 3861)
3(8549 4707 6720)
3(4707 2878 6720)
3(7703 3861 8549)
3(3861 4707 8549)
3(4707 3861 4972)
3(8814 4972 8549)
3(4972 4707 8549)
3(3166 2879 4707)
3(7008 3166 6721)
3(3166 2879 6721)
3(6721 2879 4707)
3(6721 4707 8549)
3(8549 4707 3166)
3(8549 3166 7008)
3(3166 4707 4972)
3(4973 3665 1737)
3(8815 4973 7507)
3(4973 3665 7507)
3(5579 1737 4973)
3(5579 4973 8815)
3(4973 1737 3961)
4(7803 3961 4973 8815)
3(3374 1741 4129)
4(7216 3374 1741 5583)
3(5583 1741 4129)
3(5583 4129 7971)
3(7971 4129 7216)
3(4129 3374 7216)
3(3374 4129 4973)
4(7971 4129 4973 8815)
3(8815 4973 7216)
3(4973 3374 7216)
3(3471 1870 3665)
4(7313 3471 1870 5712)
3(7507 3665 7313)
3(3665 3471 7313)
3(3471 3665 4973)
3(8815 4973 7313)
3(4973 3471 7313)
3(4129 1871 3471)
3(7971 4129 5713)
3(4129 1871 5713)
4(5713 1871 3471 7313)
3(7313 3471 4129)
3(7313 4129 7971)
3(4129 3471 4973)
3(4973 4415 2129)
3(8815 4973 8257)
3(4973 4415 8257)
3(8257 4415 5971)
3(4415 2129 5971)
3(5971 2129 4973)
3(5971 4973 8815)
3(4973 2129 3374)
4(5971 2129 3374 7216)
3(4973 3961 2132)
3(5974 2132 4973)
3(5974 4973 8815)
3(4973 2132 4415)
3(5974 2132 4415)
3(5974 4415 8257)
3(4974 4133 1869)
4(8816 4974 4133 7975)
3(7975 4133 5711)
3(4133 1869 5711)
3(5711 1869 4974)
3(5711 4974 8816)
3(4974 1869 3853)
4(5711 1869 3853 7695)
3(7695 3853 4974)
3(7695 4974 8816)
3(4974 3454 1870)
3(8816 4974 7296)
3(4974 3454 7296)
3(5712 1870 4974)
3(5712 4974 8816)
3(4974 1870 3471)
3(7313 3471 4974)
3(7313 4974 8816)
3(4974 3471 1871)
3(5713 1871 4974)
3(5713 4974 8816)
3(4974 1871 4133)
3(5713 1871 4133)
3(5713 4133 7975)
3(3853 2145 4849)
4(7695 3853 2145 5987)
3(5987 2145 4849)
3(5987 4849 8691)
3(8691 4849 7695)
3(4849 3853 7695)
3(3853 4849 4974)
3(8691 4849 4974)
3(8691 4974 8816)
3(4849 2412 3968)
3(8691 4849 6254)
3(4849 2412 6254)
3(7810 3968 8691)
3(3968 4849 8691)
3(4849 3968 4974)
4(7810 3968 4974 8816)
3(3968 2413 3454)
3(7296 3454 3968)
3(7296 3968 7810)
3(3968 3454 4974)
3(4975 3573 1850)
3(8817 4975 7415)
3(4975 3573 7415)
4(7415 3573 1850 5692)
3(5692 1850 4975)
3(5692 4975 8817)
3(4975 1850 4022)
3(5692 1850 4022)
3(5692 4022 7864)
4(7864 4022 4975 8817)
3(4975 4022 1851)
3(7864 4022 5693)
3(4022 1851 5693)
3(5693 1851 4975)
3(5693 4975 8817)
3(4975 1851 3485)
4(5693 1851 3485 7327)
3(7327 3485 4975)
3(7327 4975 8817)
3(4975 3120 2441)
3(8817 4975 6962)
3(4975 3120 6962)
3(6283 2441 4975)
3(6283 4975 8817)
3(4975 2441 3573)
4(6283 2441 3573 7415)
3(4621 2442 3120)
3(6962 3120 4621)
3(6962 4621 8463)
3(4621 3120 4975)
4(8817 4975 4621 8463)
3(3485 2451 4507)
4(7327 3485 2451 6293)
3(6293 2451 4507)
3(6293 4507 8349)
3(8349 4507 7327)
3(4507 3485 7327)
3(3485 4507 4975)
3(8349 4507 4975)
3(8349 4975 8817)
3(4507 2452 4621)
3(8349 4507 6294)
3(4507 2452 6294)
3(8463 4621 8349)
3(4621 4507 8349)
3(4507 4621 4975)
3(4218 1850 3573)
3(8060 4218 5692)
3(4218 1850 5692)
3(7415 3573 4218)
3(7415 4218 8060)
3(4218 3573 4976)
3(7415 3573 4976)
3(7415 4976 8818)
4(8818 4976 4218 8060)
3(4151 2043 4218)
4(7993 4151 2043 5885)
3(5885 2043 4218)
3(5885 4218 8060)
3(8060 4218 7993)
3(4218 4151 7993)
3(4151 4218 4976)
3(8818 4976 7993)
3(4976 4151 7993)
3(3573 2441 3555)
3(7397 3555 7415)
3(3555 3573 7415)
3(3573 3555 4976)
3(7397 3555 4976)
3(7397 4976 8818)
3(4976 3555 2646)
3(6488 2646 4976)
3(6488 4976 8818)
3(4976 2646 3597)
4(7439 3597 4976 8818)
3(4976 3597 2819)
3(6661 2819 4976)
3(6661 4976 8818)
3(4976 2819 4512)
3(6661 2819 4512)
3(6661 4512 8354)
3(8354 4512 4976)
3(8354 4976 8818)
3(4976 4512 2821)
3(8354 4512 6663)
3(4512 2821 6663)
3(6663 2821 4976)
3(6663 4976 8818)
3(4976 2821 4151)
4(6663 2821 4151 7993)
3(3940 2421 4025)
3(7782 3940 6263)
3(3940 2421 6263)
4(7867 4025 3940 7782)
3(3940 4025 4977)
3(7867 4025 4977)
3(7867 4977 8819)
3(8819 4977 7782)
3(4977 3940 7782)
3(4095 2426 3940)
3(7937 4095 6268)
3(4095 2426 6268)
3(6268 2426 3940)
3(6268 3940 7782)
3(7782 3940 4095)
3(7782 4095 7937)
3(4095 3940 4977)
4(8819 4977 4095 7937)
3(4977 3865 2431)
3(8819 4977 7707)
3(4977 3865 7707)
3(7707 3865 6273)
3(3865 2431 6273)
3(6273 2431 4977)
3(6273 4977 8819)
3(4977 2431 4095)
3(6273 2431 4095)
3(6273 4095 7937)
3(4977 3001 2432)
3(8819 4977 6843)
3(4977 3001 6843)
3(6274 2432 4977)
3(6274 4977 8819)
3(4977 2432 3865)
3(6274 2432 3865)
3(6274 3865 7707)
3(4977 4025 2437)
3(6279 2437 4977)
3(6279 4977 8819)
3(4977 2437 3250)
4(7092 3250 4977 8819)
3(4977 3250 2438)
3(6280 2438 4977)
3(6280 4977 8819)
3(4977 2438 3001)
3(4410 2279 3255)
3(7097 3255 8252)
3(3255 4410 8252)
3(4410 3255 4978)
4(7097 3255 4978 8820)
3(8820 4978 8252)
3(4978 4410 8252)
3(4318 2281 4410)
3(8160 4318 6123)
3(4318 2281 6123)
4(8252 4410 4318 8160)
3(4318 4410 4978)
3(8820 4978 8160)
3(4978 4318 8160)
3(3255 2282 3670)
3(7512 3670 3255)
3(7512 3255 7097)
3(3255 3670 4978)
3(7512 3670 4978)
3(7512 4978 8820)
3(4978 3670 2286)
3(6128 2286 4978)
3(6128 4978 8820)
3(4978 2286 3095)
3(6128 2286 3095)
3(6128 3095 6937)
3(6937 3095 4978)
3(6937 4978 8820)
3(4539 2552 4318)
3(8381 4539 6394)
3(4539 2552 6394)
3(6394 2552 4318)
3(6394 4318 8160)
3(8160 4318 4539)
3(8160 4539 8381)
3(4539 4318 4978)
4(8820 4978 4539 8381)
3(4978 3095 2555)
3(6937 3095 6397)
3(3095 2555 6397)
3(6397 2555 4978)
3(6397 4978 8820)
3(4978 2555 4539)
3(6397 2555 4539)
3(6397 4539 8381)
3(4186 1683 3973)
3(8028 4186 5525)
3(4186 1683 5525)
3(5525 1683 3973)
3(5525 3973 7815)
3(7815 3973 4186)
3(7815 4186 8028)
3(4186 3973 4979)
3(7815 3973 4979)
3(7815 4979 8821)
4(8821 4979 4186 8028)
3(2938 1773 3676)
3(7518 3676 2938)
3(7518 2938 6780)
3(2938 3676 4979)
3(7518 3676 4979)
3(7518 4979 8821)
4(8821 4979 2938 6780)
3(3973 1926 3099)
3(7815 3973 5768)
3(3973 1926 5768)
4(6941 3099 3973 7815)
3(3973 3099 4979)
3(6941 3099 4979)
3(6941 4979 8821)
3(3099 1927 2938)
3(6780 2938 6941)
3(2938 3099 6941)
3(3099 2938 4979)
3(4979 3676 1978)
3(5820 1978 4979)
3(5820 4979 8821)
3(4979 1978 4055)
3(5820 1978 4055)
3(5820 4055 7897)
3(7897 4055 4979)
3(7897 4979 8821)
3(4979 4055 1980)
3(7897 4055 5822)
3(4055 1980 5822)
3(5822 1980 4979)
3(5822 4979 8821)
3(4979 1980 4186)
3(5822 1980 4186)
3(5822 4186 8028)
3(4980 4316 2874)
3(8822 4980 8158)
3(4980 4316 8158)
3(6716 2874 4980)
3(6716 4980 8822)
3(4980 2874 3554)
4(7396 3554 4980 8822)
3(4706 2875 4316)
3(8548 4706 6717)
3(4706 2875 6717)
4(8158 4316 4706 8548)
3(4706 4316 4980)
3(8822 4980 8548)
3(4980 4706 8548)
3(4980 3979 2876)
3(8822 4980 7821)
3(4980 3979 7821)
3(7821 3979 6718)
3(3979 2876 6718)
3(6718 2876 4980)
3(6718 4980 8822)
3(4980 2876 4192)
3(6718 2876 4192)
3(6718 4192 8034)
4(8034 4192 4980 8822)
3(4192 2877 4706)
3(8034 4192 6719)
3(4192 2877 6719)
3(6719 2877 4706)
3(6719 4706 8548)
3(8548 4706 4192)
3(8548 4192 8034)
3(4192 4706 4980)
3(4980 3554 2878)
3(6720 2878 4980)
3(6720 4980 8822)
3(4980 2878 4707)
3(8549 4707 4980)
3(8549 4980 8822)
3(4980 4707 2879)
3(6721 2879 4980)
3(6721 4980 8822)
3(4980 2879 3979)
3(6721 2879 3979)
3(6721 3979 7821)
3(4981 4531 2421)
3(8823 4981 8373)
3(4981 4531 8373)
3(6263 2421 4981)
3(6263 4981 8823)
3(4981 2421 3940)
3(7782 3940 4981)
3(7782 4981 8823)
3(3373 2422 4414)
4(7215 3373 2422 6264)
3(6264 2422 4414)
3(6264 4414 8256)
4(8256 4414 3373 7215)
3(3373 4414 4981)
3(8256 4414 4981)
3(8256 4981 8823)
3(8823 4981 7215)
3(4981 3373 7215)
3(4765 2423 4531)
3(8373 4531 8607)
3(4531 4765 8607)
3(4765 4531 4981)
3(8823 4981 8607)
3(4981 4765 8607)
3(4414 2424 4765)
3(8256 4414 6266)
3(4414 2424 6266)
3(8607 4765 4414)
3(8607 4414 8256)
3(4414 4765 4981)
3(4981 3940 2426)
3(6268 2426 4981)
3(6268 4981 8823)
3(4981 2426 4324)
3(6268 2426 4324)
3(6268 4324 8166)
3(8166 4324 4981)
3(8166 4981 8823)
3(4981 4324 2428)
3(8166 4324 6270)
3(4324 2428 6270)
3(6270 2428 4981)
3(6270 4981 8823)
3(4981 2428 3373)
4(6270 2428 3373 7215)
3(4982 4180 2146)
3(8824 4982 8022)
3(4982 4180 8022)
3(5988 2146 4982)
3(5988 4982 8824)
3(4982 2146 4851)
3(8693 4851 4982)
3(8693 4982 8824)
3(3095 2286 4180)
4(8022 4180 3095 6937)
3(3095 4180 4982)
3(8824 4982 6937)
3(4982 3095 6937)
3(3316 2555 3095)
3(7158 3316 6397)
3(3316 2555 6397)
3(6937 3095 7158)
3(3095 3316 7158)
3(3316 3095 4982)
3(8824 4982 7158)
3(4982 3316 7158)
3(3046 2556 3316)
4(6888 3046 2556 6398)
3(6398 2556 3316)
3(6398 3316 7158)
3(7158 3316 6888)
3(3316 3046 6888)
3(3046 3316 4982)
3(8824 4982 6888)
3(4982 3046 6888)
3(4982 4851 2791)
3(6633 2791 4982)
3(6633 4982 8824)
3(4982 2791 4063)
3(6633 2791 4063)
3(6633 4063 7905)
3(7905 4063 4982)
3(7905 4982 8824)
3(4982 4063 2793)
3(7905 4063 6635)
3(4063 2793 6635)
3(6635 2793 4982)
3(6635 4982 8824)
3(4982 2793 3046)
4(6635 2793 3046 6888)
3(4055 1978 4185)
4(8027 4185 4055 7897)
3(4055 4185 4983)
3(8027 4185 4983)
3(8027 4983 8825)
3(8825 4983 7897)
3(4983 4055 7897)
3(4983 4506 1979)
3(8825 4983 8348)
3(4983 4506 8348)
3(8348 4506 5821)
3(4506 1979 5821)
3(5821 1979 4983)
3(5821 4983 8825)
3(4983 1979 3484)
4(5821 1979 3484 7326)
3(7326 3484 4983)
3(7326 4983 8825)
3(4437 1980 4055)
3(8279 4437 5822)
3(4437 1980 5822)
3(7897 4055 8279)
3(4055 4437 8279)
3(4437 4055 4983)
3(8825 4983 8279)
3(4983 4437 8279)
3(3484 1981 4437)
4(7326 3484 1981 5823)
3(5823 1981 4437)
3(5823 4437 8279)
3(8279 4437 7326)
3(4437 3484 7326)
3(3484 4437 4983)
3(4983 4185 2199)
3(6041 2199 4983)
3(6041 4983 8825)
3(4983 2199 2936)
3(6778 2936 4983)
3(6778 4983 8825)
3(4983 2936 2200)
3(6042 2200 4983)
3(6042 4983 8825)
3(4983 2200 4506)
3(6042 2200 4506)
3(6042 4506 8348)
3(4514 2710 4817)
3(8659 4817 8356)
3(4817 4514 8356)
3(4514 4817 4984)
3(8659 4817 4984)
3(8659 4984 8826)
3(8826 4984 8356)
3(4984 4514 8356)
3(4157 2830 4514)
3(7999 4157 6672)
3(4157 2830 6672)
3(8356 4514 4157)
3(8356 4157 7999)
3(4157 4514 4984)
3(8826 4984 7999)
3(4984 4157 7999)
3(3143 2831 4157)
4(6985 3143 2831 6673)
3(6673 2831 4157)
3(6673 4157 7999)
4(7999 4157 3143 6985)
3(3143 4157 4984)
3(8826 4984 6985)
3(4984 3143 6985)
3(4984 3414 2835)
3(8826 4984 7256)
3(4984 3414 7256)
3(7256 3414 6677)
3(3414 2835 6677)
3(6677 2835 4984)
3(6677 4984 8826)
3(4984 2835 3143)
4(6677 2835 3143 6985)
3(4984 4817 2875)
3(6717 2875 4984)
3(6717 4984 8826)
3(4984 2875 4706)
3(8548 4706 4984)
3(8548 4984 8826)
3(4984 4706 2877)
3(6719 2877 4984)
3(6719 4984 8826)
3(4984 2877 3414)
3(6719 2877 3414)
3(6719 3414 7256)
3(3864 2124 3195)
3(7706 3864 5966)
3(3864 2124 5966)
4(7037 3195 3864 7706)
3(3864 3195 4985)
3(7037 3195 4985)
3(7037 4985 8827)
3(8827 4985 7706)
3(4985 3864 7706)
3(4985 3621 2125)
3(8827 4985 7463)
3(4985 3621 7463)
3(5967 2125 4985)
3(5967 4985 8827)
3(4985 2125 4416)
3(8258 4416 4985)
3(8258 4985 8827)
3(3195 2126 3621)
3(7463 3621 3195)
3(7463 3195 7037)
3(3195 3621 4985)
3(3793 2127 3864)
3(7635 3793 5969)
3(3793 2127 5969)
3(5969 2127 3864)
3(5969 3864 7706)
3(7706 3864 7635)
3(3864 3793 7635)
3(3793 3864 4985)
3(8827 4985 7635)
3(4985 3793 7635)
3(4985 4416 2386)
4(6228 2386 4985 8827)
3(4985 2386 4366)
3(6228 2386 4366)
3(6228 4366 8208)
3(8208 4366 4985)
3(8208 4985 8827)
3(4985 4366 2387)
3(8208 4366 6229)
3(4366 2387 6229)
3(6229 2387 4985)
3(6229 4985 8827)
3(4985 2387 3793)
3(6229 2387 3793)
3(6229 3793 7635)
3(4986 3500 2376)
3(8828 4986 7342)
3(4986 3500 7342)
3(7342 3500 6218)
3(3500 2376 6218)
3(6218 2376 4986)
3(6218 4986 8828)
3(4986 2376 4748)
3(6218 2376 4748)
3(6218 4748 8590)
3(8590 4748 4986)
3(8590 4986 8828)
3(4748 2377 4015)
3(8590 4748 6219)
3(4748 2377 6219)
3(6219 2377 4015)
3(6219 4015 7857)
3(7857 4015 8590)
3(4015 4748 8590)
3(4748 4015 4986)
3(7857 4015 4986)
3(7857 4986 8828)
3(4850 2590 3629)
3(7471 3629 4850)
3(7471 4850 8692)
3(4850 3629 4986)
3(7471 3629 4986)
3(7471 4986 8828)
3(8828 4986 8692)
3(4986 4850 8692)
3(4015 2591 4850)
3(7857 4015 6433)
3(4015 2591 6433)
4(8692 4850 4015 7857)
3(4015 4850 4986)
3(4986 3629 2637)
3(6479 2637 4986)
3(6479 4986 8828)
3(4986 2637 3666)
3(7508 3666 4986)
3(7508 4986 8828)
3(4986 3666 2639)
4(6481 2639 4986 8828)
3(4986 2639 3500)
3(6481 2639 3500)
3(6481 3500 7342)
3(4987 3971 1705)
3(8829 4987 7813)
3(4987 3971 7813)
3(7813 3971 5547)
3(3971 1705 5547)
3(5547 1705 4987)
3(5547 4987 8829)
3(4987 1705 3898)
3(5547 1705 3898)
3(5547 3898 7740)
3(7740 3898 4987)
3(7740 4987 8829)
3(3898 1802 4468)
3(7740 3898 5644)
3(3898 1802 5644)
3(5644 1802 4468)
3(5644 4468 8310)
3(8310 4468 7740)
3(4468 3898 7740)
3(3898 4468 4987)
3(8310 4468 4987)
3(8310 4987 8829)
3(4987 3746 2167)
3(8829 4987 7588)
3(4987 3746 7588)
3(6009 2167 4987)
3(6009 4987 8829)
3(4987 2167 3297)
3(7139 3297 4987)
3(7139 4987 8829)
3(4987 3297 2170)
4(6012 2170 4987 8829)
3(4987 2170 3971)
3(6012 2170 3971)
3(6012 3971 7813)
3(4508 2196 3746)
3(7588 3746 4508)
3(7588 4508 8350)
3(4508 3746 4987)
3(8829 4987 8350)
3(4987 4508 8350)
3(4468 2197 4508)
3(8310 4468 6039)
3(4468 2197 6039)
4(8350 4508 4468 8310)
3(4468 4508 4987)
3(4988 3165 2684)
3(8830 4988 7007)
3(4988 3165 7007)
3(7007 3165 6526)
3(3165 2684 6526)
3(6526 2684 4988)
3(6526 4988 8830)
3(4988 2684 3902)
3(6526 2684 3902)
3(6526 3902 7744)
3(7744 3902 4988)
3(7744 4988 8830)
3(4988 4513 2685)
3(8830 4988 8355)
3(4988 4513 8355)
4(6527 2685 4988 8830)
3(4988 2685 3165)
3(6527 2685 3165)
3(6527 3165 7007)
3(4988 3751 2686)
3(8830 4988 7593)
3(4988 3751 7593)
3(6528 2686 4988)
3(6528 4988 8830)
3(4988 2686 4513)
3(3304 2687 3751)
3(7593 3751 3304)
3(7593 3304 7146)
3(3304 3751 4988)
3(8830 4988 7146)
3(4988 3304 7146)
3(3902 2690 4625)
3(7744 3902 6532)
3(3902 2690 6532)
3(6532 2690 4625)
3(6532 4625 8467)
3(8467 4625 7744)
3(4625 3902 7744)
3(3902 4625 4988)
3(8467 4625 4988)
3(8467 4988 8830)
3(4625 2691 3304)
3(8467 4625 6533)
3(4625 2691 6533)
4(7146 3304 4625 8467)
3(4625 3304 4988)
3(4989 3725 2128)
3(8831 4989 7567)
3(4989 3725 7567)
4(5970 2128 4989 8831)
3(4989 2128 3111)
3(5970 2128 3111)
3(5970 3111 6953)
3(6953 3111 4989)
3(6953 4989 8831)
3(3309 2129 4415)
3(7151 3309 5971)
3(3309 2129 5971)
4(8257 4415 3309 7151)
3(3309 4415 4989)
3(8257 4415 4989)
3(8257 4989 8831)
3(8831 4989 7151)
3(4989 3309 7151)
3(3532 2130 3309)
3(7374 3532 5972)
3(3532 2130 5972)
3(5972 2130 3309)
3(5972 3309 7151)
3(7151 3309 7374)
3(3309 3532 7374)
3(3532 3309 4989)
3(8831 4989 7374)
3(4989 3532 7374)
3(4989 3111 2131)
3(6953 3111 5973)
3(3111 2131 5973)
3(5973 2131 4989)
3(5973 4989 8831)
3(4989 2131 3532)
3(5973 2131 3532)
3(5973 3532 7374)
3(4415 2132 4690)
3(8532 4690 4415)
3(8532 4415 8257)
3(4415 4690 4989)
3(8532 4690 4989)
3(8532 4989 8831)
3(4989 4690 2133)
3(5975 2133 4989)
3(5975 4989 8831)
3(4989 2133 3725)
3(4990 3975 2144)
3(8832 4990 7817)
3(4990 3975 7817)
3(7817 3975 5986)
3(3975 2144 5986)
3(5986 2144 4990)
3(5986 4990 8832)
3(4990 2144 4188)
3(5986 2144 4188)
3(5986 4188 8030)
3(8030 4188 4990)
3(8030 4990 8832)
3(4990 4849 2145)
3(8832 4990 8691)
3(4990 4849 8691)
4(5987 2145 4990 8832)
3(4990 2145 3975)
3(5987 2145 3975)
3(5987 3975 7817)
3(4188 2374 3765)
3(8030 4188 6216)
3(4188 2374 6216)
3(6216 2374 3765)
3(6216 3765 7607)
3(7607 3765 8030)
3(3765 4188 8030)
3(4188 3765 4990)
3(7607 3765 4990)
3(7607 4990 8832)
3(4990 4696 2412)
3(8832 4990 8538)
3(4990 4696 8538)
3(6254 2412 4990)
3(6254 4990 8832)
3(4990 2412 4849)
3(4175 2634 4696)
3(8538 4696 4175)
3(8538 4175 8017)
3(4175 4696 4990)
3(8832 4990 8017)
3(4990 4175 8017)
3(3765 2638 4175)
3(7607 3765 6480)
3(3765 2638 6480)
4(8017 4175 3765 7607)
3(3765 4175 4990)
3(3197 2448 3820)
3(7039 3197 6290)
3(3197 2448 6290)
4(7662 3820 3197 7039)
3(3197 3820 4991)
3(7662 3820 4991)
3(7662 4991 8833)
3(8833 4991 7039)
3(4991 3197 7039)
3(3632 2449 3197)
3(7474 3632 6291)
3(3632 2449 6291)
3(6291 2449 3197)
3(6291 3197 7039)
3(7039 3197 7474)
3(3197 3632 7474)
3(3632 3197 4991)
3(8833 4991 7474)
3(4991 3632 7474)
3(4991 3406 2450)
3(8833 4991 7248)
3(4991 3406 7248)
3(7248 3406 6292)
3(3406 2450 6292)
3(6292 2450 4991)
3(6292 4991 8833)
3(4991 2450 3632)
3(6292 2450 3632)
3(6292 3632 7474)
3(4991 4507 2451)
3(8833 4991 8349)
3(4991 4507 8349)
4(6293 2451 4991 8833)
3(4991 2451 3406)
3(6293 2451 3406)
3(6293 3406 7248)
3(4991 3367 2452)
3(8833 4991 7209)
3(4991 3367 7209)
3(6294 2452 4991)
3(6294 4991 8833)
3(4991 2452 4507)
3(3820 2453 3367)
3(7209 3367 3820)
3(7209 3820 7662)
3(3820 3367 4991)
3(4512 2819 3034)
3(6876 3034 4512)
3(6876 4512 8354)
3(4512 3034 4992)
3(6876 3034 4992)
3(6876 4992 8834)
3(8834 4992 8354)
3(4992 4512 8354)
3(4992 3034 2820)
3(6662 2820 4992)
3(6662 4992 8834)
3(4992 2820 4463)
3(8305 4463 4992)
3(8305 4992 8834)
3(4088 2821 4512)
3(7930 4088 6663)
3(4088 2821 6663)
4(8354 4512 4088 7930)
3(4088 4512 4992)
3(8834 4992 7930)
3(4992 4088 7930)
3(4992 4463 2822)
4(6664 2822 4992 8834)
3(4992 2822 3862)
3(6664 2822 3862)
3(6664 3862 7704)
3(7704 3862 4992)
3(7704 4992 8834)
3(4287 2823 4088)
3(8129 4287 6665)
3(4287 2823 6665)
3(6665 2823 4088)
3(6665 4088 7930)
3(7930 4088 8129)
3(4088 4287 8129)
3(4287 4088 4992)
3(8834 4992 8129)
3(4992 4287 8129)
3(4992 3862 2824)
3(7704 3862 6666)
3(3862 2824 6666)
3(6666 2824 4992)
3(6666 4992 8834)
3(4992 2824 4287)
3(6666 2824 4287)
3(6666 4287 8129)
3(3450 1745 3038)
3(6880 3038 3450)
3(6880 3450 7292)
3(3450 3038 4993)
3(6880 3038 4993)
3(6880 4993 8835)
3(8835 4993 7292)
3(4993 3450 7292)
3(4993 4093 1746)
3(8835 4993 7935)
3(4993 4093 7935)
3(7935 4093 5588)
3(4093 1746 5588)
3(5588 1746 4993)
3(5588 4993 8835)
3(4993 1746 4292)
3(5588 1746 4292)
3(5588 4292 8134)
3(8134 4292 4993)
3(8134 4993 8835)
3(3863 2388 3450)
4(7705 3863 2388 6230)
4(7292 3450 3863 7705)
3(3863 3450 4993)
3(8835 4993 7705)
3(4993 3863 7705)
3(4292 2391 3863)
3(8134 4292 6233)
3(4292 2391 6233)
4(6233 2391 3863 7705)
3(7705 3863 8134)
3(3863 4292 8134)
3(4292 3863 4993)
3(4993 4414 2422)
3(8835 4993 8256)
3(4993 4414 8256)
4(6264 2422 4993 8835)
3(4993 2422 4093)
3(6264 2422 4093)
3(6264 4093 7935)
3(4993 3038 2424)
3(6266 2424 4993)
3(6266 4993 8835)
3(4993 2424 4414)
3(4063 2791 3133)
3(6975 3133 4063)
3(6975 4063 7905)
3(4063 3133 4994)
3(6975 3133 4994)
3(6975 4994 8836)
3(8836 4994 7905)
3(4994 4063 7905)
3(4994 3133 2792)
3(6634 2792 4994)
3(6634 4994 8836)
3(4994 2792 4578)
3(8420 4578 4994)
3(8420 4994 8836)
3(3733 2793 4063)
3(7575 3733 6635)
3(3733 2793 6635)
4(7905 4063 3733 7575)
3(3733 4063 4994)
3(8836 4994 7575)
3(4994 3733 7575)
3(4994 4578 2794)
4(6636 2794 4994 8836)
3(4994 2794 3497)
4(6636 2794 3497 7339)
3(7339 3497 4994)
3(7339 4994 8836)
3(3936 2795 3733)
3(7778 3936 6637)
3(3936 2795 6637)
3(6637 2795 3733)
3(6637 3733 7575)
3(7575 3733 7778)
3(3733 3936 7778)
3(3936 3733 4994)
3(8836 4994 7778)
3(4994 3936 7778)
3(4994 3497 2796)
4(7339 3497 2796 6638)
3(6638 2796 4994)
3(6638 4994 8836)
3(4994 2796 3936)
3(6638 2796 3936)
3(6638 3936 7778)
3(4995 3970 1975)
3(8837 4995 7812)
3(4995 3970 7812)
4(7812 3970 1975 5817)
3(5817 1975 4995)
3(5817 4995 8837)
3(4995 1975 4405)
3(5817 1975 4405)
3(5817 4405 8247)
3(8247 4405 4995)
3(8247 4995 8837)
3(4405 1977 4183)
3(8247 4405 5819)
3(4405 1977 5819)
3(5819 1977 4183)
3(5819 4183 8025)
3(8025 4183 8247)
3(4183 4405 8247)
3(4405 4183 4995)
3(8025 4183 4995)
3(8025 4995 8837)
3(4183 1979 4506)
3(8025 4183 5821)
3(4183 1979 5821)
4(8348 4506 4183 8025)
3(4183 4506 4995)
3(8348 4506 4995)
3(8348 4995 8837)
3(4995 3560 2194)
3(8837 4995 7402)
3(4995 3560 7402)
4(6036 2194 4995 8837)
3(4995 2194 3970)
4(6036 2194 3970 7812)
3(4506 2200 3140)
3(6982 3140 4506)
3(6982 4506 8348)
3(4506 3140 4995)
3(6982 3140 4995)
3(6982 4995 8837)
3(4995 3140 2201)
3(6043 2201 4995)
3(6043 4995 8837)
3(4995 2201 3560)
3(4220 2829 4735)
3(8577 4735 4220)
3(8577 4220 8062)
3(4220 4735 4996)
3(8577 4735 4996)
3(8577 4996 8838)
3(8838 4996 8062)
3(4996 4220 8062)
3(4996 4735 2830)
3(6672 2830 4996)
3(6672 4996 8838)
3(4996 2830 4157)
3(7999 4157 4996)
3(7999 4996 8838)
3(4996 4157 2831)
4(6673 2831 4996 8838)
3(4996 2831 3828)
3(6673 2831 3828)
3(6673 3828 7670)
3(7670 3828 4996)
3(7670 4996 8838)
3(3598 2832 4220)
4(7440 3598 2832 6674)
4(8062 4220 3598 7440)
3(3598 4220 4996)
3(8838 4996 7440)
3(4996 3598 7440)
3(4052 2833 3598)
3(7894 4052 6675)
3(4052 2833 6675)
4(6675 2833 3598 7440)
3(7440 3598 7894)
3(3598 4052 7894)
3(4052 3598 4996)
3(8838 4996 7894)
3(4996 4052 7894)
3(4996 3828 2834)
3(7670 3828 6676)
3(3828 2834 6676)
3(6676 2834 4996)
3(6676 4996 8838)
3(4996 2834 4052)
3(6676 2834 4052)
3(6676 4052 7894)
3(4059 1739 4581)
3(7901 4059 5581)
3(4059 1739 5581)
3(5581 1739 4581)
3(5581 4581 8423)
4(8423 4581 4059 7901)
3(4059 4581 4997)
4(8423 4581 4997 8839)
4(8839 4997 4059 7901)
3(4997 4129 1741)
4(8839 4997 4129 7971)
4(5583 1741 4997 8839)
3(4997 1741 4764)
3(5583 1741 4764)
3(5583 4764 8606)
4(8606 4764 4997 8839)
3(4997 4764 1742)
3(8606 4764 5584)
3(4764 1742 5584)
4(5584 1742 4997 8839)
3(4997 1742 4059)
3(5584 1742 4059)
3(5584 4059 7901)
3(4581 1869 4133)
3(8423 4581 5711)
3(4581 1869 5711)
4(7975 4133 4581 8423)
3(4581 4133 4997)
4(7975 4133 4997 8839)
3(4133 1871 4129)
4(7971 4129 4133 7975)
3(4133 4129 4997)
3(4998 3481 2186)
3(8840 4998 7323)
3(4998 3481 7323)
3(7323 3481 6028)
3(3481 2186 6028)
3(6028 2186 4998)
3(6028 4998 8840)
3(4998 2186 4397)
3(6028 2186 4397)
3(6028 4397 8239)
3(8239 4397 4998)
3(8239 4998 8840)
3(4998 4520 2187)
3(8840 4998 8362)
3(4998 4520 8362)
3(6029 2187 4998)
3(6029 4998 8840)
3(4998 2187 3481)
3(6029 2187 3481)
3(6029 3481 7323)
3(4998 4681 2188)
3(8840 4998 8523)
3(4998 4681 8523)
4(6030 2188 4998 8840)
3(4998 2188 4520)
3(4397 2189 4148)
3(8239 4397 6031)
3(4397 2189 6031)
3(6031 2189 4148)
3(6031 4148 7990)
4(7990 4148 4397 8239)
3(4397 4148 4998)
3(7990 4148 4998)
3(7990 4998 8840)
3(3222 2433 4681)
3(7064 3222 6275)
3(3222 2433 6275)
3(8523 4681 7064)
3(4681 3222 7064)
3(3222 4681 4998)
3(8840 4998 7064)
3(4998 3222 7064)
3(4148 2434 3222)
3(7990 4148 6276)
3(4148 2434 6276)
3(6276 2434 3222)
3(6276 3222 7064)
3(7064 3222 4148)
3(7064 4148 7990)
3(4148 3222 4998)
3(4168 2301 4771)
4(8613 4771 4168 8010)
3(4168 4771 4999)
3(8613 4771 4999)
3(8613 4999 8841)
3(8841 4999 8010)
3(4999 4168 8010)
3(4999 4609 2302)
3(8841 4999 8451)
3(4999 4609 8451)
3(8451 4609 6144)
3(4609 2302 6144)
4(6144 2302 4999 8841)
3(4999 2302 4835)
3(6144 2302 4835)
3(6144 4835 8677)
3(8677 4835 4999)
3(8677 4999 8841)
3(4999 3696 2303)
3(8841 4999 7538)
3(4999 3696 7538)
3(7538 3696 6145)
3(3696 2303 6145)
3(6145 2303 4999)
3(6145 4999 8841)
3(4999 2303 4609)
3(6145 2303 4609)
3(6145 4609 8451)
3(4999 4771 2304)
3(6146 2304 4999)
3(6146 4999 8841)
3(4999 2304 3696)
3(6146 2304 3696)
3(6146 3696 7538)
3(3952 2305 4168)
3(7794 3952 6147)
3(3952 2305 6147)
3(8010 4168 7794)
3(4168 3952 7794)
3(3952 4168 4999)
3(8841 4999 7794)
3(4999 3952 7794)
3(4835 2306 3952)
3(8677 4835 6148)
3(4835 2306 6148)
3(6148 2306 3952)
3(6148 3952 7794)
3(7794 3952 4835)
3(7794 4835 8677)
3(4835 3952 4999)
3(5000 4022 1850)
4(8842 5000 4022 7864)
4(5692 1850 5000 8842)
3(5000 1850 4218)
4(8060 4218 5000 8842)
3(3117 1851 4022)
3(6959 3117 5693)
3(3117 1851 5693)
4(7864 4022 3117 6959)
3(3117 4022 5000)
4(8842 5000 3117 6959)
3(4544 1852 3117)
3(8386 4544 5694)
3(4544 1852 5694)
3(5694 1852 3117)
3(5694 3117 6959)
4(6959 3117 4544 8386)
3(4544 3117 5000)
4(8842 5000 4544 8386)
3(5000 4218 2043)
4(5885 2043 5000 8842)
3(5000 2043 2941)
3(5885 2043 2941)
3(5885 2941 6783)
4(6783 2941 5000 8842)
3(5000 2941 2045)
3(6783 2941 5887)
3(2941 2045 5887)
4(5887 2045 5000 8842)
3(5000 2045 4544)
3(5887 2045 4544)
3(5887 4544 8386)
3(5001 4191 2429)
3(8843 5001 8033)
3(5001 4191 8033)
3(8033 4191 6271)
3(4191 2429 6271)
3(6271 2429 5001)
3(6271 5001 8843)
3(5001 2429 4709)
4(6271 2429 4709 8551)
3(8551 4709 5001)
3(8551 5001 8843)
3(4709 2430 3491)
4(8551 4709 2430 6272)
3(6272 2430 3491)
3(6272 3491 7333)
3(7333 3491 8551)
3(3491 4709 8551)
3(4709 3491 5001)
3(7333 3491 5001)
3(7333 5001 8843)
3(3491 2431 3865)
3(7333 3491 6273)
3(3491 2431 6273)
3(7707 3865 7333)
3(3865 3491 7333)
3(3491 3865 5001)
3(7707 3865 5001)
3(7707 5001 8843)
3(3865 2432 3405)
4(7247 3405 3865 7707)
3(3865 3405 5001)
3(7247 3405 5001)
3(7247 5001 8843)
3(5001 3405 2433)
3(6275 2433 5001)
3(6275 5001 8843)
3(5001 2433 3222)
3(7064 3222 5001)
3(7064 5001 8843)
3(5001 3222 2434)
3(6276 2434 5001)
3(6276 5001 8843)
3(5001 2434 4191)
3(6276 2434 4191)
3(6276 4191 8033)
3(5002 4820 2281)
3(8844 5002 8662)
3(5002 4820 8662)
3(6123 2281 5002)
3(6123 5002 8844)
3(5002 2281 4318)
3(8160 4318 5002)
3(8160 5002 8844)
3(4195 2303 3696)
3(8037 4195 6145)
3(4195 2303 6145)
3(7538 3696 4195)
3(7538 4195 8037)
3(4195 3696 5002)
3(7538 3696 5002)
3(7538 5002 8844)
3(8844 5002 8037)
3(5002 4195 8037)
3(3696 2304 4820)
3(8662 4820 7538)
3(4820 3696 7538)
3(3696 4820 5002)
3(3372 2307 4195)
4(7214 3372 2307 6149)
3(6149 2307 4195)
3(6149 4195 8037)
4(8037 4195 3372 7214)
3(3372 4195 5002)
3(8844 5002 7214)
3(5002 3372 7214)
3(5002 4318 2552)
3(6394 2552 5002)
3(6394 5002 8844)
3(5002 2552 3496)
3(6394 2552 3496)
3(6394 3496 7338)
3(7338 3496 5002)
3(7338 5002 8844)
3(5002 3496 2553)
3(7338 3496 6395)
3(3496 2553 6395)
3(6395 2553 5002)
3(6395 5002 8844)
3(5002 2553 3372)
4(6395 2553 3372 7214)
3(5003 3973 1683)
3(8845 5003 7815)
3(5003 3973 7815)
3(5525 1683 5003)
3(5525 5003 8845)
3(5003 1683 3592)
3(5525 1683 3592)
3(5525 3592 7434)
3(7434 3592 5003)
3(7434 5003 8845)
3(5003 3521 1926)
3(8845 5003 7363)
3(5003 3521 7363)
3(5768 1926 5003)
3(5768 5003 8845)
3(5003 1926 3973)
3(5003 3592 1939)
3(7434 3592 5781)
3(3592 1939 5781)
3(5781 1939 5003)
3(5781 5003 8845)
3(5003 1939 4790)
4(5781 1939 4790 8632)
3(8632 4790 5003)
3(8632 5003 8845)
3(4790 1940 4289)
4(8632 4790 1940 5782)
3(5782 1940 4289)
3(5782 4289 8131)
4(8131 4289 4790 8632)
3(4790 4289 5003)
3(8131 4289 5003)
3(8131 5003 8845)
3(4289 2186 3481)
3(8131 4289 6028)
3(4289 2186 6028)
3(7323 3481 4289)
3(7323 4289 8131)
3(4289 3481 5003)
3(7323 3481 5003)
3(7323 5003 8845)
3(3481 2187 3521)
3(7363 3521 7323)
3(3521 3481 7323)
3(3481 3521 5003)
3(5004 4293 2288)
3(8846 5004 8135)
3(5004 4293 8135)
3(8135 4293 6130)
3(4293 2288 6130)
3(6130 2288 5004)
3(6130 5004 8846)
3(5004 2288 3483)
4(6130 2288 3483 7325)
3(7325 3483 5004)
3(7325 5004 8846)
3(5004 3166 2305)
3(8846 5004 7008)
3(5004 3166 7008)
3(6147 2305 5004)
3(6147 5004 8846)
3(5004 2305 3952)
3(7794 3952 5004)
3(7794 5004 8846)
3(5004 3952 2306)
3(6148 2306 5004)
3(6148 5004 8846)
3(5004 2306 4293)
3(6148 2306 4293)
3(6148 4293 8135)
3(3483 2837 3596)
4(7325 3483 2837 6679)
3(6679 2837 3596)
3(6679 3596 7438)
3(7438 3596 7325)
3(3596 3483 7325)
3(3483 3596 5004)
3(7438 3596 5004)
3(7438 5004 8846)
3(3596 2876 3979)
3(7438 3596 6718)
3(3596 2876 6718)
3(7821 3979 7438)
3(3979 3596 7438)
3(3596 3979 5004)
3(7821 3979 5004)
3(7821 5004 8846)
3(3979 2879 3166)
4(7008 3166 3979 7821)
3(3979 3166 5004)
3(3640 1885 3451)
3(7482 3640 5727)
3(3640 1885 5727)
3(5727 1885 3451)
3(5727 3451 7293)
3(7293 3451 7482)
3(3451 3640 7482)
3(3640 3451 5005)
3(7293 3451 5005)
3(7293 5005 8847)
3(8847 5005 7482)
3(5005 3640 7482)
3(5005 2970 1886)
3(8847 5005 6812)
3(5005 2970 6812)
3(6812 2970 5728)
3(2970 1886 5728)
3(5728 1886 5005)
3(5728 5005 8847)
3(5005 1886 3640)
3(5728 1886 3640)
3(5728 3640 7482)
3(5005 4445 2124)
3(8847 5005 8287)
3(5005 4445 8287)
3(5966 2124 5005)
3(5966 5005 8847)
3(5005 2124 3864)
3(7706 3864 5005)
3(7706 5005 8847)
3(5005 3864 2127)
3(5969 2127 5005)
3(5969 5005 8847)
3(5005 2127 2970)
3(5969 2127 2970)
3(5969 2970 6812)
3(3111 2128 4445)
3(8287 4445 3111)
3(8287 3111 6953)
3(3111 4445 5005)
4(8847 5005 3111 6953)
3(3451 2131 3111)
3(7293 3451 5973)
3(3451 2131 5973)
3(6953 3111 7293)
3(3111 3451 7293)
3(3451 3111 5005)
3(5006 3459 2373)
3(8848 5006 7301)
3(5006 3459 7301)
3(7301 3459 6215)
3(3459 2373 6215)
3(6215 2373 5006)
3(6215 5006 8848)
3(5006 2373 3647)
3(6215 2373 3647)
3(6215 3647 7489)
3(7489 3647 5006)
3(7489 5006 8848)
3(5006 3765 2374)
4(8848 5006 3765 7607)
3(6216 2374 5006)
3(6216 5006 8848)
3(5006 2374 3459)
3(6216 2374 3459)
3(6216 3459 7301)
3(3647 2375 2973)
3(7489 3647 6217)
3(3647 2375 6217)
3(6217 2375 2973)
3(6217 2973 6815)
3(6815 2973 7489)
3(2973 3647 7489)
3(3647 2973 5006)
3(6815 2973 5006)
3(6815 5006 8848)
3(2973 2376 3500)
3(6815 2973 6218)
3(2973 2376 6218)
3(7342 3500 2973)
3(7342 2973 6815)
3(2973 3500 5006)
3(7342 3500 5006)
3(7342 5006 8848)
3(5006 3577 2638)
3(8848 5006 7419)
3(5006 3577 7419)
3(6480 2638 5006)
3(6480 5006 8848)
3(5006 2638 3765)
3(3500 2639 3577)
3(7419 3577 3500)
3(7419 3500 7342)
3(3500 3577 5006)
3(3599 1705 3971)
3(7441 3599 5547)
3(3599 1705 5547)
3(7813 3971 3599)
3(7813 3599 7441)
3(3599 3971 5007)
3(7813 3971 5007)
3(7813 5007 8849)
3(8849 5007 7441)
3(5007 3599 7441)
3(4296 1706 3599)
3(8138 4296 5548)
3(4296 1706 5548)
3(5548 1706 3599)
3(5548 3599 7441)
3(7441 3599 8138)
3(3599 4296 8138)
3(4296 3599 5007)
3(8849 5007 8138)
3(5007 4296 8138)
3(5007 4135 1707)
3(8849 5007 7977)
3(5007 4135 7977)
3(7977 4135 5549)
3(4135 1707 5549)
3(5549 1707 5007)
3(5549 5007 8849)
3(5007 1707 4296)
3(5549 1707 4296)
3(5549 4296 8138)
3(3971 2170 4546)
3(8388 4546 3971)
3(8388 3971 7813)
3(3971 4546 5007)
3(8388 4546 5007)
3(8388 5007 8849)
3(5007 4546 2448)
3(6290 2448 5007)
3(6290 5007 8849)
3(5007 2448 3197)
4(7039 3197 5007 8849)
3(5007 3197 2449)
3(6291 2449 5007)
3(6291 5007 8849)
3(5007 2449 4135)
3(6291 2449 4135)
3(6291 4135 7977)
3(3766 2688 4219)
3(7608 3766 6530)
3(3766 2688 6530)
3(6530 2688 4219)
3(6530 4219 8061)
3(8061 4219 7608)
3(4219 3766 7608)
3(3766 4219 5008)
3(8061 4219 5008)
3(8061 5008 8850)
3(8850 5008 7608)
3(5008 3766 7608)
3(5008 3076 2689)
3(8850 5008 6918)
3(5008 3076 6918)
3(6918 3076 6531)
3(3076 2689 6531)
3(6531 2689 5008)
3(6531 5008 8850)
3(5008 2689 3766)
3(6531 2689 3766)
3(6531 3766 7608)
3(5008 4625 2690)
3(8850 5008 8467)
3(5008 4625 8467)
3(6532 2690 5008)
3(6532 5008 8850)
3(5008 2690 3076)
3(6532 2690 3076)
3(6532 3076 6918)
3(5008 3226 2691)
3(8850 5008 7068)
3(5008 3226 7068)
3(6533 2691 5008)
3(6533 5008 8850)
3(5008 2691 4625)
3(3862 2822 3226)
3(7068 3226 3862)
3(7068 3862 7704)
3(3862 3226 5008)
4(8850 5008 3862 7704)
3(4219 2824 3862)
3(8061 4219 6666)
3(4219 2824 6666)
3(7704 3862 8061)
3(3862 4219 8061)
3(4219 3862 5008)
3(4366 2386 4827)
3(8669 4827 8208)
3(4827 4366 8208)
3(4366 4827 5009)
3(8669 4827 5009)
3(8669 5009 8851)
3(8851 5009 8208)
3(5009 4366 8208)
3(4517 2387 4366)
3(8359 4517 6229)
3(4517 2387 6229)
3(8208 4366 4517)
3(8208 4517 8359)
3(4517 4366 5009)
3(8851 5009 8359)
3(5009 4517 8359)
3(5009 4827 2388)
4(6230 2388 5009 8851)
3(5009 2388 3863)
3(7705 3863 5009)
3(7705 5009 8851)
3(4412 2389 4517)
3(8254 4412 6231)
3(4412 2389 6231)
3(6231 2389 4517)
3(6231 4517 8359)
4(8359 4517 4412 8254)
3(4412 4517 5009)
3(8851 5009 8254)
3(5009 4412 8254)
3(5009 4227 2390)
3(8851 5009 8069)
3(5009 4227 8069)
3(8069 4227 6232)
3(4227 2390 6232)
3(6232 2390 5009)
3(6232 5009 8851)
3(5009 2390 4412)
3(6232 2390 4412)
3(6232 4412 8254)
3(5009 3863 2391)
3(6233 2391 5009)
3(6233 5009 8851)
3(5009 2391 4227)
3(6233 2391 4227)
3(6233 4227 8069)
3(5010 4015 2377)
3(8852 5010 7857)
3(5010 4015 7857)
3(6219 2377 5010)
3(6219 5010 8852)
3(5010 2377 4163)
3(6219 2377 4163)
3(6219 4163 8005)
3(8005 4163 5010)
3(8005 5010 8852)
3(5010 3331 2591)
3(8852 5010 7173)
3(5010 3331 7173)
3(6433 2591 5010)
3(6433 5010 8852)
3(5010 2591 4015)
3(5010 4163 2594)
3(8005 4163 6436)
3(4163 2594 6436)
4(6436 2594 5010 8852)
3(5010 2594 4060)
3(6436 2594 4060)
3(6436 4060 7902)
3(7902 4060 5010)
3(7902 5010 8852)
3(4060 2596 3871)
3(7902 4060 6438)
3(4060 2596 6438)
3(6438 2596 3871)
3(6438 3871 7713)
3(7713 3871 4060)
3(7713 4060 7902)
3(4060 3871 5010)
3(7713 3871 5010)
3(7713 5010 8852)
3(3497 2794 3331)
4(7173 3331 3497 7339)
3(3497 3331 5010)
3(8852 5010 7339)
3(5010 3497 7339)
3(3871 2796 3497)
3(7713 3871 6638)
3(3871 2796 6638)
3(7339 3497 7713)
3(3497 3871 7713)
3(3871 3497 5010)
3(5011 4794 1801)
3(8853 5011 8636)
3(5011 4794 8636)
3(8636 4794 5643)
3(4794 1801 5643)
4(5643 1801 5011 8853)
3(5011 1801 4067)
3(5643 1801 4067)
3(5643 4067 7909)
3(7909 4067 5011)
3(7909 5011 8853)
3(5011 4468 1802)
3(8853 5011 8310)
3(5011 4468 8310)
3(5644 1802 5011)
3(5644 5011 8853)
3(5011 1802 4794)
3(5644 1802 4794)
3(5644 4794 8636)
3(4067 1974 3879)
3(7909 4067 5816)
3(4067 1974 5816)
3(5816 1974 3879)
3(5816 3879 7721)
3(7721 3879 4067)
3(7721 4067 7909)
3(4067 3879 5011)
3(7721 3879 5011)
3(7721 5011 8853)
3(3879 1975 3970)
3(7721 3879 5817)
3(3879 1975 5817)
3(7812 3970 7721)
3(3970 3879 7721)
3(3879 3970 5011)
3(7812 3970 5011)
3(7812 5011 8853)
3(3970 2194 2995)
4(6837 2995 3970 7812)
3(3970 2995 5011)
3(6837 2995 5011)
3(6837 5011 8853)
3(5011 2995 2197)
3(6039 2197 5011)
3(6039 5011 8853)
3(5011 2197 4468)
3(4156 2491 4264)
3(7998 4156 6333)
3(4156 2491 6333)
3(6333 2491 4264)
3(6333 4264 8106)
4(8106 4264 4156 7998)
3(4156 4264 5012)
3(8106 4264 5012)
3(8106 5012 8854)
3(8854 5012 7998)
3(5012 4156 7998)
3(4264 2684 3165)
3(8106 4264 6526)
3(4264 2684 6526)
3(7007 3165 4264)
3(7007 4264 8106)
3(4264 3165 5012)
3(7007 3165 5012)
3(7007 5012 8854)
3(3165 2685 3000)
3(6842 3000 7007)
3(3000 3165 7007)
3(3165 3000 5012)
3(6842 3000 5012)
3(6842 5012 8854)
3(5012 3980 2714)
3(8854 5012 7822)
3(5012 3980 7822)
3(7822 3980 6556)
3(3980 2714 6556)
3(6556 2714 5012)
3(6556 5012 8854)
3(5012 2714 4156)
3(6556 2714 4156)
3(6556 4156 7998)
3(5012 3000 2832)
4(6674 2832 5012 8854)
3(5012 2832 3598)
3(7440 3598 5012)
3(7440 5012 8854)
3(5012 3598 2833)
3(6675 2833 5012)
3(6675 5012 8854)
3(5012 2833 3980)
3(6675 2833 3980)
3(6675 3980 7822)
3(5013 3411 2425)
3(8855 5013 7253)
3(5013 3411 7253)
3(7253 3411 6267)
3(3411 2425 6267)
3(6267 2425 5013)
3(6267 5013 8855)
3(5013 2425 3937)
3(6267 2425 3937)
3(6267 3937 7779)
4(7779 3937 5013 8855)
3(4324 2426 4095)
3(7937 4095 8166)
3(4095 4324 8166)
3(4324 4095 5013)
4(7937 4095 5013 8855)
3(8855 5013 8166)
3(5013 4324 8166)
3(3937 2427 3234)
3(7779 3937 6269)
3(3937 2427 6269)
3(6269 2427 3234)
3(6269 3234 7076)
3(7076 3234 3937)
3(7076 3937 7779)
3(3937 3234 5013)
3(7076 3234 5013)
3(7076 5013 8855)
3(3234 2428 4324)
3(7076 3234 6270)
3(3234 2428 6270)
4(8166 4324 3234 7076)
3(3234 4324 5013)
3(5013 3491 2430)
3(8855 5013 7333)
3(5013 3491 7333)
4(6272 2430 5013 8855)
3(5013 2430 3411)
3(6272 2430 3411)
3(6272 3411 7253)
3(5013 4095 2431)
3(6273 2431 5013)
3(6273 5013 8855)
3(5013 2431 3491)
3(3496 2552 4539)
3(8381 4539 7338)
3(4539 3496 7338)
3(3496 4539 5014)
4(8381 4539 5014 8856)
3(8856 5014 7338)
3(5014 3496 7338)
3(3419 2553 3496)
3(7261 3419 6395)
3(3419 2553 6395)
4(7338 3496 3419 7261)
3(3419 3496 5014)
3(8856 5014 7261)
3(5014 3419 7261)
3(4590 2554 3419)
3(8432 4590 6396)
3(4590 2554 6396)
3(6396 2554 3419)
3(6396 3419 7261)
3(7261 3419 4590)
3(7261 4590 8432)
3(4590 3419 5014)
4(8856 5014 4590 8432)
3(5014 4539 2555)
3(6397 2555 5014)
3(6397 5014 8856)
3(5014 2555 3316)
3(7158 3316 5014)
3(7158 5014 8856)
3(5014 3316 2556)
4(6398 2556 5014 8856)
3(5014 2556 3907)
3(6398 2556 3907)
3(6398 3907 7749)
3(7749 3907 5014)
3(7749 5014 8856)
3(5014 3907 2557)
3(7749 3907 6399)
3(3907 2557 6399)
3(6399 2557 5014)
3(6399 5014 8856)
3(5014 2557 4590)
3(6399 2557 4590)
3(6399 4590 8432)
3(3592 1683 4186)
3(8028 4186 7434)
3(4186 3592 7434)
3(3592 4186 5015)
4(8028 4186 5015 8857)
3(8857 5015 7434)
3(5015 3592 7434)
3(5015 4840 1782)
3(8857 5015 8682)
3(5015 4840 8682)
3(8682 4840 5624)
3(4840 1782 5624)
3(5624 1782 5015)
3(5624 5015 8857)
3(5015 1782 4233)
3(5624 1782 4233)
3(5624 4233 8075)
4(8075 4233 5015 8857)
3(4233 1938 3089)
3(8075 4233 5780)
3(4233 1938 5780)
3(5780 1938 3089)
3(5780 3089 6931)
3(6931 3089 4233)
3(6931 4233 8075)
3(4233 3089 5015)
3(6931 3089 5015)
3(6931 5015 8857)
3(3089 1939 3592)
3(6931 3089 5781)
3(3089 1939 5781)
4(7434 3592 3089 6931)
3(3089 3592 5015)
3(5015 4186 1980)
3(5822 1980 5015)
3(5822 5015 8857)
3(5015 1980 4437)
3(8279 4437 5015)
3(8279 5015 8857)
3(5015 4437 1981)
4(5823 1981 5015 8857)
3(5015 1981 4840)
3(5823 1981 4840)
3(5823 4840 8682)
3(4011 2835 3414)
3(7853 4011 6677)
3(4011 2835 6677)
4(7256 3414 4011 7853)
3(4011 3414 5016)
3(7256 3414 5016)
3(7256 5016 8858)
3(8858 5016 7853)
3(5016 4011 7853)
3(4704 2836 4011)
3(8546 4704 6678)
3(4704 2836 6678)
3(6678 2836 4011)
3(6678 4011 7853)
3(7853 4011 4704)
3(7853 4704 8546)
3(4704 4011 5016)
4(8858 5016 4704 8546)
3(5016 3596 2837)
3(8858 5016 7438)
3(5016 3596 7438)
4(6679 2837 5016 8858)
3(5016 2837 3531)
3(6679 2837 3531)
3(6679 3531 7373)
3(7373 3531 5016)
3(7373 5016 8858)
3(5016 3531 2838)
3(7373 3531 6680)
3(3531 2838 6680)
3(6680 2838 5016)
3(6680 5016 8858)
3(5016 2838 4704)
3(6680 2838 4704)
3(6680 4704 8546)
3(5016 4192 2876)
4(8858 5016 4192 8034)
3(6718 2876 5016)
3(6718 5016 8858)
3(5016 2876 3596)
3(3414 2877 4192)
3(8034 4192 7256)
3(4192 3414 7256)
3(3414 4192 5016)
3(4764 1741 3374)
3(7216 3374 4764)
3(7216 4764 8606)
3(4764 3374 5017)
3(7216 3374 5017)
3(7216 5017 8859)
4(8859 5017 4764 8606)
3(3204 1742 4764)
4(7046 3204 1742 5584)
3(8606 4764 7046)
3(4764 3204 7046)
3(3204 4764 5017)
3(8859 5017 7046)
3(5017 3204 7046)
3(3383 1743 3204)
3(7225 3383 5585)
3(3383 1743 5585)
4(5585 1743 3204 7046)
3(7046 3204 3383)
3(7046 3383 7225)
3(3383 3204 5017)
3(8859 5017 7225)
3(5017 3383 7225)
3(5017 4159 1744)
4(8859 5017 4159 8001)
3(8001 4159 5586)
3(4159 1744 5586)
3(5586 1744 5017)
3(5586 5017 8859)
3(5017 1744 3383)
3(5586 1744 3383)
3(5586 3383 7225)
3(5017 3374 2129)
3(5971 2129 5017)
3(5971 5017 8859)
3(5017 2129 3309)
3(7151 3309 5017)
3(7151 5017 8859)
3(5017 3309 2130)
3(5972 2130 5017)
3(5972 5017 8859)
3(5017 2130 4159)
3(5972 2130 4159)
3(5972 4159 8001)
3(5018 4581 1739)
4(8860 5018 4581 8423)
3(5581 1739 5018)
3(5581 5018 8860)
3(5018 1739 3400)
4(5581 1739 3400 7242)
3(7242 3400 5018)
3(7242 5018 8860)
3(5018 3853 1869)
3(8860 5018 7695)
3(5018 3853 7695)
3(5711 1869 5018)
3(5711 5018 8860)
3(5018 1869 4581)
3(4057 1883 4162)
3(7899 4057 5725)
3(4057 1883 5725)
3(5725 1883 4162)
3(5725 4162 8004)
3(8004 4162 7899)
3(4162 4057 7899)
3(4057 4162 5018)
4(8004 4162 5018 8860)
3(8860 5018 7899)
3(5018 4057 7899)
3(5018 3400 1884)
4(7242 3400 1884 5726)
3(5726 1884 5018)
3(5726 5018 8860)
3(5018 1884 4057)
3(5726 1884 4057)
3(5726 4057 7899)
3(4162 2144 3975)
3(8004 4162 5986)
3(4162 2144 5986)
3(7817 3975 4162)
3(7817 4162 8004)
3(4162 3975 5018)
3(7817 3975 5018)
3(7817 5018 8860)
3(3975 2145 3853)
3(7695 3853 3975)
3(7695 3975 7817)
3(3975 3853 5018)
3(4065 1847 4793)
3(7907 4065 5689)
3(4065 1847 5689)
3(5689 1847 4793)
3(5689 4793 8635)
3(8635 4793 7907)
3(4793 4065 7907)
3(4065 4793 5019)
4(8635 4793 5019 8861)
3(8861 5019 7907)
3(5019 4065 7907)
3(5019 4082 1848)
3(8861 5019 7924)
3(5019 4082 7924)
4(7924 4082 1848 5690)
3(5690 1848 5019)
3(5690 5019 8861)
3(5019 1848 4065)
3(5690 1848 4065)
3(5690 4065 7907)
3(5019 3485 1851)
3(8861 5019 7327)
3(5019 3485 7327)
3(5693 1851 5019)
3(5693 5019 8861)
3(5019 1851 3117)
4(6959 3117 5019 8861)
3(5019 3117 1852)
3(5694 1852 5019)
3(5694 5019 8861)
3(5019 1852 4082)
4(5694 1852 4082 7924)
3(4793 2450 3406)
3(8635 4793 6292)
3(4793 2450 6292)
3(7248 3406 4793)
3(7248 4793 8635)
3(4793 3406 5019)
3(7248 3406 5019)
3(7248 5019 8861)
3(3406 2451 3485)
3(7327 3485 3406)
3(7327 3406 7248)
3(3406 3485 5019)
3(2941 2043 4151)
3(7993 4151 2941)
3(7993 2941 6783)
3(2941 4151 5020)
3(7993 4151 5020)
3(7993 5020 8862)
4(8862 5020 2941 6783)
3(4155 2044 3727)
3(7997 4155 5886)
3(4155 2044 5886)
4(5886 2044 3727 7569)
3(7569 3727 4155)
3(7569 4155 7997)
3(4155 3727 5020)
3(7569 3727 5020)
3(7569 5020 8862)
3(8862 5020 7997)
3(5020 4155 7997)
3(3727 2045 2941)
4(7569 3727 2045 5887)
3(6783 2941 7569)
3(2941 3727 7569)
3(3727 2941 5020)
3(5020 4262 2486)
4(8862 5020 4262 8104)
3(8104 4262 6328)
3(4262 2486 6328)
3(6328 2486 5020)
3(6328 5020 8862)
3(5020 2486 4155)
3(6328 2486 4155)
3(6328 4155 7997)
3(5020 4151 2821)
3(6663 2821 5020)
3(6663 5020 8862)
3(5020 2821 4088)
3(7930 4088 5020)
3(7930 5020 8862)
3(5020 4088 2823)
3(6665 2823 5020)
3(6665 5020 8862)
3(5020 2823 4262)
3(6665 2823 4262)
3(6665 4262 8104)
3(5021 3410 1654)
3(8863 5021 7252)
3(5021 3410 7252)
3(7252 3410 5496)
3(3410 1654 5496)
3(5496 1654 5021)
3(5496 5021 8863)
3(5021 1654 4158)
3(5496 1654 4158)
3(5496 4158 8000)
3(8000 4158 5021)
3(8000 5021 8863)
3(4158 1729 2968)
3(8000 4158 5571)
3(4158 1729 5571)
3(5571 1729 2968)
3(5571 2968 6810)
3(6810 2968 4158)
3(6810 4158 8000)
3(4158 2968 5021)
3(6810 2968 5021)
3(6810 5021 8863)
3(2968 1746 4093)
3(6810 2968 5588)
3(2968 1746 5588)
3(7935 4093 6810)
3(4093 2968 6810)
3(2968 4093 5021)
3(7935 4093 5021)
3(7935 5021 8863)
3(4093 2422 3373)
4(7215 3373 4093 7935)
3(4093 3373 5021)
3(7215 3373 5021)
3(7215 5021 8863)
3(5021 3234 2427)
3(8863 5021 7076)
3(5021 3234 7076)
3(6269 2427 5021)
3(6269 5021 8863)
3(5021 2427 3410)
3(6269 2427 3410)
3(6269 3410 7252)
3(5021 3373 2428)
3(6270 2428 5021)
3(6270 5021 8863)
3(5021 2428 3234)
3(3907 2556 3046)
3(6888 3046 3907)
3(6888 3907 7749)
3(3907 3046 5022)
3(6888 3046 5022)
3(6888 5022 8864)
3(8864 5022 7749)
3(5022 3907 7749)
3(3083 2557 3907)
3(6925 3083 6399)
3(3083 2557 6399)
3(7749 3907 3083)
3(7749 3083 6925)
3(3083 3907 5022)
3(8864 5022 6925)
3(5022 3083 6925)
3(5022 4558 2558)
3(8864 5022 8400)
3(5022 4558 8400)
3(8400 4558 6400)
3(4558 2558 6400)
3(6400 2558 5022)
3(6400 5022 8864)
3(5022 2558 3798)
3(6400 2558 3798)
3(6400 3798 7640)
3(7640 3798 5022)
3(7640 5022 8864)
3(3798 2560 3083)
3(7640 3798 6402)
3(3798 2560 6402)
3(6402 2560 3083)
3(6402 3083 6925)
4(6925 3083 3798 7640)
3(3798 3083 5022)
3(5022 3046 2793)
3(6635 2793 5022)
3(6635 5022 8864)
3(5022 2793 3733)
3(7575 3733 5022)
3(7575 5022 8864)
3(5022 3733 2795)
3(6637 2795 5022)
3(6637 5022 8864)
3(5022 2795 4558)
3(6637 2795 4558)
3(6637 4558 8400)
3(3087 1782 4840)
3(6929 3087 5624)
3(3087 1782 5624)
3(8682 4840 3087)
3(8682 3087 6929)
3(3087 4840 5023)
3(8682 4840 5023)
3(8682 5023 8865)
3(8865 5023 6929)
3(5023 3087 6929)
3(4449 1798 3087)
3(8291 4449 5640)
3(4449 1798 5640)
3(5640 1798 3087)
3(5640 3087 6929)
4(6929 3087 4449 8291)
3(4449 3087 5023)
3(8865 5023 8291)
3(5023 4449 8291)
3(5023 4564 1976)
3(8865 5023 8406)
3(5023 4564 8406)
3(8406 4564 5818)
3(4564 1976 5818)
3(5818 1976 5023)
3(5818 5023 8865)
3(5023 1976 4449)
3(5818 1976 4449)
3(5818 4449 8291)
3(5023 4183 1977)
3(8865 5023 8025)
3(5023 4183 8025)
3(5819 1977 5023)
3(5819 5023 8865)
3(5023 1977 4564)
3(5819 1977 4564)
3(5819 4564 8406)
3(5023 3484 1979)
3(8865 5023 7326)
3(5023 3484 7326)
3(5821 1979 5023)
3(5821 5023 8865)
3(5023 1979 4183)
3(4840 1981 3484)
3(7326 3484 4840)
3(7326 4840 8682)
3(4840 3484 5023)
3(3908 2711 4670)
3(7750 3908 6553)
3(3908 2711 6553)
3(6553 2711 4670)
3(6553 4670 8512)
3(8512 4670 3908)
3(8512 3908 7750)
3(3908 4670 5024)
3(8512 4670 5024)
3(8512 5024 8866)
3(8866 5024 7750)
3(5024 3908 7750)
3(5024 3170 2716)
3(8866 5024 7012)
3(5024 3170 7012)
3(7012 3170 6558)
3(3170 2716 6558)
3(6558 2716 5024)
3(6558 5024 8866)
3(5024 2716 3908)
3(6558 2716 3908)
3(6558 3908 7750)
3(3828 2831 3143)
4(6985 3143 3828 7670)
3(3828 3143 5024)
3(6985 3143 5024)
3(6985 5024 8866)
3(8866 5024 7670)
3(5024 3828 7670)
3(4670 2834 3828)
3(8512 4670 6676)
3(4670 2834 6676)
3(7670 3828 8512)
3(3828 4670 8512)
3(4670 3828 5024)
3(5024 3143 2835)
3(6677 2835 5024)
3(6677 5024 8866)
3(5024 2835 4011)
3(7853 4011 5024)
3(7853 5024 8866)
3(5024 4011 2836)
3(6678 2836 5024)
3(6678 5024 8866)
3(5024 2836 3170)
3(6678 2836 3170)
3(6678 3170 7012)
3(3175 1886 2970)
3(7017 3175 5728)
3(3175 1886 5728)
4(6812 2970 3175 7017)
3(3175 2970 5025)
3(6812 2970 5025)
3(6812 5025 8867)
3(8867 5025 7017)
3(5025 3175 7017)
3(5025 4332 1887)
3(8867 5025 8174)
3(5025 4332 8174)
4(8174 4332 1887 5729)
3(5729 1887 5025)
3(5729 5025 8867)
3(5025 1887 4552)
3(5729 1887 4552)
3(5729 4552 8394)
3(8394 4552 5025)
3(8394 5025 8867)
3(4552 1888 3175)
3(8394 4552 5730)
3(4552 1888 5730)
3(5730 1888 3175)
3(5730 3175 7017)
3(7017 3175 8394)
3(3175 4552 8394)
3(4552 3175 5025)
3(2970 2127 3793)
3(7635 3793 2970)
3(7635 2970 6812)
3(2970 3793 5025)
3(7635 3793 5025)
3(7635 5025 8867)
3(5025 3793 2387)
3(6229 2387 5025)
3(6229 5025 8867)
3(5025 2387 4517)
3(8359 4517 5025)
3(8359 5025 8867)
3(5025 4517 2389)
3(6231 2389 5025)
3(6231 5025 8867)
3(5025 2389 4332)
4(6231 2389 4332 8174)
3(5026 3832 2313)
3(8868 5026 7674)
3(5026 3832 7674)
3(7674 3832 6155)
3(3832 2313 6155)
3(6155 2313 5026)
3(6155 5026 8868)
3(5026 2313 4554)
3(6155 2313 4554)
3(6155 4554 8396)
3(8396 4554 5026)
3(8396 5026 8868)
3(5026 2973 2375)
3(8868 5026 6815)
3(5026 2973 6815)
3(6217 2375 5026)
3(6217 5026 8868)
3(5026 2375 3832)
3(6217 2375 3832)
3(6217 3832 7674)
3(5026 4748 2376)
3(8868 5026 8590)
3(5026 4748 8590)
3(6218 2376 5026)
3(6218 5026 8868)
3(5026 2376 2973)
3(4163 2377 4748)
3(8590 4748 4163)
3(8590 4163 8005)
3(4163 4748 5026)
3(8868 5026 8005)
3(5026 4163 8005)
3(4335 2594 4163)
4(8177 4335 2594 6436)
4(8005 4163 4335 8177)
3(4335 4163 5026)
3(8868 5026 8177)
3(5026 4335 8177)
3(4554 2597 4335)
3(8396 4554 6439)
3(4554 2597 6439)
4(6439 2597 4335 8177)
3(8177 4335 4554)
3(8177 4554 8396)
3(4554 4335 5026)
3(4197 1653 3988)
3(8039 4197 5495)
3(4197 1653 5495)
4(5495 1653 3988 7830)
3(7830 3988 4197)
3(7830 4197 8039)
3(4197 3988 5027)
3(7830 3988 5027)
3(7830 5027 8869)
3(8869 5027 8039)
3(5027 4197 8039)
3(5027 3458 1662)
3(8869 5027 7300)
3(5027 3458 7300)
3(7300 3458 5504)
3(3458 1662 5504)
3(5504 1662 5027)
3(5504 5027 8869)
3(5027 1662 4197)
3(5504 1662 4197)
3(5504 4197 8039)
3(5027 3898 1705)
3(8869 5027 7740)
3(5027 3898 7740)
3(5547 1705 5027)
3(5547 5027 8869)
3(5027 1705 3599)
3(7441 3599 5027)
3(7441 5027 8869)
3(5027 3599 1706)
3(5548 1706 5027)
3(5548 5027 8869)
3(5027 1706 3458)
3(5548 1706 3458)
3(5548 3458 7300)
3(3988 1801 4794)
4(7830 3988 1801 5643)
4(8636 4794 3988 7830)
3(3988 4794 5027)
3(8636 4794 5027)
3(8636 5027 8869)
3(4794 1802 3898)
3(7740 3898 4794)
3(7740 4794 8636)
3(4794 3898 5027)
3(5028 4264 2491)
3(8870 5028 8106)
3(5028 4264 8106)
3(6333 2491 5028)
3(6333 5028 8870)
3(5028 2491 4640)
4(6333 2491 4640 8482)
3(8482 4640 5028)
3(8482 5028 8870)
3(4832 2676 3464)
3(8674 4832 6518)
3(4832 2676 6518)
3(6518 2676 3464)
3(6518 3464 7306)
3(7306 3464 8674)
3(3464 4832 8674)
3(4832 3464 5028)
3(7306 3464 5028)
3(7306 5028 8870)
3(8870 5028 8674)
3(5028 4832 8674)
3(5028 4640 2677)
4(8482 4640 2677 6519)
3(6519 2677 5028)
3(6519 5028 8870)
3(5028 2677 4832)
3(6519 2677 4832)
3(6519 4832 8674)
3(5028 3902 2684)
3(8870 5028 7744)
3(5028 3902 7744)
3(6526 2684 5028)
3(6526 5028 8870)
3(5028 2684 4264)
3(3464 2689 3076)
3(7306 3464 6531)
3(3464 2689 6531)
4(6918 3076 3464 7306)
3(3464 3076 5028)
3(6918 3076 5028)
3(6918 5028 8870)
3(3076 2690 3902)
3(7744 3902 3076)
3(7744 3076 6918)
3(3076 3902 5028)
3(4298 1668 4103)
3(8140 4298 5510)
3(4298 1668 5510)
3(5510 1668 4103)
3(5510 4103 7945)
3(7945 4103 4298)
3(7945 4298 8140)
3(4298 4103 5029)
3(7945 4103 5029)
3(7945 5029 8871)
3(8871 5029 8140)
3(5029 4298 8140)
3(5029 4373 1671)
4(8871 5029 4373 8215)
3(8215 4373 5513)
3(4373 1671 5513)
3(5513 1671 5029)
3(5513 5029 8871)
3(5029 1671 4298)
3(5513 1671 4298)
3(5513 4298 8140)
3(4103 1744 4159)
3(7945 4103 5586)
3(4103 1744 5586)
3(8001 4159 7945)
3(4159 4103 7945)
3(4103 4159 5029)
4(8001 4159 5029 8871)
3(5029 3451 1885)
3(8871 5029 7293)
3(5029 3451 7293)
3(5727 1885 5029)
3(5727 5029 8871)
3(5029 1885 4373)
3(5727 1885 4373)
3(5727 4373 8215)
3(4159 2130 3532)
3(7374 3532 4159)
3(7374 4159 8001)
3(4159 3532 5029)
3(7374 3532 5029)
3(7374 5029 8871)
3(5029 3532 2131)
3(5973 2131 5029)
3(5973 5029 8871)
3(5029 2131 3451)
3(3006 1872 3081)
3(6848 3006 5714)
3(3006 1872 5714)
3(5714 1872 3081)
3(5714 3081 6923)
3(6923 3081 6848)
3(3081 3006 6848)
3(3006 3081 5030)
4(6923 3081 5030 8872)
3(8872 5030 6848)
3(5030 3006 6848)
3(5030 4737 1879)
3(8872 5030 8579)
3(5030 4737 8579)
3(8579 4737 5721)
3(4737 1879 5721)
3(5721 1879 5030)
3(5721 5030 8872)
3(5030 1879 3006)
3(5721 1879 3006)
3(5721 3006 6848)
3(5030 4162 1883)
4(8872 5030 4162 8004)
3(5725 1883 5030)
3(5725 5030 8872)
3(5030 1883 4737)
3(5725 1883 4737)
3(5725 4737 8579)
3(5030 4188 2144)
3(8872 5030 8030)
3(5030 4188 8030)
3(5986 2144 5030)
3(5986 5030 8872)
3(5030 2144 4162)
3(3081 2373 3459)
3(6923 3081 6215)
3(3081 2373 6215)
3(7301 3459 3081)
3(7301 3081 6923)
3(3081 3459 5030)
3(7301 3459 5030)
3(7301 5030 8872)
3(3459 2374 4188)
3(8030 4188 3459)
3(8030 3459 7301)
3(3459 4188 5030)
3(4679 1707 4135)
3(8521 4679 5549)
3(4679 1707 5549)
3(7977 4135 4679)
3(7977 4679 8521)
3(4679 4135 5031)
3(7977 4135 5031)
3(7977 5031 8873)
4(8873 5031 4679 8521)
3(3953 1708 4679)
3(7795 3953 5550)
3(3953 1708 5550)
3(5550 1708 4679)
3(5550 4679 8521)
3(8521 4679 7795)
3(4679 3953 7795)
3(3953 4679 5031)
3(8873 5031 7795)
3(5031 3953 7795)
3(5031 3743 1843)
3(8873 5031 7585)
3(5031 3743 7585)
3(7585 3743 5685)
3(3743 1843 5685)
3(5685 1843 5031)
3(5685 5031 8873)
3(5031 1843 3953)
3(5685 1843 3953)
3(5685 3953 7795)
3(5031 4793 1847)
4(8873 5031 4793 8635)
3(5689 1847 5031)
3(5689 5031 8873)
3(5031 1847 3743)
3(5689 1847 3743)
3(5689 3743 7585)
3(4135 2449 3632)
3(7474 3632 4135)
3(7474 4135 7977)
3(4135 3632 5031)
3(7474 3632 5031)
3(7474 5031 8873)
3(5031 3632 2450)
3(6292 2450 5031)
3(6292 5031 8873)
3(5031 2450 4793)
3(4378 2486 4262)
3(8220 4378 6328)
3(4378 2486 6328)
3(8104 4262 8220)
3(4262 4378 8220)
3(4378 4262 5032)
4(8104 4262 5032 8874)
3(8874 5032 8220)
3(5032 4378 8220)
3(4610 2489 4378)
3(8452 4610 6331)
3(4610 2489 6331)
3(6331 2489 4378)
3(6331 4378 8220)
3(8220 4378 4610)
3(8220 4610 8452)
3(4610 4378 5032)
3(8874 5032 8452)
3(5032 4610 8452)
3(5032 4685 2490)
4(8874 5032 4685 8527)
3(8527 4685 6332)
3(4685 2490 6332)
3(6332 2490 5032)
3(6332 5032 8874)
3(5032 2490 4610)
3(6332 2490 4610)
3(6332 4610 8452)
3(5032 4219 2688)
3(8874 5032 8061)
3(5032 4219 8061)
3(6530 2688 5032)
3(6530 5032 8874)
3(5032 2688 4685)
3(6530 2688 4685)
3(6530 4685 8527)
3(4262 2823 4287)
3(8129 4287 4262)
3(8129 4262 8104)
3(4262 4287 5032)
3(8129 4287 5032)
3(8129 5032 8874)
3(5032 4287 2824)
3(6666 2824 5032)
3(6666 5032 8874)
3(5032 2824 4219)
3(5033 4830 1727)
3(8875 5033 8672)
3(5033 4830 8672)
3(8672 4830 5569)
3(4830 1727 5569)
4(5569 1727 5033 8875)
3(5033 1727 3108)
3(5569 1727 3108)
3(5569 3108 6950)
3(6950 3108 5033)
3(6950 5033 8875)
3(3108 1728 3827)
3(6950 3108 5570)
3(3108 1728 5570)
3(5570 1728 3827)
3(5570 3827 7669)
3(7669 3827 3108)
3(7669 3108 6950)
3(3108 3827 5033)
3(7669 3827 5033)
3(7669 5033 8875)
3(5033 2968 1729)
3(8875 5033 6810)
3(5033 2968 6810)
3(5571 1729 5033)
3(5571 5033 8875)
3(5033 1729 4830)
3(5571 1729 4830)
3(5571 4830 8672)
3(5033 4292 1746)
3(8875 5033 8134)
3(5033 4292 8134)
3(5588 1746 5033)
3(5588 5033 8875)
3(5033 1746 2968)
3(3827 2390 4227)
3(7669 3827 6232)
3(3827 2390 6232)
3(8069 4227 7669)
3(4227 3827 7669)
3(3827 4227 5033)
3(8069 4227 5033)
3(8069 5033 8875)
3(4227 2391 4292)
4(8134 4292 4227 8069)
3(4227 4292 5033)
3(4476 2558 4558)
3(8318 4476 6400)
3(4476 2558 6400)
3(8400 4558 4476)
3(8400 4476 8318)
3(4476 4558 5034)
3(8400 4558 5034)
3(8400 5034 8876)
3(8876 5034 8318)
3(5034 4476 8318)
3(4712 2561 4476)
3(8554 4712 6403)
3(4712 2561 6403)
3(6403 2561 4476)
3(6403 4476 8318)
4(8318 4476 4712 8554)
3(4712 4476 5034)
3(8876 5034 8554)
3(5034 4712 8554)
3(5034 4776 2595)
3(8876 5034 8618)
3(5034 4776 8618)
3(8618 4776 6437)
3(4776 2595 6437)
3(6437 2595 5034)
3(6437 5034 8876)
3(5034 2595 4712)
3(6437 2595 4712)
3(6437 4712 8554)
3(5034 3871 2596)
3(8876 5034 7713)
3(5034 3871 7713)
3(6438 2596 5034)
3(6438 5034 8876)
3(5034 2596 4776)
3(6438 2596 4776)
3(6438 4776 8618)
3(4558 2795 3936)
3(7778 3936 8400)
3(3936 4558 8400)
3(4558 3936 5034)
3(7778 3936 5034)
3(7778 5034 8876)
3(5034 3936 2796)
4(6638 2796 5034 8876)
3(5034 2796 3871)
3(4719 1972 3171)
3(8561 4719 5814)
3(4719 1972 5814)
3(5814 1972 3171)
3(5814 3171 7013)
4(7013 3171 4719 8561)
3(4719 3171 5035)
3(7013 3171 5035)
3(7013 5035 8877)
3(8877 5035 8561)
3(5035 4719 8561)
3(5035 3456 1973)
3(8877 5035 7298)
3(5035 3456 7298)
3(7298 3456 5815)
3(3456 1973 5815)
3(5815 1973 5035)
3(5815 5035 8877)
3(5035 1973 4719)
3(5815 1973 4719)
3(5815 4719 8561)
3(5035 3879 1974)
3(8877 5035 7721)
3(5035 3879 7721)
3(5816 1974 5035)
3(5816 5035 8877)
3(5035 1974 3456)
3(5816 1974 3456)
3(5816 3456 7298)
3(5035 4405 1975)
3(8877 5035 8247)
3(5035 4405 8247)
4(5817 1975 5035 8877)
3(5035 1975 3879)
3(3171 1976 4564)
3(7013 3171 5818)
3(3171 1976 5818)
3(8406 4564 3171)
3(8406 3171 7013)
3(3171 4564 5035)
3(8406 4564 5035)
3(8406 5035 8877)
3(4564 1977 4405)
3(8247 4405 8406)
3(4405 4564 8406)
3(4564 4405 5035)
3(5036 4670 2711)
3(8878 5036 8512)
3(5036 4670 8512)
3(6553 2711 5036)
3(6553 5036 8878)
3(5036 2711 4145)
3(6553 2711 4145)
3(6553 4145 7987)
3(7987 4145 5036)
3(7987 5036 8878)
3(5036 4145 2712)
3(7987 4145 6554)
3(4145 2712 6554)
4(6554 2712 5036 8878)
3(5036 2712 4351)
3(6554 2712 4351)
3(6554 4351 8193)
3(8193 4351 5036)
3(8193 5036 8878)
3(4351 2713 3123)
3(8193 4351 6555)
3(4351 2713 6555)
3(6555 2713 3123)
3(6555 3123 6965)
3(6965 3123 4351)
3(6965 4351 8193)
3(4351 3123 5036)
3(6965 3123 5036)
3(6965 5036 8878)
3(3123 2714 3980)
3(6965 3123 6556)
3(3123 2714 6556)
3(7822 3980 6965)
3(3980 3123 6965)
3(3123 3980 5036)
3(7822 3980 5036)
3(7822 5036 8878)
3(3980 2833 4052)
4(7894 4052 3980 7822)
3(3980 4052 5036)
3(7894 4052 5036)
3(7894 5036 8878)
3(5036 4052 2834)
3(6676 2834 5036)
3(6676 5036 8878)
3(5036 2834 4670)
3(5037 3564 1665)
3(8879 5037 7406)
3(5037 3564 7406)
3(7406 3564 5507)
3(3564 1665 5507)
3(5507 1665 5037)
3(5507 5037 8879)
3(5037 1665 3489)
3(5507 1665 3489)
3(5507 3489 7331)
4(7331 3489 5037 8879)
3(3400 1739 4059)
3(7901 4059 7242)
3(4059 3400 7242)
3(3400 4059 5037)
4(7901 4059 5037 8879)
3(8879 5037 7242)
3(5037 3400 7242)
3(5037 4059 1742)
3(5584 1742 5037)
3(5584 5037 8879)
3(5037 1742 3204)
3(7046 3204 5037)
3(7046 5037 8879)
3(5037 3204 1743)
3(5585 1743 5037)
3(5585 5037 8879)
3(5037 1743 3564)
3(5585 1743 3564)
3(5585 3564 7406)
3(3489 1881 4027)
3(7331 3489 5723)
3(3489 1881 5723)
3(5723 1881 4027)
3(5723 4027 7869)
3(7869 4027 3489)
3(7869 3489 7331)
3(3489 4027 5037)
3(7869 4027 5037)
3(7869 5037 8879)
3(4027 1884 3400)
3(7869 4027 5726)
3(4027 1884 5726)
3(7242 3400 4027)
3(7242 4027 7869)
3(4027 3400 5037)
3(3495 1846 4034)
3(7337 3495 5688)
3(3495 1846 5688)
3(5688 1846 4034)
3(5688 4034 7876)
3(7876 4034 3495)
3(7876 3495 7337)
3(3495 4034 5038)
3(7876 4034 5038)
3(7876 5038 8880)
4(8880 5038 3495 7337)
3(4034 1848 4082)
3(7876 4034 5690)
3(4034 1848 5690)
3(7924 4082 4034)
3(7924 4034 7876)
3(4034 4082 5038)
3(7924 4082 5038)
3(7924 5038 8880)
3(5038 4471 1849)
3(8880 5038 8313)
3(5038 4471 8313)
3(8313 4471 5691)
3(4471 1849 5691)
3(5691 1849 5038)
3(5691 5038 8880)
3(5038 1849 3495)
3(5691 1849 3495)
3(5691 3495 7337)
3(4082 1852 4544)
3(8386 4544 7924)
3(4544 4082 7924)
3(4082 4544 5038)
4(8386 4544 5038 8880)
3(5038 3727 2044)
3(8880 5038 7569)
3(5038 3727 7569)
3(5886 2044 5038)
3(5886 5038 8880)
3(5038 2044 4471)
3(5886 2044 4471)
3(5886 4471 8313)
3(5038 4544 2045)
3(5887 2045 5038)
3(5887 5038 8880)
3(5038 2045 3727)
3(5039 3945 2159)
3(8881 5039 7787)
3(5039 3945 7787)
4(7787 3945 2159 6001)
4(6001 2159 5039 8881)
3(5039 2159 3148)
4(6001 2159 3148 6990)
3(6990 3148 5039)
3(6990 5039 8881)
3(5039 3148 2160)
4(6990 3148 2160 6002)
3(6002 2160 5039)
3(6002 5039 8881)
3(5039 2160 3916)
3(6002 2160 3916)
3(6002 3916 7758)
3(7758 3916 5039)
3(7758 5039 8881)
3(3916 2161 4200)
3(7758 3916 6003)
3(3916 2161 6003)
3(6003 2161 4200)
3(6003 4200 8042)
3(8042 4200 7758)
3(4200 3916 7758)
3(3916 4200 5039)
3(8042 4200 5039)
3(8042 5039 8881)
3(5039 4148 2189)
3(8881 5039 7990)
3(5039 4148 7990)
3(6031 2189 5039)
3(6031 5039 8881)
3(5039 2189 3945)
4(6031 2189 3945 7787)
3(4200 2429 4191)
3(8042 4200 6271)
3(4200 2429 6271)
4(8033 4191 4200 8042)
3(4200 4191 5039)
3(8033 4191 5039)
3(8033 5039 8881)
3(4191 2434 4148)
3(7990 4148 4191)
3(7990 4191 8033)
3(4191 4148 5039)
3(3951 2302 4609)
4(7793 3951 2302 6144)
3(8451 4609 3951)
3(8451 3951 7793)
3(3951 4609 5040)
3(8451 4609 5040)
3(8451 5040 8882)
3(8882 5040 7793)
3(5040 3951 7793)
3(5040 4609 2303)
3(6145 2303 5040)
3(6145 5040 8882)
3(5040 2303 4195)
3(8037 4195 5040)
3(8037 5040 8882)
3(5040 4195 2307)
4(6149 2307 5040 8882)
3(5040 2307 4205)
3(6149 2307 4205)
3(6149 4205 8047)
3(8047 4205 5040)
3(8047 5040 8882)
3(3154 2525 3951)
4(6996 3154 2525 6367)
4(6367 2525 3951 7793)
4(7793 3951 3154 6996)
3(3154 3951 5040)
3(8882 5040 6996)
3(5040 3154 6996)
3(4560 2526 3154)
3(8402 4560 6368)
3(4560 2526 6368)
4(6368 2526 3154 6996)
3(6996 3154 8402)
3(3154 4560 8402)
3(4560 3154 5040)
3(8882 5040 8402)
3(5040 4560 8402)
3(5040 4205 2528)
3(8047 4205 6370)
3(4205 2528 6370)
3(6370 2528 5040)
3(6370 5040 8882)
3(5040 2528 4560)
3(6370 2528 4560)
3(6370 4560 8402)
3(5041 4289 1940)
3(8883 5041 8131)
3(5041 4289 8131)
4(5782 1940 5041 8883)
3(5041 1940 4300)
3(5782 1940 4300)
3(5782 4300 8142)
3(8142 4300 5041)
3(8142 5041 8883)
3(4014 2154 3008)
3(7856 4014 5996)
3(4014 2154 5996)
4(5996 2154 3008 6850)
3(6850 3008 7856)
3(3008 4014 7856)
3(4014 3008 5041)
3(6850 3008 5041)
3(6850 5041 8883)
3(8883 5041 7856)
3(5041 4014 7856)
3(5041 4300 2156)
3(8142 4300 5998)
3(4300 2156 5998)
3(5998 2156 5041)
3(5998 5041 8883)
3(5041 2156 4014)
3(5998 2156 4014)
3(5998 4014 7856)
3(3008 2159 3945)
4(6850 3008 2159 6001)
4(7787 3945 3008 6850)
3(3008 3945 5041)
3(7787 3945 5041)
3(7787 5041 8883)
3(5041 4397 2186)
3(8883 5041 8239)
3(5041 4397 8239)
3(6028 2186 5041)
3(6028 5041 8883)
3(5041 2186 4289)
3(3945 2189 4397)
3(8239 4397 3945)
3(8239 3945 7787)
3(3945 4397 5041)
3(4304 2288 4293)
3(8146 4304 6130)
3(4304 2288 6130)
4(8135 4293 4304 8146)
3(4304 4293 5042)
3(8135 4293 5042)
3(8135 5042 8884)
3(8884 5042 8146)
3(5042 4304 8146)
3(5042 4835 2302)
3(8884 5042 8677)
3(5042 4835 8677)
3(6144 2302 5042)
3(6144 5042 8884)
3(5042 2302 3951)
3(7793 3951 5042)
3(7793 5042 8884)
3(4293 2306 4835)
3(8677 4835 4293)
3(8677 4293 8135)
3(4293 4835 5042)
3(5042 3951 2525)
4(6367 2525 5042 8884)
3(5042 2525 3012)
4(6367 2525 3012 6854)
3(6854 3012 5042)
3(6854 5042 8884)
3(5042 3012 2527)
4(6854 3012 2527 6369)
3(6369 2527 5042)
3(6369 5042 8884)
3(5042 2527 4671)
3(6369 2527 4671)
3(6369 4671 8513)
3(8513 4671 5042)
3(8513 5042 8884)
3(4671 2531 4304)
3(8513 4671 6373)
3(4671 2531 6373)
3(6373 2531 4304)
3(6373 4304 8146)
3(8146 4304 8513)
3(4304 4671 8513)
3(4671 4304 5042)
3(4612 1762 3956)
3(8454 4612 5604)
3(4612 1762 5604)
3(5604 1762 3956)
3(5604 3956 7798)
4(7798 3956 4612 8454)
3(4612 3956 5043)
3(7798 3956 5043)
3(7798 5043 8885)
3(8885 5043 8454)
3(5043 4612 8454)
3(3155 1900 4612)
3(6997 3155 5742)
3(3155 1900 5742)
3(5742 1900 4612)
3(5742 4612 8454)
3(8454 4612 6997)
3(4612 3155 6997)
3(3155 4612 5043)
3(8885 5043 6997)
3(5043 3155 6997)
3(5043 4200 2161)
3(8885 5043 8042)
3(5043 4200 8042)
3(6003 2161 5043)
3(6003 5043 8885)
3(5043 2161 3155)
3(6003 2161 3155)
3(6003 3155 6997)
3(3956 2425 3411)
3(7798 3956 6267)
3(3956 2425 6267)
3(7253 3411 3956)
3(7253 3956 7798)
3(3956 3411 5043)
3(7253 3411 5043)
3(7253 5043 8885)
3(5043 4709 2429)
3(8885 5043 8551)
3(5043 4709 8551)
3(6271 2429 5043)
3(6271 5043 8885)
3(5043 2429 4200)
3(3411 2430 4709)
3(8551 4709 3411)
3(8551 3411 7253)
3(3411 4709 5043)
3(4205 2307 3372)
4(7214 3372 4205 8047)
3(4205 3372 5044)
3(7214 3372 5044)
3(7214 5044 8886)
3(8886 5044 8047)
3(5044 4205 8047)
3(3805 2528 4205)
3(7647 3805 6370)
3(3805 2528 6370)
3(8047 4205 7647)
3(4205 3805 7647)
3(3805 4205 5044)
3(8886 5044 7647)
3(5044 3805 7647)
3(5044 3372 2553)
3(6395 2553 5044)
3(6395 5044 8886)
3(5044 2553 3419)
3(7261 3419 5044)
3(7261 5044 8886)
3(5044 3419 2554)
3(6396 2554 5044)
3(6396 5044 8886)
3(5044 2554 4613)
3(6396 2554 4613)
3(6396 4613 8455)
3(8455 4613 5044)
3(8455 5044 8886)
3(5044 3273 2753)
3(8886 5044 7115)
3(5044 3273 7115)
3(7115 3273 6595)
3(3273 2753 6595)
3(6595 2753 5044)
3(6595 5044 8886)
3(5044 2753 3805)
3(6595 2753 3805)
3(6595 3805 7647)
3(5044 4613 2758)
3(8455 4613 6600)
3(4613 2758 6600)
3(6600 2758 5044)
3(6600 5044 8886)
3(5044 2758 3273)
3(6600 2758 3273)
3(6600 3273 7115)
3(5045 3089 1938)
3(8887 5045 6931)
3(5045 3089 6931)
3(5780 1938 5045)
3(5780 5045 8887)
3(5045 1938 3109)
3(5780 1938 3109)
3(5780 3109 6951)
3(6951 3109 5045)
3(6951 5045 8887)
3(5045 4790 1939)
3(8887 5045 8632)
3(5045 4790 8632)
3(5781 1939 5045)
3(5781 5045 8887)
3(5045 1939 3089)
3(4300 1940 4790)
4(8632 4790 4300 8142)
3(4300 4790 5045)
3(8887 5045 8142)
3(5045 4300 8142)
3(5045 3109 1941)
3(6951 3109 5783)
3(3109 1941 5783)
3(5783 1941 5045)
3(5783 5045 8887)
3(5045 1941 3764)
3(5783 1941 3764)
3(5783 3764 7606)
3(7606 3764 5045)
3(7606 5045 8887)
3(5045 3764 2155)
3(7606 3764 5997)
3(3764 2155 5997)
3(5997 2155 5045)
3(5997 5045 8887)
3(5045 2155 4259)
3(5997 2155 4259)
3(5997 4259 8101)
3(8101 4259 5045)
3(8101 5045 8887)
3(4259 2156 4300)
3(8101 4259 5998)
3(4259 2156 5998)
3(8142 4300 8101)
3(4300 4259 8101)
3(4259 4300 5045)
3(5046 3483 2288)
3(8888 5046 7325)
3(5046 3483 7325)
3(6130 2288 5046)
3(6130 5046 8888)
3(5046 2288 4304)
3(8146 4304 5046)
3(8146 5046 8888)
3(5046 4304 2531)
3(6373 2531 5046)
3(6373 5046 8888)
3(5046 2531 3911)
3(6373 2531 3911)
3(6373 3911 7753)
3(7753 3911 5046)
3(7753 5046 8888)
3(3911 2532 3381)
3(7753 3911 6374)
3(3911 2532 6374)
3(6374 2532 3381)
3(6374 3381 7223)
3(7223 3381 7753)
3(3381 3911 7753)
3(3911 3381 5046)
3(7223 3381 5046)
3(7223 5046 8888)
3(3381 2717 4714)
3(7223 3381 6559)
3(3381 2717 6559)
3(6559 2717 4714)
3(6559 4714 8556)
4(8556 4714 3381 7223)
3(3381 4714 5046)
3(8556 4714 5046)
3(8556 5046 8888)
3(3531 2837 3483)
3(7325 3483 3531)
3(7325 3531 7373)
3(3531 3483 5046)
3(8888 5046 7373)
3(5046 3531 7373)
3(4714 2838 3531)
3(8556 4714 6680)
3(4714 2838 6680)
3(7373 3531 4714)
3(7373 4714 8556)
3(4714 3531 5046)
3(2981 1654 3410)
3(6823 2981 5496)
3(2981 1654 5496)
4(7252 3410 2981 6823)
3(2981 3410 5047)
3(7252 3410 5047)
3(7252 5047 8889)
3(8889 5047 6823)
3(5047 2981 6823)
3(3913 1760 2981)
3(7755 3913 5602)
3(3913 1760 5602)
3(5602 1760 2981)
3(5602 2981 6823)
3(6823 2981 3913)
3(6823 3913 7755)
3(3913 2981 5047)
4(8889 5047 3913 7755)
3(5047 4833 1761)
3(8889 5047 8675)
3(5047 4833 8675)
3(8675 4833 5603)
3(4833 1761 5603)
3(5603 1761 5047)
3(5603 5047 8889)
3(5047 1761 3913)
3(5603 1761 3913)
3(5603 3913 7755)
3(5047 3956 1762)
3(8889 5047 7798)
3(5047 3956 7798)
3(5604 1762 5047)
3(5604 5047 8889)
3(5047 1762 4833)
3(5604 1762 4833)
3(5604 4833 8675)
3(5047 3937 2425)
4(8889 5047 3937 7779)
3(6267 2425 5047)
3(6267 5047 8889)
3(5047 2425 3956)
3(3410 2427 3937)
3(7779 3937 7252)
3(3937 3410 7252)
3(3410 3937 5047)
3(4613 2554 4590)
3(8432 4590 8455)
3(4590 4613 8455)
3(4613 4590 5048)
4(8432 4590 5048 8890)
3(8890 5048 8455)
3(5048 4613 8455)
3(5048 4590 2557)
3(6399 2557 5048)
3(6399 5048 8890)
3(5048 2557 3083)
3(6925 3083 5048)
3(6925 5048 8890)
3(5048 4574 2559)
3(8890 5048 8416)
3(5048 4574 8416)
3(8416 4574 6401)
3(4574 2559 6401)
3(6401 2559 5048)
3(6401 5048 8890)
3(5048 2559 3547)
3(6401 2559 3547)
3(6401 3547 7389)
4(7389 3547 5048 8890)
3(5048 3083 2560)
3(6402 2560 5048)
3(6402 5048 8890)
3(5048 2560 4574)
3(6402 2560 4574)
3(6402 4574 8416)
3(3547 2757 4487)
3(7389 3547 6599)
3(3547 2757 6599)
3(6599 2757 4487)
3(6599 4487 8329)
3(8329 4487 3547)
3(8329 3547 7389)
3(3547 4487 5048)
3(8329 4487 5048)
3(8329 5048 8890)
3(4487 2758 4613)
3(8329 4487 6600)
3(4487 2758 6600)
4(8455 4613 4487 8329)
3(4487 4613 5048)
3(5049 4233 1782)
4(8891 5049 4233 8075)
3(5624 1782 5049)
3(5624 5049 8891)
3(5049 1782 3087)
3(6929 3087 5049)
3(6929 5049 8891)
3(4669 1783 3007)
3(8511 4669 5625)
3(4669 1783 5625)
3(5625 1783 3007)
3(5625 3007 6849)
3(6849 3007 4669)
3(6849 4669 8511)
3(4669 3007 5049)
3(6849 3007 5049)
3(6849 5049 8891)
4(8891 5049 4669 8511)
3(5049 3087 1798)
3(5640 1798 5049)
3(5640 5049 8891)
3(5049 1798 3082)
3(5640 1798 3082)
3(5640 3082 6924)
3(6924 3082 5049)
3(6924 5049 8891)
3(5049 3082 1799)
3(6924 3082 5641)
3(3082 1799 5641)
3(5641 1799 5049)
3(5641 5049 8891)
3(5049 1799 4669)
3(5641 1799 4669)
3(5641 4669 8511)
3(3109 1938 4233)
3(8075 4233 6951)
3(4233 3109 6951)
3(3109 4233 5049)
3(8891 5049 6951)
3(5049 3109 6951)
3(3007 1941 3109)
3(6849 3007 5783)
3(3007 1941 5783)
4(6951 3109 3007 6849)
3(3007 3109 5049)
3(3656 2715 4680)
3(7498 3656 6557)
3(3656 2715 6557)
3(6557 2715 4680)
3(6557 4680 8522)
3(8522 4680 3656)
3(8522 3656 7498)
3(3656 4680 5050)
3(8522 4680 5050)
3(8522 5050 8892)
4(8892 5050 3656 7498)
3(4680 2716 3170)
3(8522 4680 6558)
3(4680 2716 6558)
4(7012 3170 4680 8522)
3(4680 3170 5050)
3(7012 3170 5050)
3(7012 5050 8892)
3(5050 4714 2717)
3(8892 5050 8556)
3(5050 4714 8556)
3(6559 2717 5050)
3(6559 5050 8892)
3(5050 2717 4601)
3(6559 2717 4601)
3(6559 4601 8443)
3(8443 4601 5050)
3(8443 5050 8892)
3(5050 4601 2718)
3(8443 4601 6560)
3(4601 2718 6560)
3(6560 2718 5050)
3(6560 5050 8892)
3(5050 2718 3656)
3(6560 2718 3656)
3(6560 3656 7498)
3(3170 2836 4704)
3(8546 4704 7012)
3(4704 3170 7012)
3(3170 4704 5050)
4(8546 4704 5050 8892)
3(5050 4704 2838)
3(6680 2838 5050)
3(6680 5050 8892)
3(5050 2838 4714)
3(3877 1671 4373)
3(7719 3877 5513)
3(3877 1671 5513)
3(8215 4373 7719)
3(4373 3877 7719)
3(3877 4373 5051)
4(8215 4373 5051 8893)
3(8893 5051 7719)
3(5051 3877 7719)
3(4373 1885 3640)
3(7482 3640 4373)
3(7482 4373 8215)
3(4373 3640 5051)
3(7482 3640 5051)
3(7482 5051 8893)
3(5051 3640 1886)
3(5728 1886 5051)
3(5728 5051 8893)
3(5051 1886 3175)
3(7017 3175 5051)
3(7017 5051 8893)
3(5051 3175 1888)
3(5730 1888 5051)
3(5730 5051 8893)
3(5051 1888 3355)
3(5730 1888 3355)
3(5730 3355 7197)
4(7197 3355 5051 8893)
3(5051 3355 2134)
3(7197 3355 5976)
3(3355 2134 5976)
3(5976 2134 5051)
3(5976 5051 8893)
3(5051 2134 4302)
3(5976 2134 4302)
3(5976 4302 8144)
3(8144 4302 5051)
3(8144 5051 8893)
3(4302 2135 3877)
3(8144 4302 5977)
3(4302 2135 5977)
3(5977 2135 3877)
3(5977 3877 7719)
4(7719 3877 4302 8144)
3(4302 3877 5051)
3(5052 3081 1872)
4(8894 5052 3081 6923)
3(5714 1872 5052)
3(5714 5052 8894)
3(5052 1872 3884)
3(5714 1872 3884)
3(5714 3884 7726)
3(7726 3884 5052)
3(7726 5052 8894)
3(5052 3884 1873)
3(7726 3884 5715)
3(3884 1873 5715)
3(5715 1873 5052)
3(5715 5052 8894)
3(5052 1873 4310)
3(5715 1873 4310)
3(5715 4310 8152)
3(8152 4310 5052)
3(8152 5052 8894)
3(3359 2313 3832)
3(7201 3359 6155)
3(3359 2313 6155)
3(7674 3832 3359)
3(7674 3359 7201)
3(3359 3832 5052)
3(7674 3832 5052)
3(7674 5052 8894)
4(8894 5052 3359 7201)
3(4310 2314 3359)
3(8152 4310 6156)
3(4310 2314 6156)
3(6156 2314 3359)
3(6156 3359 7201)
3(7201 3359 8152)
3(3359 4310 8152)
3(4310 3359 5052)
3(5052 3647 2373)
3(8894 5052 7489)
3(5052 3647 7489)
3(6215 2373 5052)
3(6215 5052 8894)
3(5052 2373 3081)
3(3832 2375 3647)
4(7489 3647 3832 7674)
3(3832 3647 5052)
3(3026 1662 3458)
3(6868 3026 5504)
3(3026 1662 5504)
3(7300 3458 3026)
3(7300 3026 6868)
3(3026 3458 5053)
3(7300 3458 5053)
3(7300 5053 8895)
4(8895 5053 3026 6868)
3(3458 1706 4296)
4(8138 4296 3458 7300)
3(3458 4296 5053)
3(8138 4296 5053)
3(8138 5053 8895)
3(5053 4296 1707)
3(5549 1707 5053)
3(5549 5053 8895)
3(5053 1707 4679)
4(8521 4679 5053 8895)
3(5053 4679 1708)
3(5550 1708 5053)
3(5550 5053 8895)
3(5053 1708 3518)
3(5550 1708 3518)
3(5550 3518 7360)
3(7360 3518 5053)
3(7360 5053 8895)
3(5053 3518 1831)
3(7360 3518 5673)
3(3518 1831 5673)
3(5673 1831 5053)
3(5673 5053 8895)
3(5053 1831 3962)
3(5673 1831 3962)
3(5673 3962 7804)
3(7804 3962 5053)
3(7804 5053 8895)
3(3962 1832 3026)
3(7804 3962 5674)
3(3962 1832 5674)
3(5674 1832 3026)
3(5674 3026 6868)
3(6868 3026 7804)
3(3026 3962 7804)
3(3962 3026 5053)
3(4634 2490 4685)
3(8476 4634 6332)
3(4634 2490 6332)
3(8527 4685 8476)
3(4685 4634 8476)
3(4634 4685 5054)
4(8527 4685 5054 8896)
3(8896 5054 8476)
3(5054 4634 8476)
3(5054 3464 2676)
3(8896 5054 7306)
3(5054 3464 7306)
3(6518 2676 5054)
3(6518 5054 8896)
3(5054 2676 3457)
3(6518 2676 3457)
3(6518 3457 7299)
4(7299 3457 5054 8896)
3(4421 2678 4634)
3(8263 4421 6520)
3(4421 2678 6520)
3(6520 2678 4634)
3(6520 4634 8476)
4(8476 4634 4421 8263)
3(4421 4634 5054)
3(8896 5054 8263)
3(5054 4421 8263)
3(5054 3457 2682)
3(7299 3457 6524)
3(3457 2682 6524)
3(6524 2682 5054)
3(6524 5054 8896)
3(5054 2682 4421)
3(6524 2682 4421)
3(6524 4421 8263)
3(4685 2688 3766)
3(7608 3766 4685)
3(7608 4685 8527)
3(4685 3766 5054)
3(7608 3766 5054)
3(7608 5054 8896)
3(5054 3766 2689)
3(6531 2689 5054)
3(6531 5054 8896)
3(5054 2689 3464)
3(5055 3827 1728)
3(8897 5055 7669)
3(5055 3827 7669)
3(5570 1728 5055)
3(5570 5055 8897)
3(5055 1728 3613)
3(5570 1728 3613)
3(5570 3613 7455)
3(7455 3613 5055)
3(7455 5055 8897)
3(4567 1887 4332)
3(8409 4567 5729)
3(4567 1887 5729)
3(8174 4332 4567)
3(8174 4567 8409)
3(4567 4332 5055)
3(8174 4332 5055)
3(8174 5055 8897)
3(8897 5055 8409)
3(5055 4567 8409)
3(4332 2389 4412)
4(8254 4412 4332 8174)
3(4332 4412 5055)
3(8254 4412 5055)
3(8254 5055 8897)
3(5055 4412 2390)
3(6232 2390 5055)
3(6232 5055 8897)
3(5055 2390 3827)
3(5055 3613 2392)
3(7455 3613 6234)
3(3613 2392 6234)
3(6234 2392 5055)
3(6234 5055 8897)
3(5055 2392 4076)
3(6234 2392 4076)
3(6234 4076 7918)
3(7918 4076 5055)
3(7918 5055 8897)
3(4076 2393 4567)
3(7918 4076 6235)
3(4076 2393 6235)
3(6235 2393 4567)
3(6235 4567 8409)
3(8409 4567 4076)
3(8409 4076 7918)
3(4076 4567 5055)
3(5056 4060 2594)
3(8898 5056 7902)
3(5056 4060 7902)
3(6436 2594 5056)
3(6436 5056 8898)
3(5056 2594 4335)
3(8177 4335 5056)
3(8177 5056 8898)
3(4272 2595 4776)
3(8114 4272 6437)
3(4272 2595 6437)
3(8618 4776 4272)
3(8618 4272 8114)
3(4272 4776 5056)
3(8618 4776 5056)
3(8618 5056 8898)
3(8898 5056 8114)
3(5056 4272 8114)
3(4776 2596 4060)
3(7902 4060 8618)
3(4060 4776 8618)
3(4776 4060 5056)
3(5056 4335 2597)
3(6439 2597 5056)
3(6439 5056 8898)
3(5056 2597 4573)
3(6439 2597 4573)
3(6439 4573 8415)
3(8415 4573 5056)
3(8415 5056 8898)
3(5056 4573 2598)
3(8415 4573 6440)
3(4573 2598 6440)
3(6440 2598 5056)
3(6440 5056 8898)
3(5056 2598 4718)
3(6440 2598 4718)
3(6440 4718 8560)
3(8560 4718 5056)
3(8560 5056 8898)
3(4718 2907 4272)
3(8560 4718 6749)
3(4718 2907 6749)
3(6749 2907 4272)
3(6749 4272 8114)
4(8114 4272 4718 8560)
3(4718 4272 5056)
3(5057 3988 1653)
3(8899 5057 7830)
3(5057 3988 7830)
3(5495 1653 5057)
3(5495 5057 8899)
3(5057 1653 4214)
3(5495 1653 4214)
3(5495 4214 8056)
3(8056 4214 5057)
3(8056 5057 8899)
3(5057 4067 1801)
3(8899 5057 7909)
3(5057 4067 7909)
3(5643 1801 5057)
3(5643 5057 8899)
3(5057 1801 3988)
3(3717 1829 3922)
3(7559 3717 5671)
3(3717 1829 5671)
3(5671 1829 3922)
3(5671 3922 7764)
4(7764 3922 3717 7559)
3(3717 3922 5057)
3(7764 3922 5057)
3(7764 5057 8899)
3(8899 5057 7559)
3(5057 3717 7559)
3(5057 4214 1830)
3(8056 4214 5672)
3(4214 1830 5672)
3(5672 1830 5057)
3(5672 5057 8899)
3(5057 1830 3717)
3(5672 1830 3717)
3(5672 3717 7559)
3(3922 1973 3456)
3(7764 3922 5815)
3(3922 1973 5815)
3(7298 3456 3922)
3(7298 3922 7764)
3(3922 3456 5057)
3(7298 3456 5057)
3(7298 5057 8899)
3(3456 1974 4067)
3(7909 4067 7298)
3(4067 3456 7298)
3(3456 4067 5057)
3(5058 4371 2487)
3(8900 5058 8213)
3(5058 4371 8213)
3(8213 4371 6329)
3(4371 2487 6329)
3(6329 2487 5058)
3(6329 5058 8900)
3(5058 2487 4792)
3(6329 2487 4792)
3(6329 4792 8634)
3(8634 4792 5058)
3(8634 5058 8900)
3(4640 2491 4156)
4(7998 4156 4640 8482)
3(4640 4156 5058)
3(7998 4156 5058)
3(7998 5058 8900)
3(8900 5058 8482)
3(5058 4640 8482)
3(4792 2675 4678)
3(8634 4792 6517)
3(4792 2675 6517)
3(6517 2675 4678)
3(6517 4678 8520)
3(8520 4678 4792)
3(8520 4792 8634)
3(4792 4678 5058)
3(8520 4678 5058)
3(8520 5058 8900)
3(4678 2677 4640)
3(8520 4678 6519)
3(4678 2677 6519)
3(8482 4640 4678)
3(8482 4678 8520)
3(4678 4640 5058)
3(5058 3123 2713)
3(8900 5058 6965)
3(5058 3123 6965)
3(6555 2713 5058)
3(6555 5058 8900)
3(5058 2713 4371)
3(6555 2713 4371)
3(6555 4371 8213)
3(5058 4156 2714)
3(6556 2714 5058)
3(6556 5058 8900)
3(5058 2714 3123)
3(4377 1665 3564)
3(8219 4377 5507)
3(4377 1665 5507)
3(7406 3564 8219)
3(3564 4377 8219)
3(4377 3564 5059)
3(7406 3564 5059)
3(7406 5059 8901)
3(8901 5059 8219)
3(5059 4377 8219)
3(4797 1666 4377)
3(8639 4797 5508)
3(4797 1666 5508)
3(5508 1666 4377)
3(5508 4377 8219)
3(8219 4377 4797)
3(8219 4797 8639)
3(4797 4377 5059)
3(8901 5059 8639)
3(5059 4797 8639)
3(5059 3353 1667)
3(8901 5059 7195)
3(5059 3353 7195)
3(7195 3353 5509)
3(3353 1667 5509)
4(5509 1667 5059 8901)
3(5059 1667 4797)
3(5509 1667 4797)
3(5509 4797 8639)
3(5059 4103 1668)
3(8901 5059 7945)
3(5059 4103 7945)
3(5510 1668 5059)
3(5510 5059 8901)
3(5059 1668 3353)
3(5510 1668 3353)
3(5510 3353 7195)
3(3564 1743 3383)
4(7225 3383 3564 7406)
3(3564 3383 5059)
3(7225 3383 5059)
3(7225 5059 8901)
3(5059 3383 1744)
3(5586 1744 5059)
3(5586 5059 8901)
3(5059 1744 4103)
3(3023 1879 4737)
3(6865 3023 5721)
3(3023 1879 5721)
3(8579 4737 3023)
3(8579 3023 6865)
3(3023 4737 5060)
3(8579 4737 5060)
3(8579 5060 8902)
3(8902 5060 6865)
3(5060 3023 6865)
3(4457 1880 3023)
3(8299 4457 5722)
3(4457 1880 5722)
3(5722 1880 3023)
3(5722 3023 6865)
4(6865 3023 4457 8299)
3(4457 3023 5060)
3(8902 5060 8299)
3(5060 4457 8299)
3(5060 4027 1881)
3(8902 5060 7869)
3(5060 4027 7869)
3(5723 1881 5060)
3(5723 5060 8902)
3(5060 1881 4222)
3(5723 1881 4222)
3(5723 4222 8064)
3(8064 4222 5060)
3(8064 5060 8902)
3(5060 4222 1882)
3(8064 4222 5724)
3(4222 1882 5724)
3(5724 1882 5060)
3(5724 5060 8902)
3(5060 1882 4457)
3(5724 1882 4457)
3(5724 4457 8299)
3(4737 1883 4057)
3(7899 4057 8579)
3(4057 4737 8579)
3(4737 4057 5060)
3(7899 4057 5060)
3(7899 5060 8902)
3(5060 4057 1884)
4(5726 1884 5060 8902)
3(5060 1884 4027)
3(3025 1843 3743)
3(6867 3025 5685)
3(3025 1843 5685)
3(7585 3743 3025)
3(7585 3025 6867)
3(3025 3743 5061)
3(7585 3743 5061)
3(7585 5061 8903)
3(8903 5061 6867)
3(5061 3025 6867)
3(3153 1844 3025)
3(6995 3153 5686)
3(3153 1844 5686)
3(5686 1844 3025)
3(5686 3025 6867)
4(6867 3025 3153 6995)
3(3153 3025 5061)
3(8903 5061 6995)
3(5061 3153 6995)
3(5061 4229 1845)
3(8903 5061 8071)
3(5061 4229 8071)
3(8071 4229 5687)
3(4229 1845 5687)
3(5687 1845 5061)
3(5687 5061 8903)
3(5061 1845 3153)
3(5687 1845 3153)
3(5687 3153 6995)
3(5061 4034 1846)
3(8903 5061 7876)
3(5061 4034 7876)
3(5688 1846 5061)
3(5688 5061 8903)
3(5061 1846 4229)
3(5688 1846 4229)
3(5688 4229 8071)
3(3743 1847 4065)
3(7907 4065 7585)
3(4065 3743 7585)
3(3743 4065 5061)
3(7907 4065 5061)
3(7907 5061 8903)
3(5061 4065 1848)
4(5690 1848 5061 8903)
3(5061 1848 4034)
3(3881 1849 4471)
3(7723 3881 5691)
3(3881 1849 5691)
3(8313 4471 7723)
3(4471 3881 7723)
3(3881 4471 5062)
3(8313 4471 5062)
3(8313 5062 8904)
3(8904 5062 7723)
3(5062 3881 7723)
3(4563 2042 3881)
3(8405 4563 5884)
3(4563 2042 5884)
3(5884 2042 3881)
3(5884 3881 7723)
3(7723 3881 4563)
3(7723 4563 8405)
3(4563 3881 5062)
3(8904 5062 8405)
3(5062 4563 8405)
3(4471 2044 4155)
4(7997 4155 4471 8313)
3(4471 4155 5062)
3(7997 4155 5062)
3(7997 5062 8904)
3(5062 4155 2486)
3(6328 2486 5062)
3(6328 5062 8904)
3(5062 2486 4378)
3(8220 4378 5062)
3(8220 5062 8904)
3(5062 3115 2488)
3(8904 5062 6957)
3(5062 3115 6957)
3(6957 3115 6330)
3(3115 2488 6330)
4(6330 2488 5062 8904)
3(5062 2488 4563)
3(6330 2488 4563)
3(6330 4563 8405)
3(5062 4378 2489)
3(6331 2489 5062)
3(6331 5062 8904)
3(5062 2489 3115)
3(6331 2489 3115)
3(6331 3115 6957)
3(5063 4158 1654)
3(8905 5063 8000)
3(5063 4158 8000)
3(5496 1654 5063)
3(5496 5063 8905)
3(5063 1654 2981)
3(6823 2981 5063)
3(6823 5063 8905)
3(3122 1727 4830)
4(6964 3122 1727 5569)
3(8672 4830 6964)
3(4830 3122 6964)
3(3122 4830 5063)
3(8672 4830 5063)
3(8672 5063 8905)
3(8905 5063 6964)
3(5063 3122 6964)
3(4830 1729 4158)
3(8000 4158 8672)
3(4158 4830 8672)
3(4830 4158 5063)
3(5063 2981 1760)
3(5602 1760 5063)
3(5602 5063 8905)
3(5063 1760 3846)
3(5602 1760 3846)
3(5602 3846 7688)
3(7688 3846 5063)
3(7688 5063 8905)
3(3239 1896 3122)
3(7081 3239 5738)
3(3239 1896 5738)
4(5738 1896 3122 6964)
3(6964 3122 3239)
3(6964 3239 7081)
3(3239 3122 5063)
4(8905 5063 3239 7081)
3(5063 3846 1897)
3(7688 3846 5739)
3(3846 1897 5739)
3(5739 1897 5063)
3(5739 5063 8905)
3(5063 1897 3239)
3(5739 1897 3239)
3(5739 3239 7081)
3(5064 3798 2558)
3(8906 5064 7640)
3(5064 3798 7640)
3(6400 2558 5064)
3(6400 5064 8906)
3(5064 2558 4476)
3(8318 4476 5064)
3(8318 5064 8906)
3(4483 2559 4574)
3(8325 4483 6401)
3(4483 2559 6401)
3(8416 4574 4483)
3(8416 4483 8325)
3(4483 4574 5064)
3(8416 4574 5064)
3(8416 5064 8906)
3(8906 5064 8325)
3(5064 4483 8325)
3(4574 2560 3798)
3(7640 3798 8416)
3(3798 4574 8416)
3(4574 3798 5064)
3(5064 4476 2561)
3(6403 2561 5064)
3(6403 5064 8906)
3(5064 2561 3776)
4(6403 2561 3776 7618)
3(7618 3776 5064)
3(7618 5064 8906)
3(5064 3776 2896)
4(7618 3776 2896 6738)
3(6738 2896 5064)
3(6738 5064 8906)
3(5064 2896 3245)
3(6738 2896 3245)
3(6738 3245 7087)
4(7087 3245 5064 8906)
3(3245 2897 4483)
3(7087 3245 6739)
3(3245 2897 6739)
3(6739 2897 4483)
3(6739 4483 8325)
3(8325 4483 3245)
3(8325 3245 7087)
3(3245 4483 5064)
3(4844 1797 4144)
3(8686 4844 5639)
3(4844 1797 5639)
3(5639 1797 4144)
3(5639 4144 7986)
3(7986 4144 4844)
3(7986 4844 8686)
3(4844 4144 5065)
3(7986 4144 5065)
3(7986 5065 8907)
4(8907 5065 4844 8686)
3(3082 1798 4449)
3(8291 4449 6924)
3(4449 3082 6924)
3(3082 4449 5065)
3(8291 4449 5065)
3(8291 5065 8907)
3(8907 5065 6924)
3(5065 3082 6924)
3(4144 1799 3082)
3(7986 4144 5641)
3(4144 1799 5641)
3(6924 3082 4144)
3(6924 4144 7986)
3(4144 3082 5065)
3(5065 4727 1800)
3(8907 5065 8569)
3(5065 4727 8569)
4(8569 4727 1800 5642)
3(5642 1800 5065)
3(5642 5065 8907)
3(5065 1800 4844)
3(5642 1800 4844)
3(5642 4844 8686)
3(5065 3171 1972)
3(8907 5065 7013)
3(5065 3171 7013)
3(5814 1972 5065)
3(5814 5065 8907)
3(5065 1972 4727)
4(5814 1972 4727 8569)
3(5065 4449 1976)
3(5818 1976 5065)
3(5818 5065 8907)
3(5065 1976 3171)
3(3351 2256 3870)
3(7193 3351 6098)
3(3351 2256 6098)
4(6098 2256 3870 7712)
3(7712 3870 3351)
3(7712 3351 7193)
3(3351 3870 5066)
3(7712 3870 5066)
3(7712 5066 8908)
4(8908 5066 3351 7193)
3(5066 4598 2257)
3(8908 5066 8440)
3(5066 4598 8440)
3(8440 4598 6099)
3(4598 2257 6099)
3(6099 2257 5066)
3(6099 5066 8908)
3(5066 2257 3351)
3(6099 2257 3351)
3(6099 3351 7193)
3(4145 2711 3908)
3(7750 3908 7987)
3(3908 4145 7987)
3(4145 3908 5066)
3(7750 3908 5066)
3(7750 5066 8908)
3(8908 5066 7987)
3(5066 4145 7987)
3(3870 2712 4145)
4(7712 3870 2712 6554)
3(7987 4145 7712)
3(4145 3870 7712)
3(3870 4145 5066)
3(5066 4680 2715)
3(8908 5066 8522)
3(5066 4680 8522)
3(6557 2715 5066)
3(6557 5066 8908)
3(5066 2715 4598)
3(6557 2715 4598)
3(6557 4598 8440)
3(5066 3908 2716)
3(6558 2716 5066)
3(6558 5066 8908)
3(5066 2716 4680)
3(5067 4552 1887)
3(8909 5067 8394)
3(5067 4552 8394)
4(5729 1887 5067 8909)
3(5067 1887 4567)
3(8409 4567 5067)
3(8409 5067 8909)
3(3355 1888 4552)
3(8394 4552 3355)
3(8394 3355 7197)
3(3355 4552 5067)
4(8909 5067 3355 7197)
3(4241 2134 3355)
3(8083 4241 5976)
3(4241 2134 5976)
3(7197 3355 8083)
3(3355 4241 8083)
3(4241 3355 5067)
3(8909 5067 8083)
3(5067 4241 8083)
3(5067 4567 2393)
3(6235 2393 5067)
3(6235 5067 8909)
3(5067 2393 4754)
3(6235 2393 4754)
3(6235 4754 8596)
4(8596 4754 5067 8909)
3(4676 2619 4241)
3(8518 4676 6461)
3(4676 2619 6461)
3(6461 2619 4241)
3(6461 4241 8083)
4(8083 4241 4676 8518)
3(4676 4241 5067)
3(8909 5067 8518)
3(5067 4676 8518)
3(5067 4754 2620)
3(8596 4754 6462)
3(4754 2620 6462)
3(6462 2620 5067)
3(6462 5067 8909)
3(5067 2620 4676)
3(6462 2620 4676)
3(6462 4676 8518)
3(5068 4554 2313)
3(8910 5068 8396)
3(5068 4554 8396)
3(6155 2313 5068)
3(6155 5068 8910)
3(5068 2313 3359)
4(7201 3359 5068 8910)
3(5068 3359 2314)
3(6156 2314 5068)
3(6156 5068 8910)
3(5068 2314 4248)
3(6156 2314 4248)
3(6156 4248 8090)
3(8090 4248 5068)
3(8090 5068 8910)
3(4573 2597 4554)
4(8396 4554 4573 8415)
3(4573 4554 5068)
3(8910 5068 8415)
3(5068 4573 8415)
3(3429 2598 4573)
3(7271 3429 6440)
3(3429 2598 6440)
3(8415 4573 3429)
3(8415 3429 7271)
3(3429 4573 5068)
4(8910 5068 3429 7271)
3(4682 2912 3429)
3(8524 4682 6754)
3(4682 2912 6754)
3(6754 2912 3429)
3(6754 3429 7271)
3(7271 3429 8524)
3(3429 4682 8524)
3(4682 3429 5068)
3(8910 5068 8524)
3(5068 4682 8524)
3(5068 4248 2920)
3(8090 4248 6762)
3(4248 2920 6762)
4(6762 2920 5068 8910)
3(5068 2920 4682)
3(6762 2920 4682)
3(6762 4682 8524)
3(4214 1653 4197)
4(8039 4197 4214 8056)
3(4214 4197 5069)
3(8039 4197 5069)
3(8039 5069 8911)
3(8911 5069 8056)
3(5069 4214 8056)
3(5069 4197 1662)
3(5504 1662 5069)
3(5504 5069 8911)
3(5069 1662 3026)
4(6868 3026 5069 8911)
3(4400 1830 4214)
3(8242 4400 5672)
3(4400 1830 5672)
3(8056 4214 4400)
3(8056 4400 8242)
3(4400 4214 5069)
4(8911 5069 4400 8242)
3(5069 3026 1832)
3(5674 1832 5069)
3(5674 5069 8911)
3(5069 1832 3895)
3(5674 1832 3895)
3(5674 3895 7737)
3(7737 3895 5069)
3(7737 5069 8911)
3(4313 2010 4400)
3(8155 4313 5852)
3(4313 2010 5852)
3(5852 2010 4400)
3(5852 4400 8242)
3(8242 4400 8155)
3(4400 4313 8155)
3(4313 4400 5069)
3(8911 5069 8155)
3(5069 4313 8155)
3(5069 3895 2011)
3(7737 3895 5853)
3(3895 2011 5853)
4(5853 2011 5069 8911)
3(5069 2011 4313)
3(5853 2011 4313)
3(5853 4313 8155)
3(5070 3538 2674)
4(8912 5070 3538 7380)
3(7380 3538 6516)
3(3538 2674 6516)
3(6516 2674 5070)
3(6516 5070 8912)
3(5070 2674 4774)
3(6516 2674 4774)
3(6516 4774 8616)
3(8616 4774 5070)
3(8616 5070 8912)
3(5070 4678 2675)
3(8912 5070 8520)
3(5070 4678 8520)
3(6517 2675 5070)
3(6517 5070 8912)
3(5070 2675 3538)
3(6517 2675 3538)
3(6517 3538 7380)
3(3457 2676 4832)
3(8674 4832 3457)
3(8674 3457 7299)
3(3457 4832 5070)
3(8674 4832 5070)
3(8674 5070 8912)
4(8912 5070 3457 7299)
3(5070 4832 2677)
4(6519 2677 5070 8912)
3(5070 2677 4678)
3(4340 2682 3457)
3(8182 4340 6524)
3(4340 2682 6524)
3(7299 3457 8182)
3(3457 4340 8182)
3(4340 3457 5070)
3(8912 5070 8182)
3(5070 4340 8182)
3(4774 2683 4340)
3(8616 4774 6525)
3(4774 2683 6525)
3(6525 2683 4340)
3(6525 4340 8182)
4(8182 4340 4774 8616)
3(4774 4340 5070)
3(3542 1667 3353)
4(7384 3542 1667 5509)
3(7195 3353 7384)
3(3353 3542 7384)
3(3542 3353 5071)
4(7195 3353 5071 8913)
3(8913 5071 7384)
3(5071 3542 7384)
3(3353 1668 4298)
3(8140 4298 3353)
3(8140 3353 7195)
3(3353 4298 5071)
3(8140 4298 5071)
3(8140 5071 8913)
3(5071 4298 1671)
3(5513 1671 5071)
3(5513 5071 8913)
3(5071 1671 3877)
3(7719 3877 5071)
3(7719 5071 8913)
3(5071 3877 2135)
3(5977 2135 5071)
3(5977 5071 8913)
3(5071 2135 4475)
3(5977 2135 4475)
3(5977 4475 8317)
3(8317 4475 5071)
3(8317 5071 8913)
3(3237 2398 3542)
3(7079 3237 6240)
3(3237 2398 6240)
4(6240 2398 3542 7384)
3(7384 3542 3237)
3(7384 3237 7079)
3(3237 3542 5071)
3(8913 5071 7079)
3(5071 3237 7079)
3(5071 4475 2399)
3(8317 4475 6241)
3(4475 2399 6241)
3(6241 2399 5071)
3(6241 5071 8913)
3(5071 2399 3237)
3(6241 2399 3237)
3(6241 3237 7079)
3(4837 1726 3472)
3(8679 4837 5568)
3(4837 1726 5568)
3(5568 1726 3472)
3(5568 3472 7314)
3(7314 3472 8679)
3(3472 4837 8679)
3(4837 3472 5072)
3(7314 3472 5072)
3(7314 5072 8914)
3(8914 5072 8679)
3(5072 4837 8679)
3(3884 1872 3006)
3(6848 3006 7726)
3(3006 3884 7726)
3(3884 3006 5072)
3(6848 3006 5072)
3(6848 5072 8914)
3(8914 5072 7726)
3(5072 3884 7726)
3(3472 1873 3884)
3(7314 3472 5715)
3(3472 1873 5715)
3(7726 3884 3472)
3(7726 3472 7314)
3(3472 3884 5072)
3(5072 3185 1875)
3(8914 5072 7027)
3(5072 3185 7027)
4(7027 3185 1875 5717)
3(5717 1875 5072)
3(5717 5072 8914)
3(5072 1875 4837)
3(5717 1875 4837)
3(5717 4837 8679)
3(5072 3006 1879)
3(5721 1879 5072)
3(5721 5072 8914)
3(5072 1879 3023)
4(6865 3023 5072 8914)
3(5072 3023 1880)
3(5722 1880 5072)
3(5722 5072 8914)
3(5072 1880 3185)
4(5722 1880 3185 7027)
3(3518 1708 3953)
3(7795 3953 7360)
3(3953 3518 7360)
3(3518 3953 5073)
3(7795 3953 5073)
3(7795 5073 8915)
3(8915 5073 7360)
3(5073 3518 7360)
3(4142 1831 3518)
3(7984 4142 5673)
3(4142 1831 5673)
3(7360 3518 4142)
3(7360 4142 7984)
3(4142 3518 5073)
3(8915 5073 7984)
3(5073 4142 7984)
3(5073 3953 1843)
3(5685 1843 5073)
3(5685 5073 8915)
3(5073 1843 3025)
4(6867 3025 5073 8915)
3(5073 3025 1844)
3(5686 1844 5073)
3(5686 5073 8915)
3(5073 1844 3843)
4(5686 1844 3843 7685)
3(7685 3843 5073)
3(7685 5073 8915)
3(4843 2003 4142)
3(8685 4843 5845)
3(4843 2003 5845)
3(5845 2003 4142)
3(5845 4142 7984)
3(7984 4142 8685)
3(4142 4843 8685)
3(4843 4142 5073)
3(8915 5073 8685)
3(5073 4843 8685)
3(5073 3843 2004)
4(7685 3843 2004 5846)
3(5846 2004 5073)
3(5846 5073 8915)
3(5073 2004 4843)
3(5846 2004 4843)
3(5846 4843 8685)
3(3276 2488 3115)
4(7118 3276 2488 6330)
3(6957 3115 7118)
3(3115 3276 7118)
3(3276 3115 5074)
4(6957 3115 5074 8916)
3(8916 5074 7118)
3(5074 3276 7118)
3(3115 2489 4610)
3(8452 4610 3115)
3(8452 3115 6957)
3(3115 4610 5074)
3(8452 4610 5074)
3(8452 5074 8916)
3(5074 4610 2490)
3(6332 2490 5074)
3(6332 5074 8916)
3(5074 2490 4634)
3(8476 4634 5074)
3(8476 5074 8916)
3(3014 2673 3276)
3(6856 3014 6515)
3(3014 2673 6515)
4(6515 2673 3276 7118)
3(7118 3276 3014)
3(7118 3014 6856)
3(3014 3276 5074)
3(8916 5074 6856)
3(5074 3014 6856)
3(5074 4634 2678)
3(6520 2678 5074)
3(6520 5074 8916)
3(5074 2678 3578)
3(6520 2678 3578)
3(6520 3578 7420)
3(7420 3578 5074)
3(7420 5074 8916)
3(5074 3578 2680)
3(7420 3578 6522)
3(3578 2680 6522)
3(6522 2680 5074)
3(6522 5074 8916)
3(5074 2680 3014)
3(6522 2680 3014)
3(6522 3014 6856)
3(5075 3108 1727)
3(8917 5075 6950)
3(5075 3108 6950)
3(5569 1727 5075)
3(5569 5075 8917)
3(5075 1727 3122)
3(6964 3122 5075)
3(6964 5075 8917)
3(3613 1728 3108)
3(6950 3108 3613)
3(6950 3613 7455)
3(3613 3108 5075)
3(8917 5075 7455)
3(5075 3613 7455)
3(5075 3122 1896)
3(5738 1896 5075)
3(5738 5075 8917)
3(5075 1896 3941)
3(5738 1896 3941)
3(5738 3941 7783)
4(7783 3941 5075 8917)
3(4239 2392 3613)
3(8081 4239 6234)
3(4239 2392 6234)
3(7455 3613 8081)
3(3613 4239 8081)
3(4239 3613 5075)
3(8917 5075 8081)
3(5075 4239 8081)
3(5075 3941 2415)
3(7783 3941 6257)
3(3941 2415 6257)
3(6257 2415 5075)
3(6257 5075 8917)
3(5075 2415 3022)
3(6257 2415 3022)
3(6257 3022 6864)
3(6864 3022 5075)
3(6864 5075 8917)
3(3022 2417 4239)
3(6864 3022 6259)
3(3022 2417 6259)
3(6259 2417 4239)
3(6259 4239 8081)
3(8081 4239 3022)
3(8081 3022 6864)
3(3022 4239 5075)
3(3776 2561 4712)
3(8554 4712 7618)
3(4712 3776 7618)
3(3776 4712 5076)
3(8554 4712 5076)
3(8554 5076 8918)
3(8918 5076 7618)
3(5076 3776 7618)
3(5076 4712 2595)
3(6437 2595 5076)
3(6437 5076 8918)
3(5076 2595 4272)
3(8114 4272 5076)
3(8114 5076 8918)
3(4618 2889 2963)
3(8460 4618 6731)
3(4618 2889 6731)
3(6731 2889 2963)
3(6731 2963 6805)
3(6805 2963 8460)
3(2963 4618 8460)
3(4618 2963 5076)
4(6805 2963 5076 8918)
3(8918 5076 8460)
3(5076 4618 8460)
3(5076 3889 2895)
3(8918 5076 7731)
3(5076 3889 7731)
3(7731 3889 6737)
3(3889 2895 6737)
3(6737 2895 5076)
3(6737 5076 8918)
3(5076 2895 4618)
3(6737 2895 4618)
3(6737 4618 8460)
3(2963 2896 3776)
3(6805 2963 6738)
3(2963 2896 6738)
3(7618 3776 2963)
3(7618 2963 6805)
3(2963 3776 5076)
3(5076 4272 2907)
3(6749 2907 5076)
3(6749 5076 8918)
3(5076 2907 3889)
3(6749 2907 3889)
3(6749 3889 7731)
3(3581 1800 4727)
3(7423 3581 5642)
3(3581 1800 5642)
3(8569 4727 3581)
3(8569 3581 7423)
3(3581 4727 5077)
3(8569 4727 5077)
3(8569 5077 8919)
4(8919 5077 3581 7423)
3(5077 3922 1829)
3(8919 5077 7764)
3(5077 3922 7764)
3(5671 1829 5077)
3(5671 5077 8919)
3(5077 1829 3893)
3(5671 1829 3893)
3(5671 3893 7735)
3(7735 3893 5077)
3(7735 5077 8919)
3(4727 1972 4719)
3(8561 4719 8569)
3(4719 4727 8569)
3(4727 4719 5077)
3(8561 4719 5077)
3(8561 5077 8919)
3(5077 4719 1973)
3(5815 1973 5077)
3(5815 5077 8919)
3(5077 1973 3922)
3(5077 3893 2000)
3(7735 3893 5842)
3(3893 2000 5842)
3(5842 2000 5077)
3(5842 5077 8919)
3(5077 2000 4622)
3(5842 2000 4622)
3(5842 4622 8464)
3(8464 4622 5077)
3(8464 5077 8919)
3(4622 2001 3581)
3(8464 4622 5843)
3(4622 2001 5843)
3(5843 2001 3581)
3(5843 3581 7423)
3(7423 3581 8464)
3(3581 4622 8464)
3(4622 3581 5077)
3(3287 2248 4533)
3(7129 3287 6090)
3(3287 2248 6090)
3(6090 2248 4533)
3(6090 4533 8375)
3(8375 4533 3287)
3(8375 3287 7129)
3(3287 4533 5078)
3(8375 4533 5078)
3(8375 5078 8920)
3(8920 5078 7129)
3(5078 3287 7129)
3(5078 3588 2255)
4(8920 5078 3588 7430)
3(7430 3588 6097)
3(3588 2255 6097)
3(6097 2255 5078)
3(6097 5078 8920)
3(5078 2255 3287)
3(6097 2255 3287)
3(6097 3287 7129)
3(5078 3870 2256)
3(8920 5078 7712)
3(5078 3870 7712)
3(6098 2256 5078)
3(6098 5078 8920)
3(5078 2256 3588)
3(6098 2256 3588)
3(6098 3588 7430)
3(4533 2487 4371)
3(8375 4533 6329)
3(4533 2487 6329)
3(8213 4371 8375)
3(4371 4533 8375)
3(4533 4371 5078)
3(8213 4371 5078)
3(8213 5078 8920)
3(5078 4351 2712)
3(8920 5078 8193)
3(5078 4351 8193)
3(6554 2712 5078)
3(6554 5078 8920)
3(5078 2712 3870)
3(4371 2713 4351)
3(8193 4351 4371)
3(8193 4371 8213)
3(4371 4351 5078)
3(5079 3995 1664)
3(8921 5079 7837)
3(5079 3995 7837)
3(7837 3995 5506)
3(3995 1664 5506)
3(5506 1664 5079)
3(5506 5079 8921)
3(5079 1664 3915)
3(5506 1664 3915)
3(5506 3915 7757)
4(7757 3915 5079 8921)
3(5079 3489 1665)
4(8921 5079 3489 7331)
3(5507 1665 5079)
3(5507 5079 8921)
3(5079 1665 4377)
3(8219 4377 5079)
3(8219 5079 8921)
3(5079 4377 1666)
3(5508 1666 5079)
3(5508 5079 8921)
3(5079 1666 3995)
3(5508 1666 3995)
3(5508 3995 7837)
3(3915 1877 4443)
3(7757 3915 5719)
3(3915 1877 5719)
3(5719 1877 4443)
3(5719 4443 8285)
3(8285 4443 3915)
3(8285 3915 7757)
3(3915 4443 5079)
3(8285 4443 5079)
3(8285 5079 8921)
3(4222 1881 3489)
3(7331 3489 8064)
3(3489 4222 8064)
3(4222 3489 5079)
3(8921 5079 8064)
3(5079 4222 8064)
3(4443 1882 4222)
3(8285 4443 5724)
3(4443 1882 5724)
3(8064 4222 4443)
3(8064 4443 8285)
3(4443 4222 5079)
3(3919 1721 4447)
3(7761 3919 5563)
3(3919 1721 5563)
3(5563 1721 4447)
3(5563 4447 8289)
3(8289 4447 3919)
3(8289 3919 7761)
3(3919 4447 5080)
3(8289 4447 5080)
3(8289 5080 8922)
4(8922 5080 3919 7761)
3(4447 1845 4229)
3(8289 4447 5687)
3(4447 1845 5687)
3(8071 4229 4447)
3(8071 4447 8289)
3(4447 4229 5080)
3(8071 4229 5080)
3(8071 5080 8922)
3(4229 1846 3495)
3(7337 3495 8071)
3(3495 4229 8071)
3(4229 3495 5080)
4(7337 3495 5080 8922)
3(5080 3495 1849)
3(5691 1849 5080)
3(5691 5080 8922)
3(5080 1849 3881)
3(7723 3881 5080)
3(7723 5080 8922)
3(5080 2955 2041)
3(8922 5080 6797)
3(5080 2955 6797)
3(6797 2955 5883)
3(2955 2041 5883)
3(5883 2041 5080)
3(5883 5080 8922)
3(5080 2041 3919)
3(5883 2041 3919)
3(5883 3919 7761)
3(5080 3881 2042)
3(5884 2042 5080)
3(5884 5080 8922)
3(5080 2042 2955)
3(5884 2042 2955)
3(5884 2955 6797)
3(3816 1779 3552)
3(7658 3816 5621)
3(3816 1779 5621)
3(5621 1779 3552)
3(5621 3552 7394)
4(7394 3552 3816 7658)
3(3816 3552 5081)
3(7394 3552 5081)
3(7394 5081 8923)
3(8923 5081 7658)
3(5081 3816 7658)
3(3552 1903 4623)
3(7394 3552 5745)
3(3552 1903 5745)
3(5745 1903 4623)
3(5745 4623 8465)
3(8465 4623 3552)
3(8465 3552 7394)
3(3552 4623 5081)
3(8465 4623 5081)
3(8465 5081 8923)
3(5081 3008 2154)
3(8923 5081 6850)
3(5081 3008 6850)
3(5996 2154 5081)
3(5996 5081 8923)
3(5081 2154 2935)
3(5996 2154 2935)
3(5996 2935 6777)
3(6777 2935 5081)
3(6777 5081 8923)
3(5081 2935 2158)
3(6777 2935 6000)
3(2935 2158 6000)
3(6000 2158 5081)
3(6000 5081 8923)
3(5081 2158 3816)
3(6000 2158 3816)
3(6000 3816 7658)
3(5081 3148 2159)
3(8923 5081 6990)
3(5081 3148 6990)
4(6001 2159 5081 8923)
3(5081 2159 3008)
3(4623 2160 3148)
3(8465 4623 6002)
3(4623 2160 6002)
3(6990 3148 8465)
3(3148 4623 8465)
3(4623 3148 5081)
3(3012 2525 3154)
4(6996 3154 3012 6854)
3(3012 3154 5082)
3(6996 3154 5082)
3(6996 5082 8924)
3(8924 5082 6854)
3(5082 3012 6854)
3(5082 3154 2526)
3(6368 2526 5082)
3(6368 5082 8924)
3(5082 2526 3292)
3(6368 2526 3292)
3(6368 3292 7134)
3(7134 3292 5082)
3(7134 5082 8924)
3(3553 2527 3012)
3(7395 3553 6369)
3(3553 2527 6369)
3(6854 3012 7395)
3(3012 3553 7395)
3(3553 3012 5082)
3(8924 5082 7395)
3(5082 3553 7395)
3(5082 3292 2529)
3(7134 3292 6371)
3(3292 2529 6371)
3(6371 2529 5082)
3(6371 5082 8924)
3(5082 2529 4211)
3(6371 2529 4211)
3(6371 4211 8053)
3(8053 4211 5082)
3(8053 5082 8924)
3(4462 2530 3553)
3(8304 4462 6372)
3(4462 2530 6372)
3(6372 2530 3553)
3(6372 3553 7395)
3(7395 3553 4462)
3(7395 4462 8304)
3(4462 3553 5082)
3(8924 5082 8304)
3(5082 4462 8304)
3(5082 4211 2533)
3(8053 4211 6375)
3(4211 2533 6375)
4(6375 2533 5082 8924)
3(5082 2533 4462)
3(6375 2533 4462)
3(6375 4462 8304)
3(4021 1761 4833)
3(7863 4021 5603)
3(4021 1761 5603)
3(8675 4833 4021)
3(8675 4021 7863)
3(4021 4833 5083)
3(8675 4833 5083)
3(8675 5083 8925)
3(8925 5083 7863)
3(5083 4021 7863)
3(4833 1762 4612)
3(8454 4612 8675)
3(4612 4833 8675)
3(4833 4612 5083)
3(8454 4612 5083)
3(8454 5083 8925)
3(5083 2976 1898)
3(8925 5083 6818)
3(5083 2976 6818)
4(6818 2976 1898 5740)
3(5740 1898 5083)
3(5740 5083 8925)
3(5083 1898 3461)
3(5740 1898 3461)
3(5740 3461 7303)
4(7303 3461 5083 8925)
3(3461 1899 4021)
3(7303 3461 5741)
3(3461 1899 5741)
3(5741 1899 4021)
3(5741 4021 7863)
3(7863 4021 3461)
3(7863 3461 7303)
3(3461 4021 5083)
3(5083 4612 1900)
3(5742 1900 5083)
3(5742 5083 8925)
3(5083 1900 3502)
3(5742 1900 3502)
3(5742 3502 7344)
3(7344 3502 5083)
3(7344 5083 8925)
3(5083 3502 1901)
3(7344 3502 5743)
3(3502 1901 5743)
3(5743 1901 5083)
3(5743 5083 8925)
3(5083 1901 2976)
4(5743 1901 2976 6818)
3(3156 2753 3273)
3(6998 3156 6595)
3(3156 2753 6595)
3(7115 3273 6998)
3(3273 3156 6998)
3(3156 3273 5084)
3(7115 3273 5084)
3(7115 5084 8926)
3(8926 5084 6998)
3(5084 3156 6998)
3(4570 2754 3156)
4(8412 4570 2754 6596)
3(6596 2754 3156)
3(6596 3156 6998)
3(6998 3156 8412)
3(3156 4570 8412)
3(4570 3156 5084)
3(8926 5084 8412)
3(5084 4570 8412)
3(3129 2755 4570)
3(6971 3129 6597)
3(3129 2755 6597)
4(6597 2755 4570 8412)
3(8412 4570 3129)
3(8412 3129 6971)
3(3129 4570 5084)
4(8926 5084 3129 6971)
3(5084 3664 2756)
3(8926 5084 7506)
3(5084 3664 7506)
3(7506 3664 6598)
3(3664 2756 6598)
3(6598 2756 5084)
3(6598 5084 8926)
3(5084 2756 3129)
3(6598 2756 3129)
3(6598 3129 6971)
3(5084 4487 2757)
3(8926 5084 8329)
3(5084 4487 8329)
3(6599 2757 5084)
3(6599 5084 8926)
3(5084 2757 3664)
3(6599 2757 3664)
3(6599 3664 7506)
3(5084 3273 2758)
3(6600 2758 5084)
3(6600 5084 8926)
3(5084 2758 4487)
3(5085 3007 1783)
3(8927 5085 6849)
3(5085 3007 6849)
3(5625 1783 5085)
3(5625 5085 8927)
3(5085 1783 3672)
3(5625 1783 3672)
3(5625 3672 7514)
3(7514 3672 5085)
3(7514 5085 8927)
3(3778 1932 4579)
3(7620 3778 5774)
3(3778 1932 5774)
4(5774 1932 4579 8421)
3(8421 4579 3778)
3(8421 3778 7620)
3(3778 4579 5085)
3(8421 4579 5085)
3(8421 5085 8927)
4(8927 5085 3778 7620)
3(5085 3672 1933)
3(7514 3672 5775)
3(3672 1933 5775)
3(5775 1933 5085)
3(5775 5085 8927)
3(5085 1933 3778)
3(5775 1933 3778)
3(5775 3778 7620)
3(5085 3764 1941)
3(8927 5085 7606)
3(5085 3764 7606)
3(5783 1941 5085)
3(5783 5085 8927)
3(5085 1941 3007)
3(4579 2153 3161)
4(8421 4579 2153 5995)
3(5995 2153 3161)
3(5995 3161 7003)
3(7003 3161 8421)
3(3161 4579 8421)
3(4579 3161 5085)
3(7003 3161 5085)
3(7003 5085 8927)
3(3161 2155 3764)
3(7003 3161 5997)
3(3161 2155 5997)
3(7606 3764 7003)
3(3764 3161 7003)
3(3161 3764 5085)
3(5086 3381 2532)
3(8928 5086 7223)
3(5086 3381 7223)
3(6374 2532 5086)
3(6374 5086 8928)
3(5086 2532 4759)
3(6374 2532 4759)
3(6374 4759 8601)
3(8601 4759 5086)
3(8601 5086 8928)
3(5086 4759 2537)
3(8601 4759 6379)
3(4759 2537 6379)
3(6379 2537 5086)
3(6379 5086 8928)
3(5086 2537 4217)
4(6379 2537 4217 8059)
3(8059 4217 5086)
3(8059 5086 8928)
3(5086 4217 2539)
4(8059 4217 2539 6381)
3(6381 2539 5086)
3(6381 5086 8928)
3(5086 2539 3394)
3(6381 2539 3394)
3(6381 3394 7236)
4(7236 3394 5086 8928)
3(3394 2543 3301)
3(7236 3394 6385)
3(3394 2543 6385)
3(6385 2543 3301)
3(6385 3301 7143)
3(7143 3301 3394)
3(7143 3394 7236)
3(3394 3301 5086)
3(7143 3301 5086)
3(7143 5086 8928)
3(4601 2717 3381)
3(7223 3381 8443)
3(3381 4601 8443)
3(4601 3381 5086)
3(8928 5086 8443)
3(5086 4601 8443)
3(3301 2718 4601)
3(7143 3301 6560)
3(3301 2718 6560)
3(8443 4601 3301)
3(8443 3301 7143)
3(3301 4601 5086)
3(3502 1900 3155)
3(6997 3155 3502)
3(6997 3502 7344)
3(3502 3155 5087)
3(6997 3155 5087)
3(6997 5087 8929)
3(8929 5087 7344)
3(5087 3502 7344)
3(4165 1901 3502)
3(8007 4165 5743)
3(4165 1901 5743)
4(7344 3502 4165 8007)
3(4165 3502 5087)
3(8929 5087 8007)
3(5087 4165 8007)
3(5087 3654 1902)
3(8929 5087 7496)
3(5087 3654 7496)
3(7496 3654 5744)
3(3654 1902 5744)
3(5744 1902 5087)
3(5744 5087 8929)
3(5087 1902 4165)
3(5744 1902 4165)
3(5744 4165 8007)
3(5087 4623 1903)
3(8929 5087 8465)
3(5087 4623 8465)
3(5745 1903 5087)
3(5745 5087 8929)
3(5087 1903 3654)
3(5745 1903 3654)
3(5745 3654 7496)
3(5087 3916 2160)
3(8929 5087 7758)
3(5087 3916 7758)
4(6002 2160 5087 8929)
3(5087 2160 4623)
3(3155 2161 3916)
3(7758 3916 6997)
3(3916 3155 6997)
3(3155 3916 5087)
3(3292 2526 4560)
4(8402 4560 3292 7134)
3(3292 4560 5088)
3(8402 4560 5088)
3(8402 5088 8930)
3(8930 5088 7134)
3(5088 3292 7134)
3(5088 4560 2528)
3(6370 2528 5088)
3(6370 5088 8930)
3(5088 2528 3805)
3(7647 3805 5088)
3(7647 5088 8930)
3(3285 2529 3292)
3(7127 3285 6371)
3(3285 2529 6371)
3(7134 3292 7127)
3(3292 3285 7127)
3(3285 3292 5088)
3(8930 5088 7127)
3(5088 3285 7127)
3(3813 2752 3285)
3(7655 3813 6594)
3(3813 2752 6594)
3(6594 2752 3285)
3(6594 3285 7127)
3(7127 3285 3813)
3(7127 3813 7655)
3(3813 3285 5088)
3(8930 5088 7655)
3(5088 3813 7655)
3(5088 3805 2753)
3(6595 2753 5088)
3(6595 5088 8930)
3(5088 2753 3156)
3(6998 3156 5088)
3(6998 5088 8930)
3(5088 3156 2754)
4(6596 2754 5088 8930)
3(5088 2754 3813)
3(6596 2754 3813)
3(6596 3813 7655)
3(5089 3161 2153)
3(8931 5089 7003)
3(5089 3161 7003)
4(5995 2153 5089 8931)
3(5089 2153 3814)
3(5995 2153 3814)
3(5995 3814 7656)
3(7656 3814 5089)
3(7656 5089 8931)
3(2935 2154 4014)
4(7856 4014 2935 6777)
3(2935 4014 5089)
3(7856 4014 5089)
3(7856 5089 8931)
3(8931 5089 6777)
3(5089 2935 6777)
3(5089 4259 2155)
3(8931 5089 8101)
3(5089 4259 8101)
3(5997 2155 5089)
3(5997 5089 8931)
3(5089 2155 3161)
3(5089 4014 2156)
3(5998 2156 5089)
3(5998 5089 8931)
3(5089 2156 4259)
3(3814 2157 3290)
3(7656 3814 5999)
3(3814 2157 5999)
3(5999 2157 3290)
3(5999 3290 7132)
3(7132 3290 3814)
3(7132 3814 7656)
3(3814 3290 5089)
3(7132 3290 5089)
3(7132 5089 8931)
3(3290 2158 2935)
3(7132 3290 6000)
3(3290 2158 6000)
3(6777 2935 7132)
3(2935 3290 7132)
3(3290 2935 5089)
3(5090 4671 2527)
3(8932 5090 8513)
3(5090 4671 8513)
4(6369 2527 5090 8932)
3(5090 2527 3553)
3(7395 3553 5090)
3(7395 5090 8932)
3(5090 3553 2530)
3(6372 2530 5090)
3(6372 5090 8932)
3(5090 2530 3959)
3(6372 2530 3959)
3(6372 3959 7801)
3(7801 3959 5090)
3(7801 5090 8932)
3(3911 2531 4671)
3(8513 4671 7753)
3(4671 3911 7753)
3(3911 4671 5090)
3(8932 5090 7753)
3(5090 3911 7753)
3(4759 2532 3911)
3(7753 3911 4759)
3(7753 4759 8601)
3(4759 3911 5090)
3(8932 5090 8601)
3(5090 4759 8601)
3(5090 3959 2534)
3(7801 3959 6376)
3(3959 2534 6376)
3(6376 2534 5090)
3(6376 5090 8932)
3(5090 2534 4459)
3(6376 2534 4459)
3(6376 4459 8301)
3(8301 4459 5090)
3(8301 5090 8932)
3(4459 2537 4759)
3(8301 4459 6379)
3(4459 2537 6379)
4(8601 4759 4459 8301)
3(4459 4759 5090)
3(3846 1760 3913)
3(7755 3913 7688)
3(3913 3846 7688)
3(3846 3913 5091)
4(7755 3913 5091 8933)
3(8933 5091 7688)
3(5091 3846 7688)
3(5091 3913 1761)
3(5603 1761 5091)
3(5603 5091 8933)
3(5091 1761 4021)
3(7863 4021 5091)
3(7863 5091 8933)
3(3878 1897 3846)
3(7720 3878 5739)
3(3878 1897 5739)
3(7688 3846 7720)
3(3846 3878 7720)
3(3878 3846 5091)
3(8933 5091 7720)
3(5091 3878 7720)
3(5091 4021 1899)
3(5741 1899 5091)
3(5741 5091 8933)
3(5091 1899 4561)
3(5741 1899 4561)
3(5741 4561 8403)
3(8403 4561 5091)
3(8403 5091 8933)
3(5091 4561 2149)
3(8403 4561 5991)
3(4561 2149 5991)
3(5991 2149 5091)
3(5991 5091 8933)
3(5091 2149 3118)
3(5991 2149 3118)
3(5991 3118 6960)
4(6960 3118 5091 8933)
3(3118 2150 3878)
3(6960 3118 5992)
3(3118 2150 5992)
3(5992 2150 3878)
3(5992 3878 7720)
3(7720 3878 3118)
3(7720 3118 6960)
3(3118 3878 5091)
3(5092 3547 2559)
4(8934 5092 3547 7389)
3(6401 2559 5092)
3(6401 5092 8934)
3(5092 2559 4483)
3(8325 4483 5092)
3(8325 5092 8934)
3(4569 2756 3664)
3(8411 4569 6598)
3(4569 2756 6598)
3(7506 3664 8411)
3(3664 4569 8411)
3(4569 3664 5092)
3(7506 3664 5092)
3(7506 5092 8934)
3(8934 5092 8411)
3(5092 4569 8411)
3(3664 2757 3547)
3(7389 3547 7506)
3(3547 3664 7506)
3(3664 3547 5092)
3(5092 3885 2890)
3(8934 5092 7727)
3(5092 3885 7727)
3(7727 3885 6732)
3(3885 2890 6732)
3(6732 2890 5092)
3(6732 5092 8934)
3(5092 2890 3128)
3(6732 2890 3128)
3(6732 3128 6970)
4(6970 3128 5092 8934)
3(5092 4483 2897)
3(6739 2897 5092)
3(6739 5092 8934)
3(5092 2897 3885)
3(6739 2897 3885)
3(6739 3885 7727)
3(3128 2898 4569)
3(6970 3128 6740)
3(3128 2898 6740)
3(6740 2898 4569)
3(6740 4569 8411)
3(8411 4569 3128)
3(8411 3128 6970)
3(3128 4569 5092)
3(5093 3517 1660)
3(8935 5093 7359)
3(5093 3517 7359)
3(7359 3517 5502)
3(3517 1660 5502)
3(5502 1660 5093)
3(5502 5093 8935)
3(5093 1660 4726)
3(5502 1660 4726)
3(5502 4726 8568)
4(8568 4726 5093 8935)
3(3672 1783 4669)
3(8511 4669 7514)
3(4669 3672 7514)
3(3672 4669 5093)
4(8511 4669 5093 8935)
3(8935 5093 7514)
3(5093 3672 7514)
3(5093 4144 1797)
3(8935 5093 7986)
3(5093 4144 7986)
3(5639 1797 5093)
3(5639 5093 8935)
3(5093 1797 3517)
3(5639 1797 3517)
3(5639 3517 7359)
3(5093 4669 1799)
3(5641 1799 5093)
3(5641 5093 8935)
3(5093 1799 4144)
3(4212 1933 3672)
3(8054 4212 5775)
3(4212 1933 5775)
3(7514 3672 8054)
3(3672 4212 8054)
3(4212 3672 5093)
3(8935 5093 8054)
3(5093 4212 8054)
3(4726 1937 4212)
3(8568 4726 5779)
3(4726 1937 5779)
3(5779 1937 4212)
3(5779 4212 8054)
3(8054 4212 4726)
3(8054 4726 8568)
3(4726 4212 5093)
3(3392 2254 3524)
3(7234 3392 6096)
3(3392 2254 6096)
3(6096 2254 3524)
3(6096 3524 7366)
3(7366 3524 3392)
3(7366 3392 7234)
3(3392 3524 5094)
3(7366 3524 5094)
3(7366 5094 8936)
4(8936 5094 3392 7234)
3(3524 2257 4598)
3(7366 3524 6099)
3(3524 2257 6099)
3(8440 4598 7366)
3(4598 3524 7366)
3(3524 4598 5094)
3(8440 4598 5094)
3(8440 5094 8936)
3(5094 4216 2495)
3(8936 5094 8058)
3(5094 4216 8058)
3(8058 4216 6337)
3(4216 2495 6337)
3(6337 2495 5094)
3(6337 5094 8936)
3(5094 2495 3392)
3(6337 2495 3392)
3(6337 3392 7234)
3(5094 3301 2543)
3(8936 5094 7143)
3(5094 3301 7143)
3(6385 2543 5094)
3(6385 5094 8936)
3(5094 2543 4216)
3(6385 2543 4216)
3(6385 4216 8058)
3(4598 2715 3656)
3(7498 3656 8440)
3(3656 4598 8440)
3(4598 3656 5094)
4(7498 3656 5094 8936)
3(5094 3656 2718)
3(6560 2718 5094)
3(6560 5094 8936)
3(5094 2718 3301)
3(5095 4302 2134)
3(8937 5095 8144)
3(5095 4302 8144)
3(5976 2134 5095)
3(5976 5095 8937)
3(5095 2134 4241)
3(8083 4241 5095)
3(8083 5095 8937)
3(4475 2135 4302)
4(8144 4302 4475 8317)
3(4475 4302 5095)
3(8937 5095 8317)
3(5095 4475 8317)
3(3614 2399 4475)
3(7456 3614 6241)
3(3614 2399 6241)
3(8317 4475 7456)
3(4475 3614 7456)
3(3614 4475 5095)
3(8937 5095 7456)
3(5095 3614 7456)
3(4808 2400 3614)
3(8650 4808 6242)
3(4808 2400 6242)
3(6242 2400 3614)
3(6242 3614 7456)
3(7456 3614 4808)
3(7456 4808 8650)
3(4808 3614 5095)
3(8937 5095 8650)
3(5095 4808 8650)
3(5095 3319 2618)
3(8937 5095 7161)
3(5095 3319 7161)
4(7161 3319 2618 6460)
3(6460 2618 5095)
3(6460 5095 8937)
3(5095 2618 4808)
3(6460 2618 4808)
3(6460 4808 8650)
3(5095 4241 2619)
3(6461 2619 5095)
3(6461 5095 8937)
3(5095 2619 3319)
4(6461 2619 3319 7161)
3(5096 3472 1726)
3(8938 5096 7314)
3(5096 3472 7314)
3(5568 1726 5096)
3(5568 5096 8938)
3(5096 1726 3617)
3(5568 1726 3617)
3(5568 3617 7459)
3(7459 3617 5096)
3(7459 5096 8938)
3(5096 4310 1873)
3(8938 5096 8152)
3(5096 4310 8152)
3(5715 1873 5096)
3(5715 5096 8938)
3(5096 1873 3472)
3(5096 3617 1874)
3(7459 3617 5716)
3(3617 1874 5716)
3(5716 1874 5096)
3(5716 5096 8938)
3(5096 1874 3507)
3(5716 1874 3507)
3(5716 3507 7349)
3(7349 3507 5096)
3(7349 5096 8938)
3(4248 2314 4310)
3(8152 4310 8090)
3(4310 4248 8090)
3(4248 4310 5096)
3(8938 5096 8090)
3(5096 4248 8090)
3(3507 2315 3327)
3(7349 3507 6157)
3(3507 2315 6157)
4(6157 2315 3327 7169)
4(7169 3327 3507 7349)
3(3507 3327 5096)
3(7169 3327 5096)
3(7169 5096 8938)
3(3327 2920 4248)
4(7169 3327 2920 6762)
3(8090 4248 7169)
3(4248 3327 7169)
3(3327 4248 5096)
3(5097 3962 1831)
3(8939 5097 7804)
3(5097 3962 7804)
3(5673 1831 5097)
3(5673 5097 8939)
3(5097 1831 4142)
3(7984 4142 5097)
3(7984 5097 8939)
3(3895 1832 3962)
3(7804 3962 7737)
3(3962 3895 7737)
3(3895 3962 5097)
3(8939 5097 7737)
3(5097 3895 7737)
3(5097 4142 2003)
3(5845 2003 5097)
3(5845 5097 8939)
3(5097 2003 4279)
3(5845 2003 4279)
3(5845 4279 8121)
3(8121 4279 5097)
3(8121 5097 8939)
3(5097 4279 2009)
3(8121 4279 5851)
3(4279 2009 5851)
3(5851 2009 5097)
3(5851 5097 8939)
3(5097 2009 3513)
3(5851 2009 3513)
3(5851 3513 7355)
3(7355 3513 5097)
3(7355 5097 8939)
3(3992 2011 3895)
4(7834 3992 2011 5853)
3(7737 3895 7834)
3(3895 3992 7834)
3(3992 3895 5097)
3(8939 5097 7834)
3(5097 3992 7834)
3(3513 2012 3992)
3(7355 3513 5854)
3(3513 2012 5854)
4(5854 2012 3992 7834)
4(7834 3992 3513 7355)
3(3513 3992 5097)
3(3578 2678 4421)
4(8263 4421 3578 7420)
3(3578 4421 5098)
3(8263 4421 5098)
3(8263 5098 8940)
3(8940 5098 7420)
3(5098 3578 7420)
3(3163 2679 3923)
3(7005 3163 6521)
3(3163 2679 6521)
3(6521 2679 3923)
3(6521 3923 7765)
3(7765 3923 3163)
3(7765 3163 7005)
3(3163 3923 5098)
3(7765 3923 5098)
3(7765 5098 8940)
3(8940 5098 7005)
3(5098 3163 7005)
3(3923 2680 3578)
3(7765 3923 6522)
3(3923 2680 6522)
3(7420 3578 7765)
3(3578 3923 7765)
3(3923 3578 5098)
3(5098 2997 2681)
3(8940 5098 6839)
3(5098 2997 6839)
4(6839 2997 2681 6523)
3(6523 2681 5098)
3(6523 5098 8940)
3(5098 2681 3163)
3(6523 2681 3163)
3(6523 3163 7005)
3(5098 4421 2682)
3(6524 2682 5098)
3(6524 5098 8940)
3(5098 2682 4340)
3(8182 4340 5098)
3(8182 5098 8940)
3(5098 4340 2683)
3(6525 2683 5098)
3(6525 5098 8940)
3(5098 2683 2997)
4(6525 2683 2997 6839)
3(5099 4076 2392)
3(8941 5099 7918)
3(5099 4076 7918)
3(6234 2392 5099)
3(6234 5099 8941)
3(5099 2392 4239)
3(8081 4239 5099)
3(8081 5099 8941)
3(4754 2393 4076)
3(7918 4076 4754)
3(7918 4754 8596)
3(4754 4076 5099)
4(8941 5099 4754 8596)
3(5099 4239 2417)
3(6259 2417 5099)
3(6259 5099 8941)
3(5099 2417 3926)
3(6259 2417 3926)
3(6259 3926 7768)
4(7768 3926 5099 8941)
3(5099 3926 2418)
3(7768 3926 6260)
3(3926 2418 6260)
3(6260 2418 5099)
3(6260 5099 8941)
3(5099 2418 4317)
3(6260 2418 4317)
3(6260 4317 8159)
3(8159 4317 5099)
3(8159 5099 8941)
3(4317 2615 3134)
3(8159 4317 6457)
3(4317 2615 6457)
3(6457 2615 3134)
3(6457 3134 6976)
4(6976 3134 4317 8159)
3(4317 3134 5099)
3(6976 3134 5099)
3(6976 5099 8941)
3(3134 2620 4754)
3(6976 3134 6462)
3(3134 2620 6462)
3(8596 4754 6976)
3(4754 3134 6976)
3(3134 4754 5099)
3(5100 4718 2598)
3(8942 5100 8560)
3(5100 4718 8560)
3(6440 2598 5100)
3(6440 5100 8942)
3(5100 2598 3429)
4(7271 3429 5100 8942)
3(3784 2893 4030)
3(7626 3784 6735)
3(3784 2893 6735)
3(6735 2893 4030)
3(6735 4030 7872)
3(7872 4030 7626)
3(4030 3784 7626)
3(3784 4030 5100)
4(7872 4030 5100 8942)
3(8942 5100 7626)
3(5100 3784 7626)
3(4030 2895 3889)
3(7872 4030 6737)
3(4030 2895 6737)
3(7731 3889 4030)
3(7731 4030 7872)
3(4030 3889 5100)
3(7731 3889 5100)
3(7731 5100 8942)
3(5100 4538 2903)
3(8942 5100 8380)
3(5100 4538 8380)
3(8380 4538 6745)
3(4538 2903 6745)
3(6745 2903 5100)
3(6745 5100 8942)
3(5100 2903 3784)
3(6745 2903 3784)
3(6745 3784 7626)
3(3889 2907 4718)
4(8560 4718 3889 7731)
3(3889 4718 5100)
3(5100 3429 2912)
3(6754 2912 5100)
3(6754 5100 8942)
3(5100 2912 4538)
3(6754 2912 4538)
3(6754 4538 8380)
3(3893 1829 3717)
4(7559 3717 3893 7735)
3(3893 3717 5101)
3(7559 3717 5101)
3(7559 5101 8943)
3(8943 5101 7735)
3(5101 3893 7735)
3(5101 3717 1830)
3(5672 1830 5101)
3(5672 5101 8943)
3(5101 1830 4400)
4(8242 4400 5101 8943)
3(4432 1999 4038)
3(8274 4432 5841)
3(4432 1999 5841)
3(5841 1999 4038)
3(5841 4038 7880)
3(7880 4038 8274)
3(4038 4432 8274)
3(4432 4038 5101)
4(7880 4038 5101 8943)
3(8943 5101 8274)
3(5101 4432 8274)
3(4038 2000 3893)
3(7880 4038 5842)
3(4038 2000 5842)
3(7735 3893 4038)
3(7735 4038 7880)
3(4038 3893 5101)
3(5101 4400 2010)
3(5852 2010 5101)
3(5852 5101 8943)
3(5101 2010 3215)
3(5852 2010 3215)
3(5852 3215 7057)
3(7057 3215 5101)
3(7057 5101 8943)
3(5101 3215 2013)
3(7057 3215 5855)
3(3215 2013 5855)
3(5855 2013 5101)
3(5855 5101 8943)
3(5101 2013 4432)
3(5855 2013 4432)
3(5855 4432 8274)
3(5102 4533 2248)
3(8944 5102 8375)
3(5102 4533 8375)
3(6090 2248 5102)
3(6090 5102 8944)
3(5102 2248 3680)
3(6090 2248 3680)
3(6090 3680 7522)
4(7522 3680 5102 8944)
3(5102 3680 2249)
3(7522 3680 6091)
3(3680 2249 6091)
3(6091 2249 5102)
3(6091 5102 8944)
3(5102 2249 4085)
3(6091 2249 4085)
3(6091 4085 7927)
3(7927 4085 5102)
3(7927 5102 8944)
3(4085 2481 4187)
3(7927 4085 6323)
3(4085 2481 6323)
3(6323 2481 4187)
3(6323 4187 8029)
4(8029 4187 4085 7927)
3(4085 4187 5102)
3(8029 4187 5102)
3(8029 5102 8944)
3(5102 4792 2487)
3(8944 5102 8634)
3(5102 4792 8634)
3(6329 2487 5102)
3(6329 5102 8944)
3(5102 2487 4533)
3(4187 2674 3538)
3(8029 4187 6516)
3(4187 2674 6516)
3(7380 3538 8029)
3(3538 4187 8029)
3(4187 3538 5102)
4(7380 3538 5102 8944)
3(3538 2675 4792)
3(8634 4792 3538)
3(8634 3538 7380)
3(3538 4792 5102)
3(4821 1664 3995)
3(8663 4821 5506)
3(4821 1664 5506)
3(7837 3995 8663)
3(3995 4821 8663)
3(4821 3995 5103)
3(7837 3995 5103)
3(7837 5103 8945)
3(8945 5103 8663)
3(5103 4821 8663)
3(3995 1666 4797)
3(8639 4797 7837)
3(4797 3995 7837)
3(3995 4797 5103)
4(8639 4797 5103 8945)
3(5103 4797 1667)
3(5509 1667 5103)
3(5509 5103 8945)
3(5103 1667 3542)
3(7384 3542 5103)
3(7384 5103 8945)
3(3069 1670 4821)
3(6911 3069 5512)
3(3069 1670 5512)
3(5512 1670 4821)
3(5512 4821 8663)
3(8663 4821 3069)
3(8663 3069 6911)
3(3069 4821 5103)
3(8945 5103 6911)
3(5103 3069 6911)
3(5103 3542 2398)
3(6240 2398 5103)
3(6240 5103 8945)
3(5103 2398 4628)
3(6240 2398 4628)
3(6240 4628 8470)
3(8470 4628 5103)
3(8470 5103 8945)
3(5103 4628 2402)
3(8470 4628 6244)
3(4628 2402 6244)
3(6244 2402 5103)
3(6244 5103 8945)
3(5103 2402 3069)
3(6244 2402 3069)
3(6244 3069 6911)
3(3131 1875 3185)
3(6973 3131 5717)
3(3131 1875 5717)
3(7027 3185 3131)
3(7027 3131 6973)
3(3131 3185 5104)
3(7027 3185 5104)
3(7027 5104 8946)
3(8946 5104 6973)
3(5104 3131 6973)
3(3506 1876 3131)
3(7348 3506 5718)
3(3506 1876 5718)
3(5718 1876 3131)
3(5718 3131 6973)
3(6973 3131 3506)
3(6973 3506 7348)
3(3506 3131 5104)
3(8946 5104 7348)
3(5104 3506 7348)
3(5104 4443 1877)
3(8946 5104 8285)
3(5104 4443 8285)
3(5719 1877 5104)
3(5719 5104 8946)
3(5104 1877 3529)
3(5719 1877 3529)
3(5719 3529 7371)
3(7371 3529 5104)
3(7371 5104 8946)
3(5104 3529 1878)
3(7371 3529 5720)
3(3529 1878 5720)
3(5720 1878 5104)
3(5720 5104 8946)
3(5104 1878 3506)
3(5720 1878 3506)
3(5720 3506 7348)
3(3185 1880 4457)
3(8299 4457 7027)
3(4457 3185 7027)
3(3185 4457 5104)
4(8299 4457 5104 8946)
3(5104 4457 1882)
3(5724 1882 5104)
3(5724 5104 8946)
3(5104 1882 4443)
3(5105 4479 1715)
3(8947 5105 8321)
3(5105 4479 8321)
3(8321 4479 5557)
3(4479 1715 5557)
3(5557 1715 5105)
3(5557 5105 8947)
3(5105 1715 3160)
3(5557 1715 3160)
3(5557 3160 7002)
3(7002 3160 5105)
3(7002 5105 8947)
3(5105 4447 1721)
3(8947 5105 8289)
3(5105 4447 8289)
3(5563 1721 5105)
3(5563 5105 8947)
3(5105 1721 4479)
3(5563 1721 4479)
3(5563 4479 8321)
3(3843 1844 3153)
3(6995 3153 7685)
3(3153 3843 7685)
3(3843 3153 5105)
4(6995 3153 5105 8947)
3(8947 5105 7685)
3(5105 3843 7685)
3(5105 3153 1845)
3(5687 1845 5105)
3(5687 5105 8947)
3(5105 1845 4447)
3(4728 2004 3843)
3(8570 4728 5846)
3(4728 2004 5846)
3(7685 3843 4728)
3(7685 4728 8570)
3(4728 3843 5105)
3(8947 5105 8570)
3(5105 4728 8570)
3(3160 2005 4728)
3(7002 3160 5847)
3(3160 2005 5847)
3(5847 2005 4728)
3(5847 4728 8570)
3(8570 4728 3160)
3(8570 3160 7002)
3(3160 4728 5105)
3(4701 2041 2955)
3(8543 4701 5883)
3(4701 2041 5883)
3(6797 2955 8543)
3(2955 4701 8543)
3(4701 2955 5106)
3(6797 2955 5106)
3(6797 5106 8948)
3(8948 5106 8543)
3(5106 4701 8543)
3(2955 2042 4563)
3(8405 4563 6797)
3(4563 2955 6797)
3(2955 4563 5106)
4(8405 4563 5106 8948)
3(3162 2259 4701)
3(7004 3162 6101)
3(3162 2259 6101)
3(6101 2259 4701)
3(6101 4701 8543)
3(8543 4701 3162)
3(8543 3162 7004)
3(3162 4701 5106)
3(8948 5106 7004)
3(5106 3162 7004)
3(5106 4563 2488)
3(6330 2488 5106)
3(6330 5106 8948)
3(5106 2488 3276)
3(7118 3276 5106)
3(7118 5106 8948)
3(5106 3396 2670)
3(8948 5106 7238)
3(5106 3396 7238)
3(7238 3396 6512)
3(3396 2670 6512)
3(6512 2670 5106)
3(6512 5106 8948)
3(5106 2670 3162)
3(6512 2670 3162)
3(6512 3162 7004)
3(5106 3276 2673)
3(6515 2673 5106)
3(6515 5106 8948)
3(5106 2673 3396)
3(6515 2673 3396)
3(6515 3396 7238)
3(3941 1896 3239)
4(7081 3239 3941 7783)
3(3941 3239 5107)
3(7081 3239 5107)
3(7081 5107 8949)
3(8949 5107 7783)
3(5107 3941 7783)
3(5107 3239 1897)
3(5739 1897 5107)
3(5739 5107 8949)
3(5107 1897 3878)
3(7720 3878 5107)
3(7720 5107 8949)
3(5107 3878 2150)
3(5992 2150 5107)
3(5992 5107 8949)
3(5107 2150 4550)
3(5992 2150 4550)
3(5992 4550 8392)
3(8392 4550 5107)
3(8392 5107 8949)
3(5107 4550 2152)
3(8392 4550 5994)
3(4550 2152 5994)
4(5994 2152 5107 8949)
3(5107 2152 3305)
3(5994 2152 3305)
3(5994 3305 7147)
3(7147 3305 5107)
3(7147 5107 8949)
3(4364 2415 3941)
3(8206 4364 6257)
3(4364 2415 6257)
3(7783 3941 8206)
3(3941 4364 8206)
3(4364 3941 5107)
3(8949 5107 8206)
3(5107 4364 8206)
3(3305 2416 4364)
3(7147 3305 6258)
3(3305 2416 6258)
3(6258 2416 4364)
3(6258 4364 8206)
3(8206 4364 3305)
3(8206 3305 7147)
3(3305 4364 5107)
3(5108 3508 2881)
3(8950 5108 7350)
3(5108 3508 7350)
3(7350 3508 6723)
3(3508 2881 6723)
3(6723 2881 5108)
3(6723 5108 8950)
3(5108 2881 4423)
3(6723 2881 4423)
3(6723 4423 8265)
3(8265 4423 5108)
3(8265 5108 8950)
3(4423 2884 3065)
3(8265 4423 6726)
3(4423 2884 6726)
3(6726 2884 3065)
3(6726 3065 6907)
4(6907 3065 4423 8265)
3(4423 3065 5108)
3(6907 3065 5108)
3(6907 5108 8950)
3(5108 2963 2889)
3(8950 5108 6805)
3(5108 2963 6805)
3(6731 2889 5108)
3(6731 5108 8950)
3(5108 2889 3508)
3(6731 2889 3508)
3(6731 3508 7350)
3(3065 2890 3885)
3(6907 3065 6732)
3(3065 2890 6732)
3(7727 3885 3065)
3(7727 3065 6907)
3(3065 3885 5108)
3(7727 3885 5108)
3(7727 5108 8950)
3(5108 3245 2896)
3(8950 5108 7087)
3(5108 3245 7087)
4(6738 2896 5108 8950)
3(5108 2896 2963)
3(3885 2897 3245)
3(7087 3245 7727)
3(3245 3885 7727)
3(3885 3245 5108)
3(3705 1660 3517)
3(7547 3705 5502)
3(3705 1660 5502)
3(7359 3517 3705)
3(7359 3705 7547)
3(3705 3517 5109)
3(7359 3517 5109)
3(7359 5109 8951)
3(8951 5109 7547)
3(5109 3705 7547)
3(3517 1797 4844)
3(8686 4844 7359)
3(4844 3517 7359)
3(3517 4844 5109)
3(8686 4844 5109)
3(8686 5109 8951)
3(5109 4844 1800)
4(5642 1800 5109 8951)
3(5109 1800 3581)
3(7423 3581 5109)
3(7423 5109 8951)
3(4431 1828 3705)
3(8273 4431 5670)
3(4431 1828 5670)
3(5670 1828 3705)
3(5670 3705 7547)
4(7547 3705 4431 8273)
3(4431 3705 5109)
3(8951 5109 8273)
3(5109 4431 8273)
3(5109 3581 2001)
3(5843 2001 5109)
3(5843 5109 8951)
3(5109 2001 3515)
3(5843 2001 3515)
3(5843 3515 7357)
3(7357 3515 5109)
3(7357 5109 8951)
3(5109 3515 2002)
3(7357 3515 5844)
3(3515 2002 5844)
3(5844 2002 5109)
3(5844 5109 8951)
3(5109 2002 4431)
3(5844 2002 4431)
3(5844 4431 8273)
3(5110 3524 2254)
3(8952 5110 7366)
3(5110 3524 7366)
3(6096 2254 5110)
3(6096 5110 8952)
3(5110 2254 3336)
3(6096 2254 3336)
3(6096 3336 7178)
3(7178 3336 5110)
3(7178 5110 8952)
3(3164 2255 3588)
3(7006 3164 6097)
3(3164 2255 6097)
3(7430 3588 7006)
3(3588 3164 7006)
3(3164 3588 5110)
3(7430 3588 5110)
3(7430 5110 8952)
3(8952 5110 7006)
3(5110 3164 7006)
3(3588 2256 3351)
4(7193 3351 3588 7430)
3(3588 3351 5110)
3(7193 3351 5110)
3(7193 5110 8952)
3(5110 3351 2257)
3(6099 2257 5110)
3(6099 5110 8952)
3(5110 2257 3524)
3(4084 2501 3164)
3(7926 4084 6343)
3(4084 2501 6343)
3(6343 2501 3164)
3(6343 3164 7006)
3(7006 3164 4084)
3(7006 4084 7926)
3(4084 3164 5110)
3(8952 5110 7926)
3(5110 4084 7926)
3(5110 3336 2502)
3(7178 3336 6344)
3(3336 2502 6344)
4(6344 2502 5110 8952)
3(5110 2502 4084)
3(6344 2502 4084)
3(6344 4084 7926)
3(4628 2398 3237)
4(7079 3237 4628 8470)
3(4628 3237 5111)
3(7079 3237 5111)
3(7079 5111 8953)
3(8953 5111 8470)
3(5111 4628 8470)
3(5111 3237 2399)
3(6241 2399 5111)
3(6241 5111 8953)
3(5111 2399 3614)
3(7456 3614 5111)
3(7456 5111 8953)
3(5111 3614 2400)
3(6242 2400 5111)
3(6242 5111 8953)
3(5111 2400 3343)
3(6242 2400 3343)
3(6242 3343 7185)
3(7185 3343 5111)
3(7185 5111 8953)
3(5111 3343 2401)
3(7185 3343 6243)
3(3343 2401 6243)
4(6243 2401 5111 8953)
3(5111 2401 4521)
3(6243 2401 4521)
3(6243 4521 8363)
3(8363 4521 5111)
3(8363 5111 8953)
3(4501 2402 4628)
3(8343 4501 6244)
3(4501 2402 6244)
3(8470 4628 8343)
3(4628 4501 8343)
3(4501 4628 5111)
3(8953 5111 8343)
3(5111 4501 8343)
3(4521 2403 4501)
3(8363 4521 6245)
3(4521 2403 6245)
3(6245 2403 4501)
3(6245 4501 8343)
3(8343 4501 4521)
3(8343 4521 8363)
3(4521 4501 5111)
3(3617 1726 4837)
3(8679 4837 7459)
3(4837 3617 7459)
3(3617 4837 5112)
3(8679 4837 5112)
3(8679 5112 8954)
3(8954 5112 7459)
3(5112 3617 7459)
3(3434 1874 3617)
3(7276 3434 5716)
3(3434 1874 5716)
3(7459 3617 3434)
3(7459 3434 7276)
3(3434 3617 5112)
3(8954 5112 7276)
3(5112 3434 7276)
3(5112 4837 1875)
4(5717 1875 5112 8954)
3(5112 1875 3131)
3(6973 3131 5112)
3(6973 5112 8954)
3(5112 3131 1876)
3(5718 1876 5112)
3(5718 5112 8954)
3(5112 1876 3964)
3(5718 1876 3964)
3(5718 3964 7806)
3(7806 3964 5112)
3(7806 5112 8954)
3(5112 3964 2112)
3(7806 3964 5954)
3(3964 2112 5954)
3(5954 2112 5112)
3(5954 5112 8954)
3(5112 2112 4630)
3(5954 2112 4630)
3(5954 4630 8472)
3(8472 4630 5112)
3(8472 5112 8954)
3(4630 2113 3434)
3(8472 4630 5955)
3(4630 2113 5955)
3(5955 2113 3434)
3(5955 3434 7276)
4(7276 3434 4630 8472)
3(4630 3434 5112)
3(4279 2003 4843)
3(8685 4843 8121)
3(4843 4279 8121)
3(4279 4843 5113)
3(8685 4843 5113)
3(8685 5113 8955)
3(8955 5113 8121)
3(5113 4279 8121)
3(5113 4843 2004)
4(5846 2004 5113 8955)
3(5113 2004 4728)
3(8570 4728 5113)
3(8570 5113 8955)
3(5113 4728 2005)
3(5847 2005 5113)
3(5847 5113 8955)
3(5113 2005 4616)
3(5847 2005 4616)
3(5847 4616 8458)
3(8458 4616 5113)
3(8458 5113 8955)
3(5113 4616 2006)
3(8458 4616 5848)
3(4616 2006 5848)
3(5848 2006 5113)
3(5848 5113 8955)
3(5113 2006 3348)
3(5848 2006 3348)
3(5848 3348 7190)
3(7190 3348 5113)
3(7190 5113 8955)
3(3348 2008 3439)
3(7190 3348 5850)
3(3348 2008 5850)
3(5850 2008 3439)
3(5850 3439 7281)
4(7281 3439 3348 7190)
3(3348 3439 5113)
3(7281 3439 5113)
3(7281 5113 8955)
3(3439 2009 4279)
3(7281 3439 5851)
3(3439 2009 5851)
3(8121 4279 3439)
3(8121 3439 7281)
3(3439 4279 5113)
3(3594 2670 3396)
3(7436 3594 6512)
3(3594 2670 6512)
3(7238 3396 7436)
3(3396 3594 7436)
3(3594 3396 5114)
3(7238 3396 5114)
3(7238 5114 8956)
3(8956 5114 7436)
3(5114 3594 7436)
3(3013 2671 3594)
3(6855 3013 6513)
3(3013 2671 6513)
3(6513 2671 3594)
3(6513 3594 7436)
3(7436 3594 3013)
3(7436 3013 6855)
3(3013 3594 5114)
3(8956 5114 6855)
3(5114 3013 6855)
3(5114 3103 2672)
3(8956 5114 6945)
3(5114 3103 6945)
3(6945 3103 6514)
3(3103 2672 6514)
4(6514 2672 5114 8956)
3(5114 2672 3013)
3(6514 2672 3013)
3(6514 3013 6855)
3(3396 2673 3014)
4(6856 3014 3396 7238)
3(3396 3014 5114)
3(6856 3014 5114)
3(6856 5114 8956)
3(5114 3923 2679)
3(8956 5114 7765)
3(5114 3923 7765)
3(6521 2679 5114)
3(6521 5114 8956)
3(5114 2679 3103)
3(6521 2679 3103)
3(6521 3103 6945)
3(5114 3014 2680)
3(6522 2680 5114)
3(6522 5114 8956)
3(5114 2680 3923)
3(5115 3022 2415)
3(8957 5115 6864)
3(5115 3022 6864)
3(6257 2415 5115)
3(6257 5115 8957)
3(5115 2415 4364)
3(8206 4364 5115)
3(8206 5115 8957)
3(5115 4364 2416)
3(6258 2416 5115)
3(6258 5115 8957)
3(5115 2416 4762)
3(6258 2416 4762)
3(6258 4762 8604)
4(8604 4762 5115 8957)
3(3926 2417 3022)
3(6864 3022 3926)
3(6864 3926 7768)
3(3926 3022 5115)
4(8957 5115 3926 7768)
3(4257 2418 3926)
3(8099 4257 6260)
3(4257 2418 6260)
3(7768 3926 8099)
3(3926 4257 8099)
3(4257 3926 5115)
3(8957 5115 8099)
3(5115 4257 8099)
3(4273 2419 4257)
3(8115 4273 6261)
3(4273 2419 6261)
3(6261 2419 4257)
3(6261 4257 8099)
3(8099 4257 8115)
3(4257 4273 8115)
3(4273 4257 5115)
3(8957 5115 8115)
3(5115 4273 8115)
3(5115 4762 2420)
3(8604 4762 6262)
3(4762 2420 6262)
3(6262 2420 5115)
3(6262 5115 8957)
3(5115 2420 4273)
3(6262 2420 4273)
3(6262 4273 8115)
3(3404 2880 3252)
3(7246 3404 6722)
3(3404 2880 6722)
3(6722 2880 3252)
3(6722 3252 7094)
3(7094 3252 7246)
3(3252 3404 7246)
3(3404 3252 5116)
4(7094 3252 5116 8958)
3(8958 5116 7246)
3(5116 3404 7246)
3(3252 2881 3508)
3(7094 3252 6723)
3(3252 2881 6723)
3(7350 3508 3252)
3(7350 3252 7094)
3(3252 3508 5116)
3(7350 3508 5116)
3(7350 5116 8958)
3(5116 4720 2883)
3(8958 5116 8562)
3(5116 4720 8562)
3(8562 4720 6725)
3(4720 2883 6725)
3(6725 2883 5116)
3(6725 5116 8958)
3(5116 2883 3404)
3(6725 2883 3404)
3(6725 3404 7246)
3(3508 2889 4618)
3(8460 4618 7350)
3(4618 3508 7350)
3(3508 4618 5116)
3(8460 4618 5116)
3(8460 5116 8958)
3(5116 4030 2893)
4(8958 5116 4030 7872)
3(6735 2893 5116)
3(6735 5116 8958)
3(5116 2893 4720)
3(6735 2893 4720)
3(6735 4720 8562)
3(5116 4618 2895)
3(6737 2895 5116)
3(6737 5116 8958)
3(5116 2895 4030)
3(5117 4355 1997)
3(8959 5117 8197)
3(5117 4355 8197)
3(8197 4355 5839)
3(4355 1997 5839)
3(5839 1997 5117)
3(5839 5117 8959)
3(5117 1997 4058)
3(5839 1997 4058)
3(5839 4058 7900)
3(7900 4058 5117)
3(7900 5117 8959)
3(4058 1998 2932)
3(7900 4058 5840)
3(4058 1998 5840)
3(5840 1998 2932)
3(5840 2932 6774)
3(6774 2932 7900)
3(2932 4058 7900)
3(4058 2932 5117)
4(6774 2932 5117 8959)
3(5117 4038 1999)
4(8959 5117 4038 7880)
3(5841 1999 5117)
3(5841 5117 8959)
3(5117 1999 4355)
3(5841 1999 4355)
3(5841 4355 8197)
3(5117 4622 2000)
3(8959 5117 8464)
3(5117 4622 8464)
3(5842 2000 5117)
3(5842 5117 8959)
3(5117 2000 4038)
3(3515 2001 4622)
3(8464 4622 7357)
3(4622 3515 7357)
3(3515 4622 5117)
3(8959 5117 7357)
3(5117 3515 7357)
3(2932 2002 3515)
3(6774 2932 5844)
3(2932 2002 5844)
3(7357 3515 2932)
3(7357 2932 6774)
3(2932 3515 5117)
3(4066 2247 4360)
3(7908 4066 6089)
3(4066 2247 6089)
3(6089 2247 4360)
3(6089 4360 8202)
3(8202 4360 7908)
3(4360 4066 7908)
3(4066 4360 5118)
3(8202 4360 5118)
3(8202 5118 8960)
3(8960 5118 7908)
3(5118 4066 7908)
3(3680 2248 3287)
3(7129 3287 3680)
3(7129 3680 7522)
3(3680 3287 5118)
3(7129 3287 5118)
3(7129 5118 8960)
4(8960 5118 3680 7522)
3(4360 2249 3680)
3(8202 4360 6091)
3(4360 2249 6091)
3(7522 3680 8202)
3(3680 4360 8202)
3(4360 3680 5118)
3(5118 3287 2255)
3(6097 2255 5118)
3(6097 5118 8960)
3(5118 2255 3164)
3(7006 3164 5118)
3(7006 5118 8960)
3(5118 3549 2498)
4(8960 5118 3549 7391)
3(7391 3549 6340)
3(3549 2498 6340)
3(6340 2498 5118)
3(6340 5118 8960)
3(5118 2498 4066)
3(6340 2498 4066)
3(6340 4066 7908)
3(5118 3164 2501)
3(6343 2501 5118)
3(6343 5118 8960)
3(5118 2501 3549)
3(6343 2501 3549)
3(6343 3549 7391)
3(5119 3134 2615)
3(8961 5119 6976)
3(5119 3134 6976)
3(6457 2615 5119)
3(6457 5119 8961)
3(5119 2615 3486)
3(6457 2615 3486)
3(6457 3486 7328)
3(7328 3486 5119)
3(7328 5119 8961)
3(5119 3486 2616)
3(7328 3486 6458)
3(3486 2616 6458)
3(6458 2616 5119)
3(6458 5119 8961)
3(5119 2616 3249)
3(6458 2616 3249)
3(6458 3249 7091)
3(7091 3249 5119)
3(7091 5119 8961)
3(3249 2617 3796)
3(7091 3249 6459)
3(3249 2617 6459)
3(6459 2617 3796)
3(6459 3796 7638)
3(7638 3796 7091)
3(3796 3249 7091)
3(3249 3796 5119)
3(7638 3796 5119)
3(7638 5119 8961)
3(3796 2618 3319)
3(7638 3796 6460)
3(3796 2618 6460)
4(7161 3319 3796 7638)
3(3796 3319 5119)
3(7161 3319 5119)
3(7161 5119 8961)
3(3319 2619 4676)
3(8518 4676 7161)
3(4676 3319 7161)
3(3319 4676 5119)
3(8518 4676 5119)
3(8518 5119 8961)
3(5119 4676 2620)
3(6462 2620 5119)
3(6462 5119 8961)
3(5119 2620 3134)
3(5120 3327 2315)
3(8962 5120 7169)
3(5120 3327 7169)
3(6157 2315 5120)
3(6157 5120 8962)
3(5120 2315 2956)
3(6157 2315 2956)
3(6157 2956 6798)
3(6798 2956 5120)
3(6798 5120 8962)
3(3963 2903 4538)
3(7805 3963 6745)
3(3963 2903 6745)
4(8380 4538 3963 7805)
3(3963 4538 5120)
3(8380 4538 5120)
3(8380 5120 8962)
3(8962 5120 7805)
3(5120 3963 7805)
3(4362 2905 3963)
3(8204 4362 6747)
3(4362 2905 6747)
3(6747 2905 3963)
3(6747 3963 7805)
3(7805 3963 8204)
3(3963 4362 8204)
3(4362 3963 5120)
3(8962 5120 8204)
3(5120 4362 8204)
3(4538 2912 4682)
3(8524 4682 4538)
3(8524 4538 8380)
3(4538 4682 5120)
3(8524 4682 5120)
3(8524 5120 8962)
3(5120 2956 2915)
3(6798 2956 6757)
3(2956 2915 6757)
3(6757 2915 5120)
3(6757 5120 8962)
3(5120 2915 4362)
3(6757 2915 4362)
3(6757 4362 8204)
3(5120 4682 2920)
3(6762 2920 5120)
3(6762 5120 8962)
3(5120 2920 3327)
3(3215 2010 4313)
3(8155 4313 3215)
3(8155 3215 7057)
3(3215 4313 5121)
3(8155 4313 5121)
3(8155 5121 8963)
3(8963 5121 7057)
3(5121 3215 7057)
3(5121 4313 2011)
3(5853 2011 5121)
3(5853 5121 8963)
3(5121 2011 3992)
3(7834 3992 5121)
3(7834 5121 8963)
3(5121 3992 2012)
3(5854 2012 5121)
3(5854 5121 8963)
3(5121 2012 3901)
3(5854 2012 3901)
3(5854 3901 7743)
3(7743 3901 5121)
3(7743 5121 8963)
3(3590 2013 3215)
3(7432 3590 5855)
3(3590 2013 5855)
4(7057 3215 3590 7432)
3(3590 3215 5121)
3(8963 5121 7432)
3(5121 3590 7432)
3(3539 2234 3590)
3(7381 3539 6076)
3(3539 2234 6076)
3(6076 2234 3590)
3(6076 3590 7432)
3(7432 3590 7381)
3(3590 3539 7381)
3(3539 3590 5121)
3(8963 5121 7381)
3(5121 3539 7381)
3(5121 3901 2235)
3(7743 3901 6077)
3(3901 2235 6077)
3(6077 2235 5121)
3(6077 5121 8963)
3(5121 2235 3539)
3(6077 2235 3539)
3(6077 3539 7381)
3(5122 4187 2481)
3(8964 5122 8029)
3(5122 4187 8029)
3(6323 2481 5122)
3(6323 5122 8964)
3(5122 2481 4255)
3(6323 2481 4255)
3(6323 4255 8097)
3(8097 4255 5122)
3(8097 5122 8964)
3(5122 4255 2484)
3(8097 4255 6326)
3(4255 2484 6326)
3(6326 2484 5122)
3(6326 5122 8964)
3(5122 2484 4196)
3(6326 2484 4196)
3(6326 4196 8038)
3(8038 4196 5122)
3(8038 5122 8964)
3(4196 2485 4542)
3(8038 4196 6327)
3(4196 2485 6327)
3(6327 2485 4542)
3(6327 4542 8384)
3(8384 4542 8038)
3(4542 4196 8038)
3(4196 4542 5122)
3(8384 4542 5122)
3(8384 5122 8964)
3(5122 4774 2674)
3(8964 5122 8616)
3(5122 4774 8616)
3(6516 2674 5122)
3(6516 5122 8964)
3(5122 2674 4187)
3(4542 2681 2997)
3(8384 4542 6523)
3(4542 2681 6523)
4(6839 2997 4542 8384)
3(4542 2997 5122)
3(6839 2997 5122)
3(6839 5122 8964)
3(2997 2683 4774)
3(8616 4774 6839)
3(4774 2997 6839)
3(2997 4774 5122)
3(5123 3915 1664)
4(8965 5123 3915 7757)
3(5506 1664 5123)
3(5506 5123 8965)
3(5123 1664 4821)
3(8663 4821 5123)
3(8663 5123 8965)
3(5123 4548 1669)
3(8965 5123 8390)
3(5123 4548 8390)
3(8390 4548 5511)
3(4548 1669 5511)
3(5511 1669 5123)
3(5511 5123 8965)
3(5123 1669 4761)
3(5511 1669 4761)
3(5511 4761 8603)
4(8603 4761 5123 8965)
3(5123 4821 1670)
3(5512 1670 5123)
3(5512 5123 8965)
3(5123 1670 4548)
3(5512 1670 4548)
3(5512 4548 8390)
3(4761 1722 3051)
3(8603 4761 5564)
3(4761 1722 5564)
3(5564 1722 3051)
3(5564 3051 6893)
3(6893 3051 4761)
3(6893 4761 8603)
3(4761 3051 5123)
3(6893 3051 5123)
3(6893 5123 8965)
3(3529 1877 3915)
3(7757 3915 7371)
3(3915 3529 7371)
3(3529 3915 5123)
3(8965 5123 7371)
3(5123 3529 7371)
3(3051 1878 3529)
3(6893 3051 5720)
3(3051 1878 5720)
4(7371 3529 3051 6893)
3(3051 3529 5123)
3(3642 1712 4656)
3(7484 3642 5554)
3(3642 1712 5554)
3(5554 1712 4656)
3(5554 4656 8498)
3(8498 4656 3642)
3(8498 3642 7484)
3(3642 4656 5124)
3(8498 4656 5124)
3(8498 5124 8966)
4(8966 5124 3642 7484)
3(4656 1715 4479)
3(8498 4656 5557)
3(4656 1715 5557)
4(8321 4479 4656 8498)
3(4656 4479 5124)
3(8321 4479 5124)
3(8321 5124 8966)
3(4479 1721 3919)
3(7761 3919 8321)
3(3919 4479 8321)
3(4479 3919 5124)
4(7761 3919 5124 8966)
3(5124 3919 2041)
3(5883 2041 5124)
3(5883 5124 8966)
3(5124 2041 4701)
3(8543 4701 5124)
3(8543 5124 8966)
3(5124 4701 2259)
3(6101 2259 5124)
3(6101 5124 8966)
3(5124 2259 4448)
3(6101 2259 4448)
3(6101 4448 8290)
3(8290 4448 5124)
3(8290 5124 8966)
3(5124 4448 2260)
3(8290 4448 6102)
3(4448 2260 6102)
3(6102 2260 5124)
3(6102 5124 8966)
3(5124 2260 3642)
3(6102 2260 3642)
3(6102 3642 7484)
3(3563 1776 3307)
3(7405 3563 5618)
3(3563 1776 5618)
3(5618 1776 3307)
3(5618 3307 7149)
3(7149 3307 7405)
3(3307 3563 7405)
3(3563 3307 5125)
3(7149 3307 5125)
3(7149 5125 8967)
3(8967 5125 7405)
3(5125 3563 7405)
3(3307 1777 3671)
3(7149 3307 5619)
3(3307 1777 5619)
3(5619 1777 3671)
3(5619 3671 7513)
4(7513 3671 3307 7149)
3(3307 3671 5125)
3(7513 3671 5125)
3(7513 5125 8967)
3(5125 3552 1779)
3(8967 5125 7394)
3(5125 3552 7394)
3(5621 1779 5125)
3(5621 5125 8967)
3(5125 1779 3397)
4(5621 1779 3397 7239)
3(7239 3397 5125)
3(7239 5125 8967)
3(5125 3397 1781)
4(7239 3397 1781 5623)
3(5623 1781 5125)
3(5623 5125 8967)
3(5125 1781 3563)
3(5623 1781 3563)
3(5623 3563 7405)
3(3671 1902 3654)
3(7513 3671 5744)
3(3671 1902 5744)
3(7496 3654 3671)
3(7496 3671 7513)
3(3671 3654 5125)
3(7496 3654 5125)
3(7496 5125 8967)
3(3654 1903 3552)
3(7394 3552 7496)
3(3552 3654 7496)
3(3654 3552 5125)
3(5126 4211 2529)
3(8968 5126 8053)
3(5126 4211 8053)
3(6371 2529 5126)
3(6371 5126 8968)
3(5126 2529 3285)
3(7127 3285 5126)
3(7127 5126 8968)
3(3071 2533 4211)
4(6913 3071 2533 6375)
4(8053 4211 3071 6913)
3(3071 4211 5126)
3(8968 5126 6913)
3(5126 3071 6913)
3(3203 2535 3071)
3(7045 3203 6377)
3(3203 2535 6377)
4(6377 2535 3071 6913)
3(6913 3071 3203)
3(6913 3203 7045)
3(3203 3071 5126)
3(8968 5126 7045)
3(5126 3203 7045)
3(5126 2972 2705)
3(8968 5126 6814)
3(5126 2972 6814)
3(6814 2972 6547)
3(2972 2705 6547)
3(6547 2705 5126)
3(6547 5126 8968)
3(5126 2705 3203)
3(6547 2705 3203)
3(6547 3203 7045)
3(5126 3302 2751)
3(8968 5126 7144)
3(5126 3302 7144)
3(7144 3302 6593)
3(3302 2751 6593)
3(6593 2751 5126)
3(6593 5126 8968)
3(5126 2751 2972)
3(6593 2751 2972)
3(6593 2972 6814)
3(5126 3285 2752)
3(6594 2752 5126)
3(6594 5126 8968)
3(5126 2752 3302)
3(6594 2752 3302)
3(6594 3302 7144)
3(5127 3306 1778)
3(8969 5127 7148)
3(5127 3306 7148)
3(7148 3306 5620)
3(3306 1778 5620)
3(5620 1778 5127)
3(5620 5127 8969)
3(5127 1778 3210)
3(5620 1778 3210)
3(5620 3210 7052)
3(7052 3210 5127)
3(7052 5127 8969)
3(3397 1779 3816)
4(7658 3816 3397 7239)
3(3397 3816 5127)
3(7658 3816 5127)
3(7658 5127 8969)
3(8969 5127 7239)
3(5127 3397 7239)
3(3210 1780 2980)
3(7052 3210 5622)
3(3210 1780 5622)
3(5622 1780 2980)
3(5622 2980 6822)
3(6822 2980 3210)
3(6822 3210 7052)
3(3210 2980 5127)
3(6822 2980 5127)
3(6822 5127 8969)
3(2980 1781 3397)
3(6822 2980 5623)
3(2980 1781 5623)
3(7239 3397 2980)
3(7239 2980 6822)
3(2980 3397 5127)
3(5127 3290 2157)
3(8969 5127 7132)
3(5127 3290 7132)
3(5999 2157 5127)
3(5999 5127 8969)
3(5127 2157 3306)
3(5999 2157 3306)
3(5999 3306 7148)
3(5127 3816 2158)
3(6000 2158 5127)
3(6000 5127 8969)
3(5127 2158 3290)
3(3959 2530 4462)
3(8304 4462 7801)
3(4462 3959 7801)
3(3959 4462 5128)
3(8304 4462 5128)
3(8304 5128 8970)
3(8970 5128 7801)
3(5128 3959 7801)
3(5128 4462 2533)
3(6375 2533 5128)
3(6375 5128 8970)
3(5128 2533 3071)
3(6913 3071 5128)
3(6913 5128 8970)
3(3972 2534 3959)
3(7814 3972 6376)
3(3972 2534 6376)
3(7801 3959 3972)
3(7801 3972 7814)
3(3972 3959 5128)
3(8970 5128 7814)
3(5128 3972 7814)
3(5128 3071 2535)
3(6377 2535 5128)
3(6377 5128 8970)
3(5128 2535 3603)
3(6377 2535 3603)
3(6377 3603 7445)
3(7445 3603 5128)
3(7445 5128 8970)
3(3873 2536 3972)
3(7715 3873 6378)
3(3873 2536 6378)
3(6378 2536 3972)
3(6378 3972 7814)
4(7814 3972 3873 7715)
3(3873 3972 5128)
3(8970 5128 7715)
3(5128 3873 7715)
3(5128 3603 2538)
3(7445 3603 6380)
3(3603 2538 6380)
3(6380 2538 5128)
3(6380 5128 8970)
3(5128 2538 3873)
3(6380 2538 3873)
3(6380 3873 7715)
3(5129 3671 1777)
3(8971 5129 7513)
3(5129 3671 7513)
3(5619 1777 5129)
3(5619 5129 8971)
3(5129 1777 4516)
3(5619 1777 4516)
3(5619 4516 8358)
3(8358 4516 5129)
3(8358 5129 8971)
3(3402 1898 2976)
3(7244 3402 5740)
3(3402 1898 5740)
3(6818 2976 3402)
3(6818 3402 7244)
3(3402 2976 5129)
3(6818 2976 5129)
3(6818 5129 8971)
4(8971 5129 3402 7244)
3(5129 2976 1901)
3(5743 1901 5129)
3(5743 5129 8971)
3(5129 1901 4165)
3(8007 4165 5129)
3(8007 5129 8971)
3(5129 4165 1902)
3(5744 1902 5129)
3(5744 5129 8971)
3(5129 1902 3671)
3(4516 2606 4261)
3(8358 4516 6448)
3(4516 2606 6448)
3(6448 2606 4261)
3(6448 4261 8103)
3(8103 4261 8358)
3(4261 4516 8358)
3(4516 4261 5129)
3(8103 4261 5129)
3(8103 5129 8971)
3(4261 2607 3402)
3(8103 4261 6449)
3(4261 2607 6449)
3(6449 2607 3402)
3(6449 3402 7244)
3(7244 3402 8103)
3(3402 4261 8103)
3(4261 3402 5129)
3(5130 4086 2749)
4(8972 5130 4086 7928)
3(7928 4086 6591)
3(4086 2749 6591)
3(6591 2749 5130)
3(6591 5130 8972)
3(5130 2749 4267)
3(6591 2749 4267)
3(6591 4267 8109)
3(8109 4267 5130)
3(8109 5130 8972)
3(5130 4267 2750)
3(8109 4267 6592)
3(4267 2750 6592)
3(6592 2750 5130)
3(6592 5130 8972)
3(5130 2750 4522)
3(6592 2750 4522)
3(6592 4522 8364)
3(8364 4522 5130)
3(8364 5130 8972)
3(4522 2751 3302)
3(8364 4522 6593)
3(4522 2751 6593)
3(7144 3302 8364)
3(3302 4522 8364)
3(4522 3302 5130)
3(7144 3302 5130)
3(7144 5130 8972)
3(3302 2752 3813)
3(7655 3813 3302)
3(7655 3302 7144)
3(3302 3813 5130)
3(7655 3813 5130)
3(7655 5130 8972)
3(3813 2754 4570)
3(8412 4570 3813)
3(8412 3813 7655)
3(3813 4570 5130)
3(8412 4570 5130)
3(8412 5130 8972)
3(5130 4570 2755)
3(6597 2755 5130)
3(6597 5130 8972)
3(5130 2755 4086)
3(6597 2755 4086)
3(6597 4086 7928)
3(4686 1684 4428)
3(8528 4686 5526)
3(4686 1684 5526)
3(5526 1684 4428)
3(5526 4428 8270)
3(8270 4428 4686)
3(8270 4686 8528)
3(4686 4428 5131)
3(8270 4428 5131)
3(8270 5131 8973)
3(8973 5131 8528)
3(5131 4686 8528)
3(4428 1778 3306)
3(8270 4428 5620)
3(4428 1778 5620)
3(7148 3306 8270)
3(3306 4428 8270)
3(4428 3306 5131)
3(7148 3306 5131)
3(7148 5131 8973)
3(5131 4579 1932)
3(8973 5131 8421)
3(5131 4579 8421)
3(5774 1932 5131)
3(5774 5131 8973)
3(5131 1932 3723)
3(5774 1932 3723)
3(5774 3723 7565)
4(7565 3723 5131 8973)
3(5131 3723 1935)
3(7565 3723 5777)
3(3723 1935 5777)
3(5777 1935 5131)
3(5777 5131 8973)
3(5131 1935 4686)
3(5777 1935 4686)
3(5777 4686 8528)
3(3814 2153 4579)
3(8421 4579 3814)
3(8421 3814 7656)
3(3814 4579 5131)
3(8973 5131 7656)
3(5131 3814 7656)
3(3306 2157 3814)
3(7656 3814 3306)
3(7656 3306 7148)
3(3306 3814 5131)
3(5132 4459 2534)
3(8974 5132 8301)
3(5132 4459 8301)
3(6376 2534 5132)
3(6376 5132 8974)
3(5132 2534 3972)
3(7814 3972 5132)
3(7814 5132 8974)
3(5132 3972 2536)
3(6378 2536 5132)
3(6378 5132 8974)
3(5132 2536 3119)
3(6378 2536 3119)
3(6378 3119 6961)
3(6961 3119 5132)
3(6961 5132 8974)
3(5132 4217 2537)
3(8974 5132 8059)
3(5132 4217 8059)
3(6379 2537 5132)
3(6379 5132 8974)
3(5132 2537 4459)
3(3729 2539 4217)
3(7571 3729 6381)
3(3729 2539 6381)
3(8059 4217 3729)
3(8059 3729 7571)
3(3729 4217 5132)
4(8974 5132 3729 7571)
3(5132 3119 2728)
3(6961 3119 6570)
3(3119 2728 6570)
3(6570 2728 5132)
3(6570 5132 8974)
3(5132 2728 3360)
3(6570 2728 3360)
3(6570 3360 7202)
3(7202 3360 5132)
3(7202 5132 8974)
3(3360 2729 3729)
3(7202 3360 6571)
3(3360 2729 6571)
3(6571 2729 3729)
3(6571 3729 7571)
3(7571 3729 7202)
3(3729 3360 7202)
3(3360 3729 5132)
3(5133 3461 1898)
3(8975 5133 7303)
3(5133 3461 7303)
4(5740 1898 5133 8975)
3(5133 1898 3402)
3(7244 3402 5133)
3(7244 5133 8975)
3(4561 1899 3461)
3(7303 3461 8403)
3(3461 4561 8403)
3(4561 3461 5133)
3(8975 5133 8403)
3(5133 4561 8403)
3(3818 2149 4561)
3(7660 3818 5991)
3(3818 2149 5991)
3(8403 4561 3818)
3(8403 3818 7660)
3(3818 4561 5133)
3(8975 5133 7660)
3(5133 3818 7660)
3(3233 2382 3818)
3(7075 3233 6224)
3(3233 2382 6224)
3(6224 2382 3818)
3(6224 3818 7660)
4(7660 3818 3233 7075)
3(3233 3818 5133)
3(8975 5133 7075)
3(5133 3233 7075)
3(5133 3402 2607)
3(6449 2607 5133)
3(6449 5133 8975)
3(5133 2607 3498)
3(6449 2607 3498)
3(6449 3498 7340)
3(7340 3498 5133)
3(7340 5133 8975)
3(3498 2608 3233)
3(7340 3498 6450)
3(3498 2608 6450)
3(6450 2608 3233)
3(6450 3233 7075)
3(7075 3233 7340)
3(3233 3498 7340)
3(3498 3233 5133)
3(5134 3241 2551)
3(8976 5134 7083)
3(5134 3241 7083)
3(7083 3241 6393)
3(3241 2551 6393)
3(6393 2551 5134)
3(6393 5134 8976)
3(5134 2551 3503)
3(6393 2551 3503)
3(6393 3503 7345)
3(7345 3503 5134)
3(7345 5134 8976)
3(3503 2749 4086)
3(7345 3503 6591)
3(3503 2749 6591)
3(7928 4086 7345)
3(4086 3503 7345)
3(3503 4086 5134)
3(7928 4086 5134)
3(7928 5134 8976)
3(4086 2755 3129)
4(6971 3129 4086 7928)
3(4086 3129 5134)
3(6971 3129 5134)
3(6971 5134 8976)
3(5134 3129 2756)
3(6598 2756 5134)
3(6598 5134 8976)
3(5134 2756 4569)
3(8411 4569 5134)
3(8411 5134 8976)
3(5134 4569 2898)
3(6740 2898 5134)
3(6740 5134 8976)
3(5134 2898 3824)
3(6740 2898 3824)
3(6740 3824 7666)
3(7666 3824 5134)
3(7666 5134 8976)
3(5134 3824 2908)
3(7666 3824 6750)
3(3824 2908 6750)
4(6750 2908 5134 8976)
3(5134 2908 3241)
3(6750 2908 3241)
3(6750 3241 7083)
3(3723 1932 3778)
4(7620 3778 3723 7565)
3(3723 3778 5135)
3(7620 3778 5135)
3(7620 5135 8977)
3(8977 5135 7565)
3(5135 3723 7565)
3(5135 3778 1933)
3(5775 1933 5135)
3(5775 5135 8977)
3(5135 1933 4212)
3(8054 4212 5135)
3(8054 5135 8977)
3(3209 1934 2979)
3(7051 3209 5776)
3(3209 1934 5776)
3(5776 1934 2979)
3(5776 2979 6821)
3(6821 2979 3209)
3(6821 3209 7051)
3(3209 2979 5135)
3(6821 2979 5135)
3(6821 5135 8977)
3(8977 5135 7051)
3(5135 3209 7051)
3(2979 1935 3723)
3(6821 2979 5777)
3(2979 1935 5777)
3(7565 3723 6821)
3(3723 2979 6821)
3(2979 3723 5135)
3(5135 4465 1936)
3(8977 5135 8307)
3(5135 4465 8307)
3(8307 4465 5778)
3(4465 1936 5778)
4(5778 1936 5135 8977)
3(5135 1936 3209)
3(5778 1936 3209)
3(5778 3209 7051)
3(5135 4212 1937)
3(5779 1937 5135)
3(5779 5135 8977)
3(5135 1937 4465)
3(5779 1937 4465)
3(5779 4465 8307)
3(4130 2495 4216)
3(7972 4130 6337)
3(4130 2495 6337)
3(8058 4216 4130)
3(8058 4130 7972)
3(4130 4216 5136)
3(8058 4216 5136)
3(8058 5136 8978)
3(8978 5136 7972)
3(5136 4130 7972)
3(4809 2508 4130)
3(8651 4809 6350)
3(4809 2508 6350)
3(6350 2508 4130)
3(6350 4130 7972)
4(7972 4130 4809 8651)
3(4809 4130 5136)
3(8978 5136 8651)
3(5136 4809 8651)
3(5136 3394 2539)
3(8978 5136 7236)
3(5136 3394 7236)
4(6381 2539 5136 8978)
3(5136 2539 3729)
3(7571 3729 5136)
3(7571 5136 8978)
3(4216 2543 3394)
3(7236 3394 8058)
3(3394 4216 8058)
3(4216 3394 5136)
3(5136 3729 2729)
3(6571 2729 5136)
3(6571 5136 8978)
3(5136 2729 4572)
3(6571 2729 4572)
3(6571 4572 8414)
3(8414 4572 5136)
3(8414 5136 8978)
3(5136 4572 2730)
3(8414 4572 6572)
3(4572 2730 6572)
3(6572 2730 5136)
3(6572 5136 8978)
3(5136 2730 4809)
3(6572 2730 4809)
3(6572 4809 8651)
3(5137 3118 2149)
4(8979 5137 3118 6960)
3(5991 2149 5137)
3(5991 5137 8979)
3(5137 2149 3818)
3(7660 3818 5137)
3(7660 5137 8979)
3(4550 2150 3118)
3(6960 3118 8392)
3(3118 4550 8392)
3(4550 3118 5137)
3(8979 5137 8392)
3(5137 4550 8392)
3(4557 2151 4782)
3(8399 4557 5993)
3(4557 2151 5993)
4(5993 2151 4782 8624)
3(8624 4782 4557)
3(8624 4557 8399)
3(4557 4782 5137)
3(8624 4782 5137)
3(8624 5137 8979)
4(8979 5137 4557 8399)
3(4782 2152 4550)
4(8624 4782 2152 5994)
3(8392 4550 8624)
3(4550 4782 8624)
3(4782 4550 5137)
3(4795 2381 4557)
4(8637 4795 2381 6223)
3(6223 2381 4557)
3(6223 4557 8399)
3(8399 4557 8637)
3(4557 4795 8637)
3(4795 4557 5137)
3(8979 5137 8637)
3(5137 4795 8637)
3(5137 3818 2382)
3(6224 2382 5137)
3(6224 5137 8979)
3(5137 2382 4795)
4(6224 2382 4795 8637)
3(5138 3065 2884)
3(8980 5138 6907)
3(5138 3065 6907)
3(6726 2884 5138)
3(6726 5138 8980)
3(5138 2884 4440)
4(6726 2884 4440 8282)
3(8282 4440 5138)
3(8282 5138 8980)
3(5138 3128 2890)
4(8980 5138 3128 6970)
3(6732 2890 5138)
3(6732 5138 8980)
3(5138 2890 3065)
3(5138 4440 2891)
4(8282 4440 2891 6733)
3(6733 2891 5138)
3(6733 5138 8980)
3(5138 2891 4201)
3(6733 2891 4201)
3(6733 4201 8043)
4(8043 4201 5138 8980)
3(3824 2898 3128)
3(6970 3128 7666)
3(3128 3824 7666)
3(3824 3128 5138)
3(8980 5138 7666)
3(5138 3824 7666)
3(5138 4201 2899)
3(8043 4201 6741)
3(4201 2899 6741)
3(6741 2899 5138)
3(6741 5138 8980)
3(5138 2899 4455)
4(6741 2899 4455 8297)
3(8297 4455 5138)
3(8297 5138 8980)
3(4455 2908 3824)
4(8297 4455 2908 6750)
3(7666 3824 8297)
3(3824 4455 8297)
3(4455 3824 5138)
3(5139 4726 1660)
4(8981 5139 4726 8568)
3(5502 1660 5139)
3(5502 5139 8981)
3(5139 1660 3705)
3(7547 3705 5139)
3(7547 5139 8981)
3(5139 3705 1828)
3(5670 1828 5139)
3(5670 5139 8981)
3(5139 1828 4444)
4(5670 1828 4444 8286)
3(8286 4444 5139)
3(8286 5139 8981)
3(4426 1936 4465)
4(8268 4426 1936 5778)
3(8307 4465 8268)
3(4465 4426 8268)
3(4426 4465 5139)
3(8307 4465 5139)
3(8307 5139 8981)
3(8981 5139 8268)
3(5139 4426 8268)
3(4465 1937 4726)
3(8568 4726 8307)
3(4726 4465 8307)
3(4465 4726 5139)
3(3352 2225 4426)
3(7194 3352 6067)
3(3352 2225 6067)
4(6067 2225 4426 8268)
3(8268 4426 3352)
3(8268 3352 7194)
3(3352 4426 5139)
4(8981 5139 3352 7194)
3(5139 4444 2227)
4(8286 4444 2227 6069)
3(6069 2227 5139)
3(6069 5139 8981)
3(5139 2227 3352)
3(6069 2227 3352)
3(6069 3352 7194)
3(3336 2254 3392)
3(7234 3392 7178)
3(3392 3336 7178)
3(3336 3392 5140)
4(7234 3392 5140 8982)
3(8982 5140 7178)
3(5140 3336 7178)
3(5140 3392 2495)
3(6337 2495 5140)
3(6337 5140 8982)
3(5140 2495 4130)
3(7972 4130 5140)
3(7972 5140 8982)
3(4098 2502 3336)
4(7940 4098 2502 6344)
3(7178 3336 7940)
3(3336 4098 7940)
3(4098 3336 5140)
3(8982 5140 7940)
3(5140 4098 7940)
3(4315 2503 4098)
3(8157 4315 6345)
3(4315 2503 6345)
4(6345 2503 4098 7940)
3(7940 4098 4315)
3(7940 4315 8157)
3(4315 4098 5140)
4(8982 5140 4315 8157)
3(5140 4080 2507)
3(8982 5140 7922)
3(5140 4080 7922)
4(7922 4080 2507 6349)
3(6349 2507 5140)
3(6349 5140 8982)
3(5140 2507 4315)
3(6349 2507 4315)
3(6349 4315 8157)
3(5140 4130 2508)
3(6350 2508 5140)
3(6350 5140 8982)
3(5140 2508 4080)
4(6350 2508 4080 7922)
3(5141 3269 2394)
3(8983 5141 7111)
3(5141 3269 7111)
3(7111 3269 6236)
3(3269 2394 6236)
3(6236 2394 5141)
3(6236 5141 8983)
3(5141 2394 2961)
4(6236 2394 2961 6803)
3(6803 2961 5141)
3(6803 5141 8983)
3(2961 2395 3047)
4(6803 2961 2395 6237)
4(6237 2395 3047 6889)
4(6889 3047 2961 6803)
3(2961 3047 5141)
3(6889 3047 5141)
3(6889 5141 8983)
3(3343 2400 4808)
3(8650 4808 7185)
3(4808 3343 7185)
3(3343 4808 5141)
3(8650 4808 5141)
3(8650 5141 8983)
3(8983 5141 7185)
3(5141 3343 7185)
3(3047 2401 3343)
4(6889 3047 2401 6243)
3(7185 3343 3047)
3(7185 3047 6889)
3(3047 3343 5141)
3(5141 3796 2617)
3(8983 5141 7638)
3(5141 3796 7638)
3(6459 2617 5141)
3(6459 5141 8983)
3(5141 2617 3269)
3(6459 2617 3269)
3(6459 3269 7111)
3(5141 4808 2618)
4(6460 2618 5141 8983)
3(5141 2618 3796)
3(5142 3507 1874)
3(8984 5142 7349)
3(5142 3507 7349)
3(5716 1874 5142)
3(5716 5142 8984)
3(5142 1874 3434)
3(7276 3434 5142)
3(7276 5142 8984)
3(5142 3434 2113)
3(5955 2113 5142)
3(5955 5142 8984)
3(5142 2113 3052)
4(5955 2113 3052 6894)
3(6894 3052 5142)
3(6894 5142 8984)
3(2956 2315 3507)
4(7349 3507 2956 6798)
3(2956 3507 5142)
3(8984 5142 6798)
3(5142 2956 6798)
3(5142 3052 2603)
4(6894 3052 2603 6445)
4(6445 2603 5142 8984)
3(5142 2603 2967)
4(6445 2603 2967 6809)
3(6809 2967 5142)
3(6809 5142 8984)
3(3274 2915 2956)
3(7116 3274 6757)
3(3274 2915 6757)
3(6798 2956 7116)
3(2956 3274 7116)
3(3274 2956 5142)
3(8984 5142 7116)
3(5142 3274 7116)
3(2967 2922 3274)
4(6809 2967 2922 6764)
3(6764 2922 3274)
3(6764 3274 7116)
3(7116 3274 2967)
3(7116 2967 6809)
3(2967 3274 5142)
3(5143 3361 2007)
3(8985 5143 7203)
3(5143 3361 7203)
4(7203 3361 2007 5849)
4(5849 2007 5143 8985)
3(5143 2007 4547)
4(5849 2007 4547 8389)
3(8389 4547 5143)
3(8389 5143 8985)
3(5143 3439 2008)
3(8985 5143 7281)
3(5143 3439 7281)
3(5850 2008 5143)
3(5850 5143 8985)
3(5143 2008 3361)
4(5850 2008 3361 7203)
3(5143 3513 2009)
3(8985 5143 7355)
3(5143 3513 7355)
3(5851 2009 5143)
3(5851 5143 8985)
3(5143 2009 3439)
3(3901 2012 3513)
4(7355 3513 3901 7743)
3(3901 3513 5143)
3(8985 5143 7743)
3(5143 3901 7743)
3(4547 2231 3121)
4(8389 4547 2231 6073)
3(6073 2231 3121)
3(6073 3121 6963)
3(6963 3121 4547)
3(6963 4547 8389)
3(4547 3121 5143)
3(6963 3121 5143)
3(6963 5143 8985)
3(3121 2235 3901)
3(6963 3121 6077)
3(3121 2235 6077)
3(7743 3901 6963)
3(3901 3121 6963)
3(3121 3901 5143)
3(5144 4542 2485)
3(8986 5144 8384)
3(5144 4542 8384)
3(6327 2485 5144)
3(6327 5144 8986)
3(5144 2485 3130)
3(6327 2485 3130)
3(6327 3130 6972)
3(6972 3130 5144)
3(6972 5144 8986)
3(4553 2666 4020)
4(8395 4553 2666 6508)
4(6508 2666 4020 7862)
4(7862 4020 4553 8395)
3(4553 4020 5144)
3(7862 4020 5144)
3(7862 5144 8986)
3(8986 5144 8395)
3(5144 4553 8395)
3(5144 3130 2669)
3(6972 3130 6511)
3(3130 2669 6511)
3(6511 2669 5144)
3(6511 5144 8986)
3(5144 2669 4553)
4(6511 2669 4553 8395)
3(4020 2672 3103)
4(7862 4020 2672 6514)
3(6945 3103 4020)
3(6945 4020 7862)
3(4020 3103 5144)
3(6945 3103 5144)
3(6945 5144 8986)
3(3103 2679 3163)
3(7005 3163 6945)
3(3163 3103 6945)
3(3103 3163 5144)
3(7005 3163 5144)
3(7005 5144 8986)
3(5144 3163 2681)
4(6523 2681 5144 8986)
3(5144 2681 4542)
3(3790 1669 4548)
3(7632 3790 5511)
3(3790 1669 5511)
3(8390 4548 7632)
3(4548 3790 7632)
3(3790 4548 5145)
3(8390 4548 5145)
3(8390 5145 8987)
3(8987 5145 7632)
3(5145 3790 7632)
3(4548 1670 3069)
4(6911 3069 4548 8390)
3(4548 3069 5145)
3(6911 3069 5145)
3(6911 5145 8987)
3(2996 1732 3790)
4(6838 2996 1732 5574)
3(5574 1732 3790)
3(5574 3790 7632)
3(7632 3790 6838)
3(3790 2996 6838)
3(2996 3790 5145)
3(8987 5145 6838)
3(5145 2996 6838)
3(5145 4235 1889)
3(8987 5145 8077)
3(5145 4235 8077)
3(8077 4235 5731)
3(4235 1889 5731)
3(5731 1889 5145)
3(5731 5145 8987)
3(5145 1889 2996)
4(5731 1889 2996 6838)
3(5145 3069 2402)
3(6244 2402 5145)
3(6244 5145 8987)
3(5145 2402 4501)
3(8343 4501 5145)
3(8343 5145 8987)
3(5145 4501 2403)
3(6245 2403 5145)
3(6245 5145 8987)
3(5145 2403 4235)
3(6245 2403 4235)
3(6245 4235 8077)
3(5146 3051 1722)
3(8988 5146 6893)
3(5146 3051 6893)
3(5564 1722 5146)
3(5564 5146 8988)
3(5146 1722 3990)
3(5564 1722 3990)
3(5564 3990 7832)
3(7832 3990 5146)
3(7832 5146 8988)
3(5146 3990 1861)
3(7832 3990 5703)
3(3990 1861 5703)
3(5703 1861 5146)
3(5703 5146 8988)
3(5146 1861 3620)
4(5703 1861 3620 7462)
3(7462 3620 5146)
3(7462 5146 8988)
3(3964 1876 3506)
3(7348 3506 7806)
3(3506 3964 7806)
3(3964 3506 5146)
3(7348 3506 5146)
3(7348 5146 8988)
3(8988 5146 7806)
3(5146 3964 7806)
3(5146 3506 1878)
3(5720 1878 5146)
3(5720 5146 8988)
3(5146 1878 3051)
3(3620 2111 4242)
4(7462 3620 2111 5953)
3(5953 2111 4242)
3(5953 4242 8084)
4(8084 4242 3620 7462)
3(3620 4242 5146)
3(8084 4242 5146)
3(8084 5146 8988)
3(4242 2112 3964)
3(8084 4242 5954)
3(4242 2112 5954)
3(7806 3964 4242)
3(7806 4242 8084)
3(4242 3964 5146)
3(5147 4656 1712)
3(8989 5147 8498)
3(5147 4656 8498)
3(5554 1712 5147)
3(5554 5147 8989)
3(5147 1712 4810)
3(5554 1712 4810)
3(5554 4810 8652)
3(8652 4810 5147)
3(8652 5147 8989)
3(5147 4810 1713)
3(8652 4810 5555)
3(4810 1713 5555)
3(5555 1713 5147)
3(5555 5147 8989)
3(5147 1713 3259)
4(5555 1713 3259 7101)
3(7101 3259 5147)
3(7101 5147 8989)
3(3259 1714 4575)
4(7101 3259 1714 5556)
3(5556 1714 4575)
3(5556 4575 8417)
4(8417 4575 3259 7101)
3(3259 4575 5147)
3(8417 4575 5147)
3(8417 5147 8989)
3(5147 3160 1715)
3(8989 5147 7002)
3(5147 3160 7002)
3(5557 1715 5147)
3(5557 5147 8989)
3(5147 1715 4656)
3(4616 2005 3160)
3(7002 3160 8458)
3(3160 4616 8458)
3(4616 3160 5147)
3(8989 5147 8458)
3(5147 4616 8458)
3(4575 2006 4616)
3(8417 4575 5848)
3(4575 2006 5848)
3(8458 4616 4575)
3(8458 4575 8417)
3(4575 4616 5147)
3(4448 2259 3162)
4(7004 3162 4448 8290)
3(4448 3162 5148)
3(7004 3162 5148)
3(7004 5148 8990)
3(8990 5148 8290)
3(5148 4448 8290)
3(3077 2260 4448)
3(6919 3077 6102)
3(3077 2260 6102)
3(8290 4448 6919)
3(4448 3077 6919)
3(3077 4448 5148)
3(8990 5148 6919)
3(5148 3077 6919)
3(3263 2261 3077)
4(7105 3263 2261 6103)
3(6103 2261 3077)
3(6103 3077 6919)
3(6919 3077 7105)
3(3077 3263 7105)
3(3263 3077 5148)
3(8990 5148 7105)
3(5148 3263 7105)
3(5148 3246 2480)
3(8990 5148 7088)
3(5148 3246 7088)
3(7088 3246 6322)
3(3246 2480 6322)
3(6322 2480 5148)
3(6322 5148 8990)
3(5148 2480 3263)
4(6322 2480 3263 7105)
3(5148 3162 2670)
3(6512 2670 5148)
3(6512 5148 8990)
3(5148 2670 3594)
3(7436 3594 5148)
3(7436 5148 8990)
3(5148 3594 2671)
3(6513 2671 5148)
3(6513 5148 8990)
3(5148 2671 3246)
3(6513 2671 3246)
3(6513 3246 7088)
3(4228 2407 4284)
4(8070 4228 2407 6249)
3(6249 2407 4284)
3(6249 4284 8126)
3(8126 4284 8070)
3(4284 4228 8070)
3(4228 4284 5149)
3(8126 4284 5149)
3(8126 5149 8991)
3(8991 5149 8070)
3(5149 4228 8070)
3(5149 4536 2408)
4(8991 5149 4536 8378)
3(8378 4536 6250)
3(4536 2408 6250)
3(6250 2408 5149)
3(6250 5149 8991)
3(5149 2408 4228)
4(6250 2408 4228 8070)
3(5149 4317 2418)
3(8991 5149 8159)
3(5149 4317 8159)
3(6260 2418 5149)
3(6260 5149 8991)
3(5149 2418 4257)
3(8099 4257 5149)
3(8099 5149 8991)
3(5149 4257 2419)
3(6261 2419 5149)
3(6261 5149 8991)
3(5149 2419 4536)
3(6261 2419 4536)
3(6261 4536 8378)
3(3486 2615 4317)
3(8159 4317 3486)
3(8159 3486 7328)
3(3486 4317 5149)
3(8991 5149 7328)
3(5149 3486 7328)
3(4284 2616 3486)
3(8126 4284 6458)
3(4284 2616 6458)
3(7328 3486 8126)
3(3486 4284 8126)
3(4284 3486 5149)
3(4649 2883 4720)
3(8491 4649 6725)
3(4649 2883 6725)
3(8562 4720 4649)
3(8562 4649 8491)
3(4649 4720 5150)
3(8562 4720 5150)
3(8562 5150 8992)
4(8992 5150 4649 8491)
3(4320 2887 4649)
4(8162 4320 2887 6729)
3(6729 2887 4649)
3(6729 4649 8491)
3(8491 4649 8162)
3(4649 4320 8162)
3(4320 4649 5150)
3(8992 5150 8162)
3(5150 4320 8162)
3(4720 2893 3784)
3(7626 3784 4720)
3(7626 4720 8562)
3(4720 3784 5150)
3(7626 3784 5150)
3(7626 5150 8992)
3(5150 4374 2894)
3(8992 5150 8216)
3(5150 4374 8216)
3(8216 4374 6736)
3(4374 2894 6736)
3(6736 2894 5150)
3(6736 5150 8992)
3(5150 2894 4320)
4(6736 2894 4320 8162)
3(5150 3784 2903)
3(6745 2903 5150)
3(6745 5150 8992)
3(5150 2903 3963)
3(7805 3963 5150)
3(7805 5150 8992)
3(5150 3963 2905)
3(6747 2905 5150)
3(6747 5150 8992)
3(5150 2905 4374)
3(6747 2905 4374)
3(6747 4374 8216)
3(4327 1992 4303)
4(8169 4327 1992 5834)
3(5834 1992 4303)
3(5834 4303 8145)
3(8145 4303 8169)
3(4303 4327 8169)
3(4327 4303 5151)
4(8145 4303 5151 8993)
3(8993 5151 8169)
3(5151 4327 8169)
3(4303 1997 4355)
3(8145 4303 5839)
3(4303 1997 5839)
3(8197 4355 4303)
3(8197 4303 8145)
3(4303 4355 5151)
3(8197 4355 5151)
3(8197 5151 8993)
3(4355 1999 4432)
3(8274 4432 4355)
3(8274 4355 8197)
3(4355 4432 5151)
3(8274 4432 5151)
3(8274 5151 8993)
3(5151 4432 2013)
3(5855 2013 5151)
3(5855 5151 8993)
3(5151 2013 3590)
3(7432 3590 5151)
3(7432 5151 8993)
3(5151 4562 2230)
3(8993 5151 8404)
3(5151 4562 8404)
3(8404 4562 6072)
3(4562 2230 6072)
3(6072 2230 5151)
3(6072 5151 8993)
3(5151 2230 4327)
4(6072 2230 4327 8169)
3(5151 3590 2234)
3(6076 2234 5151)
3(6076 5151 8993)
3(5151 2234 4562)
3(6076 2234 4562)
3(6076 4562 8404)
3(5152 4360 2247)
3(8994 5152 8202)
3(5152 4360 8202)
3(6089 2247 5152)
3(6089 5152 8994)
3(5152 2247 3295)
3(6089 2247 3295)
3(6089 3295 7137)
4(7137 3295 5152 8994)
3(5152 4085 2249)
3(8994 5152 7927)
3(5152 4085 7927)
3(6091 2249 5152)
3(6091 5152 8994)
3(5152 2249 4360)
3(5152 3295 2250)
3(7137 3295 6092)
3(3295 2250 6092)
3(6092 2250 5152)
3(6092 5152 8994)
3(5152 2250 3981)
4(6092 2250 3981 7823)
3(7823 3981 5152)
3(7823 5152 8994)
3(4255 2481 4085)
3(7927 4085 4255)
3(7927 4255 8097)
3(4255 4085 5152)
3(8994 5152 8097)
3(5152 4255 8097)
3(3981 2483 4206)
4(7823 3981 2483 6325)
3(6325 2483 4206)
3(6325 4206 8048)
3(8048 4206 7823)
3(4206 3981 7823)
3(3981 4206 5152)
3(8048 4206 5152)
3(8048 5152 8994)
3(4206 2484 4255)
3(8048 4206 6326)
3(4206 2484 6326)
3(8097 4255 8048)
3(4255 4206 8048)
3(4206 4255 5152)
3(5153 4040 2147)
4(8995 5153 4040 7882)
3(7882 4040 5989)
3(4040 2147 5989)
3(5989 2147 5153)
3(5989 5153 8995)
3(5153 2147 2969)
4(5989 2147 2969 6811)
3(6811 2969 5153)
3(6811 5153 8995)
3(2969 2148 3788)
4(6811 2969 2148 5990)
3(5990 2148 3788)
3(5990 3788 7630)
3(7630 3788 6811)
3(3788 2969 6811)
3(2969 3788 5153)
3(7630 3788 5153)
3(7630 5153 8995)
3(5153 4782 2151)
3(8995 5153 8624)
3(5153 4782 8624)
3(5993 2151 5153)
3(5993 5153 8995)
3(5153 2151 4040)
3(5993 2151 4040)
3(5993 4040 7882)
3(5153 3305 2152)
3(8995 5153 7147)
3(5153 3305 7147)
3(5994 2152 5153)
3(5994 5153 8995)
3(5153 2152 4782)
3(4762 2416 3305)
3(7147 3305 4762)
3(7147 4762 8604)
3(4762 3305 5153)
4(8995 5153 4762 8604)
3(3788 2420 4762)
3(7630 3788 6262)
3(3788 2420 6262)
3(8604 4762 7630)
3(4762 3788 7630)
3(3788 4762 5153)
3(5154 3252 2880)
4(8996 5154 3252 7094)
3(6722 2880 5154)
3(6722 5154 8996)
3(5154 2880 2945)
3(6722 2880 2945)
3(6722 2945 6787)
3(6787 2945 5154)
3(6787 5154 8996)
3(5154 4423 2881)
3(8996 5154 8265)
3(5154 4423 8265)
3(6723 2881 5154)
3(6723 5154 8996)
3(5154 2881 3252)
3(5154 2945 2882)
3(6787 2945 6724)
3(2945 2882 6724)
3(6724 2882 5154)
3(6724 5154 8996)
3(5154 2882 3399)
4(6724 2882 3399 7241)
3(7241 3399 5154)
3(7241 5154 8996)
3(4440 2884 4423)
3(8265 4423 8282)
3(4423 4440 8282)
3(4440 4423 5154)
3(8996 5154 8282)
3(5154 4440 8282)
3(3399 2886 3174)
4(7241 3399 2886 6728)
3(6728 2886 3174)
3(6728 3174 7016)
3(7016 3174 7241)
3(3174 3399 7241)
3(3399 3174 5154)
4(7016 3174 5154 8996)
3(3174 2891 4440)
3(7016 3174 6733)
3(3174 2891 6733)
3(8282 4440 3174)
3(8282 3174 7016)
3(3174 4440 5154)
3(4444 1828 4431)
3(8273 4431 8286)
3(4431 4444 8286)
3(4444 4431 5155)
3(8273 4431 5155)
3(8273 5155 8997)
3(8997 5155 8286)
3(5155 4444 8286)
3(5155 3544 1996)
3(8997 5155 7386)
3(5155 3544 7386)
3(7386 3544 5838)
3(3544 1996 5838)
3(5838 1996 5155)
3(5838 5155 8997)
3(5155 1996 3072)
4(5838 1996 3072 6914)
3(6914 3072 5155)
3(6914 5155 8997)
3(5155 2932 1998)
4(8997 5155 2932 6774)
3(5840 1998 5155)
3(5840 5155 8997)
3(5155 1998 3544)
3(5840 1998 3544)
3(5840 3544 7386)
3(5155 4431 2002)
3(5844 2002 5155)
3(5844 5155 8997)
3(5155 2002 2932)
3(3275 2227 4444)
3(7117 3275 6069)
3(3275 2227 6069)
3(8286 4444 3275)
3(8286 3275 7117)
3(3275 4444 5155)
4(8997 5155 3275 7117)
3(3072 2228 3275)
4(6914 3072 2228 6070)
3(6070 2228 3275)
3(6070 3275 7117)
3(7117 3275 6914)
3(3275 3072 6914)
3(3072 3275 5155)
3(3546 2498 3549)
3(7388 3546 6340)
3(3546 2498 6340)
3(7391 3549 7388)
3(3549 3546 7388)
3(3546 3549 5156)
4(7391 3549 5156 8998)
3(8998 5156 7388)
3(5156 3546 7388)
3(3075 2499 3546)
4(6917 3075 2499 6341)
3(6341 2499 3546)
3(6341 3546 7388)
3(7388 3546 6917)
3(3546 3075 6917)
3(3075 3546 5156)
3(8998 5156 6917)
3(5156 3075 6917)
3(5156 3283 2500)
4(8998 5156 3283 7125)
3(7125 3283 6342)
3(3283 2500 6342)
3(6342 2500 5156)
3(6342 5156 8998)
3(5156 2500 3075)
4(6342 2500 3075 6917)
3(3549 2501 4084)
3(7926 4084 3549)
3(7926 3549 7391)
3(3549 4084 5156)
3(7926 4084 5156)
3(7926 5156 8998)
3(5156 4084 2502)
3(6344 2502 5156)
3(6344 5156 8998)
3(5156 2502 4098)
3(7940 4098 5156)
3(7940 5156 8998)
3(5156 4098 2503)
3(6345 2503 5156)
3(6345 5156 8998)
3(5156 2503 3283)
3(6345 2503 3283)
3(6345 3283 7125)
3(5157 4761 1669)
4(8999 5157 4761 8603)
3(5511 1669 5157)
3(5511 5157 8999)
3(5157 1669 3790)
3(7632 3790 5157)
3(7632 5157 8999)
3(3990 1722 4761)
3(8603 4761 7832)
3(4761 3990 7832)
3(3990 4761 5157)
3(8999 5157 7832)
3(5157 3990 7832)
3(5157 3866 1731)
3(8999 5157 7708)
3(5157 3866 7708)
3(7708 3866 5573)
3(3866 1731 5573)
3(5573 1731 5157)
3(5573 5157 8999)
3(5157 1731 3650)
3(5573 1731 3650)
3(5573 3650 7492)
4(7492 3650 5157 8999)
3(5157 3790 1732)
4(5574 1732 5157 8999)
3(5157 1732 3866)
3(5574 1732 3866)
3(5574 3866 7708)
3(3650 1860 3673)
3(7492 3650 5702)
3(3650 1860 5702)
3(5702 1860 3673)
3(5702 3673 7515)
3(7515 3673 3650)
3(7515 3650 7492)
3(3650 3673 5157)
3(7515 3673 5157)
3(7515 5157 8999)
3(3673 1861 3990)
3(7515 3673 5703)
3(3673 1861 5703)
4(7832 3990 3673 7515)
3(3673 3990 5157)
3(3875 1889 4235)
3(7717 3875 5731)
3(3875 1889 5731)
4(8077 4235 3875 7717)
3(3875 4235 5158)
3(8077 4235 5158)
3(8077 5158 9000)
3(9000 5158 7717)
3(5158 3875 7717)
3(4265 2137 3875)
3(8107 4265 5979)
3(4265 2137 5979)
3(5979 2137 3875)
3(5979 3875 7717)
3(7717 3875 8107)
3(3875 4265 8107)
3(4265 3875 5158)
3(9000 5158 8107)
3(5158 4265 8107)
3(5158 3047 2395)
3(9000 5158 6889)
3(5158 3047 6889)
4(6237 2395 5158 9000)
3(5158 2395 3079)
4(6237 2395 3079 6921)
3(6921 3079 5158)
3(6921 5158 9000)
3(5158 3079 2396)
4(6921 3079 2396 6238)
3(6238 2396 5158)
3(6238 5158 9000)
3(5158 2396 4265)
3(6238 2396 4265)
3(6238 4265 8107)
3(5158 4521 2401)
3(9000 5158 8363)
3(5158 4521 8363)
3(6243 2401 5158)
3(6243 5158 9000)
3(5158 2401 3047)
3(4235 2403 4521)
3(8363 4521 4235)
3(8363 4235 8077)
3(4235 4521 5158)
3(5159 4242 2111)
3(9001 5159 8084)
3(5159 4242 8084)
4(5953 2111 5159 9001)
3(5159 2111 3510)
3(5953 2111 3510)
3(5953 3510 7352)
3(7352 3510 5159)
3(7352 5159 9001)
3(5159 4630 2112)
3(9001 5159 8472)
3(5159 4630 8472)
3(5954 2112 5159)
3(5954 5159 9001)
3(5159 2112 4242)
3(3052 2113 4630)
3(8472 4630 3052)
3(8472 3052 6894)
3(3052 4630 5159)
3(9001 5159 6894)
3(5159 3052 6894)
3(5159 3510 2379)
3(7352 3510 6221)
3(3510 2379 6221)
3(6221 2379 5159)
3(6221 5159 9001)
3(5159 2379 3914)
3(6221 2379 3914)
3(6221 3914 7756)
3(7756 3914 5159)
3(7756 5159 9001)
3(4031 2603 3052)
4(7873 4031 2603 6445)
4(6894 3052 4031 7873)
3(4031 3052 5159)
3(9001 5159 7873)
3(5159 4031 7873)
3(3914 2604 4031)
3(7756 3914 6446)
3(3914 2604 6446)
4(6446 2604 4031 7873)
3(7873 4031 7756)
3(4031 3914 7756)
3(3914 4031 5159)
3(4424 2394 3269)
3(8266 4424 6236)
3(4424 2394 6236)
4(7111 3269 4424 8266)
3(4424 3269 5160)
3(7111 3269 5160)
3(7111 5160 9002)
3(9002 5160 8266)
3(5160 4424 8266)
3(5160 4284 2407)
3(9002 5160 8126)
3(5160 4284 8126)
4(6249 2407 5160 9002)
3(5160 2407 4722)
3(6249 2407 4722)
3(6249 4722 8564)
3(8564 4722 5160)
3(8564 5160 9002)
3(5160 3249 2616)
3(9002 5160 7091)
3(5160 3249 7091)
3(6458 2616 5160)
3(6458 5160 9002)
3(5160 2616 4284)
3(3269 2617 3249)
3(7091 3249 3269)
3(7091 3269 7111)
3(3269 3249 5160)
3(3960 2862 4424)
3(7802 3960 6704)
3(3960 2862 6704)
3(6704 2862 4424)
3(6704 4424 8266)
3(8266 4424 7802)
3(4424 3960 7802)
3(3960 4424 5160)
3(9002 5160 7802)
3(5160 3960 7802)
3(5160 4722 2863)
3(8564 4722 6705)
3(4722 2863 6705)
3(6705 2863 5160)
3(6705 5160 9002)
3(5160 2863 3960)
3(6705 2863 3960)
3(6705 3960 7802)
3(3388 2894 4374)
3(7230 3388 6736)
3(3388 2894 6736)
4(8216 4374 3388 7230)
3(3388 4374 5161)
3(8216 4374 5161)
3(8216 5161 9003)
3(9003 5161 7230)
3(5161 3388 7230)
3(4615 2904 3388)
3(8457 4615 6746)
3(4615 2904 6746)
3(6746 2904 3388)
3(6746 3388 7230)
3(7230 3388 8457)
3(3388 4615 8457)
3(4615 3388 5161)
3(9003 5161 8457)
3(5161 4615 8457)
3(4374 2905 4362)
3(8204 4362 4374)
3(8204 4374 8216)
3(4374 4362 5161)
3(8204 4362 5161)
3(8204 5161 9003)
3(5161 4433 2914)
3(9003 5161 8275)
3(5161 4433 8275)
3(8275 4433 6756)
3(4433 2914 6756)
3(6756 2914 5161)
3(6756 5161 9003)
3(5161 2914 4615)
3(6756 2914 4615)
3(6756 4615 8457)
3(5161 4362 2915)
3(6757 2915 5161)
3(6757 5161 9003)
3(5161 2915 3274)
3(7116 3274 5161)
3(7116 5161 9003)
3(5161 3274 2922)
4(6764 2922 5161 9003)
3(5161 2922 4433)
3(6764 2922 4433)
3(6764 4433 8275)
3(5162 3788 2148)
3(9004 5162 7630)
3(5162 3788 7630)
4(5990 2148 5162 9004)
3(5162 2148 4070)
3(5990 2148 4070)
3(5990 4070 7912)
3(7912 4070 5162)
3(7912 5162 9004)
3(4565 2408 4536)
3(8407 4565 6250)
3(4565 2408 6250)
4(8378 4536 4565 8407)
3(4565 4536 5162)
3(8378 4536 5162)
3(8378 5162 9004)
3(9004 5162 8407)
3(5162 4565 8407)
3(4536 2419 4273)
3(8115 4273 4536)
3(8115 4536 8378)
3(4536 4273 5162)
3(8115 4273 5162)
3(8115 5162 9004)
3(5162 4273 2420)
3(6262 2420 5162)
3(6262 5162 9004)
3(5162 2420 3788)
3(5162 4070 2623)
3(7912 4070 6465)
3(4070 2623 6465)
3(6465 2623 5162)
3(6465 5162 9004)
3(5162 2623 3011)
3(6465 2623 3011)
3(6465 3011 6853)
3(6853 3011 5162)
3(6853 5162 9004)
3(3011 2624 4565)
3(6853 3011 6466)
3(3011 2624 6466)
3(6466 2624 4565)
3(6466 4565 8407)
3(8407 4565 6853)
3(4565 3011 6853)
3(3011 4565 5162)
3(2945 2880 3404)
3(7246 3404 2945)
3(7246 2945 6787)
3(2945 3404 5163)
3(7246 3404 5163)
3(7246 5163 9005)
3(9005 5163 6787)
3(5163 2945 6787)
3(4075 2882 2945)
3(7917 4075 6724)
3(4075 2882 6724)
4(6787 2945 4075 7917)
3(4075 2945 5163)
3(9005 5163 7917)
3(5163 4075 7917)
3(5163 3404 2883)
3(6725 2883 5163)
3(6725 5163 9005)
3(5163 2883 4649)
3(8491 4649 5163)
3(8491 5163 9005)
3(3021 2885 4075)
3(6863 3021 6727)
3(3021 2885 6727)
3(6727 2885 4075)
3(6727 4075 7917)
3(7917 4075 6863)
3(4075 3021 6863)
3(3021 4075 5163)
3(9005 5163 6863)
3(5163 3021 6863)
3(5163 4649 2887)
4(6729 2887 5163 9005)
3(5163 2887 3240)
3(6729 2887 3240)
3(6729 3240 7082)
3(7082 3240 5163)
3(7082 5163 9005)
3(5163 3240 2888)
3(7082 3240 6730)
3(3240 2888 6730)
3(6730 2888 5163)
3(6730 5163 9005)
3(5163 2888 3021)
3(6730 2888 3021)
3(6730 3021 6863)
3(4174 2138 3435)
3(8016 4174 5980)
3(4174 2138 5980)
3(5980 2138 3435)
3(5980 3435 7277)
4(7277 3435 4174 8016)
3(4174 3435 5164)
4(7277 3435 5164 9006)
4(9006 5164 4174 8016)
3(3435 2147 4040)
3(7277 3435 5989)
3(3435 2147 5989)
4(7882 4040 3435 7277)
3(3435 4040 5164)
4(7882 4040 5164 9006)
3(4040 2151 4557)
4(8399 4557 4040 7882)
3(4040 4557 5164)
4(8399 4557 5164 9006)
3(5164 3447 2380)
4(9006 5164 3447 7289)
3(7289 3447 6222)
3(3447 2380 6222)
4(6222 2380 5164 9006)
3(5164 2380 4174)
3(6222 2380 4174)
3(6222 4174 8016)
3(5164 4557 2381)
4(6223 2381 5164 9006)
3(5164 2381 3447)
3(6223 2381 3447)
3(6223 3447 7289)
3(5165 3174 2886)
4(9007 5165 3174 7016)
4(6728 2886 5165 9007)
3(5165 2886 3443)
3(6728 2886 3443)
3(6728 3443 7285)
4(7285 3443 5165 9007)
3(5165 4201 2891)
4(9007 5165 4201 8043)
4(6733 2891 5165 9007)
3(5165 2891 3174)
3(5165 3443 2892)
3(7285 3443 6734)
3(3443 2892 6734)
4(6734 2892 5165 9007)
3(5165 2892 4805)
3(6734 2892 4805)
3(6734 4805 8647)
4(8647 4805 5165 9007)
3(3452 2899 4201)
3(7294 3452 6741)
3(3452 2899 6741)
4(8043 4201 3452 7294)
3(3452 4201 5165)
4(9007 5165 3452 7294)
3(4805 2901 3452)
3(8647 4805 6743)
3(4805 2901 6743)
3(6743 2901 3452)
3(6743 3452 7294)
4(7294 3452 4805 8647)
3(4805 3452 5165)
3(4023 2380 3447)
4(7865 4023 2380 6222)
3(7289 3447 7865)
3(3447 4023 7865)
3(4023 3447 5166)
4(7289 3447 5166 9008)
3(9008 5166 7865)
3(5166 4023 7865)
3(3447 2381 4795)
3(8637 4795 3447)
3(8637 3447 7289)
3(3447 4795 5166)
3(8637 4795 5166)
3(8637 5166 9008)
3(4795 2382 3233)
3(7075 3233 8637)
3(3233 4795 8637)
3(4795 3233 5166)
3(7075 3233 5166)
3(7075 5166 9008)
3(4530 2385 4023)
3(8372 4530 6227)
3(4530 2385 6227)
4(6227 2385 4023 7865)
3(7865 4023 4530)
3(7865 4530 8372)
3(4530 4023 5166)
3(9008 5166 8372)
3(5166 4530 8372)
3(5166 3557 2605)
4(9008 5166 3557 7399)
3(7399 3557 6447)
3(3557 2605 6447)
3(6447 2605 5166)
3(6447 5166 9008)
3(5166 2605 4530)
3(6447 2605 4530)
3(6447 4530 8372)
3(5166 3233 2608)
3(6450 2608 5166)
3(6450 5166 9008)
3(5166 2608 3557)
3(6450 2608 3557)
3(6450 3557 7399)
3(3211 2540 3561)
3(7053 3211 6382)
3(3211 2540 6382)
3(6382 2540 3561)
3(6382 3561 7403)
3(7403 3561 7053)
3(3561 3211 7053)
3(3211 3561 5167)
4(7403 3561 5167 9009)
3(9009 5167 7053)
3(5167 3211 7053)
3(3561 2551 3241)
3(7403 3561 6393)
3(3561 2551 6393)
3(7083 3241 3561)
3(7083 3561 7403)
3(3561 3241 5167)
3(7083 3241 5167)
3(7083 5167 9009)
3(5167 4455 2899)
3(9009 5167 8297)
3(5167 4455 8297)
3(6741 2899 5167)
3(6741 5167 9009)
3(5167 2899 3452)
4(7294 3452 5167 9009)
3(5167 3452 2901)
3(6743 2901 5167)
3(6743 5167 9009)
3(5167 2901 4029)
4(6743 2901 4029 7871)
3(7871 4029 5167)
3(7871 5167 9009)
3(5167 3241 2908)
3(6750 2908 5167)
3(6750 5167 9009)
3(5167 2908 4455)
3(5167 4029 2910)
4(7871 4029 2910 6752)
3(6752 2910 5167)
3(6752 5167 9009)
3(5167 2910 3211)
3(6752 2910 3211)
3(6752 3211 7053)
3(2986 2605 3557)
3(6828 2986 6447)
3(2986 2605 6447)
3(7399 3557 6828)
3(3557 2986 6828)
3(2986 3557 5168)
4(7399 3557 5168 9010)
3(9010 5168 6828)
3(5168 2986 6828)
3(5168 4261 2606)
3(9010 5168 8103)
3(5168 4261 8103)
3(6448 2606 5168)
3(6448 5168 9010)
3(5168 2606 4221)
3(6448 2606 4221)
3(6448 4221 8063)
4(8063 4221 5168 9010)
3(3498 2607 4261)
3(8103 4261 7340)
3(4261 3498 7340)
3(3498 4261 5168)
3(9010 5168 7340)
3(5168 3498 7340)
3(3557 2608 3498)
3(7340 3498 3557)
3(7340 3557 7399)
3(3557 3498 5168)
3(3469 2612 2986)
3(7311 3469 6454)
3(3469 2612 6454)
3(6454 2612 2986)
3(6454 2986 6828)
3(6828 2986 3469)
3(6828 3469 7311)
3(3469 2986 5168)
3(9010 5168 7311)
3(5168 3469 7311)
3(5168 4221 2614)
3(8063 4221 6456)
3(4221 2614 6456)
3(6456 2614 5168)
3(6456 5168 9010)
3(5168 2614 3469)
3(6456 2614 3469)
3(6456 3469 7311)
3(5169 3561 2540)
4(9011 5169 3561 7403)
3(6382 2540 5169)
3(6382 5169 9011)
3(5169 2540 4583)
3(6382 2540 4583)
3(6382 4583 8425)
3(8425 4583 5169)
3(8425 5169 9011)
3(5169 4583 2541)
3(8425 4583 6383)
3(4583 2541 6383)
3(6383 2541 5169)
3(6383 5169 9011)
3(5169 2541 3135)
3(6383 2541 3135)
3(6383 3135 6977)
3(6977 3135 5169)
3(6977 5169 9011)
3(5169 3503 2551)
3(9011 5169 7345)
3(5169 3503 7345)
3(6393 2551 5169)
3(6393 5169 9011)
3(5169 2551 3561)
3(3135 2704 3208)
3(6977 3135 6546)
3(3135 2704 6546)
3(6546 2704 3208)
3(6546 3208 7050)
3(7050 3208 6977)
3(3208 3135 6977)
3(3135 3208 5169)
4(7050 3208 5169 9011)
3(5169 4267 2749)
3(9011 5169 8109)
3(5169 4267 8109)
3(6591 2749 5169)
3(6591 5169 9011)
3(5169 2749 3503)
3(3208 2750 4267)
3(7050 3208 6592)
3(3208 2750 6592)
3(8109 4267 3208)
3(8109 3208 7050)
3(3208 4267 5169)
3(5170 3307 1776)
3(9012 5170 7149)
3(5170 3307 7149)
3(5618 1776 5170)
3(5618 5170 9012)
3(5170 1776 3872)
3(5618 1776 3872)
3(5618 3872 7714)
4(7714 3872 5170 9012)
3(4516 1777 3307)
4(7149 3307 4516 8358)
3(4516 3307 5170)
3(9012 5170 8358)
3(5170 4516 8358)
3(5170 3872 1894)
3(7714 3872 5736)
3(3872 1894 5736)
3(5736 1894 5170)
3(5736 5170 9012)
3(5170 1894 4035)
3(5736 1894 4035)
3(5736 4035 7877)
3(7877 4035 5170)
3(7877 5170 9012)
3(4221 2606 4516)
3(8358 4516 4221)
3(8358 4221 8063)
3(4221 4516 5170)
4(9012 5170 4221 8063)
3(4035 2613 3514)
3(7877 4035 6455)
3(4035 2613 6455)
3(6455 2613 3514)
3(6455 3514 7356)
4(7356 3514 4035 7877)
3(4035 3514 5170)
3(7356 3514 5170)
3(7356 5170 9012)
3(3514 2614 4221)
3(7356 3514 6456)
3(3514 2614 6456)
3(8063 4221 7356)
3(4221 3514 7356)
3(3514 4221 5170)
3(5171 3208 2704)
4(9013 5171 3208 7050)
3(6546 2704 5171)
3(6546 5171 9013)
3(5171 2704 2988)
3(6546 2704 2988)
3(6546 2988 6830)
3(6830 2988 5171)
3(6830 5171 9013)
3(3314 2705 2972)
3(7156 3314 6547)
3(3314 2705 6547)
3(6814 2972 3314)
3(6814 3314 7156)
3(3314 2972 5171)
3(6814 2972 5171)
3(6814 5171 9013)
4(9013 5171 3314 7156)
3(5171 2988 2707)
3(6830 2988 6549)
3(2988 2707 6549)
3(6549 2707 5171)
3(6549 5171 9013)
3(5171 2707 3473)
3(6549 2707 3473)
3(6549 3473 7315)
3(7315 3473 5171)
3(7315 5171 9013)
3(3473 2709 3314)
3(7315 3473 6551)
3(3473 2709 6551)
3(6551 2709 3314)
3(6551 3314 7156)
3(7156 3314 7315)
3(3314 3473 7315)
3(3473 3314 5171)
3(5171 4522 2750)
3(9013 5171 8364)
3(5171 4522 8364)
3(6592 2750 5171)
3(6592 5171 9013)
3(5171 2750 3208)
3(5171 2972 2751)
3(6593 2751 5171)
3(6593 5171 9013)
3(5171 2751 4522)
3(3872 1776 3563)
3(7405 3563 3872)
3(7405 3872 7714)
3(3872 3563 5172)
3(7405 3563 5172)
3(7405 5172 9014)
4(9014 5172 3872 7714)
3(5172 2980 1780)
3(9014 5172 6822)
3(5172 2980 6822)
3(5622 1780 5172)
3(5622 5172 9014)
3(5172 1780 3982)
3(5622 1780 3982)
3(5622 3982 7824)
4(7824 3982 5172 9014)
3(5172 3563 1781)
4(5623 1781 5172 9014)
3(5172 1781 2980)
3(5172 3982 1891)
3(7824 3982 5733)
3(3982 1891 5733)
3(5733 1891 5172)
3(5733 5172 9014)
3(5172 1891 4143)
3(5733 1891 4143)
3(5733 4143 7985)
3(7985 4143 5172)
3(7985 5172 9014)
3(3883 1894 3872)
3(7725 3883 5736)
3(3883 1894 5736)
3(7714 3872 7725)
3(3872 3883 7725)
3(3883 3872 5172)
3(9014 5172 7725)
3(5172 3883 7725)
3(4143 1895 3883)
3(7985 4143 5737)
3(4143 1895 5737)
3(5737 1895 3883)
3(5737 3883 7725)
4(7725 3883 4143 7985)
3(4143 3883 5172)
3(3603 2535 3203)
4(7045 3203 3603 7445)
3(3603 3203 5173)
3(7045 3203 5173)
3(7045 5173 9015)
3(9015 5173 7445)
3(5173 3603 7445)
3(4631 2538 3603)
3(8473 4631 6380)
3(4631 2538 6380)
3(7445 3603 4631)
3(7445 4631 8473)
3(4631 3603 5173)
4(9015 5173 4631 8473)
3(4777 2542 4631)
3(8619 4777 6384)
3(4777 2542 6384)
3(6384 2542 4631)
3(6384 4631 8473)
3(8473 4631 8619)
3(4631 4777 8619)
3(4777 4631 5173)
3(9015 5173 8619)
3(5173 4777 8619)
3(5173 3203 2705)
3(6547 2705 5173)
3(6547 5173 9015)
3(5173 2705 3314)
4(7156 3314 5173 9015)
3(5173 3892 2708)
3(9015 5173 7734)
3(5173 3892 7734)
3(7734 3892 6550)
3(3892 2708 6550)
4(6550 2708 5173 9015)
3(5173 2708 4777)
3(6550 2708 4777)
3(6550 4777 8619)
3(5173 3314 2709)
3(6551 2709 5173)
3(6551 5173 9015)
3(5173 2709 3892)
3(6551 2709 3892)
3(6551 3892 7734)
3(5174 4428 1684)
3(9016 5174 8270)
3(5174 4428 8270)
3(5526 1684 5174)
3(5526 5174 9016)
3(5174 1684 3608)
3(5526 1684 3608)
3(5526 3608 7450)
4(7450 3608 5174 9016)
3(5174 3608 1685)
3(7450 3608 5527)
3(3608 1685 5527)
3(5527 1685 5174)
3(5527 5174 9016)
3(5174 1685 3031)
3(5527 1685 3031)
3(5527 3031 6873)
3(6873 3031 5174)
3(6873 5174 9016)
3(5174 3210 1778)
3(9016 5174 7052)
3(5174 3210 7052)
3(5620 1778 5174)
3(5620 5174 9016)
3(5174 1778 4428)
3(3982 1780 3210)
3(7052 3210 3982)
3(7052 3982 7824)
3(3982 3210 5174)
4(9016 5174 3982 7824)
3(5174 3031 1890)
3(6873 3031 5732)
3(3031 1890 5732)
3(5732 1890 5174)
3(5732 5174 9016)
3(5174 1890 3523)
3(5732 1890 3523)
3(5732 3523 7365)
3(7365 3523 5174)
3(7365 5174 9016)
3(3523 1891 3982)
3(7365 3523 5733)
3(3523 1891 5733)
3(7824 3982 7365)
3(3982 3523 7365)
3(3523 3982 5174)
3(3119 2536 3873)
4(7715 3873 3119 6961)
3(3119 3873 5175)
3(7715 3873 5175)
3(7715 5175 9017)
3(9017 5175 6961)
3(5175 3119 6961)
3(5175 3873 2538)
3(6380 2538 5175)
3(6380 5175 9017)
3(5175 2538 4631)
4(8473 4631 5175 9017)
3(5175 4631 2542)
3(6384 2542 5175)
3(6384 5175 9017)
3(5175 2542 3994)
3(6384 2542 3994)
3(6384 3994 7836)
3(7836 3994 5175)
3(7836 5175 9017)
3(3994 2544 3462)
3(7836 3994 6386)
3(3994 2544 6386)
3(6386 2544 3462)
3(6386 3462 7304)
4(7304 3462 3994 7836)
3(3994 3462 5175)
3(7304 3462 5175)
3(7304 5175 9017)
3(3462 2727 4731)
3(7304 3462 6569)
3(3462 2727 6569)
3(6569 2727 4731)
3(6569 4731 8573)
3(8573 4731 7304)
3(4731 3462 7304)
3(3462 4731 5175)
4(8573 4731 5175 9017)
3(4731 2728 3119)
3(8573 4731 6570)
3(4731 2728 6570)
3(6961 3119 4731)
3(6961 4731 8573)
3(4731 3119 5175)
3(3608 1684 4686)
3(8528 4686 3608)
3(8528 3608 7450)
3(3608 4686 5176)
3(8528 4686 5176)
3(8528 5176 9018)
4(9018 5176 3608 7450)
3(4806 1685 3608)
3(8648 4806 5527)
3(4806 1685 5527)
3(7450 3608 8648)
3(3608 4806 8648)
3(4806 3608 5176)
3(9018 5176 8648)
3(5176 4806 8648)
3(5176 2979 1934)
3(9018 5176 6821)
3(5176 2979 6821)
3(5776 1934 5176)
3(5776 5176 9018)
3(5176 1934 3736)
3(5776 1934 3736)
3(5776 3736 7578)
4(7578 3736 5176 9018)
3(5176 4686 1935)
3(5777 1935 5176)
3(5777 5176 9018)
3(5176 1935 2979)
3(5176 3736 2027)
3(7578 3736 5869)
3(3736 2027 5869)
3(5869 2027 5176)
3(5869 5176 9018)
3(5176 2027 3674)
3(5869 2027 3674)
3(5869 3674 7516)
3(7516 3674 5176)
3(7516 5176 9018)
3(5176 3674 2028)
3(7516 3674 5870)
3(3674 2028 5870)
3(5870 2028 5176)
3(5870 5176 9018)
3(5176 2028 4806)
3(5870 2028 4806)
3(5870 4806 8648)
3(4814 2725 4312)
3(8656 4814 6567)
3(4814 2725 6567)
3(6567 2725 4312)
3(6567 4312 8154)
3(8154 4312 4814)
3(8154 4814 8656)
3(4814 4312 5177)
3(8154 4312 5177)
3(8154 5177 9019)
3(9019 5177 8656)
3(5177 4814 8656)
3(4312 2726 4367)
3(8154 4312 6568)
3(4312 2726 6568)
3(6568 2726 4367)
3(6568 4367 8209)
3(8209 4367 8154)
3(4367 4312 8154)
3(4312 4367 5177)
4(8209 4367 5177 9019)
3(5177 4731 2727)
4(9019 5177 4731 8573)
3(6569 2727 5177)
3(6569 5177 9019)
3(5177 2727 4814)
3(6569 2727 4814)
3(6569 4814 8656)
3(5177 3360 2728)
3(9019 5177 7202)
3(5177 3360 7202)
3(6570 2728 5177)
3(6570 5177 9019)
3(5177 2728 4731)
3(4572 2729 3360)
3(7202 3360 8414)
3(3360 4572 8414)
3(4572 3360 5177)
3(9019 5177 8414)
3(5177 4572 8414)
3(4367 2730 4572)
3(8209 4367 6572)
3(4367 2730 6572)
3(8414 4572 4367)
3(8414 4367 8209)
3(4367 4572 5177)
3(3736 1934 3209)
3(7051 3209 3736)
3(7051 3736 7578)
3(3736 3209 5178)
3(7051 3209 5178)
3(7051 5178 9020)
4(9020 5178 3736 7578)
3(5178 3209 1936)
3(5778 1936 5178)
3(5778 5178 9020)
3(5178 1936 4426)
3(8268 4426 5178)
3(8268 5178 9020)
3(5178 4510 2026)
3(9020 5178 8352)
3(5178 4510 8352)
4(8352 4510 2026 5868)
3(5868 2026 5178)
3(5868 5178 9020)
3(5178 2026 3718)
3(5868 2026 3718)
3(5868 3718 7560)
3(7560 3718 5178)
3(7560 5178 9020)
3(3718 2027 3736)
3(7560 3718 5869)
3(3718 2027 5869)
3(7578 3736 7560)
3(3736 3718 7560)
3(3718 3736 5178)
3(5178 4426 2225)
3(6067 2225 5178)
3(6067 5178 9020)
3(5178 2225 4018)
3(6067 2225 4018)
3(6067 4018 7860)
4(7860 4018 5178 9020)
3(5178 4018 2226)
3(7860 4018 6068)
3(4018 2226 6068)
3(6068 2226 5178)
3(6068 5178 9020)
3(5178 2226 4510)
4(6068 2226 4510 8352)
3(3655 2505 4469)
4(7497 3655 2505 6347)
3(6347 2505 4469)
3(6347 4469 8311)
3(8311 4469 7497)
3(4469 3655 7497)
3(3655 4469 5179)
4(8311 4469 5179 9021)
3(9021 5179 7497)
3(5179 3655 7497)
3(4170 2506 3655)
3(8012 4170 6348)
3(4170 2506 6348)
4(6348 2506 3655 7497)
3(7497 3655 4170)
3(7497 4170 8012)
3(4170 3655 5179)
3(9021 5179 8012)
3(5179 4170 8012)
3(4469 2507 4080)
3(8311 4469 6349)
3(4469 2507 6349)
3(7922 4080 4469)
3(7922 4469 8311)
3(4469 4080 5179)
3(7922 4080 5179)
3(7922 5179 9021)
3(4080 2508 4809)
3(8651 4809 7922)
3(4809 4080 7922)
3(4080 4809 5179)
3(8651 4809 5179)
3(8651 5179 9021)
3(5179 4367 2726)
4(9021 5179 4367 8209)
3(6568 2726 5179)
3(6568 5179 9021)
3(5179 2726 4170)
3(6568 2726 4170)
3(6568 4170 8012)
3(5179 4809 2730)
3(6572 2730 5179)
3(6572 5179 9021)
3(5179 2730 4367)
3(4018 2225 3352)
4(7194 3352 4018 7860)
3(4018 3352 5180)
4(7194 3352 5180 9022)
4(9022 5180 4018 7860)
3(3389 2226 4018)
3(7231 3389 6068)
3(3389 2226 6068)
4(7860 4018 3389 7231)
3(3389 4018 5180)
4(9022 5180 3389 7231)
3(5180 3352 2227)
4(6069 2227 5180 9022)
3(5180 2227 3275)
4(7117 3275 5180 9022)
3(5180 3275 2228)
4(6070 2228 5180 9022)
3(5180 2228 4654)
3(6070 2228 4654)
3(6070 4654 8496)
4(8496 4654 5180 9022)
3(5180 4654 2229)
3(8496 4654 6071)
3(4654 2229 6071)
4(6071 2229 5180 9022)
3(5180 2229 3389)
3(6071 2229 3389)
3(6071 3389 7231)
3(3067 2497 3626)
3(6909 3067 6339)
3(3067 2497 6339)
3(6339 2497 3626)
3(6339 3626 7468)
4(7468 3626 3067 6909)
3(3067 3626 5181)
4(7468 3626 5181 9023)
4(9023 5181 3067 6909)
3(3626 2500 3283)
3(7468 3626 6342)
3(3626 2500 6342)
4(7125 3283 3626 7468)
3(3626 3283 5181)
4(7125 3283 5181 9023)
3(3283 2503 4315)
4(8157 4315 3283 7125)
3(3283 4315 5181)
4(8157 4315 5181 9023)
3(5181 4469 2505)
4(9023 5181 4469 8311)
4(6347 2505 5181 9023)
3(5181 2505 3067)
3(6347 2505 3067)
3(6347 3067 6909)
3(5181 4315 2507)
4(6349 2507 5181 9023)
3(5181 2507 4469)
3(5182 4543 1991)
3(9024 5182 8385)
3(5182 4543 8385)
3(8385 4543 5833)
3(4543 1991 5833)
3(5833 1991 5182)
3(5833 5182 9024)
3(5182 1991 2989)
3(5833 1991 2989)
3(5833 2989 6831)
3(6831 2989 5182)
3(6831 5182 9024)
3(5182 4303 1992)
3(9024 5182 8145)
3(5182 4303 8145)
4(5834 1992 5182 9024)
3(5182 1992 4543)
3(5834 1992 4543)
3(5834 4543 8385)
3(2989 1994 4036)
3(6831 2989 5836)
3(2989 1994 5836)
3(5836 1994 4036)
3(5836 4036 7878)
3(7878 4036 6831)
3(4036 2989 6831)
3(2989 4036 5182)
3(7878 4036 5182)
3(7878 5182 9024)
3(4036 1996 3544)
3(7878 4036 5838)
3(4036 1996 5838)
4(7386 3544 4036 7878)
3(4036 3544 5182)
3(7386 3544 5182)
3(7386 5182 9024)
3(5182 4058 1997)
3(9024 5182 7900)
3(5182 4058 7900)
3(5839 1997 5182)
3(5839 5182 9024)
3(5182 1997 4303)
3(3544 1998 4058)
3(7900 4058 3544)
3(7900 3544 7386)
3(3544 4058 5182)
3(3295 2247 4066)
3(7908 4066 3295)
3(7908 3295 7137)
3(3295 4066 5183)
3(7908 4066 5183)
3(7908 5183 9025)
3(9025 5183 7137)
3(5183 3295 7137)
3(4657 2250 3295)
3(8499 4657 6092)
3(4657 2250 6092)
4(7137 3295 4657 8499)
3(4657 3295 5183)
3(9025 5183 8499)
3(5183 4657 8499)
3(4385 2251 4657)
3(8227 4385 6093)
3(4385 2251 6093)
3(6093 2251 4657)
3(6093 4657 8499)
3(8499 4657 8227)
3(4657 4385 8227)
3(4385 4657 5183)
3(9025 5183 8227)
3(5183 4385 8227)
3(5183 3475 2496)
3(9025 5183 7317)
3(5183 3475 7317)
3(7317 3475 6338)
3(3475 2496 6338)
3(6338 2496 5183)
3(6338 5183 9025)
3(5183 2496 4385)
3(6338 2496 4385)
3(6338 4385 8227)
3(5183 4066 2498)
3(6340 2498 5183)
3(6340 5183 9025)
3(5183 2498 3546)
3(7388 3546 5183)
3(7388 5183 9025)
3(5183 3546 2499)
4(6341 2499 5183 9025)
3(5183 2499 3475)
3(6341 2499 3475)
3(6341 3475 7317)
3(4386 2230 4562)
3(8228 4386 6072)
3(4386 2230 6072)
4(8404 4562 4386 8228)
3(4386 4562 5184)
3(8404 4562 5184)
3(8404 5184 9026)
3(9026 5184 8228)
3(5184 4386 8228)
3(5184 3121 2231)
3(9026 5184 6963)
3(5184 3121 6963)
4(6073 2231 5184 9026)
3(5184 2231 4111)
3(6073 2231 4111)
3(6073 4111 7953)
3(7953 4111 5184)
3(7953 5184 9026)
3(5184 4111 2232)
3(7953 4111 6074)
3(4111 2232 6074)
3(6074 2232 5184)
3(6074 5184 9026)
3(5184 2232 3616)
3(6074 2232 3616)
3(6074 3616 7458)
3(7458 3616 5184)
3(7458 5184 9026)
3(3616 2233 4386)
3(7458 3616 6075)
3(3616 2233 6075)
3(6075 2233 4386)
3(6075 4386 8228)
3(8228 4386 7458)
3(4386 3616 7458)
3(3616 4386 5184)
3(4562 2234 3539)
3(7381 3539 4562)
3(7381 4562 8404)
3(4562 3539 5184)
3(7381 3539 5184)
3(7381 5184 9026)
3(5184 3539 2235)
3(6077 2235 5184)
3(6077 5184 9026)
3(5184 2235 3121)
3(5185 4041 2482)
3(9027 5185 7883)
3(5185 4041 7883)
3(7883 4041 6324)
3(4041 2482 6324)
3(6324 2482 5185)
3(6324 5185 9027)
3(5185 2482 3257)
3(6324 2482 3257)
3(6324 3257 7099)
3(7099 3257 5185)
3(7099 5185 9027)
3(5185 4206 2483)
3(9027 5185 8048)
3(5185 4206 8048)
4(6325 2483 5185 9027)
3(5185 2483 4041)
3(6325 2483 4041)
3(6325 4041 7883)
3(5185 4196 2484)
3(9027 5185 8038)
3(5185 4196 8038)
3(6326 2484 5185)
3(6326 5185 9027)
3(5185 2484 4206)
3(3130 2485 4196)
3(8038 4196 3130)
3(8038 3130 6972)
3(3130 4196 5185)
3(9027 5185 6972)
3(5185 3130 6972)
3(3257 2668 3106)
3(7099 3257 6510)
3(3257 2668 6510)
3(6510 2668 3106)
3(6510 3106 6948)
3(6948 3106 7099)
3(3106 3257 7099)
3(3257 3106 5185)
3(6948 3106 5185)
3(6948 5185 9027)
3(3106 2669 3130)
3(6948 3106 6511)
3(3106 2669 6511)
4(6972 3130 3106 6948)
3(3106 3130 5185)
3(5186 4575 1714)
3(9028 5186 8417)
3(5186 4575 8417)
4(5556 1714 5186 9028)
3(5186 1714 2991)
3(5556 1714 2991)
3(5556 2991 6833)
3(6833 2991 5186)
3(6833 5186 9028)
3(4700 1718 3479)
3(8542 4700 5560)
3(4700 1718 5560)
4(5560 1718 3479 7321)
3(7321 3479 8542)
3(3479 4700 8542)
3(4700 3479 5186)
3(7321 3479 5186)
3(7321 5186 9028)
3(9028 5186 8542)
3(5186 4700 8542)
3(5186 2991 1719)
3(6833 2991 5561)
3(2991 1719 5561)
3(5561 1719 5186)
3(5561 5186 9028)
3(5186 1719 4700)
3(5561 1719 4700)
3(5561 4700 8542)
3(5186 3348 2006)
3(9028 5186 7190)
3(5186 3348 7190)
3(5848 2006 5186)
3(5848 5186 9028)
3(5186 2006 4575)
3(3479 2007 3361)
4(7321 3479 2007 5849)
4(7203 3361 3479 7321)
3(3479 3361 5186)
3(7203 3361 5186)
3(7203 5186 9028)
3(3361 2008 3348)
3(7190 3348 3361)
3(7190 3361 7203)
3(3361 3348 5186)
3(3183 2479 3431)
3(7025 3183 6321)
3(3183 2479 6321)
3(6321 2479 3431)
3(6321 3431 7273)
3(7273 3431 7025)
3(3431 3183 7025)
3(3183 3431 5187)
3(7273 3431 5187)
3(7273 5187 9029)
3(9029 5187 7025)
3(5187 3183 7025)
3(3431 2480 3246)
3(7273 3431 6322)
3(3431 2480 6322)
4(7088 3246 3431 7273)
3(3431 3246 5187)
3(7088 3246 5187)
3(7088 5187 9029)
3(5187 3950 2665)
3(9029 5187 7792)
3(5187 3950 7792)
4(7792 3950 2665 6507)
3(6507 2665 5187)
3(6507 5187 9029)
3(5187 2665 3183)
3(6507 2665 3183)
3(6507 3183 7025)
3(5187 4020 2666)
3(9029 5187 7862)
3(5187 4020 7862)
4(6508 2666 5187 9029)
3(5187 2666 3950)
4(6508 2666 3950 7792)
3(3246 2671 3013)
3(6855 3013 3246)
3(6855 3246 7088)
3(3246 3013 5187)
3(6855 3013 5187)
3(6855 5187 9029)
3(5187 3013 2672)
3(6514 2672 5187)
3(6514 5187 9029)
3(5187 2672 4020)
3(4767 1710 4150)
3(8609 4767 5552)
3(4767 1710 5552)
3(5552 1710 4150)
3(5552 4150 7992)
3(7992 4150 4767)
3(7992 4767 8609)
3(4767 4150 5188)
3(7992 4150 5188)
3(7992 5188 9030)
4(9030 5188 4767 8609)
3(4810 1712 3642)
3(7484 3642 8652)
3(3642 4810 8652)
3(4810 3642 5188)
4(7484 3642 5188 9030)
3(9030 5188 8652)
3(5188 4810 8652)
3(4150 1713 4810)
3(7992 4150 5555)
3(4150 1713 5555)
4(8652 4810 4150 7992)
3(4150 4810 5188)
3(5188 4594 2049)
3(9030 5188 8436)
3(5188 4594 8436)
3(8436 4594 5891)
3(4594 2049 5891)
3(5891 2049 5188)
3(5891 5188 9030)
3(5188 2049 4767)
3(5891 2049 4767)
3(5891 4767 8609)
3(5188 3642 2260)
3(6102 2260 5188)
3(6102 5188 9030)
3(5188 2260 3077)
3(6919 3077 5188)
3(6919 5188 9030)
3(5188 3077 2261)
4(6103 2261 5188 9030)
3(5188 2261 4594)
3(6103 2261 4594)
3(6103 4594 8436)
3(5189 3435 2138)
4(9031 5189 3435 7277)
3(5980 2138 5189)
3(5980 5189 9031)
3(5189 2138 3797)
4(5980 2138 3797 7639)
3(7639 3797 5189)
3(7639 5189 9031)
3(5189 3797 2139)
4(7639 3797 2139 5981)
3(5981 2139 5189)
3(5981 5189 9031)
3(5189 2139 3045)
3(5981 2139 3045)
3(5981 3045 6887)
3(6887 3045 5189)
3(6887 5189 9031)
3(5189 2969 2147)
3(9031 5189 6811)
3(5189 2969 6811)
3(5989 2147 5189)
3(5989 5189 9031)
3(5189 2147 3435)
3(4070 2148 2969)
3(6811 2969 4070)
3(6811 4070 7912)
3(4070 2969 5189)
3(9031 5189 7912)
3(5189 4070 7912)
3(3045 2621 3976)
3(6887 3045 6463)
3(3045 2621 6463)
3(6463 2621 3976)
3(6463 3976 7818)
3(7818 3976 6887)
3(3976 3045 6887)
3(3045 3976 5189)
4(7818 3976 5189 9031)
3(3976 2623 4070)
3(7818 3976 6465)
3(3976 2623 6465)
3(7912 4070 3976)
3(7912 3976 7818)
3(3976 4070 5189)
3(5190 3399 2882)
3(9032 5190 7241)
3(5190 3399 7241)
3(6724 2882 5190)
3(6724 5190 9032)
3(5190 2882 4075)
3(7917 4075 5190)
3(7917 5190 9032)
3(5190 4075 2885)
3(6727 2885 5190)
3(6727 5190 9032)
3(5190 2885 2983)
3(6727 2885 2983)
3(6727 2983 6825)
4(6825 2983 5190 9032)
3(3443 2886 3399)
3(7241 3399 3443)
3(7241 3443 7285)
3(3443 3399 5190)
4(9032 5190 3443 7285)
3(3426 2892 3443)
4(7268 3426 2892 6734)
3(7285 3443 7268)
3(3443 3426 7268)
3(3426 3443 5190)
3(9032 5190 7268)
3(5190 3426 7268)
3(5190 2983 2900)
3(6825 2983 6742)
3(2983 2900 6742)
3(6742 2900 5190)
3(6742 5190 9032)
3(5190 2900 4648)
3(6742 2900 4648)
3(6742 4648 8490)
3(8490 4648 5190)
3(8490 5190 9032)
3(4648 2902 3426)
3(8490 4648 6744)
3(4648 2902 6744)
4(6744 2902 3426 7268)
3(7268 3426 4648)
3(7268 4648 8490)
3(4648 3426 5190)
3(5191 4089 1993)
4(9033 5191 4089 7931)
3(7931 4089 5835)
3(4089 1993 5835)
3(5835 1993 5191)
3(5835 5191 9033)
3(5191 1993 3142)
3(5835 1993 3142)
3(5835 3142 6984)
3(6984 3142 5191)
3(6984 5191 9033)
3(5191 4036 1994)
3(9033 5191 7878)
3(5191 4036 7878)
3(5836 1994 5191)
3(5836 5191 9033)
3(5191 1994 4089)
3(5836 1994 4089)
3(5836 4089 7931)
3(3142 1995 3903)
3(6984 3142 5837)
3(3142 1995 5837)
4(5837 1995 3903 7745)
3(7745 3903 3142)
3(7745 3142 6984)
3(3142 3903 5191)
3(7745 3903 5191)
3(7745 5191 9033)
3(5191 3072 1996)
3(9033 5191 6914)
3(5191 3072 6914)
3(5838 1996 5191)
3(5838 5191 9033)
3(5191 1996 4036)
3(4654 2228 3072)
3(6914 3072 4654)
3(6914 4654 8496)
3(4654 3072 5191)
4(9033 5191 4654 8496)
3(3903 2229 4654)
4(7745 3903 2229 6071)
3(8496 4654 7745)
3(4654 3903 7745)
3(3903 4654 5191)
3(3084 2496 3475)
3(6926 3084 6338)
3(3084 2496 6338)
3(7317 3475 3084)
3(7317 3084 6926)
3(3084 3475 5192)
3(7317 3475 5192)
3(7317 5192 9034)
4(9034 5192 3084 6926)
3(5192 3626 2497)
4(9034 5192 3626 7468)
3(6339 2497 5192)
3(6339 5192 9034)
3(5192 2497 3535)
4(6339 2497 3535 7377)
3(7377 3535 5192)
3(7377 5192 9034)
3(3475 2499 3075)
3(6917 3075 3475)
3(6917 3475 7317)
3(3475 3075 5192)
3(6917 3075 5192)
3(6917 5192 9034)
3(5192 3075 2500)
3(6342 2500 5192)
3(6342 5192 9034)
3(5192 2500 3626)
3(5192 3535 2722)
4(7377 3535 2722 6564)
3(6564 2722 5192)
3(6564 5192 9034)
3(5192 2722 4741)
3(6564 2722 4741)
3(6564 4741 8583)
3(8583 4741 5192)
3(8583 5192 9034)
3(4741 2724 3084)
3(8583 4741 6566)
3(4741 2724 6566)
3(6566 2724 3084)
3(6566 3084 6926)
3(6926 3084 8583)
3(3084 4741 8583)
3(4741 3084 5192)
3(4722 2407 4228)
3(8070 4228 4722)
3(8070 4722 8564)
3(4722 4228 5193)
3(8070 4228 5193)
3(8070 5193 9035)
3(9035 5193 8564)
3(5193 4722 8564)
3(5193 4228 2408)
3(6250 2408 5193)
3(6250 5193 9035)
3(5193 2408 4565)
4(8407 4565 5193 9035)
3(5193 4565 2624)
3(6466 2624 5193)
3(6466 5193 9035)
3(5193 2624 3200)
3(6466 2624 3200)
3(6466 3200 7042)
3(7042 3200 5193)
3(7042 5193 9035)
3(5193 3200 2800)
3(7042 3200 6642)
3(3200 2800 6642)
3(6642 2800 5193)
3(6642 5193 9035)
3(5193 2800 3938)
3(6642 2800 3938)
3(6642 3938 7780)
3(7780 3938 5193)
3(7780 5193 9035)
3(3938 2861 4016)
3(7780 3938 6703)
3(3938 2861 6703)
3(6703 2861 4016)
3(6703 4016 7858)
3(7858 4016 7780)
3(4016 3938 7780)
3(3938 4016 5193)
3(7858 4016 5193)
3(7858 5193 9035)
3(4016 2863 4722)
3(7858 4016 6705)
3(4016 2863 6705)
3(8564 4722 4016)
3(8564 4016 7858)
3(4016 4722 5193)
3(3240 2887 4320)
3(8162 4320 3240)
3(8162 3240 7082)
3(3240 4320 5194)
3(8162 4320 5194)
3(8162 5194 9036)
4(9036 5194 3240 7082)
3(3202 2888 3240)
3(7044 3202 6730)
3(3202 2888 6730)
3(7082 3240 7044)
3(3240 3202 7044)
3(3202 3240 5194)
3(9036 5194 7044)
3(5194 3202 7044)
3(5194 4320 2894)
3(6736 2894 5194)
3(6736 5194 9036)
3(5194 2894 3388)
3(7230 3388 5194)
3(7230 5194 9036)
3(5194 3388 2904)
3(6746 2904 5194)
3(6746 5194 9036)
3(5194 2904 4672)
3(6746 2904 4672)
3(6746 4672 8514)
3(8514 4672 5194)
3(8514 5194 9036)
3(3944 2906 3202)
3(7786 3944 6748)
3(3944 2906 6748)
3(6748 2906 3202)
3(6748 3202 7044)
3(7044 3202 7786)
3(3202 3944 7786)
3(3944 3202 5194)
3(9036 5194 7786)
3(5194 3944 7786)
3(5194 4672 2913)
3(8514 4672 6755)
3(4672 2913 6755)
3(6755 2913 5194)
3(6755 5194 9036)
3(5194 2913 3944)
3(6755 2913 3944)
3(6755 3944 7786)
3(5195 4306 1989)
3(9037 5195 8148)
3(5195 4306 8148)
3(8148 4306 5831)
3(4306 1989 5831)
3(5831 1989 5195)
3(5831 5195 9037)
3(5195 1989 3575)
3(5831 1989 3575)
3(5831 3575 7417)
3(7417 3575 5195)
3(7417 5195 9037)
3(3575 1990 4800)
3(7417 3575 5832)
3(3575 1990 5832)
3(5832 1990 4800)
3(5832 4800 8642)
3(8642 4800 7417)
3(4800 3575 7417)
3(3575 4800 5195)
3(8642 4800 5195)
3(8642 5195 9037)
3(4800 1991 4543)
3(8642 4800 5833)
3(4800 1991 5833)
3(8385 4543 8642)
3(4543 4800 8642)
3(4800 4543 5195)
4(8385 4543 5195 9037)
3(4543 1992 4327)
3(8169 4327 4543)
3(8169 4543 8385)
3(4543 4327 5195)
3(8169 4327 5195)
3(8169 5195 9037)
3(5195 4327 2230)
3(6072 2230 5195)
3(6072 5195 9037)
3(5195 2230 4386)
3(8228 4386 5195)
3(8228 5195 9037)
3(5195 4386 2233)
3(6075 2233 5195)
3(6075 5195 9037)
3(5195 2233 4306)
3(6075 2233 4306)
3(6075 4306 8148)
3(5196 3981 2250)
3(9038 5196 7823)
3(5196 3981 7823)
3(6092 2250 5196)
3(6092 5196 9038)
3(5196 2250 4657)
4(8499 4657 5196 9038)
3(5196 4657 2251)
3(6093 2251 5196)
3(6093 5196 9038)
3(5196 2251 3310)
3(6093 2251 3310)
3(6093 3310 7152)
3(7152 3310 5196)
3(7152 5196 9038)
3(5196 3310 2252)
3(7152 3310 6094)
3(3310 2252 6094)
3(6094 2252 5196)
3(6094 5196 9038)
3(5196 2252 4062)
3(6094 2252 4062)
3(6094 4062 7904)
3(7904 4062 5196)
3(7904 5196 9038)
3(4062 2253 4766)
3(7904 4062 6095)
3(4062 2253 6095)
3(6095 2253 4766)
3(6095 4766 8608)
3(8608 4766 7904)
3(4766 4062 7904)
3(4062 4766 5196)
3(8608 4766 5196)
3(8608 5196 9038)
3(4766 2482 4041)
3(8608 4766 6324)
3(4766 2482 6324)
3(7883 4041 4766)
3(7883 4766 8608)
3(4766 4041 5196)
3(7883 4041 5196)
3(7883 5196 9038)
3(4041 2483 3981)
3(7823 3981 4041)
3(7823 4041 7883)
3(4041 3981 5196)
3(4637 1730 3018)
3(8479 4637 5572)
3(4637 1730 5572)
3(5572 1730 3018)
3(5572 3018 6860)
4(6860 3018 4637 8479)
3(4637 3018 5197)
3(6860 3018 5197)
3(6860 5197 9039)
3(9039 5197 8479)
3(5197 4637 8479)
3(3018 1731 3866)
3(6860 3018 5573)
3(3018 1731 5573)
3(7708 3866 3018)
3(7708 3018 6860)
3(3018 3866 5197)
3(7708 3866 5197)
3(7708 5197 9039)
3(3866 1732 2996)
3(6838 2996 3866)
3(6838 3866 7708)
3(3866 2996 5197)
3(6838 2996 5197)
3(6838 5197 9039)
3(5197 2996 1889)
3(5731 1889 5197)
3(5731 5197 9039)
3(5197 1889 3875)
3(7717 3875 5197)
3(7717 5197 9039)
3(5197 2975 2136)
3(9039 5197 6817)
3(5197 2975 6817)
3(6817 2975 5978)
3(2975 2136 5978)
3(5978 2136 5197)
3(5978 5197 9039)
3(5197 2136 4637)
3(5978 2136 4637)
3(5978 4637 8479)
3(5197 3875 2137)
3(5979 2137 5197)
3(5979 5197 9039)
3(5197 2137 2975)
3(5979 2137 2975)
3(5979 2975 6817)
3(5198 3673 1860)
3(9040 5198 7515)
3(5198 3673 7515)
3(5702 1860 5198)
3(5702 5198 9040)
3(5198 1860 3194)
3(5702 1860 3194)
3(5702 3194 7036)
3(7036 3194 5198)
3(7036 5198 9040)
3(5198 3620 1861)
3(9040 5198 7462)
3(5198 3620 7462)
3(5703 1861 5198)
3(5703 5198 9040)
3(5198 1861 3673)
3(5198 3194 2067)
3(7036 3194 5909)
3(3194 2067 5909)
3(5909 2067 5198)
3(5909 5198 9040)
3(5198 2067 4647)
3(5909 2067 4647)
3(5909 4647 8489)
3(8489 4647 5198)
3(8489 5198 9040)
3(3510 2111 3620)
4(7462 3620 3510 7352)
3(3510 3620 5198)
3(9040 5198 7352)
3(5198 3510 7352)
3(4647 2378 2982)
3(8489 4647 6220)
3(4647 2378 6220)
3(6220 2378 2982)
3(6220 2982 6824)
3(6824 2982 4647)
3(6824 4647 8489)
3(4647 2982 5198)
3(6824 2982 5198)
3(6824 5198 9040)
3(2982 2379 3510)
3(6824 2982 6221)
3(2982 2379 6221)
3(7352 3510 6824)
3(3510 2982 6824)
3(2982 3510 5198)
3(5199 4150 1710)
3(9041 5199 7992)
3(5199 4150 7992)
3(5552 1710 5199)
3(5552 5199 9041)
3(5199 1710 3855)
3(5552 1710 3855)
3(5552 3855 7697)
3(7697 3855 5199)
3(7697 5199 9041)
3(5199 3259 1713)
3(9041 5199 7101)
3(5199 3259 7101)
3(5555 1713 5199)
3(5555 5199 9041)
3(5199 1713 4150)
3(2991 1714 3259)
4(7101 3259 2991 6833)
3(2991 3259 5199)
3(9041 5199 6833)
3(5199 2991 6833)
3(5199 3855 1717)
3(7697 3855 5559)
3(3855 1717 5559)
3(5559 1717 5199)
3(5559 5199 9041)
3(5199 1717 3315)
3(5559 1717 3315)
3(5559 3315 7157)
3(7157 3315 5199)
3(7157 5199 9041)
3(3605 1719 2991)
3(7447 3605 5561)
3(3605 1719 5561)
3(6833 2991 7447)
3(2991 3605 7447)
3(3605 2991 5199)
3(9041 5199 7447)
3(5199 3605 7447)
3(3315 1720 3605)
3(7157 3315 5562)
3(3315 1720 5562)
3(5562 1720 3605)
3(5562 3605 7447)
3(7447 3605 3315)
3(7447 3315 7157)
3(3315 3605 5199)
3(5200 3728 2048)
3(9042 5200 7570)
3(5200 3728 7570)
3(7570 3728 5890)
3(3728 2048 5890)
3(5890 2048 5200)
3(5890 5200 9042)
3(5200 2048 4739)
3(5890 2048 4739)
3(5890 4739 8581)
3(8581 4739 5200)
3(8581 5200 9042)
3(3492 2049 4594)
3(7334 3492 5891)
3(3492 2049 5891)
3(8436 4594 3492)
3(8436 3492 7334)
3(3492 4594 5200)
3(8436 4594 5200)
3(8436 5200 9042)
3(9042 5200 7334)
3(5200 3492 7334)
3(4739 2050 3492)
3(8581 4739 5892)
3(4739 2050 5892)
3(5892 2050 3492)
3(5892 3492 7334)
4(7334 3492 4739 8581)
3(4739 3492 5200)
3(4594 2261 3263)
3(7105 3263 4594)
3(7105 4594 8436)
3(4594 3263 5200)
3(7105 3263 5200)
3(7105 5200 9042)
3(5200 3431 2479)
3(9042 5200 7273)
3(5200 3431 7273)
3(6321 2479 5200)
3(6321 5200 9042)
3(5200 2479 3728)
3(6321 2479 3728)
3(6321 3728 7570)
3(5200 3263 2480)
3(6322 2480 5200)
3(6322 5200 9042)
3(5200 2480 3431)
3(5201 2961 2394)
3(9043 5201 6803)
3(5201 2961 6803)
3(6236 2394 5201)
3(6236 5201 9043)
3(5201 2394 4424)
3(8266 4424 5201)
3(8266 5201 9043)
3(3079 2395 2961)
4(6803 2961 3079 6921)
3(3079 2961 5201)
3(9043 5201 6921)
3(5201 3079 6921)
3(3199 2396 3079)
3(7041 3199 6238)
3(3199 2396 6238)
3(6921 3079 7041)
3(3079 3199 7041)
3(3199 3079 5201)
3(9043 5201 7041)
3(5201 3199 7041)
3(3935 2397 3199)
3(7777 3935 6239)
3(3935 2397 6239)
3(6239 2397 3199)
3(6239 3199 7041)
3(7041 3199 3935)
3(7041 3935 7777)
3(3935 3199 5201)
3(9043 5201 7777)
3(5201 3935 7777)
3(5201 3499 2860)
3(9043 5201 7341)
3(5201 3499 7341)
3(7341 3499 6702)
3(3499 2860 6702)
4(6702 2860 5201 9043)
3(5201 2860 3935)
3(6702 2860 3935)
3(6702 3935 7777)
3(5201 4424 2862)
3(6704 2862 5201)
3(6704 5201 9043)
3(5201 2862 3499)
3(6704 2862 3499)
3(6704 3499 7341)
3(5202 2967 2603)
3(9044 5202 6809)
3(5202 2967 6809)
4(6445 2603 5202 9044)
3(5202 2603 4031)
3(7873 4031 5202)
3(7873 5202 9044)
3(5202 4031 2604)
3(6446 2604 5202)
3(6446 5202 9044)
3(5202 2604 4796)
3(6446 2604 4796)
3(6446 4796 8638)
3(8638 4796 5202)
3(8638 5202 9044)
3(5202 4796 2857)
3(8638 4796 6699)
3(4796 2857 6699)
3(6699 2857 5202)
3(6699 5202 9044)
3(5202 2857 3569)
3(6699 2857 3569)
3(6699 3569 7411)
3(7411 3569 5202)
3(7411 5202 9044)
3(3150 2914 4433)
3(6992 3150 6756)
3(3150 2914 6756)
3(8275 4433 3150)
3(8275 3150 6992)
3(3150 4433 5202)
3(8275 4433 5202)
3(8275 5202 9044)
3(9044 5202 6992)
3(5202 3150 6992)
3(3569 2921 3150)
3(7411 3569 6763)
3(3569 2921 6763)
3(6763 2921 3150)
3(6763 3150 6992)
4(6992 3150 3569 7411)
3(3569 3150 5202)
3(4433 2922 2967)
3(6809 2967 8275)
3(2967 4433 8275)
3(4433 2967 5202)
3(5203 3479 1718)
3(9045 5203 7321)
3(5203 3479 7321)
3(5560 1718 5203)
3(5560 5203 9045)
3(5203 1718 4799)
3(5560 1718 4799)
3(5560 4799 8641)
3(8641 4799 5203)
3(8641 5203 9045)
3(5203 4547 2007)
3(9045 5203 8389)
3(5203 4547 8389)
4(5849 2007 5203 9045)
3(5203 2007 3479)
3(5203 4799 2037)
3(8641 4799 5879)
3(4799 2037 5879)
3(5879 2037 5203)
3(5879 5203 9045)
3(5203 2037 3571)
3(5879 2037 3571)
3(5879 3571 7413)
3(7413 3571 5203)
3(7413 5203 9045)
3(3571 2038 3158)
3(7413 3571 5880)
3(3571 2038 5880)
3(5880 2038 3158)
3(5880 3158 7000)
4(7000 3158 3571 7413)
3(3571 3158 5203)
3(7000 3158 5203)
3(7000 5203 9045)
3(4111 2231 4547)
3(8389 4547 7953)
3(4547 4111 7953)
3(4111 4547 5203)
3(9045 5203 7953)
3(5203 4111 7953)
3(3158 2232 4111)
3(7000 3158 6074)
3(3158 2232 6074)
3(7953 4111 3158)
3(7953 3158 7000)
3(3158 4111 5203)
3(3686 2664 2971)
3(7528 3686 6506)
3(3686 2664 6506)
3(6506 2664 2971)
3(6506 2971 6813)
3(6813 2971 3686)
3(6813 3686 7528)
3(3686 2971 5204)
3(6813 2971 5204)
3(6813 5204 9046)
3(9046 5204 7528)
3(5204 3686 7528)
3(2971 2665 3950)
3(6813 2971 6507)
3(2971 2665 6507)
3(7792 3950 6813)
3(3950 2971 6813)
3(2971 3950 5204)
3(7792 3950 5204)
3(7792 5204 9046)
3(3950 2666 4553)
4(8395 4553 3950 7792)
3(3950 4553 5204)
3(8395 4553 5204)
3(8395 5204 9046)
3(5204 3235 2667)
3(9046 5204 7077)
3(5204 3235 7077)
3(7077 3235 6509)
3(3235 2667 6509)
4(6509 2667 5204 9046)
3(5204 2667 3686)
3(6509 2667 3686)
3(6509 3686 7528)
3(5204 3106 2668)
3(9046 5204 6948)
3(5204 3106 6948)
3(6510 2668 5204)
3(6510 5204 9046)
3(5204 2668 3235)
3(6510 2668 3235)
3(6510 3235 7077)
3(5204 4553 2669)
3(6511 2669 5204)
3(6511 5204 9046)
3(5204 2669 3106)
3(3692 2116 2974)
3(7534 3692 5958)
3(3692 2116 5958)
3(5958 2116 2974)
3(5958 2974 6816)
3(6816 2974 3692)
3(6816 3692 7534)
3(3692 2974 5205)
3(6816 2974 5205)
3(6816 5205 9047)
4(9047 5205 3692 7534)
3(3797 2138 4174)
3(8016 4174 7639)
3(4174 3797 7639)
3(3797 4174 5205)
4(8016 4174 5205 9047)
3(9047 5205 7639)
3(5205 3797 7639)
3(2974 2139 3797)
3(6816 2974 5981)
3(2974 2139 5981)
3(7639 3797 2974)
3(7639 2974 6816)
3(2974 3797 5205)
3(5205 4174 2380)
3(6222 2380 5205)
3(6222 5205 9047)
3(5205 2380 4023)
3(7865 4023 5205)
3(7865 5205 9047)
3(5205 4236 2384)
3(9047 5205 8078)
3(5205 4236 8078)
3(8078 4236 6226)
3(4236 2384 6226)
3(6226 2384 5205)
3(6226 5205 9047)
3(5205 2384 3692)
3(6226 2384 3692)
3(6226 3692 7534)
3(5205 4023 2385)
3(6227 2385 5205)
3(6227 5205 9047)
3(5205 2385 4236)
3(6227 2385 4236)
3(6227 4236 8078)
3(5206 4805 2892)
4(9048 5206 4805 8647)
3(6734 2892 5206)
3(6734 5206 9048)
3(5206 2892 3426)
3(7268 3426 5206)
3(7268 5206 9048)
3(4029 2901 4805)
3(8647 4805 7871)
3(4805 4029 7871)
3(4029 4805 5206)
3(9048 5206 7871)
3(5206 4029 7871)
3(5206 3426 2902)
3(6744 2902 5206)
3(6744 5206 9048)
3(5206 2902 3600)
3(6744 2902 3600)
3(6744 3600 7442)
3(7442 3600 5206)
3(7442 5206 9048)
3(2947 2910 4029)
3(6789 2947 6752)
3(2947 2910 6752)
3(7871 4029 2947)
3(7871 2947 6789)
3(2947 4029 5206)
3(9048 5206 6789)
3(5206 2947 6789)
3(5206 3600 2911)
3(7442 3600 6753)
3(3600 2911 6753)
3(6753 2911 5206)
3(6753 5206 9048)
3(5206 2911 4336)
3(6753 2911 4336)
3(6753 4336 8178)
4(8178 4336 5206 9048)
3(4336 2919 2947)
3(8178 4336 6761)
3(4336 2919 6761)
3(6761 2919 2947)
3(6761 2947 6789)
3(6789 2947 4336)
3(6789 4336 8178)
3(4336 2947 5206)
3(5207 4576 1709)
3(9049 5207 8418)
3(5207 4576 8418)
3(8418 4576 5551)
3(4576 1709 5551)
3(5551 1709 5207)
3(5551 5207 9049)
3(5207 1709 3989)
3(5551 1709 3989)
3(5551 3989 7831)
4(7831 3989 5207 9049)
3(5207 3903 1995)
3(9049 5207 7745)
3(5207 3903 7745)
3(5837 1995 5207)
3(5837 5207 9049)
3(5207 1995 4576)
3(5837 1995 4576)
3(5837 4576 8418)
3(3989 2024 3891)
3(7831 3989 5866)
3(3989 2024 5866)
3(5866 2024 3891)
3(5866 3891 7733)
3(7733 3891 3989)
3(7733 3989 7831)
3(3989 3891 5207)
3(7733 3891 5207)
3(7733 5207 9049)
3(3891 2026 4510)
3(7733 3891 5868)
3(3891 2026 5868)
3(8352 4510 3891)
3(8352 3891 7733)
3(3891 4510 5207)
3(8352 4510 5207)
3(8352 5207 9049)
3(5207 4510 2226)
3(6068 2226 5207)
3(6068 5207 9049)
3(5207 2226 3389)
4(7231 3389 5207 9049)
3(5207 3389 2229)
3(6071 2229 5207)
3(6071 5207 9049)
3(5207 2229 3903)
3(5208 3042 2258)
3(9050 5208 6884)
3(5208 3042 6884)
3(6884 3042 6100)
3(3042 2258 6100)
3(6100 2258 5208)
3(6100 5208 9050)
3(5208 2258 4446)
3(6100 2258 4446)
3(6100 4446 8288)
4(8288 4446 5208 9050)
3(3535 2497 3067)
3(6909 3067 7377)
3(3067 3535 7377)
3(3535 3067 5208)
4(6909 3067 5208 9050)
3(9050 5208 7377)
3(5208 3535 7377)
3(3067 2505 3655)
3(7497 3655 3067)
3(7497 3067 6909)
3(3067 3655 5208)
3(7497 3655 5208)
3(7497 5208 9050)
3(5208 3655 2506)
3(6348 2506 5208)
3(6348 5208 9050)
3(5208 2506 3042)
3(6348 2506 3042)
3(6348 3042 6884)
3(4446 2720 3726)
3(8288 4446 6562)
3(4446 2720 6562)
3(6562 2720 3726)
3(6562 3726 7568)
3(7568 3726 4446)
3(7568 4446 8288)
3(4446 3726 5208)
3(7568 3726 5208)
3(7568 5208 9050)
3(3726 2722 3535)
3(7568 3726 6564)
3(3726 2722 6564)
3(7377 3535 3726)
3(7377 3726 7568)
3(3726 3535 5208)
3(4603 2383 2951)
3(8445 4603 6225)
3(4603 2383 6225)
3(6225 2383 2951)
3(6225 2951 6793)
3(6793 2951 4603)
3(6793 4603 8445)
3(4603 2951 5209)
3(6793 2951 5209)
3(6793 5209 9051)
3(9051 5209 8445)
3(5209 4603 8445)
3(2951 2384 4236)
3(6793 2951 6226)
3(2951 2384 6226)
3(8078 4236 6793)
3(4236 2951 6793)
3(2951 4236 5209)
3(8078 4236 5209)
3(8078 5209 9051)
3(4236 2385 4530)
4(8372 4530 4236 8078)
3(4236 4530 5209)
3(8372 4530 5209)
3(8372 5209 9051)
3(5209 4530 2605)
3(6447 2605 5209)
3(6447 5209 9051)
3(5209 2605 2986)
3(6828 2986 5209)
3(6828 5209 9051)
3(5209 3991 2610)
3(9051 5209 7833)
3(5209 3991 7833)
3(7833 3991 6452)
3(3991 2610 6452)
4(6452 2610 5209 9051)
3(5209 2610 4603)
3(6452 2610 4603)
3(6452 4603 8445)
3(5209 2986 2612)
3(6454 2612 5209)
3(6454 5209 9051)
3(5209 2612 3991)
3(6454 2612 3991)
3(6454 3991 7833)
3(4583 2540 3211)
3(7053 3211 8425)
3(3211 4583 8425)
3(4583 3211 5210)
3(7053 3211 5210)
3(7053 5210 9052)
3(9052 5210 8425)
3(5210 4583 8425)
3(4650 2541 4583)
3(8492 4650 6383)
3(4650 2541 6383)
3(8425 4583 4650)
3(8425 4650 8492)
3(4650 4583 5210)
3(9052 5210 8492)
3(5210 4650 8492)
3(3267 2699 4650)
3(7109 3267 6541)
3(3267 2699 6541)
3(6541 2699 4650)
3(6541 4650 8492)
4(8492 4650 3267 7109)
3(3267 4650 5210)
3(9052 5210 7109)
3(5210 3267 7109)
3(5210 3568 2701)
3(9052 5210 7410)
3(5210 3568 7410)
3(7410 3568 6543)
3(3568 2701 6543)
3(6543 2701 5210)
3(6543 5210 9052)
3(5210 2701 3267)
3(6543 2701 3267)
3(6543 3267 7109)
3(5210 3211 2910)
4(6752 2910 5210 9052)
3(5210 2910 2947)
3(6789 2947 5210)
3(6789 5210 9052)
3(5210 2947 2919)
3(6761 2919 5210)
3(6761 5210 9052)
3(5210 2919 3568)
3(6761 2919 3568)
3(6761 3568 7410)
3(5211 3214 2023)
3(9053 5211 7056)
3(5211 3214 7056)
3(7056 3214 5865)
3(3214 2023 5865)
3(5865 2023 5211)
3(5865 5211 9053)
3(5211 2023 4250)
3(5865 2023 4250)
3(5865 4250 8092)
3(8092 4250 5211)
3(8092 5211 9053)
3(5211 3891 2024)
3(9053 5211 7733)
3(5211 3891 7733)
3(5866 2024 5211)
3(5866 5211 9053)
3(5211 2024 3214)
3(5866 2024 3214)
3(5866 3214 7056)
3(4250 2025 4277)
3(8092 4250 5867)
3(4250 2025 5867)
3(5867 2025 4277)
3(5867 4277 8119)
4(8119 4277 4250 8092)
3(4250 4277 5211)
3(8119 4277 5211)
3(8119 5211 9053)
3(5211 3718 2026)
3(9053 5211 7560)
3(5211 3718 7560)
4(5868 2026 5211 9053)
3(5211 2026 3891)
3(5211 3674 2027)
3(9053 5211 7516)
3(5211 3674 7516)
3(5869 2027 5211)
3(5869 5211 9053)
3(5211 2027 3718)
3(4277 2028 3674)
3(8119 4277 5870)
3(4277 2028 5870)
3(7516 3674 4277)
3(7516 4277 8119)
3(4277 3674 5211)
3(3685 2258 3042)
3(7527 3685 6100)
3(3685 2258 6100)
3(6884 3042 7527)
3(3042 3685 7527)
3(3685 3042 5212)
3(6884 3042 5212)
3(6884 5212 9054)
3(9054 5212 7527)
3(5212 3685 7527)
3(3042 2506 4170)
4(8012 4170 3042 6884)
3(3042 4170 5212)
3(8012 4170 5212)
3(8012 5212 9054)
3(5212 4743 2547)
3(9054 5212 8585)
3(5212 4743 8585)
3(8585 4743 6389)
3(4743 2547 6389)
4(6389 2547 5212 9054)
3(5212 2547 3376)
3(6389 2547 3376)
3(6389 3376 7218)
3(7218 3376 5212)
3(7218 5212 9054)
3(3376 2548 3685)
3(7218 3376 6390)
3(3376 2548 6390)
3(6390 2548 3685)
3(6390 3685 7527)
3(7527 3685 3376)
3(7527 3376 7218)
3(3376 3685 5212)
3(5212 4312 2725)
3(9054 5212 8154)
3(5212 4312 8154)
3(6567 2725 5212)
3(6567 5212 9054)
3(5212 2725 4743)
3(6567 2725 4743)
3(6567 4743 8585)
3(4170 2726 4312)
3(8154 4312 4170)
3(8154 4170 8012)
3(4170 4312 5212)
3(5213 4331 2609)
3(9055 5213 8173)
3(5213 4331 8173)
3(8173 4331 6451)
3(4331 2609 6451)
3(6451 2609 5213)
3(6451 5213 9055)
3(5213 2609 4831)
4(6451 2609 4831 8673)
3(8673 4831 5213)
3(8673 5213 9055)
3(4831 2610 3991)
4(8673 4831 2610 6452)
3(7833 3991 8673)
3(3991 4831 8673)
3(4831 3991 5213)
4(7833 3991 5213 9055)
3(5213 3413 2611)
3(9055 5213 7255)
3(5213 3413 7255)
3(7255 3413 6453)
3(3413 2611 6453)
3(6453 2611 5213)
3(6453 5213 9055)
3(5213 2611 4331)
3(6453 2611 4331)
3(6453 4331 8173)
3(3991 2612 3469)
3(7311 3469 3991)
3(7311 3991 7833)
3(3991 3469 5213)
3(7311 3469 5213)
3(7311 5213 9055)
3(5213 3514 2613)
3(9055 5213 7356)
3(5213 3514 7356)
3(6455 2613 5213)
3(6455 5213 9055)
3(5213 2613 3413)
3(6455 2613 3413)
3(6455 3413 7255)
3(5213 3469 2614)
3(6456 2614 5213)
3(6456 5213 9055)
3(5213 2614 3514)
3(5214 3135 2541)
3(9056 5214 6977)
3(5214 3135 6977)
3(6383 2541 5214)
3(6383 5214 9056)
3(5214 2541 4650)
4(8492 4650 5214 9056)
3(5214 4650 2699)
3(6541 2699 5214)
3(6541 5214 9056)
3(5214 2699 4477)
4(6541 2699 4477 8319)
3(8319 4477 5214)
3(8319 5214 9056)
3(4477 2700 3321)
4(8319 4477 2700 6542)
3(6542 2700 3321)
3(6542 3321 7163)
3(7163 3321 8319)
3(3321 4477 8319)
3(4477 3321 5214)
3(7163 3321 5214)
3(7163 5214 9056)
3(2988 2704 3135)
3(6977 3135 6830)
3(3135 2988 6830)
3(2988 3135 5214)
3(9056 5214 6830)
3(5214 2988 6830)
3(3321 2706 4381)
3(7163 3321 6548)
3(3321 2706 6548)
3(6548 2706 4381)
3(6548 4381 8223)
3(8223 4381 7163)
3(4381 3321 7163)
3(3321 4381 5214)
3(8223 4381 5214)
3(8223 5214 9056)
3(4381 2707 2988)
3(8223 4381 6549)
3(4381 2707 6549)
3(6830 2988 4381)
3(6830 4381 8223)
3(4381 2988 5214)
3(5215 3031 1685)
3(9057 5215 6873)
3(5215 3031 6873)
3(5527 1685 5215)
3(5527 5215 9057)
3(5215 1685 4806)
3(8648 4806 5215)
3(8648 5215 9057)
3(3090 1890 3031)
3(6932 3090 5732)
3(3090 1890 5732)
3(6873 3031 3090)
3(6873 3090 6932)
3(3090 3031 5215)
3(9057 5215 6932)
3(5215 3090 6932)
3(5215 4277 2025)
4(9057 5215 4277 8119)
3(5867 2025 5215)
3(5867 5215 9057)
3(5215 2025 4486)
4(5867 2025 4486 8328)
3(8328 4486 5215)
3(8328 5215 9057)
3(5215 4806 2028)
3(5870 2028 5215)
3(5870 5215 9057)
3(5215 2028 4277)
3(4486 2030 3987)
4(8328 4486 2030 5872)
3(5872 2030 3987)
3(5872 3987 7829)
3(7829 3987 8328)
3(3987 4486 8328)
3(4486 3987 5215)
3(7829 3987 5215)
3(7829 5215 9057)
3(3987 2031 3090)
3(7829 3987 5873)
3(3987 2031 5873)
3(5873 2031 3090)
3(5873 3090 6932)
3(6932 3090 7829)
3(3090 3987 7829)
3(3987 3090 5215)
3(5216 3462 2544)
3(9058 5216 7304)
3(5216 3462 7304)
3(6386 2544 5216)
3(6386 5216 9058)
3(5216 2544 4482)
3(6386 2544 4482)
3(6386 4482 8324)
3(8324 4482 5216)
3(8324 5216 9058)
3(5216 4482 2545)
3(8324 4482 6387)
3(4482 2545 6387)
3(6387 2545 5216)
3(6387 5216 9058)
3(5216 2545 3425)
3(6387 2545 3425)
3(6387 3425 7267)
3(7267 3425 5216)
3(7267 5216 9058)
3(5216 3425 2546)
3(7267 3425 6388)
3(3425 2546 6388)
3(6388 2546 5216)
3(6388 5216 9058)
3(5216 2546 4593)
4(6388 2546 4593 8435)
3(8435 4593 5216)
3(8435 5216 9058)
3(4593 2547 4743)
4(8435 4593 2547 6389)
3(8585 4743 8435)
3(4743 4593 8435)
3(4593 4743 5216)
4(8585 4743 5216 9058)
3(4743 2725 4814)
3(8656 4814 4743)
3(8656 4743 8585)
3(4743 4814 5216)
3(8656 4814 5216)
3(8656 5216 9058)
3(4814 2727 3462)
3(7304 3462 4814)
3(7304 4814 8656)
3(4814 3462 5216)
3(4600 1892 3565)
3(8442 4600 5734)
3(4600 1892 5734)
3(5734 1892 3565)
3(5734 3565 7407)
3(7407 3565 4600)
3(7407 4600 8442)
3(4600 3565 5217)
3(7407 3565 5217)
3(7407 5217 9059)
3(9059 5217 8442)
3(5217 4600 8442)
3(5217 2948 1893)
3(9059 5217 6790)
3(5217 2948 6790)
4(6790 2948 1893 5735)
3(5735 1893 5217)
3(5735 5217 9059)
3(5217 1893 4600)
3(5735 1893 4600)
3(5735 4600 8442)
3(5217 4035 1894)
3(9059 5217 7877)
3(5217 4035 7877)
3(5736 1894 5217)
3(5736 5217 9059)
3(5217 1894 3883)
3(7725 3883 5217)
3(7725 5217 9059)
3(5217 3883 1895)
3(5737 1895 5217)
3(5737 5217 9059)
3(5217 1895 2948)
4(5737 1895 2948 6790)
3(3565 2611 3413)
3(7407 3565 6453)
3(3565 2611 6453)
3(7255 3413 7407)
3(3413 3565 7407)
3(3565 3413 5217)
3(7255 3413 5217)
3(7255 5217 9059)
3(3413 2613 4035)
4(7877 4035 3413 7255)
3(3413 4035 5217)
3(5218 4381 2706)
3(9060 5218 8223)
3(5218 4381 8223)
3(6548 2706 5218)
3(6548 5218 9060)
3(5218 2706 3567)
3(6548 2706 3567)
3(6548 3567 7409)
3(7409 3567 5218)
3(7409 5218 9060)
3(5218 3473 2707)
3(9060 5218 7315)
3(5218 3473 7315)
3(6549 2707 5218)
3(6549 5218 9060)
3(5218 2707 4381)
3(2950 2708 3892)
4(6792 2950 2708 6550)
3(7734 3892 6792)
3(3892 2950 6792)
3(2950 3892 5218)
3(7734 3892 5218)
3(7734 5218 9060)
3(9060 5218 6792)
3(5218 2950 6792)
3(3892 2709 3473)
3(7315 3473 7734)
3(3473 3892 7734)
3(3892 3473 5218)
3(3266 2868 2950)
3(7108 3266 6710)
3(3266 2868 6710)
4(6710 2868 2950 6792)
4(6792 2950 3266 7108)
3(3266 2950 5218)
3(9060 5218 7108)
3(5218 3266 7108)
3(5218 3567 2871)
3(7409 3567 6713)
3(3567 2871 6713)
3(6713 2871 5218)
3(6713 5218 9060)
3(5218 2871 3266)
3(6713 2871 3266)
3(6713 3266 7108)
3(5219 3523 1890)
3(9061 5219 7365)
3(5219 3523 7365)
3(5732 1890 5219)
3(5732 5219 9061)
3(5219 1890 3090)
3(6932 3090 5219)
3(6932 5219 9061)
3(5219 4143 1891)
3(9061 5219 7985)
3(5219 4143 7985)
3(5733 1891 5219)
3(5733 5219 9061)
3(5219 1891 3523)
3(3996 1893 2948)
3(7838 3996 5735)
3(3996 1893 5735)
4(6790 2948 3996 7838)
3(3996 2948 5219)
3(6790 2948 5219)
3(6790 5219 9061)
3(9061 5219 7838)
3(5219 3996 7838)
3(2948 1895 4143)
3(7985 4143 6790)
3(4143 2948 6790)
3(2948 4143 5219)
3(5219 3090 2031)
3(5873 2031 5219)
3(5873 5219 9061)
3(5219 2031 3212)
3(5873 2031 3212)
3(5873 3212 7054)
3(7054 3212 5219)
3(7054 5219 9061)
3(5219 3212 2032)
3(7054 3212 5874)
3(3212 2032 5874)
3(5874 2032 5219)
3(5874 5219 9061)
3(5219 2032 3996)
3(5874 2032 3996)
3(5874 3996 7838)
3(3994 2542 4777)
3(8619 4777 3994)
3(8619 3994 7836)
3(3994 4777 5220)
3(8619 4777 5220)
3(8619 5220 9062)
3(9062 5220 7836)
3(5220 3994 7836)
3(4482 2544 3994)
4(7836 3994 4482 8324)
3(4482 3994 5220)
3(9062 5220 8324)
3(5220 4482 8324)
3(3218 2545 4482)
3(7060 3218 6387)
3(3218 2545 6387)
3(8324 4482 7060)
3(4482 3218 7060)
3(3218 4482 5220)
3(9062 5220 7060)
3(5220 3218 7060)
3(5220 4777 2708)
3(6550 2708 5220)
3(6550 5220 9062)
3(5220 2708 2950)
3(6792 2950 5220)
3(6792 5220 9062)
3(5220 2950 2868)
3(6710 2868 5220)
3(6710 5220 9062)
3(5220 2868 4655)
3(6710 2868 4655)
3(6710 4655 8497)
3(8497 4655 5220)
3(8497 5220 9062)
3(4655 2872 3218)
3(8497 4655 6714)
3(4655 2872 6714)
3(6714 2872 3218)
3(6714 3218 7060)
3(7060 3218 4655)
3(7060 4655 8497)
3(4655 3218 5220)
3(5221 3387 1663)
3(9063 5221 7229)
3(5221 3387 7229)
3(7229 3387 5505)
3(3387 1663 5505)
3(5505 1663 5221)
3(5505 5221 9063)
3(5221 1663 4107)
3(5505 1663 4107)
3(5505 4107 7949)
4(7949 4107 5221 9063)
3(5221 3018 1730)
3(9063 5221 6860)
3(5221 3018 6860)
3(5572 1730 5221)
3(5572 5221 9063)
3(5221 1730 3387)
3(5572 1730 3387)
3(5572 3387 7229)
3(5221 3650 1731)
4(9063 5221 3650 7492)
3(5573 1731 5221)
3(5573 5221 9063)
3(5221 1731 3018)
3(3194 1860 3650)
3(7492 3650 7036)
3(3650 3194 7036)
3(3194 3650 5221)
3(9063 5221 7036)
3(5221 3194 7036)
3(4107 2066 3860)
3(7949 4107 5908)
3(4107 2066 5908)
3(5908 2066 3860)
3(5908 3860 7702)
3(7702 3860 4107)
3(7702 4107 7949)
3(4107 3860 5221)
3(7702 3860 5221)
3(7702 5221 9063)
3(3860 2067 3194)
3(7702 3860 5909)
3(3860 2067 5909)
4(7036 3194 3860 7702)
3(3860 3194 5221)
3(3855 1710 4767)
3(8609 4767 7697)
3(4767 3855 7697)
3(3855 4767 5222)
4(8609 4767 5222 9064)
3(9064 5222 7697)
3(5222 3855 7697)
3(5222 4305 1711)
3(9064 5222 8147)
3(5222 4305 8147)
3(8147 4305 5553)
3(4305 1711 5553)
3(5553 1711 5222)
3(5553 5222 9064)
3(5222 1711 4746)
3(5553 1711 4746)
3(5553 4746 8588)
4(8588 4746 5222 9064)
3(4746 1716 4503)
3(8588 4746 5558)
3(4746 1716 5558)
3(5558 1716 4503)
3(5558 4503 8345)
3(8345 4503 4746)
3(8345 4746 8588)
3(4746 4503 5222)
3(8345 4503 5222)
3(8345 5222 9064)
3(4503 1717 3855)
3(8345 4503 5559)
3(4503 1717 5559)
4(7697 3855 4503 8345)
3(4503 3855 5222)
3(5222 4767 2049)
3(5891 2049 5222)
3(5891 5222 9064)
3(5222 2049 3492)
3(7334 3492 5222)
3(7334 5222 9064)
3(5222 3492 2050)
3(5892 2050 5222)
3(5892 5222 9064)
3(5222 2050 4305)
3(5892 2050 4305)
3(5892 4305 8147)
3(3437 2858 4458)
3(7279 3437 6700)
3(3437 2858 6700)
4(6700 2858 4458 8300)
3(8300 4458 3437)
3(8300 3437 7279)
3(3437 4458 5223)
3(8300 4458 5223)
3(8300 5223 9065)
3(9065 5223 7279)
3(5223 3437 7279)
3(5223 3958 2859)
3(9065 5223 7800)
3(5223 3958 7800)
3(7800 3958 6701)
3(3958 2859 6701)
3(6701 2859 5223)
3(6701 5223 9065)
3(5223 2859 3437)
3(6701 2859 3437)
3(6701 3437 7279)
3(4458 2860 3499)
4(8300 4458 2860 6702)
4(7341 3499 4458 8300)
3(4458 3499 5223)
3(7341 3499 5223)
3(7341 5223 9065)
3(5223 4016 2861)
3(9065 5223 7858)
3(5223 4016 7858)
3(6703 2861 5223)
3(6703 5223 9065)
3(5223 2861 3958)
3(6703 2861 3958)
3(6703 3958 7800)
3(3499 2862 3960)
3(7802 3960 3499)
3(7802 3499 7341)
3(3499 3960 5223)
3(7802 3960 5223)
3(7802 5223 9065)
3(5223 3960 2863)
3(6705 2863 5223)
3(6705 5223 9065)
3(5223 2863 4016)
3(4672 2904 4615)
3(8457 4615 4672)
3(8457 4672 8514)
3(4672 4615 5224)
3(8457 4615 5224)
3(8457 5224 9066)
3(9066 5224 8514)
3(5224 4672 8514)
3(3967 2913 4672)
3(7809 3967 6755)
3(3967 2913 6755)
4(8514 4672 3967 7809)
3(3967 4672 5224)
3(9066 5224 7809)
3(5224 3967 7809)
3(5224 4615 2914)
3(6756 2914 5224)
3(6756 5224 9066)
3(5224 2914 3150)
3(6992 3150 5224)
3(6992 5224 9066)
3(5224 3150 2921)
3(6763 2921 5224)
3(6763 5224 9066)
3(5224 2921 3157)
4(6763 2921 3157 6999)
3(6999 3157 5224)
3(6999 5224 9066)
3(4110 2923 3967)
3(7952 4110 6765)
3(4110 2923 6765)
3(6765 2923 3967)
3(6765 3967 7809)
3(7809 3967 7952)
3(3967 4110 7952)
3(4110 3967 5224)
3(9066 5224 7952)
3(5224 4110 7952)
3(5224 3157 2925)
4(6999 3157 2925 6767)
3(6767 2925 5224)
3(6767 5224 9066)
3(5224 2925 4110)
3(6767 2925 4110)
3(6767 4110 7952)
3(4556 1838 3110)
3(8398 4556 5680)
3(4556 1838 5680)
3(5680 1838 3110)
3(5680 3110 6952)
3(6952 3110 8398)
3(3110 4556 8398)
3(4556 3110 5225)
3(6952 3110 5225)
3(6952 5225 9067)
3(9067 5225 8398)
3(5225 4556 8398)
3(3110 1989 4306)
3(6952 3110 5831)
3(3110 1989 5831)
4(8148 4306 3110 6952)
3(3110 4306 5225)
3(8148 4306 5225)
3(8148 5225 9067)
3(5225 3601 2035)
3(9067 5225 7443)
3(5225 3601 7443)
4(7443 3601 2035 5877)
3(5877 2035 5225)
3(5877 5225 9067)
3(5225 2035 4556)
3(5877 2035 4556)
3(5877 4556 8398)
3(5225 3158 2038)
3(9067 5225 7000)
3(5225 3158 7000)
3(5880 2038 5225)
3(5880 5225 9067)
3(5225 2038 3601)
4(5880 2038 3601 7443)
3(5225 3616 2232)
3(9067 5225 7458)
3(5225 3616 7458)
3(6074 2232 5225)
3(6074 5225 9067)
3(5225 2232 3158)
3(4306 2233 3616)
3(7458 3616 4306)
3(7458 4306 8148)
3(4306 3616 5225)
3(4198 2047 3242)
3(8040 4198 5889)
3(4198 2047 5889)
4(5889 2047 3242 7084)
3(7084 3242 4198)
3(7084 4198 8040)
3(4198 3242 5226)
3(7084 3242 5226)
3(7084 5226 9068)
3(9068 5226 8040)
3(5226 4198 8040)
3(5226 4077 2051)
3(9068 5226 7919)
3(5226 4077 7919)
3(7919 4077 5893)
3(4077 2051 5893)
3(5893 2051 5226)
3(5893 5226 9068)
3(5226 2051 4198)
3(5893 2051 4198)
3(5893 4198 8040)
3(5226 4766 2253)
3(9068 5226 8608)
3(5226 4766 8608)
3(6095 2253 5226)
3(6095 5226 9068)
3(5226 2253 4077)
3(6095 2253 4077)
3(6095 4077 7919)
3(5226 3257 2482)
3(9068 5226 7099)
3(5226 3257 7099)
3(6324 2482 5226)
3(6324 5226 9068)
3(5226 2482 4766)
3(3242 2667 3235)
4(7084 3242 2667 6509)
4(7077 3235 3242 7084)
3(3242 3235 5226)
3(7077 3235 5226)
3(7077 5226 9068)
3(3235 2668 3257)
3(7099 3257 3235)
3(7099 3235 7077)
3(3235 3257 5226)
3(5227 3976 2621)
4(9069 5227 3976 7818)
3(6463 2621 5227)
3(6463 5227 9069)
3(5227 2621 4489)
3(6463 2621 4489)
3(6463 4489 8331)
3(8331 4489 5227)
3(8331 5227 9069)
3(5227 4489 2622)
3(8331 4489 6464)
3(4489 2622 6464)
3(6464 2622 5227)
3(6464 5227 9069)
3(5227 2622 4643)
3(6464 2622 4643)
3(6464 4643 8485)
3(8485 4643 5227)
3(8485 5227 9069)
3(5227 3011 2623)
3(9069 5227 6853)
3(5227 3011 6853)
3(6465 2623 5227)
3(6465 5227 9069)
3(5227 2623 3976)
3(3200 2624 3011)
3(6853 3011 3200)
3(6853 3200 7042)
3(3200 3011 5227)
3(9069 5227 7042)
3(5227 3200 7042)
3(4643 2798 4199)
3(8485 4643 6640)
3(4643 2798 6640)
3(6640 2798 4199)
3(6640 4199 8041)
3(8041 4199 8485)
3(4199 4643 8485)
3(4643 4199 5227)
4(8041 4199 5227 9069)
3(4199 2800 3200)
3(8041 4199 6642)
3(4199 2800 6642)
3(7042 3200 4199)
3(7042 4199 8041)
3(4199 3200 5227)
3(2983 2885 3021)
3(6863 3021 2983)
3(6863 2983 6825)
3(2983 3021 5228)
3(6863 3021 5228)
3(6863 5228 9070)
4(9070 5228 2983 6825)
3(5228 3021 2888)
3(6730 2888 5228)
3(6730 5228 9070)
3(5228 2888 3202)
3(7044 3202 5228)
3(7044 5228 9070)
3(4147 2900 2983)
3(7989 4147 6742)
3(4147 2900 6742)
3(6825 2983 7989)
3(2983 4147 7989)
3(4147 2983 5228)
3(9070 5228 7989)
3(5228 4147 7989)
3(5228 3202 2906)
3(6748 2906 5228)
3(6748 5228 9070)
3(5228 2906 3191)
3(6748 2906 3191)
3(6748 3191 7033)
4(7033 3191 5228 9070)
3(3618 2909 4147)
3(7460 3618 6751)
3(3618 2909 6751)
3(6751 2909 4147)
3(6751 4147 7989)
3(7989 4147 3618)
3(7989 3618 7460)
3(3618 4147 5228)
3(9070 5228 7460)
3(5228 3618 7460)
3(5228 3191 2916)
3(7033 3191 6758)
3(3191 2916 6758)
3(6758 2916 5228)
3(6758 5228 9070)
3(5228 2916 3618)
3(6758 2916 3618)
3(6758 3618 7460)
3(5229 4299 1826)
4(9071 5229 4299 8141)
3(8141 4299 5668)
3(4299 1826 5668)
3(5668 1826 5229)
3(5668 5229 9071)
3(5229 1826 4738)
3(5668 1826 4738)
3(5668 4738 8580)
3(8580 4738 5229)
3(8580 5229 9071)
3(4738 1827 4604)
3(8580 4738 5669)
3(4738 1827 5669)
3(5669 1827 4604)
3(5669 4604 8446)
3(8446 4604 4738)
3(8446 4738 8580)
3(4738 4604 5229)
3(8446 4604 5229)
3(8446 5229 9071)
3(5229 4800 1990)
3(9071 5229 8642)
3(5229 4800 8642)
3(5832 1990 5229)
3(5832 5229 9071)
3(5229 1990 4299)
3(5832 1990 4299)
3(5832 4299 8141)
3(5229 2989 1991)
3(9071 5229 6831)
3(5229 2989 6831)
3(5833 1991 5229)
3(5833 5229 9071)
3(5229 1991 4800)
3(4604 1993 4089)
3(8446 4604 5835)
3(4604 1993 5835)
3(7931 4089 8446)
3(4089 4604 8446)
3(4604 4089 5229)
4(7931 4089 5229 9071)
3(4089 1994 2989)
3(6831 2989 4089)
3(6831 4089 7931)
3(4089 2989 5229)
3(3744 2053 3947)
3(7586 3744 5895)
3(3744 2053 5895)
3(5895 2053 3947)
3(5895 3947 7789)
3(7789 3947 7586)
3(3947 3744 7586)
3(3744 3947 5230)
4(7789 3947 5230 9072)
3(9072 5230 7586)
3(5230 3744 7586)
3(3310 2251 4385)
3(8227 4385 3310)
3(8227 3310 7152)
3(3310 4385 5230)
3(8227 4385 5230)
3(8227 5230 9072)
3(9072 5230 7152)
3(5230 3310 7152)
3(3947 2252 3310)
3(7789 3947 6094)
3(3947 2252 6094)
3(7152 3310 3947)
3(7152 3947 7789)
3(3947 3310 5230)
3(5230 4385 2496)
3(6338 2496 5230)
3(6338 5230 9072)
3(5230 2496 3084)
4(6926 3084 5230 9072)
3(5230 4244 2723)
3(9072 5230 8086)
3(5230 4244 8086)
3(8086 4244 6565)
3(4244 2723 6565)
3(6565 2723 5230)
3(6565 5230 9072)
3(5230 2723 3744)
3(6565 2723 3744)
3(6565 3744 7586)
3(5230 3084 2724)
3(6566 2724 5230)
3(6566 5230 9072)
3(5230 2724 4244)
3(6566 2724 4244)
3(6566 4244 8086)
3(4252 2136 2975)
3(8094 4252 5978)
3(4252 2136 5978)
3(6817 2975 4252)
3(6817 4252 8094)
3(4252 2975 5231)
3(6817 2975 5231)
3(6817 5231 9073)
3(9073 5231 8094)
3(5231 4252 8094)
3(2975 2137 4265)
3(8107 4265 6817)
3(4265 2975 6817)
3(2975 4265 5231)
3(8107 4265 5231)
3(8107 5231 9073)
3(5231 4265 2396)
4(6238 2396 5231 9073)
3(5231 2396 3199)
3(7041 3199 5231)
3(7041 5231 9073)
3(5231 3199 2397)
3(6239 2397 5231)
3(6239 5231 9073)
3(5231 2397 3954)
3(6239 2397 3954)
3(6239 3954 7796)
3(7796 3954 5231)
3(7796 5231 9073)
3(5231 3954 2649)
3(7796 3954 6491)
3(3954 2649 6491)
3(6491 2649 5231)
3(6491 5231 9073)
3(5231 2649 4379)
3(6491 2649 4379)
3(6491 4379 8221)
3(8221 4379 5231)
3(8221 5231 9073)
3(4379 2653 4252)
3(8221 4379 6495)
3(4379 2653 6495)
3(6495 2653 4252)
3(6495 4252 8094)
4(8094 4252 4379 8221)
3(4379 4252 5231)
3(5232 2982 2378)
3(9074 5232 6824)
3(5232 2982 6824)
3(6220 2378 5232)
3(6220 5232 9074)
3(5232 2378 2958)
3(6220 2378 2958)
3(6220 2958 6800)
3(6800 2958 5232)
3(6800 5232 9074)
3(5232 3914 2379)
3(9074 5232 7756)
3(5232 3914 7756)
3(6221 2379 5232)
3(6221 5232 9074)
3(5232 2379 2982)
3(5232 2958 2600)
3(6800 2958 6442)
3(2958 2600 6442)
4(6442 2600 5232 9074)
3(5232 2600 4383)
3(6442 2600 4383)
3(6442 4383 8225)
3(8225 4383 5232)
3(8225 5232 9074)
3(4796 2604 3914)
4(7756 3914 4796 8638)
3(4796 3914 5232)
3(9074 5232 8638)
3(5232 4796 8638)
3(4383 2856 4611)
3(8225 4383 6698)
3(4383 2856 6698)
3(6698 2856 4611)
3(6698 4611 8453)
3(8453 4611 4383)
3(8453 4383 8225)
3(4383 4611 5232)
3(8453 4611 5232)
3(8453 5232 9074)
3(4611 2857 4796)
3(8453 4611 6699)
3(4611 2857 6699)
3(8638 4796 8453)
3(4796 4611 8453)
3(4611 4796 5232)
3(4799 1718 4700)
4(8542 4700 4799 8641)
3(4799 4700 5233)
3(8542 4700 5233)
3(8542 5233 9075)
3(9075 5233 8641)
3(5233 4799 8641)
3(5233 4700 1719)
3(5561 1719 5233)
3(5561 5233 9075)
3(5233 1719 3605)
3(7447 3605 5233)
3(7447 5233 9075)
3(5233 3605 1720)
3(5562 1720 5233)
3(5562 5233 9075)
3(5233 1720 4346)
3(5562 1720 4346)
3(5562 4346 8188)
3(8188 4346 5233)
3(8188 5233 9075)
3(4073 2037 4799)
3(7915 4073 5879)
3(4073 2037 5879)
3(8641 4799 7915)
3(4799 4073 7915)
3(4073 4799 5233)
3(9075 5233 7915)
3(5233 4073 7915)
3(4478 2236 4073)
3(8320 4478 6078)
3(4478 2236 6078)
3(6078 2236 4073)
3(6078 4073 7915)
3(7915 4073 4478)
3(7915 4478 8320)
3(4478 4073 5233)
3(9075 5233 8320)
3(5233 4478 8320)
3(5233 4346 2237)
3(8188 4346 6079)
3(4346 2237 6079)
4(6079 2237 5233 9075)
3(5233 2237 4478)
3(6079 2237 4478)
3(6079 4478 8320)
3(4488 1859 3053)
3(8330 4488 5701)
3(4488 1859 5701)
3(5701 1859 3053)
3(5701 3053 6895)
4(6895 3053 4488 8330)
3(4488 3053 5234)
3(6895 3053 5234)
3(6895 5234 9076)
3(9076 5234 8330)
3(5234 4488 8330)
3(5234 4713 2046)
3(9076 5234 8555)
3(5234 4713 8555)
3(8555 4713 5888)
3(4713 2046 5888)
3(5888 2046 5234)
3(5888 5234 9076)
3(5234 2046 4488)
3(5888 2046 4488)
3(5888 4488 8330)
3(3053 2048 3728)
3(6895 3053 5890)
3(3053 2048 5890)
3(7570 3728 3053)
3(7570 3053 6895)
3(3053 3728 5234)
3(7570 3728 5234)
3(7570 5234 9076)
3(3728 2479 3183)
3(7025 3183 7570)
3(3183 3728 7570)
3(3728 3183 5234)
3(7025 3183 5234)
3(7025 5234 9076)
3(5234 2971 2664)
3(9076 5234 6813)
3(5234 2971 6813)
3(6506 2664 5234)
3(6506 5234 9076)
3(5234 2664 4713)
3(6506 2664 4713)
3(6506 4713 8555)
3(5234 3183 2665)
4(6507 2665 5234 9076)
3(5234 2665 2971)
3(5235 2974 2116)
3(9077 5235 6816)
3(5235 2974 6816)
3(5958 2116 5235)
3(5958 5235 9077)
3(5235 2116 3712)
3(5958 2116 3712)
3(5958 3712 7554)
3(7554 3712 5235)
3(7554 5235 9077)
3(5235 3712 2117)
3(7554 3712 5959)
3(3712 2117 5959)
3(5959 2117 5235)
3(5959 5235 9077)
3(5235 2117 3320)
3(5959 2117 3320)
3(5959 3320 7162)
3(7162 3320 5235)
3(7162 5235 9077)
3(5235 3045 2139)
3(9077 5235 6887)
3(5235 3045 6887)
4(5981 2139 5235 9077)
3(5235 2139 2974)
3(3320 2404 3124)
3(7162 3320 6246)
3(3320 2404 6246)
3(6246 2404 3124)
3(6246 3124 6966)
4(6966 3124 3320 7162)
3(3320 3124 5235)
3(6966 3124 5235)
3(6966 5235 9077)
3(4489 2621 3045)
3(6887 3045 8331)
3(3045 4489 8331)
3(4489 3045 5235)
3(9077 5235 8331)
3(5235 4489 8331)
3(3124 2622 4489)
3(6966 3124 6464)
3(3124 2622 6464)
3(8331 4489 3124)
3(8331 3124 6966)
3(3124 4489 5235)
3(5236 4648 2900)
3(9078 5236 8490)
3(5236 4648 8490)
3(6742 2900 5236)
3(6742 5236 9078)
3(5236 2900 4147)
3(7989 4147 5236)
3(7989 5236 9078)
3(3600 2902 4648)
4(8490 4648 3600 7442)
3(3600 4648 5236)
3(9078 5236 7442)
3(5236 3600 7442)
3(5236 4147 2909)
3(6751 2909 5236)
3(6751 5236 9078)
3(5236 2909 3132)
3(6751 2909 3132)
3(6751 3132 6974)
3(6974 3132 5236)
3(6974 5236 9078)
3(4354 2911 3600)
3(8196 4354 6753)
3(4354 2911 6753)
3(7442 3600 8196)
3(3600 4354 8196)
3(4354 3600 5236)
3(9078 5236 8196)
3(5236 4354 8196)
3(5236 3132 2917)
3(6974 3132 6759)
3(3132 2917 6759)
4(6759 2917 5236 9078)
3(5236 2917 3328)
3(6759 2917 3328)
3(6759 3328 7170)
3(7170 3328 5236)
3(7170 5236 9078)
3(3328 2918 4354)
3(7170 3328 6760)
3(3328 2918 6760)
3(6760 2918 4354)
3(6760 4354 8196)
3(8196 4354 3328)
3(8196 3328 7170)
3(3328 4354 5236)
3(3810 1709 4576)
3(7652 3810 5551)
3(3810 1709 5551)
3(8418 4576 7652)
3(4576 3810 7652)
3(3810 4576 5237)
3(8418 4576 5237)
3(8418 5237 9079)
3(9079 5237 7652)
3(5237 3810 7652)
3(5237 4604 1827)
3(9079 5237 8446)
3(5237 4604 8446)
3(5669 1827 5237)
3(5669 5237 9079)
3(5237 1827 3205)
3(5669 1827 3205)
3(5669 3205 7047)
3(7047 3205 5237)
3(7047 5237 9079)
3(3424 1835 3810)
3(7266 3424 5677)
3(3424 1835 5677)
3(5677 1835 3810)
3(5677 3810 7652)
3(7652 3810 3424)
3(7652 3424 7266)
3(3424 3810 5237)
3(9079 5237 7266)
3(5237 3424 7266)
3(5237 3205 1837)
3(7047 3205 5679)
3(3205 1837 5679)
4(5679 1837 5237 9079)
3(5237 1837 3424)
3(5679 1837 3424)
3(5679 3424 7266)
3(5237 3142 1993)
3(9079 5237 6984)
3(5237 3142 6984)
3(5835 1993 5237)
3(5835 5237 9079)
3(5237 1993 4604)
3(4576 1995 3142)
4(6984 3142 4576 8418)
3(4576 3142 5237)
3(5238 4456 2719)
3(9080 5238 8298)
3(5238 4456 8298)
3(8298 4456 6561)
3(4456 2719 6561)
3(6561 2719 5238)
3(6561 5238 9080)
3(5238 2719 3432)
3(6561 2719 3432)
3(6561 3432 7274)
3(7274 3432 5238)
3(7274 5238 9080)
3(5238 3726 2720)
3(9080 5238 7568)
3(5238 3726 7568)
3(6562 2720 5238)
3(6562 5238 9080)
3(5238 2720 4456)
3(6562 2720 4456)
3(6562 4456 8298)
3(3432 2721 3213)
3(7274 3432 6563)
3(3432 2721 6563)
3(6563 2721 3213)
3(6563 3213 7055)
4(7055 3213 3432 7274)
3(3432 3213 5238)
3(7055 3213 5238)
3(7055 5238 9080)
3(5238 4741 2722)
3(9080 5238 8583)
3(5238 4741 8583)
4(6564 2722 5238 9080)
3(5238 2722 3726)
3(3213 2723 4244)
3(7055 3213 6565)
3(3213 2723 6565)
3(8086 4244 3213)
3(8086 3213 7055)
3(3213 4244 5238)
3(8086 4244 5238)
3(8086 5238 9080)
3(4244 2724 4741)
3(8583 4741 8086)
3(4741 4244 8086)
3(4244 4741 5238)
3(4427 1663 3387)
3(8269 4427 5505)
3(4427 1663 5505)
3(7229 3387 4427)
3(7229 4427 8269)
3(4427 3387 5239)
3(7229 3387 5239)
3(7229 5239 9081)
3(9081 5239 8269)
3(5239 4427 8269)
3(3387 1730 4637)
3(8479 4637 7229)
3(4637 3387 7229)
3(3387 4637 5239)
3(8479 4637 5239)
3(8479 5239 9081)
3(4106 1985 4427)
3(7948 4106 5827)
3(4106 1985 5827)
3(5827 1985 4427)
3(5827 4427 8269)
3(8269 4427 4106)
3(8269 4106 7948)
3(4106 4427 5239)
4(9081 5239 4106 7948)
3(5239 4637 2136)
3(5978 2136 5239)
3(5978 5239 9081)
3(5239 2136 4252)
3(8094 4252 5239)
3(8094 5239 9081)
3(5239 3880 2652)
3(9081 5239 7722)
3(5239 3880 7722)
4(7722 3880 2652 6494)
3(6494 2652 5239)
3(6494 5239 9081)
3(5239 2652 4106)
3(6494 2652 4106)
3(6494 4106 7948)
3(5239 4252 2653)
3(6495 2653 5239)
3(6495 5239 9081)
3(5239 2653 3880)
4(6495 2653 3880 7722)
3(5240 3860 2066)
3(9082 5240 7702)
3(5240 3860 7702)
3(5908 2066 5240)
3(5908 5240 9082)
3(5240 2066 3602)
3(5908 2066 3602)
3(5908 3602 7444)
3(7444 3602 5240)
3(7444 5240 9082)
3(5240 4647 2067)
3(9082 5240 8489)
3(5240 4647 8489)
3(5909 2067 5240)
3(5909 5240 9082)
3(5240 2067 3860)
3(5240 3602 2068)
3(7444 3602 5910)
3(3602 2068 5910)
3(5910 2068 5240)
3(5910 5240 9082)
3(5240 2068 3098)
3(5910 2068 3098)
3(5910 3098 6940)
4(6940 3098 5240 9082)
3(2958 2378 4647)
3(8489 4647 6800)
3(4647 2958 6800)
3(2958 4647 5240)
3(9082 5240 6800)
3(5240 2958 6800)
3(3098 2599 3511)
3(6940 3098 6441)
3(3098 2599 6441)
4(6441 2599 3511 7353)
3(7353 3511 3098)
3(7353 3098 6940)
3(3098 3511 5240)
3(7353 3511 5240)
3(7353 5240 9082)
3(3511 2600 2958)
4(7353 3511 2600 6442)
3(6800 2958 7353)
3(2958 3511 7353)
3(3511 2958 5240)
3(5241 4503 1716)
3(9083 5241 8345)
3(5241 4503 8345)
3(5558 1716 5241)
3(5558 5241 9083)
3(5241 1716 4263)
3(5558 1716 4263)
3(5558 4263 8105)
3(8105 4263 5241)
3(8105 5241 9083)
3(5241 3315 1717)
3(9083 5241 7157)
3(5241 3315 7157)
3(5559 1717 5241)
3(5559 5241 9083)
3(5241 1717 4503)
3(4346 1720 3315)
3(7157 3315 8188)
3(3315 4346 8188)
3(4346 3315 5241)
3(9083 5241 8188)
3(5241 4346 8188)
3(5241 4263 1841)
3(8105 4263 5683)
3(4263 1841 5683)
3(5683 1841 5241)
3(5683 5241 9083)
3(5241 1841 3747)
3(5683 1841 3747)
3(5683 3747 7589)
4(7589 3747 5241 9083)
3(3516 2237 4346)
4(7358 3516 2237 6079)
3(8188 4346 7358)
3(4346 3516 7358)
3(3516 4346 5241)
3(9083 5241 7358)
3(5241 3516 7358)
3(3747 2238 3516)
3(7589 3747 6080)
3(3747 2238 6080)
4(6080 2238 3516 7358)
3(7358 3516 3747)
3(7358 3747 7589)
3(3747 3516 5241)
3(3917 1711 4305)
3(7759 3917 5553)
3(3917 1711 5553)
3(8147 4305 3917)
3(8147 3917 7759)
3(3917 4305 5242)
3(8147 4305 5242)
3(8147 5242 9084)
3(9084 5242 7759)
3(5242 3917 7759)
3(3840 1723 3917)
3(7682 3840 5565)
3(3840 1723 5565)
3(5565 1723 3917)
3(5565 3917 7759)
3(7759 3917 3840)
3(7759 3840 7682)
3(3840 3917 5242)
4(9084 5242 3840 7682)
3(5242 3607 1724)
3(9084 5242 7449)
3(5242 3607 7449)
4(7449 3607 1724 5566)
3(5566 1724 5242)
3(5566 5242 9084)
3(5242 1724 3840)
3(5566 1724 3840)
3(5566 3840 7682)
3(5242 3053 1859)
3(9084 5242 6895)
3(5242 3053 6895)
3(5701 1859 5242)
3(5701 5242 9084)
3(5242 1859 3607)
4(5701 1859 3607 7449)
3(5242 4739 2048)
3(9084 5242 8581)
3(5242 4739 8581)
3(5890 2048 5242)
3(5890 5242 9084)
3(5242 2048 3053)
3(4305 2050 4739)
3(8581 4739 8147)
3(4739 4305 8147)
3(4305 4739 5242)
3(5243 4566 2797)
3(9085 5243 8408)
3(5243 4566 8408)
3(8408 4566 6639)
3(4566 2797 6639)
3(6639 2797 5243)
3(6639 5243 9085)
3(5243 2797 3847)
3(6639 2797 3847)
3(6639 3847 7689)
3(7689 3847 5243)
3(7689 5243 9085)
3(5243 4199 2798)
4(9085 5243 4199 8041)
3(6640 2798 5243)
3(6640 5243 9085)
3(5243 2798 4566)
3(6640 2798 4566)
3(6640 4566 8408)
3(3847 2799 3612)
3(7689 3847 6641)
3(3847 2799 6641)
3(6641 2799 3612)
3(6641 3612 7454)
3(7454 3612 7689)
3(3612 3847 7689)
3(3847 3612 5243)
4(7454 3612 5243 9085)
3(5243 3938 2800)
3(9085 5243 7780)
3(5243 3938 7780)
3(6642 2800 5243)
3(6642 5243 9085)
3(5243 2800 4199)
3(3612 2859 3958)
3(7454 3612 6701)
3(3612 2859 6701)
3(7800 3958 3612)
3(7800 3612 7454)
3(3612 3958 5243)
3(7800 3958 5243)
3(7800 5243 9085)
3(3958 2861 3938)
4(7780 3938 3958 7800)
3(3958 3938 5243)
3(5244 4271 2851)
4(9086 5244 4271 8113)
3(8113 4271 6693)
3(4271 2851 6693)
3(6693 2851 5244)
3(6693 5244 9086)
3(5244 2851 4484)
3(6693 2851 4484)
3(6693 4484 8326)
3(8326 4484 5244)
3(8326 5244 9086)
3(3191 2906 3944)
3(7786 3944 3191)
3(7786 3191 7033)
3(3191 3944 5244)
3(7786 3944 5244)
3(7786 5244 9086)
4(9086 5244 3191 7033)
3(5244 3944 2913)
3(6755 2913 5244)
3(6755 5244 9086)
3(5244 2913 3967)
3(7809 3967 5244)
3(7809 5244 9086)
3(4571 2916 3191)
3(8413 4571 6758)
3(4571 2916 6758)
3(7033 3191 8413)
3(3191 4571 8413)
3(4571 3191 5244)
3(9086 5244 8413)
3(5244 4571 8413)
3(5244 3967 2923)
3(6765 2923 5244)
3(6765 5244 9086)
3(5244 2923 4271)
3(6765 2923 4271)
3(6765 4271 8113)
3(4484 2924 4571)
3(8326 4484 6766)
3(4484 2924 6766)
3(6766 2924 4571)
3(6766 4571 8413)
4(8413 4571 4484 8326)
3(4484 4571 5244)
3(4213 1826 4299)
3(8055 4213 5668)
3(4213 1826 5668)
3(8141 4299 8055)
3(4299 4213 8055)
3(4213 4299 5245)
4(8141 4299 5245 9087)
3(9087 5245 8055)
3(5245 4213 8055)
3(5245 3110 1838)
3(9087 5245 6952)
3(5245 3110 6952)
3(5680 1838 5245)
3(5680 5245 9087)
3(5245 1838 3258)
3(5680 1838 3258)
3(5680 3258 7100)
4(7100 3258 5245 9087)
3(5245 3575 1989)
3(9087 5245 7417)
3(5245 3575 7417)
3(5831 1989 5245)
3(5831 5245 9087)
3(5245 1989 3110)
3(4299 1990 3575)
3(7417 3575 4299)
3(7417 4299 8141)
3(4299 3575 5245)
3(5245 3258 2470)
3(7100 3258 6312)
3(3258 2470 6312)
3(6312 2470 5245)
3(6312 5245 9087)
3(5245 2470 3480)
3(6312 2470 3480)
3(6312 3480 7322)
3(7322 3480 5245)
3(7322 5245 9087)
3(3480 2475 4213)
3(7322 3480 6317)
3(3480 2475 6317)
3(6317 2475 4213)
3(6317 4213 8055)
4(8055 4213 3480 7322)
3(3480 4213 5245)
3(4370 2051 4077)
3(8212 4370 5893)
3(4370 2051 5893)
3(7919 4077 4370)
3(7919 4370 8212)
3(4370 4077 5246)
3(7919 4077 5246)
3(7919 5246 9088)
4(9088 5246 4370 8212)
3(5246 4677 2052)
3(9088 5246 8519)
3(5246 4677 8519)
3(8519 4677 5894)
3(4677 2052 5894)
3(5894 2052 5246)
3(5894 5246 9088)
3(5246 2052 4599)
3(5894 2052 4599)
3(5894 4599 8441)
3(8441 4599 5246)
3(8441 5246 9088)
3(5246 3947 2053)
4(9088 5246 3947 7789)
3(5895 2053 5246)
3(5895 5246 9088)
3(5246 2053 4677)
3(5895 2053 4677)
3(5895 4677 8519)
3(5246 4062 2252)
3(9088 5246 7904)
3(5246 4062 7904)
3(6094 2252 5246)
3(6094 5246 9088)
3(5246 2252 3947)
3(4077 2253 4062)
4(7904 4062 4077 7919)
3(4077 4062 5246)
3(4599 2352 4370)
3(8441 4599 6194)
3(4599 2352 6194)
3(6194 2352 4370)
3(6194 4370 8212)
3(8212 4370 8441)
3(4370 4599 8441)
3(4599 4370 5246)
3(3954 2397 3935)
3(7777 3935 7796)
3(3935 3954 7796)
3(3954 3935 5247)
3(7777 3935 5247)
3(7777 5247 9089)
3(9089 5247 7796)
3(5247 3954 7796)
3(5247 4811 2625)
3(9089 5247 8653)
3(5247 4811 8653)
3(8653 4811 6467)
3(4811 2625 6467)
3(6467 2625 5247)
3(6467 5247 9089)
3(5247 2625 3584)
3(6467 2625 3584)
3(6467 3584 7426)
3(7426 3584 5247)
3(7426 5247 9089)
3(4311 2649 3954)
3(8153 4311 6491)
3(4311 2649 6491)
3(7796 3954 4311)
3(7796 4311 8153)
3(4311 3954 5247)
3(9089 5247 8153)
3(5247 4311 8153)
3(3584 2650 4311)
3(7426 3584 6492)
3(3584 2650 6492)
3(6492 2650 4311)
3(6492 4311 8153)
4(8153 4311 3584 7426)
3(3584 4311 5247)
3(5247 4458 2858)
3(9089 5247 8300)
3(5247 4458 8300)
3(6700 2858 5247)
3(6700 5247 9089)
3(5247 2858 4811)
3(6700 2858 4811)
3(6700 4811 8653)
3(5247 3935 2860)
3(6702 2860 5247)
3(6702 5247 9089)
3(5247 2860 4458)
3(5248 4314 2854)
3(9090 5248 8156)
3(5248 4314 8156)
3(8156 4314 6696)
3(4314 2854 6696)
3(6696 2854 5248)
3(6696 5248 9090)
3(5248 2854 4249)
3(6696 2854 4249)
3(6696 4249 8091)
3(8091 4249 5248)
3(8091 5248 9090)
3(4249 2855 3509)
3(8091 4249 6697)
3(4249 2855 6697)
3(6697 2855 3509)
3(6697 3509 7351)
3(7351 3509 4249)
3(7351 4249 8091)
3(4249 3509 5248)
3(7351 3509 5248)
3(7351 5248 9090)
3(5248 4611 2856)
3(9090 5248 8453)
3(5248 4611 8453)
3(6698 2856 5248)
3(6698 5248 9090)
3(5248 2856 4314)
3(6698 2856 4314)
3(6698 4314 8156)
3(5248 3569 2857)
3(9090 5248 7411)
3(5248 3569 7411)
3(6699 2857 5248)
3(6699 5248 9090)
3(5248 2857 4611)
3(3157 2921 3569)
4(7411 3569 3157 6999)
3(3157 3569 5248)
3(9090 5248 6999)
3(5248 3157 6999)
3(3509 2925 3157)
3(7351 3509 6767)
3(3509 2925 6767)
3(6999 3157 3509)
3(6999 3509 7351)
3(3509 3157 5248)
3(4467 2035 3601)
3(8309 4467 5877)
3(4467 2035 5877)
3(7443 3601 4467)
3(7443 4467 8309)
3(4467 3601 5249)
3(7443 3601 5249)
3(7443 5249 9091)
3(9091 5249 8309)
3(5249 4467 8309)
3(3896 2036 4467)
3(7738 3896 5878)
3(3896 2036 5878)
3(5878 2036 4467)
3(5878 4467 8309)
3(8309 4467 3896)
3(8309 3896 7738)
3(3896 4467 5249)
3(9091 5249 7738)
3(5249 3896 7738)
3(5249 3571 2037)
3(9091 5249 7413)
3(5249 3571 7413)
3(5879 2037 5249)
3(5879 5249 9091)
3(5249 2037 4073)
3(7915 4073 5249)
3(7915 5249 9091)
3(3601 2038 3571)
4(7413 3571 3601 7443)
3(3601 3571 5249)
3(5249 4073 2236)
3(6078 2236 5249)
3(6078 5249 9091)
3(5249 2236 3969)
3(6078 2236 3969)
3(6078 3969 7811)
3(7811 3969 5249)
3(7811 5249 9091)
3(5249 3969 2241)
3(7811 3969 6083)
3(3969 2241 6083)
3(6083 2241 5249)
3(6083 5249 9091)
3(5249 2241 3896)
3(6083 2241 3896)
3(6083 3896 7738)
3(4429 2046 4713)
3(8271 4429 5888)
3(4429 2046 5888)
3(8555 4713 4429)
3(8555 4429 8271)
3(4429 4713 5250)
3(8555 4713 5250)
3(8555 5250 9092)
3(9092 5250 8271)
3(5250 4429 8271)
3(5250 3242 2047)
3(9092 5250 7084)
3(5250 3242 7084)
3(5889 2047 5250)
3(5889 5250 9092)
3(5250 2047 3606)
3(5889 2047 3606)
3(5889 3606 7448)
3(7448 3606 5250)
3(7448 5250 9092)
3(4341 2340 4429)
3(8183 4341 6182)
3(4341 2340 6182)
3(6182 2340 4429)
3(6182 4429 8271)
4(8271 4429 4341 8183)
3(4341 4429 5250)
3(9092 5250 8183)
3(5250 4341 8183)
3(5250 3606 2341)
3(7448 3606 6183)
3(3606 2341 6183)
3(6183 2341 5250)
3(6183 5250 9092)
3(5250 2341 4341)
3(6183 2341 4341)
3(6183 4341 8183)
3(4713 2664 3686)
3(7528 3686 8555)
3(3686 4713 8555)
3(4713 3686 5250)
3(7528 3686 5250)
3(7528 5250 9092)
3(5250 3686 2667)
3(6509 2667 5250)
3(6509 5250 9092)
3(5250 2667 3242)
3(3712 2116 3692)
3(7534 3692 7554)
3(3692 3712 7554)
3(3712 3692 5251)
4(7534 3692 5251 9093)
3(9093 5251 7554)
3(5251 3712 7554)
3(3611 2117 3712)
3(7453 3611 5959)
3(3611 2117 5959)
3(7554 3712 3611)
3(7554 3611 7453)
3(3611 3712 5251)
3(9093 5251 7453)
3(5251 3611 7453)
3(3050 2118 3611)
3(6892 3050 5960)
3(3050 2118 5960)
3(5960 2118 3611)
3(5960 3611 7453)
3(7453 3611 3050)
3(7453 3050 6892)
3(3050 3611 5251)
4(9093 5251 3050 6892)
3(5251 4342 2123)
3(9093 5251 8184)
3(5251 4342 8184)
3(8184 4342 5965)
3(4342 2123 5965)
3(5965 2123 5251)
3(5965 5251 9093)
3(5251 2123 3050)
3(5965 2123 3050)
3(5965 3050 6892)
3(5251 2951 2383)
3(9093 5251 6793)
3(5251 2951 6793)
3(6225 2383 5251)
3(6225 5251 9093)
3(5251 2383 4342)
3(6225 2383 4342)
3(6225 4342 8184)
3(5251 3692 2384)
3(6226 2384 5251)
3(6226 5251 9093)
3(5251 2384 2951)
3(5252 3254 2582)
3(9094 5252 7096)
3(5252 3254 7096)
3(7096 3254 6424)
3(3254 2582 6424)
3(6424 2582 5252)
3(6424 5252 9094)
3(5252 2582 4003)
3(6424 2582 4003)
3(6424 4003 7845)
4(7845 4003 5252 9094)
3(3998 2701 3568)
3(7840 3998 6543)
3(3998 2701 6543)
3(7410 3568 3998)
3(7410 3998 7840)
3(3998 3568 5252)
3(7410 3568 5252)
3(7410 5252 9094)
3(9094 5252 7840)
3(5252 3998 7840)
3(4003 2702 3998)
3(7845 4003 6544)
3(4003 2702 6544)
3(6544 2702 3998)
3(6544 3998 7840)
3(7840 3998 4003)
3(7840 4003 7845)
3(4003 3998 5252)
3(5252 4336 2911)
4(9094 5252 4336 8178)
3(6753 2911 5252)
3(6753 5252 9094)
3(5252 2911 4354)
3(8196 4354 5252)
3(8196 5252 9094)
3(5252 4354 2918)
3(6760 2918 5252)
3(6760 5252 9094)
3(5252 2918 3254)
3(6760 2918 3254)
3(6760 3254 7096)
3(3568 2919 4336)
3(8178 4336 7410)
3(4336 3568 7410)
3(3568 4336 5252)
3(5253 3989 1709)
4(9095 5253 3989 7831)
3(5551 1709 5253)
3(5551 5253 9095)
3(5253 1709 3810)
3(7652 3810 5253)
3(7652 5253 9095)
3(5253 3810 1835)
3(5677 1835 5253)
3(5677 5253 9095)
3(5253 1835 3921)
3(5677 1835 3921)
3(5677 3921 7763)
3(7763 3921 5253)
3(7763 5253 9095)
3(5253 3921 2019)
3(7763 3921 5861)
3(3921 2019 5861)
3(5861 2019 5253)
3(5861 5253 9095)
3(5253 2019 4660)
3(5861 2019 4660)
3(5861 4660 8502)
4(8502 4660 5253 9095)
3(4660 2022 4004)
3(8502 4660 5864)
3(4660 2022 5864)
3(5864 2022 4004)
3(5864 4004 7846)
3(7846 4004 4660)
3(7846 4660 8502)
3(4660 4004 5253)
3(7846 4004 5253)
3(7846 5253 9095)
3(4004 2023 3214)
3(7846 4004 5865)
3(4004 2023 5865)
3(7056 3214 4004)
3(7056 4004 7846)
3(4004 3214 5253)
3(7056 3214 5253)
3(7056 5253 9095)
3(3214 2024 3989)
3(7831 3989 7056)
3(3989 3214 7056)
3(3214 3989 5253)
3(5254 4446 2258)
4(9096 5254 4446 8288)
3(6100 2258 5254)
3(6100 5254 9096)
3(5254 2258 3685)
3(7527 3685 5254)
3(7527 5254 9096)
3(4114 2504 3362)
3(7956 4114 6346)
3(4114 2504 6346)
3(6346 2504 3362)
3(6346 3362 7204)
3(7204 3362 4114)
3(7204 4114 7956)
3(4114 3362 5254)
3(7204 3362 5254)
3(7204 5254 9096)
4(9096 5254 4114 7956)
3(5254 3685 2548)
3(6390 2548 5254)
3(6390 5254 9096)
3(5254 2548 4108)
3(6390 2548 4108)
3(6390 4108 7950)
3(7950 4108 5254)
3(7950 5254 9096)
3(5254 4108 2550)
3(7950 4108 6392)
3(4108 2550 6392)
3(6392 2550 5254)
3(6392 5254 9096)
3(5254 2550 4114)
3(6392 2550 4114)
3(6392 4114 7956)
3(3362 2719 4456)
3(7204 3362 6561)
3(3362 2719 6561)
3(8298 4456 3362)
3(8298 3362 7204)
3(3362 4456 5254)
3(8298 4456 5254)
3(8298 5254 9096)
3(4456 2720 4446)
3(8288 4446 8298)
3(4446 4456 8298)
3(4456 4446 5254)
3(5255 4115 1759)
3(9097 5255 7957)
3(5255 4115 7957)
3(7957 4115 5601)
3(4115 1759 5601)
4(5601 1759 5255 9097)
3(5255 1759 3284)
3(5601 1759 3284)
3(5601 3284 7126)
3(7126 3284 5255)
3(7126 5255 9097)
3(3284 1792 4752)
3(7126 3284 5634)
3(3284 1792 5634)
3(5634 1792 4752)
3(5634 4752 8594)
3(8594 4752 3284)
3(8594 3284 7126)
3(3284 4752 5255)
3(8594 4752 5255)
3(8594 5255 9097)
3(5255 3565 1892)
3(9097 5255 7407)
3(5255 3565 7407)
3(5734 1892 5255)
3(5734 5255 9097)
3(5255 1892 4115)
3(5734 1892 4115)
3(5734 4115 7957)
3(4752 2121 3576)
3(8594 4752 5963)
3(4752 2121 5963)
3(5963 2121 3576)
3(5963 3576 7418)
3(7418 3576 8594)
3(3576 4752 8594)
3(4752 3576 5255)
3(7418 3576 5255)
3(7418 5255 9097)
3(3576 2609 4331)
3(7418 3576 6451)
3(3576 2609 6451)
4(8173 4331 3576 7418)
3(3576 4331 5255)
3(8173 4331 5255)
3(8173 5255 9097)
3(5255 4331 2611)
3(6453 2611 5255)
3(6453 5255 9097)
3(5255 2611 3565)
3(5256 4388 2696)
3(9098 5256 8230)
3(5256 4388 8230)
3(8230 4388 6538)
3(4388 2696 6538)
3(6538 2696 5256)
3(6538 5256 9098)
3(5256 2696 2964)
3(6538 2696 2964)
3(6538 2964 6806)
3(6806 2964 5256)
3(6806 5256 9098)
3(5256 3219 2698)
3(9098 5256 7061)
3(5256 3219 7061)
3(7061 3219 6540)
3(3219 2698 6540)
3(6540 2698 5256)
3(6540 5256 9098)
3(5256 2698 4388)
3(6540 2698 4388)
3(6540 4388 8230)
3(5256 3321 2700)
3(9098 5256 7163)
3(5256 3321 7163)
4(6542 2700 5256 9098)
3(5256 2700 3219)
3(6542 2700 3219)
3(6542 3219 7061)
3(3567 2706 3321)
3(7163 3321 7409)
3(3321 3567 7409)
3(3567 3321 5256)
3(9098 5256 7409)
3(5256 3567 7409)
3(2964 2870 3754)
3(6806 2964 6712)
3(2964 2870 6712)
3(6712 2870 3754)
3(6712 3754 7596)
4(7596 3754 2964 6806)
3(2964 3754 5256)
3(7596 3754 5256)
3(7596 5256 9098)
3(3754 2871 3567)
3(7596 3754 6713)
3(3754 2871 6713)
3(7409 3567 3754)
3(7409 3754 7596)
3(3754 3567 5256)
3(3582 2029 3482)
3(7424 3582 5871)
3(3582 2029 5871)
3(5871 2029 3482)
3(5871 3482 7324)
4(7324 3482 3582 7424)
3(3582 3482 5257)
3(7324 3482 5257)
3(7324 5257 9099)
3(9099 5257 7424)
3(5257 3582 7424)
3(5257 3987 2030)
3(9099 5257 7829)
3(5257 3987 7829)
4(5872 2030 5257 9099)
3(5257 2030 3224)
3(5872 2030 3224)
3(5872 3224 7066)
3(7066 3224 5257)
3(7066 5257 9099)
3(3212 2031 3987)
3(7829 3987 7054)
3(3987 3212 7054)
3(3212 3987 5257)
3(9099 5257 7054)
3(5257 3212 7054)
3(3482 2032 3212)
3(7324 3482 5874)
3(3482 2032 5874)
3(7054 3212 3482)
3(7054 3482 7324)
3(3482 3212 5257)
3(5257 4398 2033)
3(9099 5257 8240)
3(5257 4398 8240)
3(8240 4398 5875)
3(4398 2033 5875)
3(5875 2033 5257)
3(5875 5257 9099)
3(5257 2033 3582)
3(5875 2033 3582)
3(5875 3582 7424)
3(5257 3224 2034)
3(7066 3224 5876)
3(3224 2034 5876)
3(5876 2034 5257)
3(5876 5257 9099)
3(5257 2034 4398)
3(5876 2034 4398)
3(5876 4398 8240)
3(5258 3425 2545)
3(9100 5258 7267)
3(5258 3425 7267)
3(6387 2545 5258)
3(6387 5258 9100)
3(5258 2545 3218)
3(7060 3218 5258)
3(7060 5258 9100)
3(3697 2546 3425)
3(7539 3697 6388)
3(3697 2546 6388)
4(7267 3425 3697 7539)
3(3697 3425 5258)
3(9100 5258 7539)
3(5258 3697 7539)
3(5258 3218 2872)
3(6714 2872 5258)
3(6714 5258 9100)
3(5258 2872 4602)
3(6714 2872 4602)
3(6714 4602 8444)
3(8444 4602 5258)
3(8444 5258 9100)
3(5258 4602 2873)
3(8444 4602 6715)
3(4602 2873 6715)
4(6715 2873 5258 9100)
3(5258 2873 4068)
3(6715 2873 4068)
3(6715 4068 7910)
3(7910 4068 5258)
3(7910 5258 9100)
3(4838 2930 3697)
3(8680 4838 6772)
3(4838 2930 6772)
3(6772 2930 3697)
3(6772 3697 7539)
3(7539 3697 8680)
3(3697 4838 8680)
3(4838 3697 5258)
3(9100 5258 8680)
3(5258 4838 8680)
3(4068 2931 4838)
3(7910 4068 6773)
3(4068 2931 6773)
3(6773 2931 4838)
3(6773 4838 8680)
3(8680 4838 4068)
3(8680 4068 7910)
3(4068 4838 5258)
3(5259 3576 2121)
3(9101 5259 7418)
3(5259 3576 7418)
3(5963 2121 5259)
3(5963 5259 9101)
3(5259 2121 3997)
3(5963 2121 3997)
3(5963 3997 7839)
3(7839 3997 5259)
3(7839 5259 9101)
3(3997 2122 3466)
3(7839 3997 5964)
3(3997 2122 5964)
3(5964 2122 3466)
3(5964 3466 7308)
3(7308 3466 3997)
3(7308 3997 7839)
3(3997 3466 5259)
3(7308 3466 5259)
3(7308 5259 9101)
3(3466 2123 4342)
3(7308 3466 5965)
3(3466 2123 5965)
3(8184 4342 7308)
3(4342 3466 7308)
3(3466 4342 5259)
3(8184 4342 5259)
3(8184 5259 9101)
3(4342 2383 4603)
3(8445 4603 8184)
3(4603 4342 8184)
3(4342 4603 5259)
4(8445 4603 5259 9101)
3(5259 4831 2609)
3(9101 5259 8673)
3(5259 4831 8673)
3(6451 2609 5259)
3(6451 5259 9101)
3(5259 2609 3576)
3(5259 4603 2610)
3(6452 2610 5259)
3(6452 5259 9101)
3(5259 2610 4831)
3(4002 2698 3219)
3(7844 4002 6540)
3(4002 2698 6540)
3(7061 3219 4002)
3(7061 4002 7844)
3(4002 3219 5260)
3(7061 3219 5260)
3(7061 5260 9102)
3(9102 5260 7844)
3(5260 4002 7844)
3(4477 2699 3267)
3(7109 3267 8319)
3(3267 4477 8319)
3(4477 3267 5260)
4(7109 3267 5260 9102)
3(9102 5260 8319)
3(5260 4477 8319)
3(3219 2700 4477)
3(8319 4477 3219)
3(8319 3219 7061)
3(3219 4477 5260)
3(5260 3267 2701)
3(6543 2701 5260)
3(6543 5260 9102)
3(5260 2701 3998)
3(7840 3998 5260)
3(7840 5260 9102)
3(5260 3998 2702)
3(6544 2702 5260)
3(6544 5260 9102)
3(5260 2702 3470)
3(6544 2702 3470)
3(6544 3470 7312)
3(7312 3470 5260)
3(7312 5260 9102)
3(5260 3470 2703)
3(7312 3470 6545)
3(3470 2703 6545)
3(6545 2703 5260)
3(6545 5260 9102)
3(5260 2703 4002)
3(6545 2703 4002)
3(6545 4002 7844)
3(5261 3136 2021)
3(9103 5261 6978)
3(5261 3136 6978)
3(6978 3136 5863)
3(3136 2021 5863)
3(5863 2021 5261)
3(5863 5261 9103)
3(5261 2021 3625)
3(5863 2021 3625)
3(5863 3625 7467)
3(7467 3625 5261)
3(7467 5261 9103)
3(5261 4004 2022)
3(9103 5261 7846)
3(5261 4004 7846)
3(5864 2022 5261)
3(5864 5261 9103)
3(5261 2022 3136)
3(5864 2022 3136)
3(5864 3136 6978)
3(5261 4250 2023)
4(9103 5261 4250 8092)
3(5865 2023 5261)
3(5865 5261 9103)
3(5261 2023 4004)
3(4486 2025 4250)
3(8092 4250 8328)
3(4250 4486 8328)
3(4486 4250 5261)
3(9103 5261 8328)
3(5261 4486 8328)
3(3224 2030 4486)
3(8328 4486 3224)
3(8328 3224 7066)
3(3224 4486 5261)
3(9103 5261 7066)
3(5261 3224 7066)
3(3625 2034 3224)
3(7467 3625 5876)
3(3625 2034 5876)
3(7066 3224 3625)
3(7066 3625 7467)
3(3625 3224 5261)
3(5262 4593 2546)
3(9104 5262 8435)
3(5262 4593 8435)
3(6388 2546 5262)
3(6388 5262 9104)
3(5262 2546 3697)
3(7539 3697 5262)
3(7539 5262 9104)
3(5262 3376 2547)
4(9104 5262 3376 7218)
3(6389 2547 5262)
3(6389 5262 9104)
3(5262 2547 4593)
3(4108 2548 3376)
3(7218 3376 7950)
3(3376 4108 7950)
3(4108 3376 5262)
3(9104 5262 7950)
3(5262 4108 7950)
3(3572 2550 4108)
3(7414 3572 6392)
3(3572 2550 6392)
3(7950 4108 7414)
3(4108 3572 7414)
3(3572 4108 5262)
3(9104 5262 7414)
3(5262 3572 7414)
3(4747 2928 3572)
3(8589 4747 6770)
3(4747 2928 6770)
3(6770 2928 3572)
3(6770 3572 7414)
3(7414 3572 4747)
3(7414 4747 8589)
3(4747 3572 5262)
3(9104 5262 8589)
3(5262 4747 8589)
3(5262 3697 2930)
3(6772 2930 5262)
3(6772 5262 9104)
3(5262 2930 4747)
3(6772 2930 4747)
3(6772 4747 8589)
3(4751 1759 4115)
4(8593 4751 1759 5601)
3(7957 4115 4751)
3(7957 4751 8593)
3(4751 4115 5263)
3(7957 4115 5263)
3(7957 5263 9105)
3(9105 5263 8593)
3(5263 4751 8593)
3(3060 1785 4751)
4(6902 3060 1785 5627)
4(5627 1785 4751 8593)
4(8593 4751 3060 6902)
3(3060 4751 5263)
3(9105 5263 6902)
3(5263 3060 6902)
3(4115 1892 4600)
3(8442 4600 7957)
3(4600 4115 7957)
3(4115 4600 5263)
3(8442 4600 5263)
3(8442 5263 9105)
3(5263 4600 1893)
4(5735 1893 5263 9105)
3(5263 1893 3996)
3(7838 3996 5263)
3(7838 5263 9105)
3(5263 3482 2029)
3(9105 5263 7324)
3(5263 3482 7324)
3(5871 2029 5263)
3(5871 5263 9105)
3(5263 2029 3060)
4(5871 2029 3060 6902)
3(5263 3996 2032)
3(5874 2032 5263)
3(5874 5263 9105)
3(5263 2032 3482)
3(4655 2868 3266)
4(7108 3266 4655 8497)
3(4655 3266 5264)
3(7108 3266 5264)
3(7108 5264 9106)
3(9106 5264 8497)
3(5264 4655 8497)
3(5264 4387 2869)
3(9106 5264 8229)
3(5264 4387 8229)
4(8229 4387 2869 6711)
4(6711 2869 5264 9106)
3(5264 2869 4663)
4(6711 2869 4663 8505)
3(8505 4663 5264)
3(8505 5264 9106)
3(5264 3754 2870)
3(9106 5264 7596)
3(5264 3754 7596)
3(6712 2870 5264)
3(6712 5264 9106)
3(5264 2870 4387)
4(6712 2870 4387 8229)
3(5264 3266 2871)
3(6713 2871 5264)
3(6713 5264 9106)
3(5264 2871 3754)
3(4602 2872 4655)
3(8497 4655 8444)
3(4655 4602 8444)
3(4602 4655 5264)
3(9106 5264 8444)
3(5264 4602 8444)
3(4663 2873 4602)
4(8505 4663 2873 6715)
3(8444 4602 4663)
3(8444 4663 8505)
3(4663 4602 5264)
3(5265 4107 1663)
4(9107 5265 4107 7949)
3(5505 1663 5265)
3(5505 5265 9107)
3(5265 1663 4427)
3(8269 4427 5265)
3(8269 5265 9107)
3(3325 1814 4673)
3(7167 3325 5656)
3(3325 1814 5656)
3(5656 1814 4673)
3(5656 4673 8515)
3(8515 4673 3325)
3(8515 3325 7167)
3(3325 4673 5265)
3(8515 4673 5265)
3(8515 5265 9107)
4(9107 5265 3325 7167)
3(5265 4427 1985)
3(5827 1985 5265)
3(5827 5265 9107)
3(5265 1985 4845)
3(5827 1985 4845)
3(5827 4845 8687)
3(8687 4845 5265)
3(8687 5265 9107)
3(5265 4845 1986)
3(8687 4845 5828)
3(4845 1986 5828)
3(5828 1986 5265)
3(5828 5265 9107)
3(5265 1986 3325)
3(5828 1986 3325)
3(5828 3325 7167)
3(3602 2066 4107)
3(7949 4107 7444)
3(4107 3602 7444)
3(3602 4107 5265)
3(9107 5265 7444)
3(5265 3602 7444)
3(4673 2068 3602)
3(8515 4673 5910)
3(4673 2068 5910)
3(7444 3602 8515)
3(3602 4673 8515)
3(4673 3602 5265)
3(5266 4746 1711)
4(9108 5266 4746 8588)
3(5553 1711 5266)
3(5553 5266 9108)
3(5266 1711 3917)
3(7759 3917 5266)
3(7759 5266 9108)
3(4263 1716 4746)
3(8588 4746 8105)
3(4746 4263 8105)
3(4263 4746 5266)
3(9108 5266 8105)
3(5266 4263 8105)
3(5266 3917 1723)
3(5565 1723 5266)
3(5565 5266 9108)
3(5266 1723 4760)
3(5565 1723 4760)
3(5565 4760 8602)
3(8602 4760 5266)
3(8602 5266 9108)
3(4308 1841 4263)
3(8150 4308 5683)
3(4308 1841 5683)
3(8105 4263 8150)
3(4263 4308 8150)
3(4308 4263 5266)
3(9108 5266 8150)
3(5266 4308 8150)
3(5266 4760 2334)
3(8602 4760 6176)
3(4760 2334 6176)
3(6176 2334 5266)
3(6176 5266 9108)
3(5266 2334 4290)
3(6176 2334 4290)
3(6176 4290 8132)
4(8132 4290 5266 9108)
3(4290 2335 4308)
3(8132 4290 6177)
3(4290 2335 6177)
3(6177 2335 4308)
3(6177 4308 8150)
3(8150 4308 4290)
3(8150 4290 8132)
3(4290 4308 5266)
3(5267 3124 2404)
4(9109 5267 3124 6966)
3(6246 2404 5267)
3(6246 5267 9109)
3(5267 2404 3548)
4(6246 2404 3548 7390)
3(7390 3548 5267)
3(7390 5267 9109)
3(3430 2405 3248)
3(7272 3430 6247)
3(3430 2405 6247)
3(6247 2405 3248)
3(6247 3248 7090)
3(7090 3248 7272)
3(3248 3430 7272)
3(3430 3248 5267)
3(7090 3248 5267)
3(7090 5267 9109)
3(9109 5267 7272)
3(5267 3430 7272)
3(5267 3548 2406)
4(7390 3548 2406 6248)
3(6248 2406 5267)
3(6248 5267 9109)
3(5267 2406 3430)
3(6248 2406 3430)
3(6248 3430 7272)
3(5267 4643 2622)
3(9109 5267 8485)
3(5267 4643 8485)
3(6464 2622 5267)
3(6464 5267 9109)
3(5267 2622 3124)
3(3248 2797 4566)
3(7090 3248 6639)
3(3248 2797 6639)
3(8408 4566 3248)
3(8408 3248 7090)
3(3248 4566 5267)
3(8408 4566 5267)
3(8408 5267 9109)
3(4566 2798 4643)
3(8485 4643 8408)
3(4643 4566 8408)
3(4566 4643 5267)
3(5268 4848 2562)
3(9110 5268 8690)
3(5268 4848 8690)
3(8690 4848 6404)
3(4848 2562 6404)
3(6404 2562 5268)
3(6404 5268 9110)
3(5268 2562 4402)
3(6404 2562 4402)
3(6404 4402 8244)
3(8244 4402 5268)
3(8244 5268 9110)
3(4402 2581 3190)
3(8244 4402 6423)
3(4402 2581 6423)
4(6423 2581 3190 7032)
3(7032 3190 4402)
3(7032 4402 8244)
3(4402 3190 5268)
3(7032 3190 5268)
3(7032 5268 9110)
3(3132 2909 3618)
3(7460 3618 3132)
3(7460 3132 6974)
3(3132 3618 5268)
3(7460 3618 5268)
3(7460 5268 9110)
4(9110 5268 3132 6974)
3(5268 3618 2916)
3(6758 2916 5268)
3(6758 5268 9110)
3(5268 2916 4571)
3(8413 4571 5268)
3(8413 5268 9110)
3(3190 2917 3132)
4(7032 3190 2917 6759)
3(6974 3132 7032)
3(3132 3190 7032)
3(3190 3132 5268)
3(5268 4571 2924)
3(6766 2924 5268)
3(6766 5268 9110)
3(5268 2924 4848)
3(6766 2924 4848)
3(6766 4848 8690)
3(5269 4738 1826)
3(9111 5269 8580)
3(5269 4738 8580)
3(5668 1826 5269)
3(5668 5269 9111)
3(5269 1826 4213)
3(8055 4213 5269)
3(8055 5269 9111)
3(3205 1827 4738)
3(8580 4738 3205)
3(8580 3205 7047)
3(3205 4738 5269)
4(9111 5269 3205 7047)
3(3096 1836 3852)
3(6938 3096 5678)
3(3096 1836 5678)
4(5678 1836 3852 7694)
3(7694 3852 3096)
3(7694 3096 6938)
3(3096 3852 5269)
3(7694 3852 5269)
3(7694 5269 9111)
3(9111 5269 6938)
3(5269 3096 6938)
3(3852 1837 3205)
4(7694 3852 1837 5679)
3(7047 3205 7694)
3(3205 3852 7694)
3(3852 3205 5269)
3(5269 2934 2473)
3(9111 5269 6776)
3(5269 2934 6776)
3(6776 2934 6315)
3(2934 2473 6315)
3(6315 2473 5269)
3(6315 5269 9111)
3(5269 2473 3096)
3(6315 2473 3096)
3(6315 3096 6938)
3(5269 4213 2475)
3(6317 2475 5269)
3(6317 5269 9111)
3(5269 2475 2934)
3(6317 2475 2934)
3(6317 2934 6776)
3(3551 2052 4677)
3(7393 3551 5894)
3(3551 2052 5894)
3(8519 4677 3551)
3(8519 3551 7393)
3(3551 4677 5270)
3(8519 4677 5270)
3(8519 5270 9112)
3(9112 5270 7393)
3(5270 3551 7393)
3(4677 2053 3744)
3(7586 3744 8519)
3(3744 4677 8519)
3(4677 3744 5270)
3(7586 3744 5270)
3(7586 5270 9112)
3(3100 2353 3551)
3(6942 3100 6195)
3(3100 2353 6195)
3(6195 2353 3551)
3(6195 3551 7393)
3(7393 3551 6942)
3(3551 3100 6942)
3(3100 3551 5270)
3(9112 5270 6942)
3(5270 3100 6942)
3(5270 3859 2355)
3(9112 5270 7701)
3(5270 3859 7701)
4(7701 3859 2355 6197)
3(6197 2355 5270)
3(6197 5270 9112)
3(5270 2355 3100)
3(6197 2355 3100)
3(6197 3100 6942)
3(5270 3213 2721)
4(9112 5270 3213 7055)
3(6563 2721 5270)
3(6563 5270 9112)
3(5270 2721 3859)
4(6563 2721 3859 7701)
3(5270 3744 2723)
3(6565 2723 5270)
3(6565 5270 9112)
3(5270 2723 3213)
3(3186 2648 3957)
3(7028 3186 6490)
3(3186 2648 6490)
3(6490 2648 3957)
3(6490 3957 7799)
3(7799 3957 7028)
3(3957 3186 7028)
3(3186 3957 5271)
4(7799 3957 5271 9113)
3(9113 5271 7028)
3(5271 3186 7028)
3(5271 4379 2649)
3(9113 5271 8221)
3(5271 4379 8221)
3(6491 2649 5271)
3(6491 5271 9113)
3(5271 2649 4311)
3(8153 4311 5271)
3(8153 5271 9113)
3(5271 4311 2650)
3(6492 2650 5271)
3(6492 5271 9113)
3(5271 2650 3028)
3(6492 2650 3028)
3(6492 3028 6870)
3(6870 3028 5271)
3(6870 5271 9113)
3(5271 3028 2651)
3(6870 3028 6493)
3(3028 2651 6493)
3(6493 2651 5271)
3(6493 5271 9113)
3(5271 2651 3186)
3(6493 2651 3186)
3(6493 3186 7028)
3(3957 2652 3880)
3(7799 3957 6494)
3(3957 2652 6494)
3(7722 3880 3957)
3(7722 3957 7799)
3(3957 3880 5271)
3(7722 3880 5271)
3(7722 5271 9113)
3(3880 2653 4379)
3(8221 4379 7722)
3(4379 3880 7722)
3(3880 4379 5271)
3(5272 3511 2599)
3(9114 5272 7353)
3(5272 3511 7353)
3(6441 2599 5272)
3(6441 5272 9114)
3(5272 2599 3965)
3(6441 2599 3965)
3(6441 3965 7807)
4(7807 3965 5272 9114)
3(5272 4383 2600)
3(9114 5272 8225)
3(5272 4383 8225)
3(6442 2600 5272)
3(6442 5272 9114)
3(5272 2600 3511)
3(5272 3965 2601)
3(7807 3965 6443)
3(3965 2601 6443)
3(6443 2601 5272)
3(6443 5272 9114)
3(5272 2601 3189)
3(6443 2601 3189)
3(6443 3189 7031)
3(7031 3189 5272)
3(7031 5272 9114)
3(3189 2602 3663)
3(7031 3189 6444)
3(3189 2602 6444)
3(6444 2602 3663)
3(6444 3663 7505)
3(7505 3663 3189)
3(7505 3189 7031)
3(3189 3663 5272)
3(7505 3663 5272)
3(7505 5272 9114)
3(3663 2854 4314)
3(7505 3663 6696)
3(3663 2854 6696)
3(8156 4314 7505)
3(4314 3663 7505)
3(3663 4314 5272)
3(8156 4314 5272)
3(8156 5272 9114)
3(4314 2856 4383)
3(8225 4383 4314)
3(8225 4314 8156)
3(4314 4383 5272)
3(3969 2236 4478)
3(8320 4478 3969)
3(8320 3969 7811)
3(3969 4478 5273)
3(8320 4478 5273)
3(8320 5273 9115)
3(9115 5273 7811)
3(5273 3969 7811)
3(5273 4478 2237)
3(6079 2237 5273)
3(6079 5273 9115)
3(5273 2237 3516)
3(7358 3516 5273)
3(7358 5273 9115)
3(5273 3516 2238)
3(6080 2238 5273)
3(6080 5273 9115)
3(5273 2238 3591)
3(6080 2238 3591)
3(6080 3591 7433)
4(7433 3591 5273 9115)
3(5273 3591 2239)
3(7433 3591 6081)
3(3591 2239 6081)
3(6081 2239 5273)
3(6081 5273 9115)
3(5273 2239 4789)
3(6081 2239 4789)
3(6081 4789 8631)
3(8631 4789 5273)
3(8631 5273 9115)
3(4789 2240 3294)
3(8631 4789 6082)
3(4789 2240 6082)
3(6082 2240 3294)
3(6082 3294 7136)
3(7136 3294 4789)
3(7136 4789 8631)
3(4789 3294 5273)
3(7136 3294 5273)
3(7136 5273 9115)
3(3294 2241 3969)
3(7136 3294 6083)
3(3294 2241 6083)
3(7811 3969 7136)
3(3969 3294 7136)
3(3294 3969 5273)
3(3595 1724 3607)
3(7437 3595 5566)
3(3595 1724 5566)
3(7449 3607 3595)
3(7449 3595 7437)
3(3595 3607 5274)
3(7449 3607 5274)
3(7449 5274 9116)
4(9116 5274 3595 7437)
3(3478 1725 3595)
3(7320 3478 5567)
3(3478 1725 5567)
3(5567 1725 3595)
3(5567 3595 7437)
3(7437 3595 7320)
3(3595 3478 7320)
3(3478 3595 5274)
3(9116 5274 7320)
3(5274 3478 7320)
3(3607 1859 4488)
3(8330 4488 7449)
3(4488 3607 7449)
3(3607 4488 5274)
3(8330 4488 5274)
3(8330 5274 9116)
3(5274 4488 2046)
3(5888 2046 5274)
3(5888 5274 9116)
3(5274 2046 4429)
3(8271 4429 5274)
3(8271 5274 9116)
3(5274 3300 2339)
3(9116 5274 7142)
3(5274 3300 7142)
3(7142 3300 6181)
3(3300 2339 6181)
3(6181 2339 5274)
3(6181 5274 9116)
3(5274 2339 3478)
3(6181 2339 3478)
3(6181 3478 7320)
3(5274 4429 2340)
3(6182 2340 5274)
3(6182 5274 9116)
3(5274 2340 3300)
3(6182 2340 3300)
3(6182 3300 7142)
3(4215 2625 4811)
3(8057 4215 6467)
3(4215 2625 6467)
3(8653 4811 4215)
3(8653 4215 8057)
3(4215 4811 5275)
3(8653 4811 5275)
3(8653 5275 9117)
4(9117 5275 4215 8057)
3(5275 3713 2626)
3(9117 5275 7555)
3(5275 3713 7555)
3(7555 3713 6468)
3(3713 2626 6468)
4(6468 2626 5275 9117)
3(5275 2626 2966)
3(6468 2626 2966)
3(6468 2966 6808)
3(6808 2966 5275)
3(6808 5275 9117)
3(2966 2627 4215)
3(6808 2966 6469)
3(2966 2627 6469)
3(6469 2627 4215)
3(6469 4215 8057)
3(8057 4215 6808)
3(4215 2966 6808)
3(2966 4215 5275)
3(5275 3612 2799)
4(9117 5275 3612 7454)
3(6641 2799 5275)
3(6641 5275 9117)
3(5275 2799 3713)
3(6641 2799 3713)
3(6641 3713 7555)
3(4811 2858 3437)
4(7279 3437 4811 8653)
3(4811 3437 5275)
3(7279 3437 5275)
3(7279 5275 9117)
3(5275 3437 2859)
3(6701 2859 5275)
3(6701 5275 9117)
3(5275 2859 3612)
3(4353 2851 4271)
3(8195 4353 6693)
3(4353 2851 6693)
3(8113 4271 8195)
3(4271 4353 8195)
3(4353 4271 5276)
4(8113 4271 5276 9118)
3(9118 5276 8195)
3(5276 4353 8195)
3(3583 2852 4353)
3(7425 3583 6694)
3(3583 2852 6694)
3(6694 2852 4353)
3(6694 4353 8195)
4(8195 4353 3583 7425)
3(3583 4353 5276)
3(9118 5276 7425)
3(5276 3583 7425)
3(5276 4847 2853)
4(9118 5276 4847 8689)
3(8689 4847 6695)
3(4847 2853 6695)
3(6695 2853 5276)
3(6695 5276 9118)
3(5276 2853 3583)
3(6695 2853 3583)
3(6695 3583 7425)
3(5276 3509 2855)
3(9118 5276 7351)
3(5276 3509 7351)
3(6697 2855 5276)
3(6697 5276 9118)
3(5276 2855 4847)
3(6697 2855 4847)
3(6697 4847 8689)
3(4271 2923 4110)
3(7952 4110 4271)
3(7952 4271 8113)
3(4271 4110 5276)
3(7952 4110 5276)
3(7952 5276 9118)
3(5276 4110 2925)
4(6767 2925 5276 9118)
3(5276 2925 3509)
3(3258 1838 4556)
3(8398 4556 3258)
3(8398 3258 7100)
3(3258 4556 5277)
3(8398 4556 5277)
3(8398 5277 9119)
4(9119 5277 3258 7100)
3(5277 4556 2035)
4(5877 2035 5277 9119)
3(5277 2035 4467)
3(8309 4467 5277)
3(8309 5277 9119)
3(5277 4467 2036)
3(5878 2036 5277)
3(5878 5277 9119)
3(5277 2036 2933)
3(5878 2036 2933)
3(5878 2933 6775)
4(6775 2933 5277 9119)
3(5277 2933 2242)
3(6775 2933 6084)
3(2933 2242 6084)
3(6084 2242 5277)
3(6084 5277 9119)
3(5277 2242 3589)
3(6084 2242 3589)
3(6084 3589 7431)
3(7431 3589 5277)
3(7431 5277 9119)
3(4356 2470 3258)
3(8198 4356 6312)
3(4356 2470 6312)
3(7100 3258 8198)
3(3258 4356 8198)
3(4356 3258 5277)
3(9119 5277 8198)
3(5277 4356 8198)
3(3589 2471 4356)
3(7431 3589 6313)
3(3589 2471 6313)
3(6313 2471 4356)
3(6313 4356 8198)
4(8198 4356 3589 7431)
3(3589 4356 5277)
3(3606 2047 4198)
4(8040 4198 3606 7448)
3(3606 4198 5278)
3(8040 4198 5278)
3(8040 5278 9120)
3(9120 5278 7448)
3(5278 3606 7448)
3(5278 4198 2051)
3(5893 2051 5278)
3(5893 5278 9120)
3(5278 2051 4370)
4(8212 4370 5278 9120)
3(4511 2341 3606)
3(8353 4511 6183)
3(4511 2341 6183)
3(7448 3606 4511)
3(7448 4511 8353)
3(4511 3606 5278)
4(9120 5278 4511 8353)
3(3229 2346 4511)
3(7071 3229 6188)
3(3229 2346 6188)
3(6188 2346 4511)
3(6188 4511 8353)
3(8353 4511 7071)
3(4511 3229 7071)
3(3229 4511 5278)
3(9120 5278 7071)
3(5278 3229 7071)
3(5278 4010 2349)
3(9120 5278 7852)
3(5278 4010 7852)
3(7852 4010 6191)
3(4010 2349 6191)
4(6191 2349 5278 9120)
3(5278 2349 3229)
3(6191 2349 3229)
3(6191 3229 7071)
3(5278 4370 2352)
3(6194 2352 5278)
3(6194 5278 9120)
3(5278 2352 4010)
3(6194 2352 4010)
3(6194 4010 7852)
3(5279 3320 2117)
4(9121 5279 3320 7162)
3(5959 2117 5279)
3(5959 5279 9121)
3(5279 2117 3611)
3(7453 3611 5279)
3(7453 5279 9121)
3(5279 3611 2118)
3(5960 2118 5279)
3(5960 5279 9121)
3(5279 2118 3027)
3(5960 2118 3027)
3(5960 3027 6869)
3(6869 3027 5279)
3(6869 5279 9121)
3(3709 2119 4139)
3(7551 3709 5961)
3(3709 2119 5961)
3(5961 2119 4139)
3(5961 4139 7981)
3(7981 4139 3709)
3(7981 3709 7551)
3(3709 4139 5279)
3(7981 4139 5279)
3(7981 5279 9121)
3(9121 5279 7551)
3(5279 3709 7551)
3(5279 3027 2120)
3(6869 3027 5962)
3(3027 2120 5962)
3(5962 2120 5279)
3(5962 5279 9121)
3(5279 2120 3709)
3(5962 2120 3709)
3(5962 3709 7551)
3(3548 2404 3320)
3(7162 3320 7390)
3(3320 3548 7390)
3(3548 3320 5279)
3(9121 5279 7390)
3(5279 3548 7390)
3(4139 2406 3548)
3(7981 4139 6248)
3(4139 2406 6248)
3(7390 3548 4139)
3(7390 4139 7981)
3(4139 3548 5279)
3(5280 3137 2580)
3(9122 5280 6979)
3(5280 3137 6979)
3(6979 3137 6422)
3(3137 2580 6422)
3(6422 2580 5280)
3(6422 5280 9122)
3(5280 2580 3338)
3(6422 2580 3338)
3(6422 3338 7180)
3(7180 3338 5280)
3(7180 5280 9122)
3(5280 3190 2581)
3(9122 5280 7032)
3(5280 3190 7032)
3(6423 2581 5280)
3(6423 5280 9122)
3(5280 2581 3137)
3(6423 2581 3137)
3(6423 3137 6979)
3(4624 2582 3254)
3(8466 4624 6424)
3(4624 2582 6424)
3(7096 3254 8466)
3(3254 4624 8466)
3(4624 3254 5280)
3(7096 3254 5280)
3(7096 5280 9122)
3(9122 5280 8466)
3(5280 4624 8466)
3(3338 2583 4624)
3(7180 3338 6425)
3(3338 2583 6425)
3(6425 2583 4624)
3(6425 4624 8466)
3(8466 4624 3338)
3(8466 3338 7180)
3(3338 4624 5280)
3(5280 3328 2917)
4(9122 5280 3328 7170)
3(6759 2917 5280)
3(6759 5280 9122)
3(5280 2917 3190)
3(3254 2918 3328)
3(7170 3328 7096)
3(3328 3254 7096)
3(3254 3328 5280)
3(5281 3786 1834)
3(9123 5281 7628)
3(5281 3786 7628)
3(7628 3786 5676)
3(3786 1834 5676)
3(5676 1834 5281)
3(5676 5281 9123)
3(5281 1834 4001)
3(5676 1834 4001)
3(5676 4001 7843)
3(7843 4001 5281)
3(7843 5281 9123)
3(3921 1835 3424)
3(7266 3424 7763)
3(3424 3921 7763)
3(3921 3424 5281)
4(7266 3424 5281 9123)
3(9123 5281 7763)
3(5281 3921 7763)
3(5281 3852 1836)
3(9123 5281 7694)
3(5281 3852 7694)
3(5678 1836 5281)
3(5678 5281 9123)
3(5281 1836 3786)
3(5678 1836 3786)
3(5678 3786 7628)
3(5281 3424 1837)
3(5679 1837 5281)
3(5679 5281 9123)
3(5281 1837 3852)
3(4001 2018 3293)
3(7843 4001 5860)
3(4001 2018 5860)
3(5860 2018 3293)
3(5860 3293 7135)
3(7135 3293 4001)
3(7135 4001 7843)
3(4001 3293 5281)
3(7135 3293 5281)
3(7135 5281 9123)
3(3293 2019 3921)
3(7135 3293 5861)
3(3293 2019 5861)
3(7763 3921 7135)
3(3921 3293 7135)
3(3293 3921 5281)
3(3403 2355 3859)
3(7245 3403 6197)
3(3403 2355 6197)
3(7701 3859 3403)
3(7701 3403 7245)
3(3403 3859 5282)
3(7701 3859 5282)
3(7701 5282 9124)
3(9124 5282 7245)
3(5282 3403 7245)
3(5282 3362 2504)
3(9124 5282 7204)
3(5282 3362 7204)
3(6346 2504 5282)
3(6346 5282 9124)
3(5282 2504 4260)
3(6346 2504 4260)
3(6346 4260 8102)
3(8102 4260 5282)
3(8102 5282 9124)
3(5282 3432 2719)
4(9124 5282 3432 7274)
3(6561 2719 5282)
3(6561 5282 9124)
3(5282 2719 3362)
3(3859 2721 3432)
3(7274 3432 7701)
3(3432 3859 7701)
3(3859 3432 5282)
3(5282 4260 2746)
3(8102 4260 6588)
3(4260 2746 6588)
3(6588 2746 5282)
3(6588 5282 9124)
3(5282 2746 3624)
3(6588 2746 3624)
3(6588 3624 7466)
3(7466 3624 5282)
3(7466 5282 9124)
3(3624 2747 3403)
3(7466 3624 6589)
3(3624 2747 6589)
3(6589 2747 3403)
3(6589 3403 7245)
3(7245 3403 3624)
3(7245 3624 7466)
3(3624 3403 5282)
3(4845 1985 4106)
3(7948 4106 8687)
3(4106 4845 8687)
3(4845 4106 5283)
3(7948 4106 5283)
3(7948 5283 9125)
3(9125 5283 8687)
3(5283 4845 8687)
3(4435 1986 4845)
3(8277 4435 5828)
3(4435 1986 5828)
3(8687 4845 4435)
3(8687 4435 8277)
3(4435 4845 5283)
3(9125 5283 8277)
3(5283 4435 8277)
3(4112 2222 4435)
3(7954 4112 6064)
3(4112 2222 6064)
3(6064 2222 4435)
3(6064 4435 8277)
4(8277 4435 4112 7954)
3(4112 4435 5283)
3(9125 5283 7954)
3(5283 4112 7954)
3(5283 3887 2466)
3(9125 5283 7729)
3(5283 3887 7729)
3(7729 3887 6308)
3(3887 2466 6308)
3(6308 2466 5283)
3(6308 5283 9125)
3(5283 2466 4112)
3(6308 2466 4112)
3(6308 4112 7954)
3(5283 3957 2648)
3(9125 5283 7799)
3(5283 3957 7799)
3(6490 2648 5283)
3(6490 5283 9125)
3(5283 2648 3887)
3(6490 2648 3887)
3(6490 3887 7729)
3(5283 4106 2652)
4(6494 2652 5283 9125)
3(5283 2652 3957)
3(4119 1763 3894)
3(7961 4119 5605)
3(4119 1763 5605)
3(5605 1763 3894)
3(5605 3894 7736)
3(7736 3894 4119)
3(7736 4119 7961)
3(4119 3894 5284)
3(7736 3894 5284)
3(7736 5284 9126)
3(9126 5284 7961)
3(5284 4119 7961)
3(5284 4638 1813)
3(9126 5284 8480)
3(5284 4638 8480)
3(8480 4638 5655)
3(4638 1813 5655)
4(5655 1813 5284 9126)
3(5284 1813 4119)
3(5655 1813 4119)
3(5655 4119 7961)
3(5284 4673 1814)
3(9126 5284 8515)
3(5284 4673 8515)
3(5656 1814 5284)
3(5656 5284 9126)
3(5284 1814 4638)
3(5656 1814 4638)
3(5656 4638 8480)
3(5284 3098 2068)
3(9126 5284 6940)
3(5284 3098 6940)
3(5910 2068 5284)
3(5910 5284 9126)
3(5284 2068 4673)
3(3965 2599 3098)
4(6940 3098 3965 7807)
3(3965 3098 5284)
3(9126 5284 7807)
3(5284 3965 7807)
3(3894 2601 3965)
3(7736 3894 6443)
3(3894 2601 6443)
3(7807 3965 7736)
3(3965 3894 7736)
3(3894 3965 5284)
3(5285 3747 1841)
3(9127 5285 7589)
3(5285 3747 7589)
3(5683 1841 5285)
3(5683 5285 9127)
3(5285 1841 4308)
3(8150 4308 5285)
3(8150 5285 9127)
3(3758 1842 3526)
3(7600 3758 5684)
3(3758 1842 5684)
3(5684 1842 3526)
3(5684 3526 7368)
3(7368 3526 3758)
3(7368 3758 7600)
3(3758 3526 5285)
3(7368 3526 5285)
3(7368 5285 9127)
3(9127 5285 7600)
3(5285 3758 7600)
3(3591 2238 3747)
4(7589 3747 3591 7433)
3(3591 3747 5285)
3(9127 5285 7433)
3(5285 3591 7433)
3(3526 2239 3591)
3(7368 3526 6081)
3(3526 2239 6081)
3(7433 3591 7368)
3(3591 3526 7368)
3(3526 3591 5285)
3(5285 4269 2332)
3(9127 5285 8111)
3(5285 4269 8111)
3(8111 4269 6174)
3(4269 2332 6174)
4(6174 2332 5285 9127)
3(5285 2332 3758)
3(6174 2332 3758)
3(6174 3758 7600)
3(5285 4308 2335)
3(6177 2335 5285)
3(6177 5285 9127)
3(5285 2335 4269)
3(6177 2335 4269)
3(6177 4269 8111)
3(4760 1723 3840)
3(7682 3840 8602)
3(3840 4760 8602)
3(4760 3840 5286)
3(7682 3840 5286)
3(7682 5286 9128)
3(9128 5286 8602)
3(5286 4760 8602)
3(5286 3840 1724)
4(5566 1724 5286 9128)
3(5286 1724 3595)
3(7437 3595 5286)
3(7437 5286 9128)
3(5286 3595 1725)
3(5567 1725 5286)
3(5567 5286 9128)
3(5286 1725 4181)
3(5567 1725 4181)
3(5567 4181 8023)
3(8023 4181 5286)
3(8023 5286 9128)
3(5286 4181 2076)
3(8023 4181 5918)
3(4181 2076 5918)
3(5918 2076 5286)
3(5918 5286 9128)
3(5286 2076 4396)
3(5918 2076 4396)
3(5918 4396 8238)
3(8238 4396 5286)
3(8238 5286 9128)
3(4396 2333 4466)
3(8238 4396 6175)
3(4396 2333 6175)
3(6175 2333 4466)
3(6175 4466 8308)
4(8308 4466 4396 8238)
3(4396 4466 5286)
3(8308 4466 5286)
3(8308 5286 9128)
3(4466 2334 4760)
3(8308 4466 6176)
3(4466 2334 6176)
3(8602 4760 4466)
3(8602 4466 8308)
3(4466 4760 5286)
3(4357 2140 3619)
3(8199 4357 5982)
3(4357 2140 5982)
4(5982 2140 3619 7461)
4(7461 3619 4357 8199)
3(4357 3619 5287)
3(7461 3619 5287)
3(7461 5287 9129)
3(9129 5287 8199)
3(5287 4357 8199)
3(5287 4577 2141)
3(9129 5287 8419)
3(5287 4577 8419)
3(8419 4577 5983)
3(4577 2141 5983)
3(5983 2141 5287)
3(5983 5287 9129)
3(5287 2141 4357)
3(5983 2141 4357)
3(5983 4357 8199)
3(5287 3248 2405)
3(9129 5287 7090)
3(5287 3248 7090)
3(6247 2405 5287)
3(6247 5287 9129)
3(5287 2405 4577)
3(6247 2405 4577)
3(6247 4577 8419)
3(3619 2626 3713)
4(7461 3619 2626 6468)
3(7555 3713 7461)
3(3713 3619 7461)
3(3619 3713 5287)
3(7555 3713 5287)
3(7555 5287 9129)
3(5287 3847 2797)
3(9129 5287 7689)
3(5287 3847 7689)
3(6639 2797 5287)
3(6639 5287 9129)
3(5287 2797 3248)
3(3713 2799 3847)
3(7689 3847 7555)
3(3847 3713 7555)
3(3713 3847 5287)
3(5288 4283 2308)
3(9130 5288 8125)
3(5288 4283 8125)
4(8125 4283 2308 6150)
3(6150 2308 5288)
3(6150 5288 9130)
3(5288 2308 3066)
3(6150 2308 3066)
3(6150 3066 6908)
3(6908 3066 5288)
3(6908 5288 9130)
3(3066 2312 4584)
3(6908 3066 6154)
3(3066 2312 6154)
3(6154 2312 4584)
3(6154 4584 8426)
3(8426 4584 3066)
3(8426 3066 6908)
3(3066 4584 5288)
3(8426 4584 5288)
3(8426 5288 9130)
3(4584 2562 4848)
3(8426 4584 6404)
3(4584 2562 6404)
3(8690 4848 8426)
3(4848 4584 8426)
3(4584 4848 5288)
3(8690 4848 5288)
3(8690 5288 9130)
3(5288 4484 2851)
3(9130 5288 8326)
3(5288 4484 8326)
3(6693 2851 5288)
3(6693 5288 9130)
3(5288 2851 4353)
3(8195 4353 5288)
3(8195 5288 9130)
3(5288 4353 2852)
3(6694 2852 5288)
3(6694 5288 9130)
3(5288 2852 4283)
4(6694 2852 4283 8125)
3(4848 2924 4484)
4(8326 4484 4848 8690)
3(4848 4484 5288)
3(5289 3480 2470)
3(9131 5289 7322)
3(5289 3480 7322)
3(6312 2470 5289)
3(6312 5289 9131)
3(5289 2470 4356)
3(8198 4356 5289)
3(8198 5289 9131)
3(5289 4356 2471)
3(6313 2471 5289)
3(6313 5289 9131)
3(5289 2471 4285)
4(6313 2471 4285 8127)
3(8127 4285 5289)
3(8127 5289 9131)
3(5289 4285 2472)
4(8127 4285 2472 6314)
3(6314 2472 5289)
3(6314 5289 9131)
3(5289 2472 3706)
3(6314 2472 3706)
3(6314 3706 7548)
3(7548 3706 5289)
3(7548 5289 9131)
3(3253 2473 2934)
3(7095 3253 6315)
3(3253 2473 6315)
3(6776 2934 7095)
3(2934 3253 7095)
3(3253 2934 5289)
3(6776 2934 5289)
3(6776 5289 9131)
3(9131 5289 7095)
3(5289 3253 7095)
3(3706 2474 3253)
3(7548 3706 6316)
3(3706 2474 6316)
3(6316 2474 3253)
3(6316 3253 7095)
3(7095 3253 3706)
3(7095 3706 7548)
3(3706 3253 5289)
3(2934 2475 3480)
4(7322 3480 2934 6776)
3(2934 3480 5289)
3(5290 4599 2052)
3(9132 5290 8441)
3(5290 4599 8441)
3(5894 2052 5290)
3(5894 5290 9132)
3(5290 2052 3551)
3(7393 3551 5290)
3(7393 5290 9132)
3(4668 2347 3928)
3(8510 4668 6189)
3(4668 2347 6189)
4(6189 2347 3928 7770)
4(7770 3928 4668 8510)
3(4668 3928 5290)
3(7770 3928 5290)
3(7770 5290 9132)
3(9132 5290 8510)
3(5290 4668 8510)
3(3928 2349 4010)
4(7770 3928 2349 6191)
3(7852 4010 7770)
3(4010 3928 7770)
3(3928 4010 5290)
3(7852 4010 5290)
3(7852 5290 9132)
3(5290 4226 2350)
3(9132 5290 8068)
3(5290 4226 8068)
3(8068 4226 6192)
3(4226 2350 6192)
3(6192 2350 5290)
3(6192 5290 9132)
3(5290 2350 4668)
3(6192 2350 4668)
3(6192 4668 8510)
3(4010 2352 4599)
3(8441 4599 7852)
3(4599 4010 7852)
3(4010 4599 5290)
3(5290 3551 2353)
3(6195 2353 5290)
3(6195 5290 9132)
3(5290 2353 4226)
3(6195 2353 4226)
3(6195 4226 8068)
3(5291 3407 2224)
3(9133 5291 7249)
3(5291 3407 7249)
3(7249 3407 6066)
3(3407 2224 6066)
3(6066 2224 5291)
3(6066 5291 9133)
3(5291 2224 3344)
3(6066 2224 3344)
3(6066 3344 7186)
3(7186 3344 5291)
3(7186 5291 9133)
3(3344 2467 2939)
3(7186 3344 6309)
3(3344 2467 6309)
3(6309 2467 2939)
3(6309 2939 6781)
3(6781 2939 7186)
3(2939 3344 7186)
3(3344 2939 5291)
4(6781 2939 5291 9133)
3(5291 3584 2625)
3(9133 5291 7426)
3(5291 3584 7426)
3(6467 2625 5291)
3(6467 5291 9133)
3(5291 2625 4215)
4(8057 4215 5291 9133)
3(5291 4215 2627)
3(6469 2627 5291)
3(6469 5291 9133)
3(5291 2627 3407)
3(6469 2627 3407)
3(6469 3407 7249)
3(3028 2650 3584)
4(7426 3584 3028 6870)
3(3028 3584 5291)
3(9133 5291 6870)
3(5291 3028 6870)
3(2939 2651 3028)
3(6781 2939 6493)
3(2939 2651 6493)
3(6870 3028 2939)
3(6870 2939 6781)
3(2939 3028 5291)
3(5292 4325 2309)
4(9134 5292 4325 8167)
3(8167 4325 6151)
3(4325 2309 6151)
3(6151 2309 5292)
3(6151 5292 9134)
3(5292 2309 4758)
3(6151 2309 4758)
3(6151 4758 8600)
3(8600 4758 5292)
3(8600 5292 9134)
3(4758 2310 3519)
3(8600 4758 6152)
3(4758 2310 6152)
3(6152 2310 3519)
3(6152 3519 7361)
4(7361 3519 4758 8600)
3(4758 3519 5292)
3(7361 3519 5292)
3(7361 5292 9134)
3(5292 3663 2602)
3(9134 5292 7505)
3(5292 3663 7505)
3(6444 2602 5292)
3(6444 5292 9134)
3(5292 2602 4325)
3(6444 2602 4325)
3(6444 4325 8167)
3(3519 2853 4847)
3(7361 3519 6695)
3(3519 2853 6695)
3(8689 4847 7361)
3(4847 3519 7361)
3(3519 4847 5292)
4(8689 4847 5292 9134)
3(5292 4249 2854)
3(9134 5292 8091)
3(5292 4249 8091)
3(6696 2854 5292)
3(6696 5292 9134)
3(5292 2854 3663)
3(4847 2855 4249)
3(8091 4249 4847)
3(8091 4847 8689)
3(4847 4249 5292)
3(2933 2036 3896)
3(7738 3896 2933)
3(7738 2933 6775)
3(2933 3896 5293)
3(7738 3896 5293)
3(7738 5293 9135)
4(9135 5293 2933 6775)
3(5293 3294 2240)
3(9135 5293 7136)
3(5293 3294 7136)
3(6082 2240 5293)
3(6082 5293 9135)
3(5293 2240 3032)
3(6082 2240 3032)
3(6082 3032 6874)
4(6874 3032 5293 9135)
3(5293 3896 2241)
3(6083 2241 5293)
3(6083 5293 9135)
3(5293 2241 3294)
3(3525 2242 2933)
3(7367 3525 6084)
3(3525 2242 6084)
3(6775 2933 7367)
3(2933 3525 7367)
3(3525 2933 5293)
3(9135 5293 7367)
3(5293 3525 7367)
3(5293 3032 2660)
3(6874 3032 6502)
3(3032 2660 6502)
3(6502 2660 5293)
3(6502 5293 9135)
3(5293 2660 3442)
3(6502 2660 3442)
3(6502 3442 7284)
3(7284 3442 5293)
3(7284 5293 9135)
3(3442 2661 3525)
3(7284 3442 6503)
3(3442 2661 6503)
3(6503 2661 3525)
3(6503 3525 7367)
4(7367 3525 3442 7284)
3(3442 3525 5293)
3(4629 2339 3300)
3(8471 4629 6181)
3(4629 2339 6181)
3(7142 3300 4629)
3(7142 4629 8471)
3(4629 3300 5294)
3(7142 3300 5294)
3(7142 5294 9136)
4(9136 5294 4629 8471)
3(3300 2340 4341)
4(8183 4341 3300 7142)
3(3300 4341 5294)
3(8183 4341 5294)
3(8183 5294 9136)
3(5294 4341 2341)
3(6183 2341 5294)
3(6183 5294 9136)
3(5294 2341 4511)
4(8353 4511 5294 9136)
3(5294 4511 2346)
3(6188 2346 5294)
3(6188 5294 9136)
3(5294 2346 3168)
3(6188 2346 3168)
3(6188 3168 7010)
3(7010 3168 5294)
3(7010 5294 9136)
3(3104 2572 4629)
3(6946 3104 6414)
3(3104 2572 6414)
3(6414 2572 4629)
3(6414 4629 8471)
3(8471 4629 6946)
3(4629 3104 6946)
3(3104 4629 5294)
3(9136 5294 6946)
3(5294 3104 6946)
3(5294 3168 2573)
3(7010 3168 6415)
3(3168 2573 6415)
3(6415 2573 5294)
3(6415 5294 9136)
3(5294 2573 3104)
3(6415 2573 3104)
3(6415 3104 6946)
3(4829 1680 3823)
3(8671 4829 5522)
3(4829 1680 5522)
3(5522 1680 3823)
3(5522 3823 7665)
3(7665 3823 4829)
3(7665 4829 8671)
3(4829 3823 5295)
3(7665 3823 5295)
3(7665 5295 9137)
4(9137 5295 4829 8671)
3(5295 3638 1793)
3(9137 5295 7480)
3(5295 3638 7480)
3(7480 3638 5635)
3(3638 1793 5635)
3(5635 1793 5295)
3(5635 5295 9137)
3(5295 1793 4829)
3(5635 1793 4829)
3(5635 4829 8671)
3(3027 2118 3050)
3(6892 3050 6869)
3(3050 3027 6869)
3(3027 3050 5295)
4(6892 3050 5295 9137)
3(9137 5295 6869)
3(5295 3027 6869)
3(3823 2120 3027)
3(7665 3823 5962)
3(3823 2120 5962)
4(6869 3027 3823 7665)
3(3823 3027 5295)
3(5295 3466 2122)
3(9137 5295 7308)
3(5295 3466 7308)
3(5964 2122 5295)
3(5964 5295 9137)
3(5295 2122 3638)
3(5964 2122 3638)
3(5964 3638 7480)
3(5295 3050 2123)
3(5965 2123 5295)
3(5965 5295 9137)
3(5295 2123 3466)
3(5296 4280 2358)
3(9138 5296 8122)
3(5296 4280 8122)
3(8122 4280 6200)
3(4280 2358 6200)
3(6200 2358 5296)
3(6200 5296 9138)
3(5296 2358 3993)
3(6200 2358 3993)
3(6200 3993 7835)
4(7835 3993 5296 9138)
3(3993 2549 4121)
3(7835 3993 6391)
3(3993 2549 6391)
3(6391 2549 4121)
3(6391 4121 7963)
3(7963 4121 3993)
3(7963 3993 7835)
3(3993 4121 5296)
3(7963 4121 5296)
3(7963 5296 9138)
3(5296 4003 2582)
4(9138 5296 4003 7845)
3(6424 2582 5296)
3(6424 5296 9138)
3(5296 2582 4624)
3(8466 4624 5296)
3(8466 5296 9138)
3(5296 4624 2583)
3(6425 2583 5296)
3(6425 5296 9138)
3(5296 2583 4280)
3(6425 2583 4280)
3(6425 4280 8122)
3(3470 2702 4003)
3(7845 4003 7312)
3(4003 3470 7312)
3(3470 4003 5296)
3(9138 5296 7312)
3(5296 3470 7312)
3(4121 2703 3470)
3(7963 4121 6545)
3(4121 2703 6545)
4(7312 3470 4121 7963)
3(4121 3470 5296)
3(5297 3924 2017)
3(9139 5297 7766)
3(5297 3924 7766)
3(7766 3924 5859)
3(3924 2017 5859)
3(5859 2017 5297)
3(5859 5297 9139)
3(5297 2017 2998)
3(5859 2017 2998)
3(5859 2998 6840)
4(6840 2998 5297 9139)
3(5297 3293 2018)
3(9139 5297 7135)
3(5297 3293 7135)
3(5860 2018 5297)
3(5860 5297 9139)
3(5297 2018 3924)
3(5860 2018 3924)
3(5860 3924 7766)
3(5297 4660 2019)
4(9139 5297 4660 8502)
3(5861 2019 5297)
3(5861 5297 9139)
3(5297 2019 3293)
3(2998 2020 3759)
3(6840 2998 5862)
3(2998 2020 5862)
3(5862 2020 3759)
3(5862 3759 7601)
3(7601 3759 2998)
3(7601 2998 6840)
3(2998 3759 5297)
3(7601 3759 5297)
3(7601 5297 9139)
3(3759 2021 3136)
3(7601 3759 5863)
3(3759 2021 5863)
4(6978 3136 3759 7601)
3(3759 3136 5297)
3(6978 3136 5297)
3(6978 5297 9139)
3(3136 2022 4660)
3(8502 4660 6978)
3(4660 3136 6978)
3(3136 4660 5297)
3(4260 2504 4114)
3(7956 4114 8102)
3(4114 4260 8102)
3(4260 4114 5298)
4(7956 4114 5298 9140)
3(9140 5298 8102)
3(5298 4260 8102)
3(5298 4114 2550)
3(6392 2550 5298)
3(6392 5298 9140)
3(5298 2550 3572)
3(7414 3572 5298)
3(7414 5298 9140)
3(3622 2743 3927)
3(7464 3622 6585)
3(3622 2743 6585)
3(6585 2743 3927)
3(6585 3927 7769)
3(7769 3927 3622)
3(7769 3622 7464)
3(3622 3927 5298)
3(7769 3927 5298)
3(7769 5298 9140)
4(9140 5298 3622 7464)
3(3927 2746 4260)
3(7769 3927 6588)
3(3927 2746 6588)
4(8102 4260 3927 7769)
3(3927 4260 5298)
3(5298 4399 2926)
3(9140 5298 8241)
3(5298 4399 8241)
3(8241 4399 6768)
3(4399 2926 6768)
3(6768 2926 5298)
3(6768 5298 9140)
3(5298 2926 3622)
3(6768 2926 3622)
3(6768 3622 7464)
3(5298 3572 2928)
3(6770 2928 5298)
3(6770 5298 9140)
3(5298 2928 4399)
3(6770 2928 4399)
3(6770 4399 8241)
3(5299 4752 1792)
3(9141 5299 8594)
3(5299 4752 8594)
3(5634 1792 5299)
3(5634 5299 9141)
3(5299 1792 3380)
3(5634 1792 3380)
3(5634 3380 7222)
3(7222 3380 5299)
3(7222 5299 9141)
3(4100 1793 3638)
3(7942 4100 5635)
3(4100 1793 5635)
3(7480 3638 7942)
3(3638 4100 7942)
3(4100 3638 5299)
3(7480 3638 5299)
3(7480 5299 9141)
3(9141 5299 7942)
3(5299 4100 7942)
3(4295 1964 4100)
4(8137 4295 1964 5806)
3(5806 1964 4100)
3(5806 4100 7942)
3(7942 4100 8137)
3(4100 4295 8137)
3(4295 4100 5299)
3(9141 5299 8137)
3(5299 4295 8137)
3(5299 3380 1965)
3(7222 3380 5807)
3(3380 1965 5807)
3(5807 1965 5299)
3(5807 5299 9141)
3(5299 1965 4295)
4(5807 1965 4295 8137)
3(3997 2121 4752)
3(8594 4752 3997)
3(8594 3997 7839)
3(3997 4752 5299)
3(9141 5299 7839)
3(5299 3997 7839)
3(3638 2122 3997)
4(7839 3997 3638 7480)
3(3638 3997 5299)
3(5300 3217 2494)
3(9142 5300 7059)
3(5300 3217 7059)
3(7059 3217 6336)
3(3217 2494 6336)
3(6336 2494 5300)
3(6336 5300 9142)
3(5300 2494 3433)
4(6336 2494 3433 7275)
3(7275 3433 5300)
3(7275 5300 9142)
3(5300 4121 2549)
3(9142 5300 7963)
3(5300 4121 7963)
3(6391 2549 5300)
3(6391 5300 9142)
3(5300 2549 3217)
3(6391 2549 3217)
3(6391 3217 7059)
3(4495 2696 4388)
3(8337 4495 6538)
3(4495 2696 6538)
3(8230 4388 4495)
3(8230 4495 8337)
3(4495 4388 5300)
3(8230 4388 5300)
3(8230 5300 9142)
3(9142 5300 8337)
3(5300 4495 8337)
3(3433 2697 4495)
4(7275 3433 2697 6539)
3(6539 2697 4495)
3(6539 4495 8337)
4(8337 4495 3433 7275)
3(3433 4495 5300)
3(5300 4388 2698)
3(6540 2698 5300)
3(6540 5300 9142)
3(5300 2698 4002)
3(7844 4002 5300)
3(7844 5300 9142)
3(5300 4002 2703)
3(6545 2703 5300)
3(6545 5300 9142)
3(5300 2703 4121)
3(4411 1786 3490)
4(8253 4411 1786 5628)
3(5628 1786 3490)
3(5628 3490 7332)
4(7332 3490 4411 8253)
3(4411 3490 5301)
3(7332 3490 5301)
3(7332 5301 9143)
3(9143 5301 8253)
3(5301 4411 8253)
3(5301 4189 1833)
3(9143 5301 8031)
3(5301 4189 8031)
3(8031 4189 5675)
3(4189 1833 5675)
3(5675 1833 5301)
3(5675 5301 9143)
3(5301 1833 4411)
4(5675 1833 4411 8253)
3(5301 3759 2020)
3(9143 5301 7601)
3(5301 3759 7601)
3(5862 2020 5301)
3(5862 5301 9143)
3(5301 2020 4189)
3(5862 2020 4189)
3(5862 4189 8031)
3(5301 3625 2021)
3(9143 5301 7467)
3(5301 3625 7467)
3(5863 2021 5301)
3(5863 5301 9143)
3(5301 2021 3759)
3(3490 2033 4398)
3(7332 3490 5875)
3(3490 2033 5875)
3(8240 4398 3490)
3(8240 3490 7332)
3(3490 4398 5301)
3(8240 4398 5301)
3(8240 5301 9143)
3(5301 4398 2034)
3(5876 2034 5301)
3(5876 5301 9143)
3(5301 2034 3625)
3(4823 2926 4399)
3(8665 4823 6768)
3(4823 2926 6768)
3(8241 4399 8665)
3(4399 4823 8665)
3(4823 4399 5302)
3(8241 4399 5302)
3(8241 5302 9144)
3(9144 5302 8665)
3(5302 4823 8665)
3(3102 2927 4823)
4(6944 3102 2927 6769)
3(6769 2927 4823)
3(6769 4823 8665)
3(8665 4823 6944)
3(4823 3102 6944)
3(3102 4823 5302)
3(9144 5302 6944)
3(5302 3102 6944)
3(4399 2928 4747)
4(8589 4747 4399 8241)
3(4399 4747 5302)
3(8589 4747 5302)
3(8589 5302 9144)
3(5302 4154 2929)
3(9144 5302 7996)
3(5302 4154 7996)
3(7996 4154 6771)
3(4154 2929 6771)
3(6771 2929 5302)
3(6771 5302 9144)
3(5302 2929 3102)
4(6771 2929 3102 6944)
3(4747 2930 4838)
3(8680 4838 4747)
3(8680 4747 8589)
3(4747 4838 5302)
3(8680 4838 5302)
3(8680 5302 9144)
3(5302 4838 2931)
3(6773 2931 5302)
3(6773 5302 9144)
3(5302 2931 4154)
3(6773 2931 4154)
3(6773 4154 7996)
3(5303 3284 1759)
3(9145 5303 7126)
3(5303 3284 7126)
3(5601 1759 5303)
3(5601 5303 9145)
3(5303 1759 4751)
3(8593 4751 5303)
3(8593 5303 9145)
3(5303 4751 1785)
4(5627 1785 5303 9145)
3(5303 1785 3906)
4(5627 1785 3906 7748)
3(7748 3906 5303)
3(7748 5303 9145)
3(3380 1792 3284)
3(7126 3284 3380)
3(7126 3380 7222)
3(3380 3284 5303)
3(9145 5303 7222)
3(5303 3380 7222)
3(5303 3906 1953)
4(7748 3906 1953 5795)
3(5795 1953 5303)
3(5795 5303 9145)
3(5303 1953 3543)
3(5795 1953 3543)
3(5795 3543 7385)
3(7385 3543 5303)
3(7385 5303 9145)
3(4549 1965 3380)
3(8391 4549 5807)
3(4549 1965 5807)
4(7222 3380 4549 8391)
3(4549 3380 5303)
3(9145 5303 8391)
3(5303 4549 8391)
3(3543 1968 4549)
3(7385 3543 5810)
3(3543 1968 5810)
3(5810 1968 4549)
3(5810 4549 8391)
3(8391 4549 7385)
3(4549 3543 7385)
3(3543 4549 5303)
3(5304 2964 2696)
3(9146 5304 6806)
3(5304 2964 6806)
3(6538 2696 5304)
3(6538 5304 9146)
3(5304 2696 4495)
3(8337 4495 5304)
3(8337 5304 9146)
3(5304 4495 2697)
4(6539 2697 5304 9146)
3(5304 2697 4662)
3(6539 2697 4662)
3(6539 4662 8504)
3(8504 4662 5304)
3(8504 5304 9146)
3(5304 4662 2826)
3(8504 4662 6668)
3(4662 2826 6668)
3(6668 2826 5304)
3(6668 5304 9146)
3(5304 2826 3017)
3(6668 2826 3017)
3(6668 3017 6859)
3(6859 3017 5304)
3(6859 5304 9146)
3(3017 2828 4008)
3(6859 3017 6670)
3(3017 2828 6670)
4(6670 2828 4008 7850)
3(7850 4008 6859)
3(4008 3017 6859)
3(3017 4008 5304)
3(7850 4008 5304)
3(7850 5304 9146)
3(4008 2869 4387)
4(7850 4008 2869 6711)
4(8229 4387 4008 7850)
3(4008 4387 5304)
3(8229 4387 5304)
3(8229 5304 9146)
3(4387 2870 2964)
3(6806 2964 4387)
3(6806 4387 8229)
3(4387 2964 5304)
3(3906 1785 3060)
4(6902 3060 3906 7748)
3(3906 3060 5305)
3(6902 3060 5305)
3(6902 5305 9147)
3(9147 5305 7748)
3(5305 3906 7748)
3(5305 3490 1786)
3(9147 5305 7332)
3(5305 3490 7332)
4(5628 1786 5305 9147)
3(5305 1786 4666)
3(5628 1786 4666)
3(5628 4666 8508)
3(8508 4666 5305)
3(8508 5305 9147)
3(3382 1953 3906)
3(7224 3382 5795)
3(3382 1953 5795)
3(7748 3906 7224)
3(3906 3382 7224)
3(3382 3906 5305)
3(9147 5305 7224)
3(5305 3382 7224)
3(5305 4666 1955)
3(8508 4666 5797)
3(4666 1955 5797)
3(5797 1955 5305)
3(5797 5305 9147)
3(5305 1955 3382)
3(5797 1955 3382)
3(5797 3382 7224)
3(3060 2029 3582)
3(7424 3582 3060)
3(7424 3060 6902)
3(3060 3582 5305)
3(7424 3582 5305)
3(7424 5305 9147)
3(5305 3582 2033)
3(5875 2033 5305)
3(5875 5305 9147)
3(5305 2033 3490)
3(5306 4008 2828)
3(9148 5306 7850)
3(5306 4008 7850)
3(6670 2828 5306)
3(6670 5306 9148)
3(5306 2828 3055)
3(6670 2828 3055)
3(6670 3055 6897)
3(6897 3055 5306)
3(6897 5306 9148)
3(3055 2866 4291)
3(6897 3055 6708)
3(3055 2866 6708)
3(6708 2866 4291)
3(6708 4291 8133)
3(8133 4291 6897)
3(4291 3055 6897)
3(3055 4291 5306)
3(8133 4291 5306)
3(8133 5306 9148)
3(5306 4663 2869)
3(9148 5306 8505)
3(5306 4663 8505)
4(6711 2869 5306 9148)
3(5306 2869 4008)
3(5306 4068 2873)
3(9148 5306 7910)
3(5306 4068 7910)
3(6715 2873 5306)
3(6715 5306 9148)
3(5306 2873 4663)
3(4291 2929 4154)
3(8133 4291 6771)
3(4291 2929 6771)
4(7996 4154 4291 8133)
3(4291 4154 5306)
3(7996 4154 5306)
3(7996 5306 9148)
3(4154 2931 4068)
3(7910 4068 4154)
3(7910 4154 7996)
3(4154 4068 5306)
3(4812 1813 4638)
4(8654 4812 1813 5655)
3(8480 4638 8654)
3(4638 4812 8654)
3(4812 4638 5307)
3(8480 4638 5307)
3(8480 5307 9149)
3(9149 5307 8654)
3(5307 4812 8654)
3(4638 1814 3325)
3(7167 3325 8480)
3(3325 4638 8480)
3(4638 3325 5307)
4(7167 3325 5307 9149)
3(5307 3325 1986)
3(5828 1986 5307)
3(5828 5307 9149)
3(5307 1986 4435)
3(8277 4435 5307)
3(8277 5307 9149)
3(4294 1988 4812)
3(8136 4294 5830)
3(4294 1988 5830)
4(5830 1988 4812 8654)
3(8654 4812 4294)
3(8654 4294 8136)
3(4294 4812 5307)
4(9149 5307 4294 8136)
3(5307 4435 2222)
3(6064 2222 5307)
3(6064 5307 9149)
3(5307 2222 3073)
4(6064 2222 3073 6915)
3(6915 3073 5307)
3(6915 5307 9149)
3(5307 3073 2223)
4(6915 3073 2223 6065)
3(6065 2223 5307)
3(6065 5307 9149)
3(5307 2223 4294)
3(6065 2223 4294)
3(6065 4294 8136)
3(3978 2332 4269)
4(7820 3978 2332 6174)
3(8111 4269 7820)
3(4269 3978 7820)
3(3978 4269 5308)
3(8111 4269 5308)
3(8111 5308 9150)
3(9150 5308 7820)
3(5308 3978 7820)
3(5308 4466 2333)
3(9150 5308 8308)
3(5308 4466 8308)
3(6175 2333 5308)
3(6175 5308 9150)
3(5308 2333 3785)
4(6175 2333 3785 7627)
3(7627 3785 5308)
3(7627 5308 9150)
3(5308 4290 2334)
4(9150 5308 4290 8132)
3(6176 2334 5308)
3(6176 5308 9150)
3(5308 2334 4466)
3(4269 2335 4290)
3(8132 4290 8111)
3(4290 4269 8111)
3(4269 4290 5308)
3(3707 2337 3978)
3(7549 3707 6179)
3(3707 2337 6179)
4(6179 2337 3978 7820)
3(7820 3978 3707)
3(7820 3707 7549)
3(3707 3978 5308)
4(9150 5308 3707 7549)
3(5308 3785 2338)
4(7627 3785 2338 6180)
3(6180 2338 5308)
3(6180 5308 9150)
3(5308 2338 3707)
3(6180 2338 3707)
3(6180 3707 7549)
3(5309 3724 2114)
3(9151 5309 7566)
3(5309 3724 7566)
3(7566 3724 5956)
3(3724 2114 5956)
3(5956 2114 5309)
3(5956 5309 9151)
3(5309 2114 3337)
3(5956 2114 3337)
3(5956 3337 7179)
3(7179 3337 5309)
3(7179 5309 9151)
3(3337 2115 3929)
3(7179 3337 5957)
3(3337 2115 5957)
3(5957 2115 3929)
3(5957 3929 7771)
4(7771 3929 3337 7179)
3(3337 3929 5309)
3(7771 3929 5309)
3(7771 5309 9151)
3(5309 4139 2119)
3(9151 5309 7981)
3(5309 4139 7981)
3(5961 2119 5309)
3(5961 5309 9151)
3(5309 2119 3724)
3(5961 2119 3724)
3(5961 3724 7566)
3(3929 2141 4577)
3(7771 3929 5983)
3(3929 2141 5983)
3(8419 4577 3929)
3(8419 3929 7771)
3(3929 4577 5309)
3(8419 4577 5309)
3(8419 5309 9151)
3(4577 2405 3430)
3(7272 3430 8419)
3(3430 4577 8419)
3(4577 3430 5309)
3(7272 3430 5309)
3(7272 5309 9151)
3(5309 3430 2406)
4(6248 2406 5309 9151)
3(5309 2406 4139)
3(5310 4586 2311)
3(9152 5310 8428)
3(5310 4586 8428)
3(8428 4586 6153)
3(4586 2311 6153)
4(6153 2311 5310 9152)
3(5310 2311 3346)
3(6153 2311 3346)
3(6153 3346 7188)
3(7188 3346 5310)
3(7188 5310 9152)
3(5310 4584 2312)
3(9152 5310 8426)
3(5310 4584 8426)
3(6154 2312 5310)
3(6154 5310 9152)
3(5310 2312 4586)
3(6154 2312 4586)
3(6154 4586 8428)
3(3346 2357 4361)
3(7188 3346 6199)
3(3346 2357 6199)
3(6199 2357 4361)
3(6199 4361 8203)
3(8203 4361 3346)
3(8203 3346 7188)
3(3346 4361 5310)
3(8203 4361 5310)
3(8203 5310 9152)
3(5310 4402 2562)
3(9152 5310 8244)
3(5310 4402 8244)
3(6404 2562 5310)
3(6404 5310 9152)
3(5310 2562 4584)
3(4361 2580 3137)
3(8203 4361 6422)
3(4361 2580 6422)
3(6979 3137 8203)
3(3137 4361 8203)
3(4361 3137 5310)
3(6979 3137 5310)
3(6979 5310 9152)
3(3137 2581 4402)
4(8244 4402 3137 6979)
3(3137 4402 5310)
3(4012 1834 3786)
3(7854 4012 5676)
3(4012 1834 5676)
3(7628 3786 7854)
3(3786 4012 7854)
3(4012 3786 5311)
3(7628 3786 5311)
3(7628 5311 9153)
3(9153 5311 7854)
3(5311 4012 7854)
3(3786 1836 3096)
4(6938 3096 3786 7628)
3(3786 3096 5311)
3(6938 3096 5311)
3(6938 5311 9153)
3(3004 2014 4012)
3(6846 3004 5856)
3(3004 2014 5856)
3(5856 2014 4012)
3(5856 4012 7854)
3(7854 4012 3004)
3(7854 3004 6846)
3(3004 4012 5311)
3(9153 5311 6846)
3(5311 3004 6846)
3(5311 4224 2039)
3(9153 5311 8066)
3(5311 4224 8066)
3(8066 4224 5881)
3(4224 2039 5881)
4(5881 2039 5311 9153)
3(5311 2039 3004)
3(5881 2039 3004)
3(5881 3004 6846)
3(5311 3096 2473)
3(6315 2473 5311)
3(6315 5311 9153)
3(5311 2473 3253)
3(7095 3253 5311)
3(7095 5311 9153)
3(5311 3253 2474)
3(6316 2474 5311)
3(6316 5311 9153)
3(5311 2474 4224)
3(6316 2474 4224)
3(6316 4224 8066)
3(4230 2350 4226)
3(8072 4230 6192)
3(4230 2350 6192)
3(8068 4226 4230)
3(8068 4230 8072)
3(4230 4226 5312)
3(8068 4226 5312)
3(8068 5312 9154)
3(9154 5312 8072)
3(5312 4230 8072)
3(4226 2353 3100)
3(6942 3100 8068)
3(3100 4226 8068)
3(4226 3100 5312)
3(6942 3100 5312)
3(6942 5312 9154)
3(5312 3100 2355)
4(6197 2355 5312 9154)
3(5312 2355 3403)
3(7245 3403 5312)
3(7245 5312 9154)
3(3009 2739 4230)
3(6851 3009 6581)
3(3009 2739 6581)
3(6581 2739 4230)
3(6581 4230 8072)
4(8072 4230 3009 6851)
3(3009 4230 5312)
3(9154 5312 6851)
3(5312 3009 6851)
3(5312 3403 2747)
3(6589 2747 5312)
3(6589 5312 9154)
3(5312 2747 4013)
3(6589 2747 4013)
3(6589 4013 7855)
3(7855 4013 5312)
3(7855 5312 9154)
3(5312 4013 2748)
3(7855 4013 6590)
3(4013 2748 6590)
3(6590 2748 5312)
3(6590 5312 9154)
3(5312 2748 3009)
3(6590 2748 3009)
3(6590 3009 6851)
3(4127 2466 3887)
3(7969 4127 6308)
3(4127 2466 6308)
3(7729 3887 4127)
3(7729 4127 7969)
3(4127 3887 5313)
3(7729 3887 5313)
3(7729 5313 9155)
4(9155 5313 4127 7969)
3(5313 2939 2467)
4(9155 5313 2939 6781)
3(6309 2467 5313)
3(6309 5313 9155)
3(5313 2467 4323)
3(6309 2467 4323)
3(6309 4323 8165)
3(8165 4323 5313)
3(8165 5313 9155)
3(5313 4323 2468)
3(8165 4323 6310)
3(4323 2468 6310)
3(6310 2468 5313)
3(6310 5313 9155)
3(5313 2468 3105)
3(6310 2468 3105)
3(6310 3105 6947)
3(6947 3105 5313)
3(6947 5313 9155)
3(3105 2469 4127)
3(6947 3105 6311)
3(3105 2469 6311)
3(6311 2469 4127)
3(6311 4127 7969)
3(7969 4127 6947)
3(4127 3105 6947)
3(3105 4127 5313)
3(3887 2648 3186)
3(7028 3186 7729)
3(3186 3887 7729)
3(3887 3186 5313)
3(7028 3186 5313)
3(7028 5313 9155)
3(5313 3186 2651)
3(6493 2651 5313)
3(6493 5313 9155)
3(5313 2651 2939)
3(5314 3894 1763)
3(9156 5314 7736)
3(5314 3894 7736)
3(5605 1763 5314)
3(5605 5314 9156)
3(5314 1763 4131)
3(5605 1763 4131)
3(5605 4131 7973)
4(7973 4131 5314 9156)
3(3756 2083 4329)
3(7598 3756 5925)
3(3756 2083 5925)
3(5925 2083 4329)
3(5925 4329 8171)
3(8171 4329 7598)
3(4329 3756 7598)
3(3756 4329 5314)
3(8171 4329 5314)
3(8171 5314 9156)
3(9156 5314 7598)
3(5314 3756 7598)
3(5314 4131 2084)
3(7973 4131 5926)
3(4131 2084 5926)
3(5926 2084 5314)
3(5926 5314 9156)
3(5314 2084 3756)
3(5926 2084 3756)
3(5926 3756 7598)
3(4329 2309 4325)
3(8171 4329 6151)
3(4329 2309 6151)
3(8167 4325 8171)
3(4325 4329 8171)
3(4329 4325 5314)
4(8167 4325 5314 9156)
3(5314 3189 2601)
3(9156 5314 7031)
3(5314 3189 7031)
3(6443 2601 5314)
3(6443 5314 9156)
3(5314 2601 3894)
3(4325 2602 3189)
3(7031 3189 4325)
3(7031 4325 8167)
3(4325 3189 5314)
3(5315 3526 1842)
3(9157 5315 7368)
3(5315 3526 7368)
3(5684 1842 5315)
3(5684 5315 9157)
3(5315 1842 4763)
3(5684 1842 4763)
3(5684 4763 8605)
4(8605 4763 5315 9157)
3(5315 4763 2040)
3(8605 4763 5882)
3(4763 2040 5882)
3(5882 2040 5315)
3(5882 5315 9157)
3(5315 2040 3762)
3(5882 2040 3762)
3(5882 3762 7604)
3(7604 3762 5315)
3(7604 5315 9157)
3(5315 4789 2239)
3(9157 5315 8631)
3(5315 4789 8631)
3(6081 2239 5315)
3(6081 5315 9157)
3(5315 2239 3526)
3(3032 2240 4789)
3(8631 4789 3032)
3(8631 3032 6874)
3(3032 4789 5315)
4(9157 5315 3032 6874)
3(3035 2660 3032)
3(6877 3035 6502)
3(3035 2660 6502)
3(6874 3032 6877)
3(3032 3035 6877)
3(3035 3032 5315)
3(9157 5315 6877)
3(5315 3035 6877)
3(3762 2662 3035)
3(7604 3762 6504)
3(3762 2662 6504)
3(6504 2662 3035)
3(6504 3035 6877)
3(6877 3035 7604)
3(3035 3762 7604)
3(3762 3035 5315)
3(4181 1725 3478)
3(7320 3478 8023)
3(3478 4181 8023)
3(4181 3478 5316)
3(7320 3478 5316)
3(7320 5316 9158)
3(9158 5316 8023)
3(5316 4181 8023)
3(4419 2076 4181)
3(8261 4419 5918)
3(4419 2076 5918)
3(8023 4181 4419)
3(8023 4419 8261)
3(4419 4181 5316)
4(9158 5316 4419 8261)
3(5316 3478 2339)
3(6181 2339 5316)
3(6181 5316 9158)
3(5316 2339 4629)
4(8471 4629 5316 9158)
3(5316 4629 2572)
3(6414 2572 5316)
3(6414 5316 9158)
3(5316 2572 4632)
3(6414 2572 4632)
3(6414 4632 8474)
3(8474 4632 5316)
3(8474 5316 9158)
3(3377 2779 4419)
3(7219 3377 6621)
3(3377 2779 6621)
3(6621 2779 4419)
3(6621 4419 8261)
3(8261 4419 7219)
3(4419 3377 7219)
3(3377 4419 5316)
3(9158 5316 7219)
3(5316 3377 7219)
3(5316 4632 2780)
3(8474 4632 6622)
3(4632 2780 6622)
3(6622 2780 5316)
3(6622 5316 9158)
3(5316 2780 3377)
3(6622 2780 3377)
3(6622 3377 7219)
3(5317 3401 1805)
3(9159 5317 7243)
3(5317 3401 7243)
3(7243 3401 5647)
3(3401 1805 5647)
3(5647 1805 5317)
3(5647 5317 9159)
3(5317 1805 3858)
3(5647 1805 3858)
3(5647 3858 7700)
3(7700 3858 5317)
3(7700 5317 9159)
3(3858 1811 4582)
3(7700 3858 5653)
3(3858 1811 5653)
3(5653 1811 4582)
3(5653 4582 8424)
3(8424 4582 7700)
3(4582 3858 7700)
3(3858 4582 5317)
3(8424 4582 5317)
3(8424 5317 9159)
3(5317 3619 2140)
3(9159 5317 7461)
3(5317 3619 7461)
3(5982 2140 5317)
3(5982 5317 9159)
3(5317 2140 3401)
3(5982 2140 3401)
3(5982 3401 7243)
3(4582 2224 3407)
3(8424 4582 6066)
3(4582 2224 6066)
4(7249 3407 4582 8424)
3(4582 3407 5317)
3(7249 3407 5317)
3(7249 5317 9159)
3(5317 2966 2626)
3(9159 5317 6808)
3(5317 2966 6808)
3(6468 2626 5317)
3(6468 5317 9159)
3(5317 2626 3619)
3(3407 2627 2966)
3(6808 2966 3407)
3(6808 3407 7249)
3(3407 2966 5317)
3(3487 2087 3074)
3(7329 3487 5929)
3(3487 2087 5929)
3(5929 2087 3074)
3(5929 3074 6916)
3(6916 3074 7329)
3(3074 3487 7329)
3(3487 3074 5318)
3(6916 3074 5318)
3(6916 5318 9160)
3(9160 5318 7329)
3(5318 3487 7329)
3(5318 3562 2088)
3(9160 5318 7404)
3(5318 3562 7404)
3(7404 3562 5930)
3(3562 2088 5930)
3(5930 2088 5318)
3(5930 5318 9160)
3(5318 2088 3487)
3(5930 2088 3487)
3(5930 3487 7329)
3(3074 2308 4283)
3(6916 3074 6150)
3(3074 2308 6150)
4(8125 4283 3074 6916)
3(3074 4283 5318)
3(8125 4283 5318)
3(8125 5318 9160)
3(5318 3519 2310)
3(9160 5318 7361)
3(5318 3519 7361)
3(6152 2310 5318)
3(6152 5318 9160)
3(5318 2310 3562)
3(6152 2310 3562)
3(6152 3562 7404)
3(4283 2852 3583)
3(7425 3583 8125)
3(3583 4283 8125)
3(4283 3583 5318)
3(7425 3583 5318)
3(7425 5318 9160)
3(5318 3583 2853)
3(6695 2853 5318)
3(6695 5318 9160)
3(5318 2853 3519)
3(5319 3589 2242)
3(9161 5319 7431)
3(5319 3589 7431)
3(6084 2242 5319)
3(6084 5319 9161)
3(5319 2242 3525)
3(7367 3525 5319)
3(7367 5319 9161)
3(4285 2471 3589)
3(7431 3589 8127)
3(3589 4285 8127)
3(4285 3589 5319)
3(9161 5319 8127)
3(5319 4285 8127)
3(3722 2472 4285)
3(7564 3722 6314)
3(3722 2472 6314)
4(8127 4285 3722 7564)
3(3722 4285 5319)
3(9161 5319 7564)
3(5319 3722 7564)
3(3494 2477 3722)
3(7336 3494 6319)
3(3494 2477 6319)
3(6319 2477 3722)
3(6319 3722 7564)
3(7564 3722 7336)
3(3722 3494 7336)
3(3494 3722 5319)
3(9161 5319 7336)
3(5319 3494 7336)
3(5319 4223 2658)
3(9161 5319 8065)
3(5319 4223 8065)
3(8065 4223 6500)
3(4223 2658 6500)
3(6500 2658 5319)
3(6500 5319 9161)
3(5319 2658 3494)
3(6500 2658 3494)
3(6500 3494 7336)
3(5319 3525 2661)
3(6503 2661 5319)
3(6503 5319 9161)
3(5319 2661 4223)
3(6503 2661 4223)
3(6503 4223 8065)
3(5320 4675 2342)
3(9162 5320 8517)
3(5320 4675 8517)
3(8517 4675 6184)
3(4675 2342 6184)
3(6184 2342 5320)
3(6184 5320 9162)
3(5320 2342 3147)
3(6184 2342 3147)
3(6184 3147 6989)
3(6989 3147 5320)
3(6989 5320 9162)
3(3168 2346 3229)
3(7071 3229 3168)
3(7071 3168 7010)
3(3168 3229 5320)
3(7071 3229 5320)
3(7071 5320 9162)
3(9162 5320 7010)
3(5320 3168 7010)
3(5320 3928 2347)
3(9162 5320 7770)
3(5320 3928 7770)
3(6189 2347 5320)
3(6189 5320 9162)
3(5320 2347 4675)
3(6189 2347 4675)
3(6189 4675 8517)
3(5320 3229 2349)
3(6191 2349 5320)
3(6191 5320 9162)
3(5320 2349 3928)
3(3147 2571 3868)
3(6989 3147 6413)
3(3147 2571 6413)
3(6413 2571 3868)
3(6413 3868 7710)
3(7710 3868 6989)
3(3868 3147 6989)
3(3147 3868 5320)
3(7710 3868 5320)
3(7710 5320 9162)
3(3868 2573 3168)
3(7710 3868 6415)
3(3868 2573 6415)
4(7010 3168 3868 7710)
3(3868 3168 5320)
3(3593 1656 4037)
4(7435 3593 1656 5498)
3(5498 1656 4037)
3(5498 4037 7879)
4(7879 4037 3593 7435)
3(3593 4037 5321)
3(7879 4037 5321)
3(7879 5321 9163)
3(9163 5321 7435)
3(5321 3593 7435)
3(5321 3823 1680)
3(9163 5321 7665)
3(5321 3823 7665)
3(5522 1680 5321)
3(5522 5321 9163)
3(5321 1680 4126)
3(5522 1680 4126)
3(5522 4126 7968)
3(7968 4126 5321)
3(7968 5321 9163)
3(5321 4126 1681)
3(7968 4126 5523)
3(4126 1681 5523)
3(5523 1681 5321)
3(5523 5321 9163)
3(5321 1681 3593)
4(5523 1681 3593 7435)
3(4037 2114 3724)
3(7879 4037 5956)
3(4037 2114 5956)
3(7566 3724 4037)
3(7566 4037 7879)
3(4037 3724 5321)
3(7566 3724 5321)
3(7566 5321 9163)
3(3724 2119 3709)
3(7551 3709 7566)
3(3709 3724 7566)
3(3724 3709 5321)
3(7551 3709 5321)
3(7551 5321 9163)
3(5321 3709 2120)
3(5962 2120 5321)
3(5962 5321 9163)
3(5321 2120 3823)
3(5322 4047 2356)
3(9164 5322 7889)
3(5322 4047 7889)
3(7889 4047 6198)
3(4047 2356 6198)
3(6198 2356 5322)
3(6198 5322 9164)
3(5322 2356 4256)
4(6198 2356 4256 8098)
3(8098 4256 5322)
3(8098 5322 9164)
3(5322 4361 2357)
3(9164 5322 8203)
3(5322 4361 8203)
3(6199 2357 5322)
3(6199 5322 9164)
3(5322 2357 4047)
3(6199 2357 4047)
3(6199 4047 7889)
3(4757 2358 4280)
3(8599 4757 6200)
3(4757 2358 6200)
3(8122 4280 8599)
3(4280 4757 8599)
3(4757 4280 5322)
3(8122 4280 5322)
3(8122 5322 9164)
3(9164 5322 8599)
3(5322 4757 8599)
3(4256 2359 4757)
4(8098 4256 2359 6201)
3(6201 2359 4757)
3(6201 4757 8599)
3(8599 4757 8098)
3(4757 4256 8098)
3(4256 4757 5322)
3(5322 3338 2580)
3(9164 5322 7180)
3(5322 3338 7180)
3(6422 2580 5322)
3(6422 5322 9164)
3(5322 2580 4361)
3(4280 2583 3338)
4(7180 3338 4280 8122)
3(4280 3338 5322)
3(5323 4001 1834)
3(9165 5323 7843)
3(5323 4001 7843)
3(5676 1834 5323)
3(5676 5323 9165)
3(5323 1834 4012)
3(7854 4012 5323)
3(7854 5323 9165)
3(3905 1942 3770)
4(7747 3905 1942 5784)
3(5784 1942 3770)
3(5784 3770 7612)
3(7612 3770 7747)
3(3770 3905 7747)
3(3905 3770 5323)
3(7612 3770 5323)
3(7612 5323 9165)
3(9165 5323 7747)
3(5323 3905 7747)
3(5323 4012 2014)
3(5856 2014 5323)
3(5856 5323 9165)
3(5323 2014 3684)
3(5856 2014 3684)
3(5856 3684 7526)
3(7526 3684 5323)
3(7526 5323 9165)
3(5323 3684 2016)
3(7526 3684 5858)
3(3684 2016 5858)
3(5858 2016 5323)
3(5858 5323 9165)
3(5323 2016 3905)
4(5858 2016 3905 7747)
3(3770 2017 3924)
3(7612 3770 5859)
3(3770 2017 5859)
3(7766 3924 7612)
3(3924 3770 7612)
3(3770 3924 5323)
3(7766 3924 5323)
3(7766 5323 9165)
3(3924 2018 4001)
4(7843 4001 3924 7766)
3(3924 4001 5323)
3(5324 3927 2743)
3(9166 5324 7769)
3(5324 3927 7769)
3(6585 2743 5324)
3(6585 5324 9166)
3(5324 2743 4418)
3(6585 2743 4418)
3(6585 4418 8260)
3(8260 4418 5324)
3(8260 5324 9166)
3(5324 4418 2744)
3(8260 4418 6586)
3(4418 2744 6586)
3(6586 2744 5324)
3(6586 5324 9166)
3(5324 2744 3910)
4(6586 2744 3910 7752)
3(7752 3910 5324)
3(7752 5324 9166)
3(3910 2745 3688)
4(7752 3910 2745 6587)
3(6587 2745 3688)
3(6587 3688 7530)
4(7530 3688 3910 7752)
3(3910 3688 5324)
3(7530 3688 5324)
3(7530 5324 9166)
3(5324 3624 2746)
3(9166 5324 7466)
3(5324 3624 7466)
3(6588 2746 5324)
3(6588 5324 9166)
3(5324 2746 3927)
3(4013 2747 3624)
3(7466 3624 7855)
3(3624 4013 7855)
3(4013 3624 5324)
3(9166 5324 7855)
3(5324 4013 7855)
3(3688 2748 4013)
3(7530 3688 6590)
3(3688 2748 6590)
3(7855 4013 3688)
3(7855 3688 7530)
3(3688 4013 5324)
3(3073 2222 4112)
3(7954 4112 6915)
3(4112 3073 6915)
3(3073 4112 5325)
3(7954 4112 5325)
3(7954 5325 9167)
3(9167 5325 6915)
3(5325 3073 6915)
3(4094 2223 3073)
3(7936 4094 6065)
3(4094 2223 6065)
3(6915 3073 4094)
3(6915 4094 7936)
3(4094 3073 5325)
4(9167 5325 4094 7936)
3(5325 3791 2464)
3(9167 5325 7633)
3(5325 3791 7633)
3(7633 3791 6306)
3(3791 2464 6306)
3(6306 2464 5325)
3(6306 5325 9167)
3(5325 2464 4509)
4(6306 2464 4509 8351)
3(8351 4509 5325)
3(8351 5325 9167)
3(4509 2465 4094)
4(8351 4509 2465 6307)
3(6307 2465 4094)
3(6307 4094 7936)
3(7936 4094 8351)
3(4094 4509 8351)
3(4509 4094 5325)
3(5325 4112 2466)
3(6308 2466 5325)
3(6308 5325 9167)
3(5325 2466 4127)
4(7969 4127 5325 9167)
3(5325 4127 2469)
3(6311 2469 5325)
3(6311 5325 9167)
3(5325 2469 3791)
3(6311 2469 3791)
3(6311 3791 7633)
3(4131 1763 4119)
3(7961 4119 4131)
3(7961 4131 7973)
3(4131 4119 5326)
3(7961 4119 5326)
3(7961 5326 9168)
4(9168 5326 4131 7973)
3(5326 4119 1813)
3(5655 1813 5326)
3(5655 5326 9168)
3(5326 1813 4812)
3(8654 4812 5326)
3(8654 5326 9168)
3(5326 4276 1987)
4(9168 5326 4276 8118)
3(8118 4276 5829)
3(4276 1987 5829)
3(5829 1987 5326)
3(5829 5326 9168)
3(5326 1987 3193)
4(5829 1987 3193 7035)
3(7035 3193 5326)
3(7035 5326 9168)
3(5326 4812 1988)
3(5830 1988 5326)
3(5830 5326 9168)
3(5326 1988 4276)
3(5830 1988 4276)
3(5830 4276 8118)
3(3193 2081 3795)
4(7035 3193 2081 5923)
3(5923 2081 3795)
3(5923 3795 7637)
3(7637 3795 7035)
3(3795 3193 7035)
3(3193 3795 5326)
3(7637 3795 5326)
3(7637 5326 9168)
3(3795 2084 4131)
3(7637 3795 5926)
3(3795 2084 5926)
3(7973 4131 7637)
3(4131 3795 7637)
3(3795 4131 5326)
3(4763 1842 3758)
3(7600 3758 4763)
3(7600 4763 8605)
3(4763 3758 5327)
3(7600 3758 5327)
3(7600 5327 9169)
4(9169 5327 4763 8605)
3(3418 2040 4763)
3(7260 3418 5882)
3(3418 2040 5882)
3(8605 4763 7260)
3(4763 3418 7260)
3(3418 4763 5327)
3(9169 5327 7260)
3(5327 3418 7260)
3(5327 3758 2332)
3(6174 2332 5327)
3(6174 5327 9169)
3(5327 2332 3978)
3(7820 3978 5327)
3(7820 5327 9169)
3(5327 3978 2337)
3(6179 2337 5327)
3(6179 5327 9169)
3(5327 2337 4177)
3(6179 2337 4177)
3(6179 4177 8019)
4(8019 4177 5327 9169)
3(4161 2578 3418)
4(8003 4161 2578 6420)
3(6420 2578 3418)
3(6420 3418 7260)
3(7260 3418 8003)
3(3418 4161 8003)
3(4161 3418 5327)
3(9169 5327 8003)
3(5327 4161 8003)
3(5327 4177 2579)
3(8019 4177 6421)
3(4177 2579 6421)
3(6421 2579 5327)
3(6421 5327 9169)
3(5327 2579 4161)
4(6421 2579 4161 8003)
3(5328 4396 2076)
3(9170 5328 8238)
3(5328 4396 8238)
3(5918 2076 5328)
3(5918 5328 9170)
3(5328 2076 4419)
4(8261 4419 5328 9170)
3(3785 2333 4396)
3(8238 4396 7627)
3(4396 3785 7627)
3(3785 4396 5328)
3(9170 5328 7627)
3(5328 3785 7627)
3(4791 2336 4369)
4(8633 4791 2336 6178)
3(6178 2336 4369)
3(6178 4369 8211)
3(8211 4369 8633)
3(4369 4791 8633)
3(4791 4369 5328)
4(8211 4369 5328 9170)
3(9170 5328 8633)
3(5328 4791 8633)
3(4369 2338 3785)
3(8211 4369 6180)
3(4369 2338 6180)
3(7627 3785 4369)
3(7627 4369 8211)
3(4369 3785 5328)
3(5328 4097 2777)
3(9170 5328 7939)
3(5328 4097 7939)
3(7939 4097 6619)
3(4097 2777 6619)
3(6619 2777 5328)
3(6619 5328 9170)
3(5328 2777 4791)
4(6619 2777 4791 8633)
3(5328 4419 2779)
3(6621 2779 5328)
3(6621 5328 9170)
3(5328 2779 4097)
3(6621 2779 4097)
3(6621 4097 7939)
3(4126 1680 4829)
3(8671 4829 7968)
3(4829 4126 7968)
3(4126 4829 5329)
4(8671 4829 5329 9171)
3(9171 5329 7968)
3(5329 4126 7968)
3(3101 1681 4126)
3(6943 3101 5523)
3(3101 1681 5523)
4(7968 4126 3101 6943)
3(3101 4126 5329)
3(9171 5329 6943)
3(5329 3101 6943)
3(4254 1790 3101)
3(8096 4254 5632)
3(4254 1790 5632)
3(5632 1790 3101)
3(5632 3101 6943)
3(6943 3101 4254)
3(6943 4254 8096)
3(4254 3101 5329)
4(9171 5329 4254 8096)
3(5329 4829 1793)
3(5635 1793 5329)
3(5635 5329 9171)
3(5329 1793 4100)
3(7942 4100 5329)
3(7942 5329 9171)
3(5329 3817 1963)
3(9171 5329 7659)
3(5329 3817 7659)
3(7659 3817 5805)
3(3817 1963 5805)
3(5805 1963 5329)
3(5805 5329 9171)
3(5329 1963 4254)
3(5805 1963 4254)
3(5805 4254 8096)
3(5329 4100 1964)
4(5806 1964 5329 9171)
3(5329 1964 3817)
3(5806 1964 3817)
3(5806 3817 7659)
3(5330 3993 2358)
4(9172 5330 3993 7835)
3(6200 2358 5330)
3(6200 5330 9172)
3(5330 2358 4757)
3(8599 4757 5330)
3(8599 5330 9172)
3(5330 4757 2359)
4(6201 2359 5330 9172)
3(5330 2359 4708)
3(6201 2359 4708)
3(6201 4708 8550)
3(8550 4708 5330)
3(8550 5330 9172)
3(3444 2494 3217)
3(7286 3444 6336)
3(3444 2494 6336)
4(7059 3217 3444 7286)
3(3444 3217 5330)
3(7059 3217 5330)
3(7059 5330 9172)
3(9172 5330 7286)
3(5330 3444 7286)
3(3217 2549 3993)
3(7835 3993 7059)
3(3993 3217 7059)
3(3217 3993 5330)
3(5330 4708 2584)
3(8550 4708 6426)
3(4708 2584 6426)
3(6426 2584 5330)
3(6426 5330 9172)
3(5330 2584 3232)
3(6426 2584 3232)
3(6426 3232 7074)
4(7074 3232 5330 9172)
3(3232 2587 3444)
3(7074 3232 6429)
3(3232 2587 6429)
3(6429 2587 3444)
3(6429 3444 7286)
3(7286 3444 3232)
3(7286 3232 7074)
3(3232 3444 5330)
3(3446 1833 4189)
3(7288 3446 5675)
3(3446 1833 5675)
4(8031 4189 3446 7288)
3(3446 4189 5331)
3(8031 4189 5331)
3(8031 5331 9173)
3(9173 5331 7288)
3(5331 3446 7288)
3(5331 3770 1942)
3(9173 5331 7612)
3(5331 3770 7612)
4(5784 1942 5331 9173)
3(5331 1942 3371)
3(5784 1942 3371)
3(5784 3371 7213)
3(7213 3371 5331)
3(7213 5331 9173)
3(5331 2998 2017)
4(9173 5331 2998 6840)
3(5859 2017 5331)
3(5859 5331 9173)
3(5331 2017 3770)
3(4189 2020 2998)
3(6840 2998 8031)
3(2998 4189 8031)
3(4189 2998 5331)
3(3904 2206 3446)
3(7746 3904 6048)
3(3904 2206 6048)
3(6048 2206 3446)
3(6048 3446 7288)
3(7288 3446 3904)
3(7288 3904 7746)
3(3904 3446 5331)
4(9173 5331 3904 7746)
3(5331 3371 2207)
3(7213 3371 6049)
3(3371 2207 6049)
3(6049 2207 5331)
3(6049 5331 9173)
3(5331 2207 3904)
3(6049 2207 3904)
3(6049 3904 7746)
3(3536 2513 4338)
3(7378 3536 6355)
3(3536 2513 6355)
3(6355 2513 4338)
3(6355 4338 8180)
3(8180 4338 3536)
3(8180 3536 7378)
3(3536 4338 5332)
3(8180 4338 5332)
3(8180 5332 9174)
4(9174 5332 3536 7378)
3(4418 2743 3622)
3(7464 3622 8260)
3(3622 4418 8260)
3(4418 3622 5332)
4(7464 3622 5332 9174)
3(9174 5332 8260)
3(5332 4418 8260)
3(4338 2744 4418)
3(8180 4338 6586)
3(4338 2744 6586)
4(8260 4418 4338 8180)
3(4338 4418 5332)
3(5332 3113 2867)
3(9174 5332 6955)
3(5332 3113 6955)
3(6955 3113 6709)
3(3113 2867 6709)
3(6709 2867 5332)
3(6709 5332 9174)
3(5332 2867 3536)
3(6709 2867 3536)
3(6709 3536 7378)
3(5332 3622 2926)
3(6768 2926 5332)
3(6768 5332 9174)
3(5332 2926 4823)
3(8665 4823 5332)
3(8665 5332 9174)
3(5332 4823 2927)
4(6769 2927 5332 9174)
3(5332 2927 3113)
3(6769 2927 3113)
3(6769 3113 6955)
3(3789 1805 3401)
3(7631 3789 5647)
3(3789 1805 5647)
3(7243 3401 7631)
3(3401 3789 7631)
3(3789 3401 5333)
3(7243 3401 5333)
3(7243 5333 9175)
3(9175 5333 7631)
3(5333 3789 7631)
3(3716 1806 3789)
4(7558 3716 1806 5648)
3(5648 1806 3789)
3(5648 3789 7631)
3(7631 3789 3716)
3(7631 3716 7558)
3(3716 3789 5333)
3(9175 5333 7558)
3(5333 3716 7558)
3(5333 4091 1807)
3(9175 5333 7933)
3(5333 4091 7933)
4(7933 4091 1807 5649)
4(5649 1807 5333 9175)
3(5333 1807 3716)
4(5649 1807 3716 7558)
3(5333 3929 2115)
3(9175 5333 7771)
3(5333 3929 7771)
3(5957 2115 5333)
3(5957 5333 9175)
3(5333 2115 4091)
4(5957 2115 4091 7933)
3(3401 2140 4357)
4(8199 4357 3401 7243)
3(3401 4357 5333)
3(8199 4357 5333)
3(8199 5333 9175)
3(5333 4357 2141)
3(5983 2141 5333)
3(5983 5333 9175)
3(5333 2141 3929)
3(3720 1865 4732)
4(7562 3720 1865 5707)
4(5707 1865 4732 8574)
4(8574 4732 3720 7562)
3(3720 4732 5334)
3(8574 4732 5334)
3(8574 5334 9176)
3(9176 5334 7562)
3(5334 3720 7562)
3(5334 4439 2085)
3(9176 5334 8281)
3(5334 4439 8281)
3(8281 4439 5927)
3(4439 2085 5927)
3(5927 2085 5334)
3(5927 5334 9176)
3(5334 2085 3720)
4(5927 2085 3720 7562)
3(5334 3074 2087)
3(9176 5334 6916)
3(5334 3074 6916)
3(5929 2087 5334)
3(5929 5334 9176)
3(5334 2087 4439)
3(5929 2087 4439)
3(5929 4439 8281)
3(5334 3066 2308)
3(9176 5334 6908)
3(5334 3066 6908)
4(6150 2308 5334 9176)
3(5334 2308 3074)
3(4732 2311 4586)
4(8574 4732 2311 6153)
3(8428 4586 4732)
3(8428 4732 8574)
3(4732 4586 5334)
3(8428 4586 5334)
3(8428 5334 9176)
3(4586 2312 3066)
3(6908 3066 8428)
3(3066 4586 8428)
3(4586 3066 5334)
3(4363 2039 4224)
4(8205 4363 2039 5881)
3(8066 4224 4363)
3(8066 4363 8205)
3(4363 4224 5335)
3(8066 4224 5335)
3(8066 5335 9177)
3(9177 5335 8205)
3(5335 4363 8205)
3(3347 2243 4363)
4(7189 3347 2243 6085)
4(6085 2243 4363 8205)
4(8205 4363 3347 7189)
3(3347 4363 5335)
3(9177 5335 7189)
3(5335 3347 7189)
3(5335 3706 2472)
3(9177 5335 7548)
3(5335 3706 7548)
4(6314 2472 5335 9177)
3(5335 2472 3722)
3(7564 3722 5335)
3(7564 5335 9177)
3(4224 2474 3706)
3(7548 3706 8066)
3(3706 4224 8066)
3(4224 3706 5335)
3(5335 3722 2477)
3(6319 2477 5335)
3(6319 5335 9177)
3(5335 2477 3417)
3(6319 2477 3417)
3(6319 3417 7259)
3(7259 3417 5335)
3(7259 5335 9177)
3(5335 3417 2478)
3(7259 3417 6320)
3(3417 2478 6320)
3(6320 2478 5335)
3(6320 5335 9177)
3(5335 2478 3347)
4(6320 2478 3347 7189)
3(4096 2342 4675)
3(7938 4096 6184)
3(4096 2342 6184)
3(8517 4675 7938)
3(4675 4096 7938)
3(4096 4675 5336)
3(8517 4675 5336)
3(8517 5336 9178)
3(9178 5336 7938)
3(5336 4096 7938)
3(3350 2344 4096)
4(7192 3350 2344 6186)
3(6186 2344 4096)
3(6186 4096 7938)
3(7938 4096 3350)
3(7938 3350 7192)
3(3350 4096 5336)
3(9178 5336 7192)
3(5336 3350 7192)
3(4675 2347 4668)
4(8510 4668 4675 8517)
3(4675 4668 5336)
3(8510 4668 5336)
3(8510 5336 9178)
3(5336 4668 2350)
3(6192 2350 5336)
3(6192 5336 9178)
3(5336 2350 4230)
3(8072 4230 5336)
3(8072 5336 9178)
3(5336 4230 2739)
3(6581 2739 5336)
3(6581 5336 9178)
3(5336 2739 4368)
4(6581 2739 4368 8210)
3(8210 4368 5336)
3(8210 5336 9178)
3(5336 4368 2740)
4(8210 4368 2740 6582)
4(6582 2740 5336 9178)
3(5336 2740 3350)
4(6582 2740 3350 7192)
3(3019 1810 4019)
4(6861 3019 1810 5652)
3(5652 1810 4019)
3(5652 4019 7861)
3(7861 4019 6861)
3(4019 3019 6861)
3(3019 4019 5337)
4(7861 4019 5337 9179)
3(9179 5337 6861)
3(5337 3019 6861)
3(5337 4582 1811)
3(9179 5337 8424)
3(5337 4582 8424)
3(5653 1811 5337)
3(5653 5337 9179)
3(5337 1811 4527)
3(5653 1811 4527)
3(5653 4527 8369)
3(8369 4527 5337)
3(8369 5337 9179)
3(5337 4527 1812)
3(8369 4527 5654)
3(4527 1812 5654)
3(5654 1812 5337)
3(5654 5337 9179)
3(5337 1812 3019)
4(5654 1812 3019 6861)
3(5337 3344 2224)
3(9179 5337 7186)
3(5337 3344 7186)
3(6066 2224 5337)
3(6066 5337 9179)
3(5337 2224 4582)
3(4323 2467 3344)
3(7186 3344 4323)
3(7186 4323 8165)
3(4323 3344 5337)
3(9179 5337 8165)
3(5337 4323 8165)
3(4019 2468 4323)
3(7861 4019 6310)
3(4019 2468 6310)
3(8165 4323 4019)
3(8165 4019 7861)
3(4019 4323 5337)
3(5338 4470 2082)
4(9180 5338 4470 8312)
3(8312 4470 5924)
3(4470 2082 5924)
3(5924 2082 5338)
3(5924 5338 9180)
3(5338 2082 4124)
4(5924 2082 4124 7966)
3(7966 4124 5338)
3(7966 5338 9180)
3(5338 4329 2083)
3(9180 5338 8171)
3(5338 4329 8171)
3(5925 2083 5338)
3(5925 5338 9180)
3(5338 2083 4470)
3(5925 2083 4470)
3(5925 4470 8312)
3(4124 2086 3678)
4(7966 4124 2086 5928)
3(5928 2086 3678)
3(5928 3678 7520)
3(7520 3678 7966)
3(3678 4124 7966)
3(4124 3678 5338)
3(7520 3678 5338)
3(7520 5338 9180)
3(3678 2088 3562)
3(7520 3678 5930)
3(3678 2088 5930)
3(7404 3562 7520)
3(3562 3678 7520)
3(3678 3562 5338)
3(7404 3562 5338)
3(7404 5338 9180)
3(5338 4758 2309)
3(9180 5338 8600)
3(5338 4758 8600)
3(6151 2309 5338)
3(6151 5338 9180)
3(5338 2309 4329)
3(3562 2310 4758)
3(8600 4758 3562)
3(8600 3562 7404)
3(3562 4758 5338)
3(4645 2658 4223)
3(8487 4645 6500)
3(4645 2658 6500)
3(8065 4223 8487)
3(4223 4645 8487)
3(4645 4223 5339)
3(8065 4223 5339)
3(8065 5339 9181)
3(9181 5339 8487)
3(5339 4645 8487)
3(3112 2659 4645)
4(6954 3112 2659 6501)
3(6501 2659 4645)
3(6501 4645 8487)
3(8487 4645 6954)
3(4645 3112 6954)
3(3112 4645 5339)
3(9181 5339 6954)
3(5339 3112 6954)
3(5339 3442 2660)
3(9181 5339 7284)
3(5339 3442 7284)
3(6502 2660 5339)
3(6502 5339 9181)
3(5339 2660 3035)
3(6877 3035 5339)
3(6877 5339 9181)
3(4223 2661 3442)
3(7284 3442 4223)
3(7284 4223 8065)
3(4223 3442 5339)
3(5339 3035 2662)
3(6504 2662 5339)
3(6504 5339 9181)
3(5339 2662 4134)
3(6504 2662 4134)
3(6504 4134 7976)
4(7976 4134 5339 9181)
3(5339 4134 2663)
3(7976 4134 6505)
3(4134 2663 6505)
3(6505 2663 5339)
3(6505 5339 9181)
3(5339 2663 3112)
4(6505 2663 3112 6954)
3(5340 3312 2570)
3(9182 5340 7154)
3(5340 3312 7154)
3(7154 3312 6412)
3(3312 2570 6412)
3(6412 2570 5340)
3(6412 5340 9182)
3(5340 2570 3768)
4(6412 2570 3768 7610)
3(7610 3768 5340)
3(7610 5340 9182)
3(5340 3868 2571)
3(9182 5340 7710)
3(5340 3868 7710)
3(6413 2571 5340)
3(6413 5340 9182)
3(5340 2571 3312)
3(6413 2571 3312)
3(6413 3312 7154)
3(4632 2572 3104)
3(6946 3104 4632)
3(6946 4632 8474)
3(4632 3104 5340)
3(6946 3104 5340)
3(6946 5340 9182)
3(9182 5340 8474)
3(5340 4632 8474)
3(5340 3104 2573)
3(6415 2573 5340)
3(6415 5340 9182)
3(5340 2573 3868)
3(3768 2778 4768)
4(7610 3768 2778 6620)
3(6620 2778 4768)
3(6620 4768 8610)
3(8610 4768 7610)
3(4768 3768 7610)
3(3768 4768 5340)
4(8610 4768 5340 9182)
3(4768 2780 4632)
3(8610 4768 6622)
3(4768 2780 6622)
3(8474 4632 4768)
3(8474 4768 8610)
3(4768 4632 5340)
3(4474 1963 3817)
3(8316 4474 5805)
3(4474 1963 5805)
3(7659 3817 4474)
3(7659 4474 8316)
3(4474 3817 5341)
3(7659 3817 5341)
3(7659 5341 9183)
3(9183 5341 8316)
3(5341 4474 8316)
3(3817 1964 4295)
3(8137 4295 3817)
3(8137 3817 7659)
3(3817 4295 5341)
3(8137 4295 5341)
3(8137 5341 9183)
3(5341 4295 1965)
3(5807 1965 5341)
3(5807 5341 9183)
3(5341 1965 4549)
3(8391 4549 5341)
3(8391 5341 9183)
3(3540 1966 4474)
3(7382 3540 5808)
3(3540 1966 5808)
3(5808 1966 4474)
3(5808 4474 8316)
4(8316 4474 3540 7382)
3(3540 4474 5341)
3(9183 5341 7382)
3(5341 3540 7382)
3(5341 3068 1967)
3(9183 5341 6910)
3(5341 3068 6910)
3(6910 3068 5809)
3(3068 1967 5809)
3(5809 1967 5341)
3(5809 5341 9183)
3(5341 1967 3540)
3(5809 1967 3540)
3(5809 3540 7382)
3(5341 4549 1968)
3(5810 1968 5341)
3(5810 5341 9183)
3(5341 1968 3068)
3(5810 1968 3068)
3(5810 3068 6910)
3(5342 3433 2494)
3(9184 5342 7275)
3(5342 3433 7275)
3(6336 2494 5342)
3(6336 5342 9184)
3(5342 2494 3444)
3(7286 3444 5342)
3(7286 5342 9184)
3(5342 3444 2587)
3(6429 2587 5342)
3(6429 5342 9184)
3(5342 2587 3932)
3(6429 2587 3932)
3(6429 3932 7774)
3(7774 3932 5342)
3(7774 5342 9184)
3(5342 3932 2693)
3(7774 3932 6535)
3(3932 2693 6535)
3(6535 2693 5342)
3(6535 5342 9184)
3(5342 2693 3637)
3(6535 2693 3637)
3(6535 3637 7479)
3(7479 3637 5342)
3(7479 5342 9184)
3(4662 2697 3433)
4(7275 3433 4662 8504)
3(4662 3433 5342)
3(9184 5342 8504)
3(5342 4662 8504)
3(3637 2825 4460)
3(7479 3637 6667)
3(3637 2825 6667)
3(6667 2825 4460)
3(6667 4460 8302)
3(8302 4460 3637)
3(8302 3637 7479)
3(3637 4460 5342)
3(8302 4460 5342)
3(8302 5342 9184)
3(4460 2826 4662)
3(8302 4460 6668)
3(4460 2826 6668)
3(8504 4662 8302)
3(4662 4460 8302)
3(4460 4662 5342)
3(4666 1786 4411)
4(8253 4411 4666 8508)
3(4666 4411 5343)
3(8253 4411 5343)
3(8253 5343 9185)
3(9185 5343 8508)
3(5343 4666 8508)
3(5343 4411 1833)
3(5675 1833 5343)
3(5675 5343 9185)
3(5343 1833 3446)
3(7288 3446 5343)
3(7288 5343 9185)
3(3643 1954 4841)
3(7485 3643 5796)
3(3643 1954 5796)
3(5796 1954 4841)
3(5796 4841 8683)
3(8683 4841 3643)
3(8683 3643 7485)
3(3643 4841 5343)
3(8683 4841 5343)
3(8683 5343 9185)
3(9185 5343 7485)
3(5343 3643 7485)
3(4841 1955 4666)
3(8683 4841 5797)
3(4841 1955 5797)
3(8508 4666 8683)
3(4666 4841 8683)
3(4841 4666 5343)
3(5343 3446 2206)
3(6048 2206 5343)
3(6048 5343 9185)
3(5343 2206 4589)
3(6048 2206 4589)
3(6048 4589 8431)
3(8431 4589 5343)
3(8431 5343 9185)
3(5343 4589 2208)
3(8431 4589 6050)
3(4589 2208 6050)
3(6050 2208 5343)
3(6050 5343 9185)
3(5343 2208 3643)
3(6050 2208 3643)
3(6050 3643 7485)
3(3272 2864 4231)
3(7114 3272 6706)
3(3272 2864 6706)
3(6706 2864 4231)
3(6706 4231 8073)
4(8073 4231 3272 7114)
3(3272 4231 5344)
3(8073 4231 5344)
3(8073 5344 9186)
3(9186 5344 7114)
3(5344 3272 7114)
3(5344 4499 2865)
3(9186 5344 8341)
3(5344 4499 8341)
3(8341 4499 6707)
3(4499 2865 6707)
3(6707 2865 5344)
3(6707 5344 9186)
3(5344 2865 3272)
3(6707 2865 3272)
3(6707 3272 7114)
3(5344 4291 2866)
3(9186 5344 8133)
3(5344 4291 8133)
3(6708 2866 5344)
3(6708 5344 9186)
3(5344 2866 4499)
3(6708 2866 4499)
3(6708 4499 8341)
3(4231 2867 3113)
3(8073 4231 6709)
3(4231 2867 6709)
3(6955 3113 4231)
3(6955 4231 8073)
3(4231 3113 5344)
3(6955 3113 5344)
3(6955 5344 9186)
3(3113 2927 3102)
3(6944 3102 3113)
3(6944 3113 6955)
3(3113 3102 5344)
3(6944 3102 5344)
3(6944 5344 9186)
3(5344 3102 2929)
3(6771 2929 5344)
3(6771 5344 9186)
3(5344 2929 4291)
3(4693 1987 4276)
3(8535 4693 5829)
3(4693 1987 5829)
4(8118 4276 4693 8535)
3(4693 4276 5345)
4(8118 4276 5345 9187)
4(9187 5345 4693 8535)
3(4276 1988 4294)
4(8136 4294 4276 8118)
3(4276 4294 5345)
4(8136 4294 5345 9187)
3(5345 4294 2223)
4(6065 2223 5345 9187)
3(5345 2223 4094)
4(7936 4094 5345 9187)
3(5345 4237 2460)
4(9187 5345 4237 8079)
3(8079 4237 6302)
3(4237 2460 6302)
4(6302 2460 5345 9187)
3(5345 2460 4693)
3(6302 2460 4693)
3(6302 4693 8535)
3(5345 4094 2465)
4(6307 2465 5345 9187)
3(5345 2465 4237)
3(6307 2465 4237)
3(6307 4237 8079)
3(3323 1952 4393)
3(7165 3323 5794)
3(3323 1952 5794)
3(5794 1952 4393)
3(5794 4393 8235)
4(8235 4393 3323 7165)
3(3323 4393 5346)
3(8235 4393 5346)
3(8235 5346 9188)
3(9188 5346 7165)
3(5346 3323 7165)
3(5346 3543 1953)
3(9188 5346 7385)
3(5346 3543 7385)
4(5795 1953 5346 9188)
3(5346 1953 3382)
3(7224 3382 5346)
3(7224 5346 9188)
3(5346 4841 1954)
3(9188 5346 8683)
3(5346 4841 8683)
3(5796 1954 5346)
3(5796 5346 9188)
3(5346 1954 3323)
3(5796 1954 3323)
3(5796 3323 7165)
3(5346 3382 1955)
3(5797 1955 5346)
3(5797 5346 9188)
3(5346 1955 4841)
3(4393 1967 3068)
3(8235 4393 5809)
3(4393 1967 5809)
3(6910 3068 4393)
3(6910 4393 8235)
3(4393 3068 5346)
3(6910 3068 5346)
3(6910 5346 9188)
3(3068 1968 3543)
3(7385 3543 6910)
3(3543 3068 6910)
3(3068 3543 5346)
3(5347 4460 2825)
3(9189 5347 8302)
3(5347 4460 8302)
3(6667 2825 5347)
3(6667 5347 9189)
3(5347 2825 3093)
3(6667 2825 3093)
3(6667 3093 6935)
3(6935 3093 5347)
3(6935 5347 9189)
3(5347 3017 2826)
3(9189 5347 6859)
3(5347 3017 6859)
3(6668 2826 5347)
3(6668 5347 9189)
3(5347 2826 4460)
3(5347 3093 2827)
3(6935 3093 6669)
3(3093 2827 6669)
4(6669 2827 5347 9189)
3(5347 2827 3329)
3(6669 2827 3329)
3(6669 3329 7171)
3(7171 3329 5347)
3(7171 5347 9189)
3(3055 2828 3017)
4(6859 3017 3055 6897)
3(3055 3017 5347)
3(9189 5347 6897)
3(5347 3055 6897)
3(3329 2865 4499)
3(7171 3329 6707)
3(3329 2865 6707)
3(8341 4499 3329)
3(8341 3329 7171)
3(3329 4499 5347)
3(8341 4499 5347)
3(8341 5347 9189)
3(4499 2866 3055)
3(6897 3055 8341)
3(3055 4499 8341)
3(4499 3055 5347)
3(5348 4369 2336)
4(9190 5348 4369 8211)
4(6178 2336 5348 9190)
3(5348 2336 3043)
3(6178 2336 3043)
3(6178 3043 6885)
4(6885 3043 5348 9190)
3(4177 2337 3707)
4(7549 3707 4177 8019)
3(4177 3707 5348)
4(7549 3707 5348 9190)
4(9190 5348 4177 8019)
3(5348 3707 2338)
4(6180 2338 5348 9190)
3(5348 2338 4369)
3(3043 2577 4537)
3(6885 3043 6419)
3(3043 2577 6419)
3(6419 2577 4537)
3(6419 4537 8379)
4(8379 4537 3043 6885)
3(3043 4537 5348)
4(8379 4537 5348 9190)
3(4537 2579 4177)
3(8379 4537 6421)
3(4537 2579 6421)
4(8019 4177 4537 8379)
3(4537 4177 5348)
3(5349 4420 1655)
3(9191 5349 8262)
3(5349 4420 8262)
3(8262 4420 5497)
3(4420 1655 5497)
3(5497 1655 5349)
3(5497 5349 9191)
3(5349 1655 4202)
3(5497 1655 4202)
3(5497 4202 8044)
3(8044 4202 5349)
3(8044 5349 9191)
3(5349 4037 1656)
3(9191 5349 7879)
3(5349 4037 7879)
4(5498 1656 5349 9191)
3(5349 1656 4420)
3(5498 1656 4420)
3(5498 4420 8262)
3(4202 1692 3177)
3(8044 4202 5534)
3(4202 1692 5534)
4(5534 1692 3177 7019)
3(7019 3177 8044)
3(3177 4202 8044)
3(4202 3177 5349)
3(7019 3177 5349)
3(7019 5349 9191)
3(3177 1807 4091)
4(7019 3177 1807 5649)
4(7933 4091 3177 7019)
3(3177 4091 5349)
3(7933 4091 5349)
3(7933 5349 9191)
3(5349 3337 2114)
3(9191 5349 7179)
3(5349 3337 7179)
3(5956 2114 5349)
3(5956 5349 9191)
3(5349 2114 4037)
3(4091 2115 3337)
3(7179 3337 4091)
3(7179 4091 7933)
3(4091 3337 5349)
3(5350 4732 1865)
3(9192 5350 8574)
3(5350 4732 8574)
4(5707 1865 5350 9192)
3(5350 1865 3636)
4(5707 1865 3636 7478)
3(7478 3636 5350)
3(7478 5350 9192)
3(5350 3636 2092)
4(7478 3636 2092 5934)
3(5934 2092 5350)
3(5934 5350 9192)
3(5350 2092 3345)
3(5934 2092 3345)
3(5934 3345 7187)
3(7187 3345 5350)
3(7187 5350 9192)
3(3345 2094 2940)
3(7187 3345 5936)
3(3345 2094 5936)
3(5936 2094 2940)
3(5936 2940 6782)
3(6782 2940 7187)
3(2940 3345 7187)
3(3345 2940 5350)
3(6782 2940 5350)
3(6782 5350 9192)
3(5350 3346 2311)
3(9192 5350 7188)
3(5350 3346 7188)
3(6153 2311 5350)
3(6153 5350 9192)
3(5350 2311 4732)
3(2940 2356 4047)
3(6782 2940 6198)
3(2940 2356 6198)
4(7889 4047 2940 6782)
3(2940 4047 5350)
3(7889 4047 5350)
3(7889 5350 9192)
3(4047 2357 3346)
3(7188 3346 4047)
3(7188 4047 7889)
3(4047 3346 5350)
3(3684 2014 3004)
3(6846 3004 3684)
3(6846 3684 7526)
3(3684 3004 5351)
3(6846 3004 5351)
3(6846 5351 9193)
3(9193 5351 7526)
3(5351 3684 7526)
3(3005 2015 4515)
3(6847 3005 5857)
3(3005 2015 5857)
3(5857 2015 4515)
3(5857 4515 8357)
3(8357 4515 6847)
3(4515 3005 6847)
3(3005 4515 5351)
3(8357 4515 5351)
3(8357 5351 9193)
3(9193 5351 6847)
3(5351 3005 6847)
3(4515 2016 3684)
3(8357 4515 5858)
3(4515 2016 5858)
4(7526 3684 4515 8357)
3(4515 3684 5351)
3(5351 3004 2039)
3(5881 2039 5351)
3(5881 5351 9193)
3(5351 2039 4363)
3(8205 4363 5351)
3(8205 5351 9193)
3(5351 4363 2243)
4(6085 2243 5351 9193)
3(5351 2243 3265)
4(6085 2243 3265 7107)
3(7107 3265 5351)
3(7107 5351 9193)
3(5351 3265 2245)
4(7107 3265 2245 6087)
3(6087 2245 5351)
3(6087 5351 9193)
3(5351 2245 3005)
3(6087 2245 3005)
3(6087 3005 6847)
3(4368 2739 3009)
3(6851 3009 4368)
3(6851 4368 8210)
3(4368 3009 5352)
3(6851 3009 5352)
3(6851 5352 9194)
3(9194 5352 8210)
3(5352 4368 8210)
3(3271 2740 4368)
4(7113 3271 2740 6582)
4(8210 4368 3271 7113)
3(3271 4368 5352)
3(9194 5352 7113)
3(5352 3271 7113)
3(3010 2741 3271)
3(6852 3010 6583)
3(3010 2741 6583)
4(6583 2741 3271 7113)
3(7113 3271 6852)
3(3271 3010 6852)
3(3010 3271 5352)
3(9194 5352 6852)
3(5352 3010 6852)
3(5352 4518 2742)
3(9194 5352 8360)
3(5352 4518 8360)
3(8360 4518 6584)
3(4518 2742 6584)
3(6584 2742 5352)
3(6584 5352 9194)
3(5352 2742 3010)
3(6584 2742 3010)
3(6584 3010 6852)
3(5352 3688 2745)
3(9194 5352 7530)
3(5352 3688 7530)
4(6587 2745 5352 9194)
3(5352 2745 4518)
3(6587 2745 4518)
3(6587 4518 8360)
3(5352 3009 2748)
3(6590 2748 5352)
3(6590 5352 9194)
3(5352 2748 3688)
3(5353 4019 1810)
3(9195 5353 7861)
3(5353 4019 7861)
4(5652 1810 5353 9195)
3(5353 1810 3939)
3(5652 1810 3939)
3(5652 3939 7781)
3(7781 3939 5353)
3(7781 5353 9195)
3(5353 3939 2220)
3(7781 3939 6062)
3(3939 2220 6062)
3(6062 2220 5353)
3(6062 5353 9195)
3(5353 2220 3641)
3(6062 2220 3641)
3(6062 3641 7483)
3(7483 3641 5353)
3(7483 5353 9195)
3(3641 2463 3734)
3(7483 3641 6305)
3(3641 2463 6305)
3(6305 2463 3734)
3(6305 3734 7576)
3(7576 3734 7483)
3(3734 3641 7483)
3(3641 3734 5353)
3(7576 3734 5353)
3(7576 5353 9195)
3(3734 2464 3791)
3(7576 3734 6306)
3(3734 2464 6306)
4(7633 3791 3734 7576)
3(3734 3791 5353)
3(7633 3791 5353)
3(7633 5353 9195)
3(5353 3105 2468)
3(9195 5353 6947)
3(5353 3105 6947)
3(6310 2468 5353)
3(6310 5353 9195)
3(5353 2468 4019)
3(3791 2469 3105)
3(6947 3105 3791)
3(6947 3791 7633)
3(3791 3105 5353)
3(5354 3795 2081)
3(9196 5354 7637)
3(5354 3795 7637)
4(5923 2081 5354 9196)
3(5354 2081 3825)
3(5923 2081 3825)
3(5923 3825 7667)
3(7667 3825 5354)
3(7667 5354 9196)
3(3378 2082 4470)
3(7220 3378 5924)
3(3378 2082 5924)
4(8312 4470 3378 7220)
3(3378 4470 5354)
3(8312 4470 5354)
3(8312 5354 9196)
3(9196 5354 7220)
3(5354 3378 7220)
3(4470 2083 3756)
3(7598 3756 4470)
3(7598 4470 8312)
3(4470 3756 5354)
3(7598 3756 5354)
3(7598 5354 9196)
3(5354 3756 2084)
3(5926 2084 5354)
3(5926 5354 9196)
3(5354 2084 3795)
3(5354 3825 2371)
3(7667 3825 6213)
3(3825 2371 6213)
3(6213 2371 5354)
3(6213 5354 9196)
3(5354 2371 3107)
3(6213 2371 3107)
3(6213 3107 6949)
3(6949 3107 5354)
3(6949 5354 9196)
3(3107 2372 3378)
3(6949 3107 6214)
3(3107 2372 6214)
3(6214 2372 3378)
3(6214 3378 7220)
3(7220 3378 6949)
3(3378 3107 6949)
3(3107 3378 5354)
3(5355 3762 2040)
3(9197 5355 7604)
3(5355 3762 7604)
3(5882 2040 5355)
3(5882 5355 9197)
3(5355 2040 3418)
3(7260 3418 5355)
3(7260 5355 9197)
3(5355 3830 2575)
3(9197 5355 7672)
3(5355 3830 7672)
3(7672 3830 6417)
3(3830 2575 6417)
3(6417 2575 5355)
3(6417 5355 9197)
3(5355 2575 3763)
3(6417 2575 3763)
3(6417 3763 7605)
3(7605 3763 5355)
3(7605 5355 9197)
3(5355 3418 2578)
4(6420 2578 5355 9197)
3(5355 2578 3830)
3(6420 2578 3830)
3(6420 3830 7672)
3(3763 2654 4054)
3(7605 3763 6496)
3(3763 2654 6496)
3(6496 2654 4054)
3(6496 4054 7896)
3(7896 4054 7605)
3(4054 3763 7605)
3(3763 4054 5355)
3(7896 4054 5355)
3(7896 5355 9197)
3(4134 2662 3762)
3(7604 3762 4134)
3(7604 4134 7976)
3(4134 3762 5355)
3(9197 5355 7976)
3(5355 4134 7976)
3(4054 2663 4134)
3(7896 4054 6505)
3(4054 2663 6505)
4(7976 4134 4054 7896)
3(4054 4134 5355)
3(4717 2775 3455)
3(8559 4717 6617)
3(4717 2775 6617)
3(6617 2775 3455)
3(6617 3455 7297)
3(7297 3455 8559)
3(3455 4717 8559)
3(4717 3455 5356)
3(7297 3455 5356)
3(7297 5356 9198)
3(9198 5356 8559)
3(5356 4717 8559)
3(5356 3690 2776)
3(9198 5356 7532)
3(5356 3690 7532)
3(7532 3690 6618)
3(3690 2776 6618)
3(6618 2776 5356)
3(6618 5356 9198)
3(5356 2776 4717)
3(6618 2776 4717)
3(6618 4717 8559)
3(3455 2777 4097)
3(7297 3455 6619)
3(3455 2777 6619)
4(7939 4097 3455 7297)
3(3455 4097 5356)
3(7939 4097 5356)
3(7939 5356 9198)
3(5356 4768 2778)
3(9198 5356 8610)
3(5356 4768 8610)
4(6620 2778 5356 9198)
3(5356 2778 3690)
3(6620 2778 3690)
3(6620 3690 7532)
3(4097 2779 3377)
3(7219 3377 4097)
3(7219 4097 7939)
3(4097 3377 5356)
3(7219 3377 5356)
3(7219 5356 9198)
3(5356 3377 2780)
3(6622 2780 5356)
3(6622 5356 9198)
3(5356 2780 4768)
3(5357 4639 1693)
3(9199 5357 8481)
3(5357 4639 8481)
3(8481 4639 5535)
3(4639 1693 5535)
3(5535 1693 5357)
3(5535 5357 9199)
3(5357 1693 3349)
3(5535 1693 3349)
3(5535 3349 7191)
3(7191 3349 5357)
3(7191 5357 9199)
3(5357 3858 1805)
3(9199 5357 7700)
3(5357 3858 7700)
3(5647 1805 5357)
3(5647 5357 9199)
3(5357 1805 3789)
3(7631 3789 5357)
3(7631 5357 9199)
3(5357 3789 1806)
4(5648 1806 5357 9199)
3(5357 1806 4639)
3(5648 1806 4639)
3(5648 4639 8481)
3(3349 1809 3176)
3(7191 3349 5651)
3(3349 1809 5651)
3(5651 1809 3176)
3(5651 3176 7018)
3(7018 3176 7191)
3(3176 3349 7191)
3(3349 3176 5357)
3(7018 3176 5357)
3(7018 5357 9199)
3(4527 1811 3858)
3(7700 3858 4527)
3(7700 4527 8369)
3(4527 3858 5357)
3(9199 5357 8369)
3(5357 4527 8369)
3(3176 1812 4527)
3(7018 3176 5654)
3(3176 1812 5654)
4(8369 4527 3176 7018)
3(3176 4527 5357)
3(4102 2085 4439)
3(7944 4102 5927)
3(4102 2085 5927)
4(8281 4439 4102 7944)
3(4102 4439 5358)
3(8281 4439 5358)
3(8281 5358 9200)
3(9200 5358 7944)
3(5358 4102 7944)
3(5358 3678 2086)
3(9200 5358 7520)
3(5358 3678 7520)
4(5928 2086 5358 9200)
3(5358 2086 3260)
3(5928 2086 3260)
3(5928 3260 7102)
3(7102 3260 5358)
3(7102 5358 9200)
3(4439 2087 3487)
3(7329 3487 4439)
3(7329 4439 8281)
3(4439 3487 5358)
3(7329 3487 5358)
3(7329 5358 9200)
3(5358 3487 2088)
3(5930 2088 5358)
3(5930 5358 9200)
3(5358 2088 3678)
3(4769 2099 4102)
3(8611 4769 5941)
3(4769 2099 5941)
3(5941 2099 4102)
3(5941 4102 7944)
3(7944 4102 8611)
3(4102 4769 8611)
3(4769 4102 5358)
3(9200 5358 8611)
3(5358 4769 8611)
3(5358 3260 2100)
3(7102 3260 5942)
3(3260 2100 5942)
3(5942 2100 5358)
3(5942 5358 9200)
3(5358 2100 4769)
3(5942 2100 4769)
3(5942 4769 8611)
3(3445 2476 4736)
3(7287 3445 6318)
3(3445 2476 6318)
3(6318 2476 4736)
3(6318 4736 8578)
3(8578 4736 7287)
3(4736 3445 7287)
3(3445 4736 5359)
3(8578 4736 5359)
3(8578 5359 9201)
3(9201 5359 7287)
3(5359 3445 7287)
3(3417 2477 3494)
3(7336 3494 3417)
3(7336 3417 7259)
3(3417 3494 5359)
3(7336 3494 5359)
3(7336 5359 9201)
3(9201 5359 7259)
3(5359 3417 7259)
3(4736 2478 3417)
3(8578 4736 6320)
3(4736 2478 6320)
4(7259 3417 4736 8578)
3(4736 3417 5359)
3(5359 3264 2655)
3(9201 5359 7106)
3(5359 3264 7106)
3(7106 3264 6497)
3(3264 2655 6497)
3(6497 2655 5359)
3(6497 5359 9201)
3(5359 2655 3445)
3(6497 2655 3445)
3(6497 3445 7287)
3(5359 3494 2658)
3(6500 2658 5359)
3(6500 5359 9201)
3(5359 2658 4645)
3(8487 4645 5359)
3(8487 5359 9201)
3(5359 4645 2659)
4(6501 2659 5359 9201)
3(5359 2659 3264)
3(6501 2659 3264)
3(6501 3264 7106)
3(5360 3147 2342)
3(9202 5360 6989)
3(5360 3147 6989)
3(6184 2342 5360)
3(6184 5360 9202)
3(5360 2342 4096)
3(7938 4096 5360)
3(7938 5360 9202)
3(3449 2343 3931)
3(7291 3449 6185)
3(3449 2343 6185)
3(6185 2343 3931)
3(6185 3931 7773)
3(7773 3931 7291)
3(3931 3449 7291)
3(3449 3931 5360)
3(7773 3931 5360)
3(7773 5360 9202)
3(9202 5360 7291)
3(5360 3449 7291)
3(5360 4096 2344)
4(6186 2344 5360 9202)
3(5360 2344 4742)
3(6186 2344 4742)
3(6186 4742 8584)
3(8584 4742 5360)
3(8584 5360 9202)
3(5360 4742 2345)
3(8584 4742 6187)
3(4742 2345 6187)
3(6187 2345 5360)
3(6187 5360 9202)
3(5360 2345 3449)
3(6187 2345 3449)
3(6187 3449 7291)
3(3931 2570 3312)
3(7773 3931 6412)
3(3931 2570 6412)
4(7154 3312 3931 7773)
3(3931 3312 5360)
3(7154 3312 5360)
3(7154 5360 9202)
3(3312 2571 3147)
3(6989 3147 3312)
3(6989 3312 7154)
3(3312 3147 5360)
3(2952 1655 4420)
3(6794 2952 5497)
3(2952 1655 5497)
3(8262 4420 6794)
3(4420 2952 6794)
3(2952 4420 5361)
3(8262 4420 5361)
3(8262 5361 9203)
3(9203 5361 6794)
3(5361 2952 6794)
3(4420 1656 3593)
4(7435 3593 4420 8262)
3(4420 3593 5361)
3(7435 3593 5361)
3(7435 5361 9203)
3(5361 3593 1681)
3(5523 1681 5361)
3(5523 5361 9203)
3(5361 1681 3101)
3(6943 3101 5361)
3(6943 5361 9203)
3(3151 1787 2952)
3(6993 3151 5629)
3(3151 1787 5629)
3(5629 1787 2952)
3(5629 2952 6794)
3(6794 2952 3151)
3(6794 3151 6993)
3(3151 2952 5361)
3(9203 5361 6993)
3(5361 3151 6993)
3(5361 3101 1790)
3(5632 1790 5361)
3(5632 5361 9203)
3(5361 1790 3653)
3(5632 1790 3653)
3(5632 3653 7495)
3(7495 3653 5361)
3(7495 5361 9203)
3(5361 3653 1791)
3(7495 3653 5633)
3(3653 1791 5633)
3(5633 1791 5361)
3(5633 5361 9203)
3(5361 1791 3151)
3(5633 1791 3151)
3(5633 3151 6993)
3(5362 3570 2093)
3(9204 5362 7412)
3(5362 3570 7412)
3(7412 3570 5935)
3(3570 2093 5935)
3(5935 2093 5362)
3(5935 5362 9204)
3(5362 2093 3799)
3(5935 2093 3799)
3(5935 3799 7641)
3(7641 3799 5362)
3(7641 5362 9204)
3(5362 2940 2094)
3(9204 5362 6782)
3(5362 2940 6782)
3(5936 2094 5362)
3(5936 5362 9204)
3(5362 2094 3570)
3(5936 2094 3570)
3(5936 3570 7412)
3(5362 4256 2356)
3(9204 5362 8098)
3(5362 4256 8098)
3(6198 2356 5362)
3(6198 5362 9204)
3(5362 2356 2940)
3(4708 2359 4256)
3(8098 4256 4708)
3(8098 4708 8550)
3(4708 4256 5362)
3(9204 5362 8550)
3(5362 4708 8550)
3(3660 2584 4708)
3(7502 3660 6426)
3(3660 2584 6426)
3(8550 4708 3660)
3(8550 3660 7502)
3(3660 4708 5362)
3(9204 5362 7502)
3(5362 3660 7502)
3(3799 2585 3660)
3(7641 3799 6427)
3(3799 2585 6427)
3(6427 2585 3660)
3(6427 3660 7502)
4(7502 3660 3799 7641)
3(3799 3660 5362)
3(3371 1942 3905)
3(7747 3905 3371)
3(7747 3371 7213)
3(3371 3905 5363)
3(7747 3905 5363)
3(7747 5363 9205)
3(9205 5363 7213)
3(5363 3371 7213)
3(5363 3049 1943)
3(9205 5363 6891)
3(5363 3049 6891)
3(6891 3049 5785)
3(3049 1943 5785)
3(5785 1943 5363)
3(5785 5363 9205)
3(5363 1943 3238)
3(5785 1943 3238)
3(5785 3238 7080)
3(7080 3238 5363)
3(7080 5363 9205)
3(5363 4515 2015)
3(9205 5363 8357)
3(5363 4515 8357)
3(5857 2015 5363)
3(5857 5363 9205)
3(5363 2015 3049)
3(5857 2015 3049)
3(5857 3049 6891)
3(5363 3905 2016)
3(5858 2016 5363)
3(5858 5363 9205)
3(5363 2016 4515)
3(3238 2204 3771)
3(7080 3238 6046)
3(3238 2204 6046)
3(6046 2204 3771)
3(6046 3771 7613)
4(7613 3771 3238 7080)
3(3238 3771 5363)
3(7613 3771 5363)
3(7613 5363 9205)
3(3771 2207 3371)
3(7613 3771 6049)
3(3771 2207 6049)
3(7213 3371 3771)
3(7213 3771 7613)
3(3771 3371 5363)
3(5364 4338 2513)
3(9206 5364 8180)
3(5364 4338 8180)
3(6355 2513 5364)
3(6355 5364 9206)
3(5364 2513 3774)
3(6355 2513 3774)
3(6355 3774 7616)
3(7616 3774 5364)
3(7616 5364 9206)
3(5364 3774 2735)
3(7616 3774 6577)
3(3774 2735 6577)
3(6577 2735 5364)
3(6577 5364 9206)
3(5364 2735 3909)
3(6577 2735 3909)
3(6577 3909 7751)
3(7751 3909 5364)
3(7751 5364 9206)
3(3909 2737 3687)
3(7751 3909 6579)
3(3909 2737 6579)
3(6579 2737 3687)
3(6579 3687 7529)
3(7529 3687 3909)
3(7529 3909 7751)
3(3909 3687 5364)
3(7529 3687 5364)
3(7529 5364 9206)
3(3687 2742 4518)
3(7529 3687 6584)
3(3687 2742 6584)
3(8360 4518 7529)
3(4518 3687 7529)
3(3687 4518 5364)
3(8360 4518 5364)
3(8360 5364 9206)
3(5364 3910 2744)
3(9206 5364 7752)
3(5364 3910 7752)
3(6586 2744 5364)
3(6586 5364 9206)
3(5364 2744 4338)
3(4518 2745 3910)
4(7752 3910 4518 8360)
3(4518 3910 5364)
3(3653 1790 4254)
3(8096 4254 7495)
3(4254 3653 7495)
3(3653 4254 5365)
4(8096 4254 5365 9207)
3(9207 5365 7495)
3(5365 3653 7495)
3(4349 1791 3653)
3(8191 4349 5633)
3(4349 1791 5633)
4(7495 3653 4349 8191)
3(4349 3653 5365)
3(9207 5365 8191)
3(5365 4349 8191)
3(5365 3842 1957)
4(9207 5365 3842 7684)
3(7684 3842 5799)
3(3842 1957 5799)
3(5799 1957 5365)
3(5799 5365 9207)
3(5365 1957 4349)
3(5799 1957 4349)
3(5799 4349 8191)
3(5365 3920 1960)
3(9207 5365 7762)
3(5365 3920 7762)
3(7762 3920 5802)
3(3920 1960 5802)
3(5802 1960 5365)
3(5802 5365 9207)
3(5365 1960 3842)
3(5802 1960 3842)
3(5802 3842 7684)
3(5365 4254 1963)
3(5805 1963 5365)
3(5805 5365 9207)
3(5365 1963 4474)
3(8316 4474 5365)
3(8316 5365 9207)
3(5365 4474 1966)
3(5808 1966 5365)
3(5808 5365 9207)
3(5365 1966 3920)
3(5808 1966 3920)
3(5808 3920 7762)
3(5366 3232 2584)
4(9208 5366 3232 7074)
3(6426 2584 5366)
3(6426 5366 9208)
3(5366 2584 3660)
3(7502 3660 5366)
3(7502 5366 9208)
3(5366 3660 2585)
3(6427 2585 5366)
3(6427 5366 9208)
3(5366 2585 3056)
3(6427 2585 3056)
3(6427 3056 6898)
3(6898 3056 5366)
3(6898 5366 9208)
3(3056 2586 4480)
3(6898 3056 6428)
3(3056 2586 6428)
3(6428 2586 4480)
3(6428 4480 8322)
3(8322 4480 6898)
3(4480 3056 6898)
3(3056 4480 5366)
4(8322 4480 5366 9208)
3(3932 2587 3232)
3(7074 3232 7774)
3(3232 3932 7774)
3(3932 3232 5366)
3(9208 5366 7774)
3(5366 3932 7774)
3(4568 2693 3932)
3(8410 4568 6535)
3(4568 2693 6535)
4(7774 3932 4568 8410)
3(4568 3932 5366)
3(9208 5366 8410)
3(5366 4568 8410)
3(4480 2694 4568)
3(8322 4480 6536)
3(4480 2694 6536)
3(6536 2694 4568)
3(6536 4568 8410)
3(8410 4568 4480)
3(8410 4480 8322)
3(4480 4568 5366)
3(5367 3771 2204)
3(9209 5367 7613)
3(5367 3771 7613)
3(6046 2204 5367)
3(6046 5367 9209)
3(5367 2204 3493)
3(6046 2204 3493)
3(6046 3493 7335)
3(7335 3493 5367)
3(7335 5367 9209)
3(3493 2205 3003)
3(7335 3493 6047)
3(3493 2205 6047)
3(6047 2205 3003)
3(6047 3003 6845)
3(6845 3003 7335)
3(3003 3493 7335)
3(3493 3003 5367)
4(6845 3003 5367 9209)
3(4589 2206 3904)
3(7746 3904 8431)
3(3904 4589 8431)
3(4589 3904 5367)
4(7746 3904 5367 9209)
3(9209 5367 8431)
3(5367 4589 8431)
3(5367 3904 2207)
3(6049 2207 5367)
3(6049 5367 9209)
3(5367 2207 3771)
3(3078 2208 4589)
3(6920 3078 6050)
3(3078 2208 6050)
4(8431 4589 3078 6920)
3(3078 4589 5367)
3(9209 5367 6920)
3(5367 3078 6920)
3(3003 2209 3078)
3(6845 3003 6051)
3(3003 2209 6051)
3(6051 2209 3078)
3(6051 3078 6920)
3(6920 3078 3003)
3(6920 3003 6845)
3(3003 3078 5367)
3(5368 4674 2509)
3(9210 5368 8516)
3(5368 4674 8516)
3(8516 4674 6351)
3(4674 2509 6351)
3(6351 2509 5368)
3(6351 5368 9210)
3(5368 2509 4595)
3(6351 2509 4595)
3(6351 4595 8437)
4(8437 4595 5368 9210)
3(3774 2513 3536)
3(7378 3536 7616)
3(3536 3774 7616)
3(3774 3536 5368)
4(7378 3536 5368 9210)
3(9210 5368 7616)
3(5368 3774 7616)
3(5368 4595 2734)
3(8437 4595 6576)
3(4595 2734 6576)
3(6576 2734 5368)
3(6576 5368 9210)
3(5368 2734 3145)
3(6576 2734 3145)
3(6576 3145 6987)
3(6987 3145 5368)
3(6987 5368 9210)
3(3145 2735 3774)
3(6987 3145 6577)
3(3145 2735 6577)
4(7616 3774 3145 6987)
3(3145 3774 5368)
3(5368 4231 2864)
3(9210 5368 8073)
3(5368 4231 8073)
3(6706 2864 5368)
3(6706 5368 9210)
3(5368 2864 4674)
3(6706 2864 4674)
3(6706 4674 8516)
3(5368 3536 2867)
3(6709 2867 5368)
3(6709 5368 9210)
3(5368 2867 4231)
3(4122 2460 4237)
4(7964 4122 2460 6302)
3(8079 4237 7964)
3(4237 4122 7964)
3(4122 4237 5369)
4(8079 4237 5369 9211)
3(9211 5369 7964)
3(5369 4122 7964)
3(3149 2461 4122)
3(6991 3149 6303)
3(3149 2461 6303)
4(6303 2461 4122 7964)
3(7964 4122 3149)
3(7964 3149 6991)
3(3149 4122 5369)
3(9211 5369 6991)
3(5369 3149 6991)
3(5369 3566 2462)
4(9211 5369 3566 7408)
3(7408 3566 6304)
3(3566 2462 6304)
3(6304 2462 5369)
3(6304 5369 9211)
3(5369 2462 3149)
3(6304 2462 3149)
3(6304 3149 6991)
3(5369 3734 2463)
3(9211 5369 7576)
3(5369 3734 7576)
3(6305 2463 5369)
3(6305 5369 9211)
3(5369 2463 3566)
3(6305 2463 3566)
3(6305 3566 7408)
3(5369 4509 2464)
3(9211 5369 8351)
3(5369 4509 8351)
3(6306 2464 5369)
3(6306 5369 9211)
3(5369 2464 3734)
3(4237 2465 4509)
3(8351 4509 4237)
3(8351 4237 8079)
3(4237 4509 5369)
3(5370 3193 1987)
3(9212 5370 7035)
3(5370 3193 7035)
3(5829 1987 5370)
3(5829 5370 9212)
3(5370 1987 4693)
4(8535 4693 5370 9212)
3(3825 2081 3193)
3(7035 3193 3825)
3(7035 3825 7667)
3(3825 3193 5370)
3(9212 5370 7667)
3(5370 3825 7667)
3(2999 2368 4532)
3(6841 2999 6210)
3(2999 2368 6210)
3(6210 2368 4532)
3(6210 4532 8374)
3(8374 4532 6841)
3(4532 2999 6841)
3(2999 4532 5370)
4(8374 4532 5370 9212)
3(9212 5370 6841)
3(5370 2999 6841)
3(4532 2371 3825)
3(8374 4532 6213)
3(4532 2371 6213)
3(7667 3825 4532)
3(7667 4532 8374)
3(4532 3825 5370)
3(5370 4693 2460)
3(6302 2460 5370)
3(6302 5370 9212)
3(5370 2460 4122)
3(7964 4122 5370)
3(7964 5370 9212)
3(5370 4122 2461)
3(6303 2461 5370)
3(6303 5370 9212)
3(5370 2461 2999)
3(6303 2461 2999)
3(6303 2999 6841)
3(3436 2574 3683)
3(7278 3436 6416)
3(3436 2574 6416)
3(6416 2574 3683)
3(6416 3683 7525)
3(7525 3683 7278)
3(3683 3436 7278)
3(3436 3683 5371)
4(7525 3683 5371 9213)
3(9213 5371 7278)
3(5371 3436 7278)
3(3683 2575 3830)
3(7525 3683 6417)
3(3683 2575 6417)
3(7672 3830 3683)
3(7672 3683 7525)
3(3683 3830 5371)
3(7672 3830 5371)
3(7672 5371 9213)
3(5371 4208 2576)
3(9213 5371 8050)
3(5371 4208 8050)
4(8050 4208 2576 6418)
3(6418 2576 5371)
3(6418 5371 9213)
3(5371 2576 3436)
3(6418 2576 3436)
3(6418 3436 7278)
3(5371 4537 2577)
4(9213 5371 4537 8379)
3(6419 2577 5371)
3(6419 5371 9213)
3(5371 2577 4208)
4(6419 2577 4208 8050)
3(3830 2578 4161)
3(8003 4161 3830)
3(8003 3830 7672)
3(3830 4161 5371)
3(8003 4161 5371)
3(8003 5371 9213)
3(5371 4161 2579)
3(6421 2579 5371)
3(6421 5371 9213)
3(5371 2579 4537)
3(5372 4651 2079)
4(9214 5372 4651 8493)
3(8493 4651 5921)
3(4651 2079 5921)
3(5921 2079 5372)
3(5921 5372 9214)
3(5372 2079 4608)
3(5921 2079 4608)
3(5921 4608 8450)
3(8450 4608 5372)
3(8450 5372 9214)
3(3043 2336 4791)
3(8633 4791 3043)
3(8633 3043 6885)
3(3043 4791 5372)
3(8633 4791 5372)
3(8633 5372 9214)
4(9214 5372 3043 6885)
3(4608 2576 4208)
3(8450 4608 6418)
3(4608 2576 6418)
3(8050 4208 4608)
3(8050 4608 8450)
3(4608 4208 5372)
3(8050 4208 5372)
3(8050 5372 9214)
3(4208 2577 3043)
3(6885 3043 8050)
3(3043 4208 8050)
3(4208 3043 5372)
3(5372 3455 2775)
3(9214 5372 7297)
3(5372 3455 7297)
3(6617 2775 5372)
3(6617 5372 9214)
3(5372 2775 4651)
3(6617 2775 4651)
3(6617 4651 8493)
3(5372 4791 2777)
3(6619 2777 5372)
3(6619 5372 9214)
3(5372 2777 3455)
3(5373 4301 1788)
3(9215 5373 8143)
3(5373 4301 8143)
4(8143 4301 1788 5630)
3(5630 1788 5373)
3(5630 5373 9215)
3(5373 1788 3801)
3(5630 1788 3801)
3(5630 3801 7643)
4(7643 3801 5373 9215)
3(5373 4393 1952)
3(9215 5373 8235)
3(5373 4393 8235)
3(5794 1952 5373)
3(5794 5373 9215)
3(5373 1952 4301)
4(5794 1952 4301 8143)
3(3317 1960 3920)
3(7159 3317 5802)
3(3317 1960 5802)
3(7762 3920 3317)
3(7762 3317 7159)
3(3317 3920 5373)
3(7762 3920 5373)
3(7762 5373 9215)
3(9215 5373 7159)
3(5373 3317 7159)
3(3801 1961 3317)
3(7643 3801 5803)
3(3801 1961 5803)
3(5803 1961 3317)
3(5803 3317 7159)
3(7159 3317 3801)
3(7159 3801 7643)
3(3801 3317 5373)
3(3920 1966 3540)
3(7382 3540 7762)
3(3540 3920 7762)
3(3920 3540 5373)
3(7382 3540 5373)
3(7382 5373 9215)
3(5373 3540 1967)
3(5809 1967 5373)
3(5809 5373 9215)
3(5373 1967 4393)
3(5374 3322 2692)
3(9216 5374 7164)
3(5374 3322 7164)
3(7164 3322 6534)
3(3322 2692 6534)
3(6534 2692 5374)
3(6534 5374 9216)
3(5374 2692 4450)
3(6534 2692 4450)
3(6534 4450 8292)
4(8292 4450 5374 9216)
3(5374 3637 2693)
3(9216 5374 7479)
3(5374 3637 7479)
3(6535 2693 5374)
3(6535 5374 9216)
3(5374 2693 4568)
3(8410 4568 5374)
3(8410 5374 9216)
3(5374 4568 2694)
3(6536 2694 5374)
3(6536 5374 9216)
3(5374 2694 3322)
3(6536 2694 3322)
3(6536 3322 7164)
3(4450 2695 4307)
3(8292 4450 6537)
3(4450 2695 6537)
4(6537 2695 4307 8149)
3(8149 4307 4450)
3(8149 4450 8292)
3(4450 4307 5374)
3(8149 4307 5374)
3(8149 5374 9216)
3(3093 2825 3637)
3(7479 3637 6935)
3(3637 3093 6935)
3(3093 3637 5374)
3(9216 5374 6935)
3(5374 3093 6935)
3(4307 2827 3093)
4(8149 4307 2827 6669)
3(6935 3093 8149)
3(3093 4307 8149)
3(4307 3093 5374)
3(3644 1788 4301)
3(7486 3644 5630)
3(3644 1788 5630)
3(8143 4301 3644)
3(8143 3644 7486)
3(3644 4301 5375)
3(8143 4301 5375)
3(8143 5375 9217)
4(9217 5375 3644 7486)
3(5375 3416 1945)
3(9217 5375 7258)
3(5375 3416 7258)
3(7258 3416 5787)
3(3416 1945 5787)
3(5787 1945 5375)
3(5787 5375 9217)
3(5375 1945 3644)
3(5787 1945 3644)
3(5787 3644 7486)
3(4301 1952 3323)
3(7165 3323 8143)
3(3323 4301 8143)
3(4301 3323 5375)
3(7165 3323 5375)
3(7165 5375 9217)
3(3323 1954 3643)
3(7485 3643 7165)
3(3643 3323 7165)
3(3323 3643 5375)
3(7485 3643 5375)
3(7485 5375 9217)
3(5375 3643 2208)
3(6050 2208 5375)
3(6050 5375 9217)
3(5375 2208 3078)
3(6920 3078 5375)
3(6920 5375 9217)
3(5375 3078 2209)
3(6051 2209 5375)
3(6051 5375 9217)
3(5375 2209 3416)
3(6051 2209 3416)
3(6051 3416 7258)
3(3427 2509 4674)
3(7269 3427 6351)
3(3427 2509 6351)
3(8516 4674 3427)
3(8516 3427 7269)
3(3427 4674 5376)
3(8516 4674 5376)
3(8516 5376 9218)
3(9218 5376 7269)
3(5376 3427 7269)
3(3652 2510 3427)
3(7494 3652 6352)
3(3652 2510 6352)
3(6352 2510 3427)
3(6352 3427 7269)
3(7269 3427 3652)
3(7269 3652 7494)
3(3652 3427 5376)
4(9218 5376 3652 7494)
3(5376 4307 2695)
3(9218 5376 8149)
3(5376 4307 8149)
3(6537 2695 5376)
3(6537 5376 9218)
3(5376 2695 3652)
3(6537 2695 3652)
3(6537 3652 7494)
3(5376 3329 2827)
3(9218 5376 7171)
3(5376 3329 7171)
3(6669 2827 5376)
3(6669 5376 9218)
3(5376 2827 4307)
3(4674 2864 3272)
3(7114 3272 8516)
3(3272 4674 8516)
3(4674 3272 5376)
3(7114 3272 5376)
3(7114 5376 9218)
3(5376 3272 2865)
3(6707 2865 5376)
3(6707 5376 9218)
3(5376 2865 3329)
3(5377 3177 1692)
3(9219 5377 7019)
3(5377 3177 7019)
3(5534 1692 5377)
3(5534 5377 9219)
3(5377 1692 4804)
3(5534 1692 4804)
3(5534 4804 8646)
3(8646 4804 5377)
3(8646 5377 9219)
3(4481 1693 4639)
3(8323 4481 5535)
3(4481 1693 5535)
3(8481 4639 4481)
3(8481 4481 8323)
3(4481 4639 5377)
3(8481 4639 5377)
3(8481 5377 9219)
3(9219 5377 8323)
3(5377 4481 8323)
3(4639 1806 3716)
3(7558 3716 8481)
3(3716 4639 8481)
3(4639 3716 5377)
3(7558 3716 5377)
3(7558 5377 9219)
3(5377 3716 1807)
4(5649 1807 5377 9219)
3(5377 1807 3177)
3(5377 4804 2454)
3(8646 4804 6296)
3(4804 2454 6296)
3(6296 2454 5377)
3(6296 5377 9219)
3(5377 2454 3281)
3(6296 2454 3281)
3(6296 3281 7123)
3(7123 3281 5377)
3(7123 5377 9219)
3(3281 2457 4481)
3(7123 3281 6299)
3(3281 2457 6299)
3(6299 2457 4481)
3(6299 4481 8323)
4(8323 4481 3281 7123)
3(3281 4481 5377)
3(3636 1865 3720)
4(7562 3720 3636 7478)
3(3636 3720 5378)
3(7562 3720 5378)
3(7562 5378 9220)
3(9220 5378 7478)
3(5378 3636 7478)
3(5378 3720 2085)
3(5927 2085 5378)
3(5927 5378 9220)
3(5378 2085 4102)
3(7944 4102 5378)
3(7944 5378 9220)
3(3946 2089 3505)
3(7788 3946 5931)
3(3946 2089 5931)
3(5931 2089 3505)
3(5931 3505 7347)
3(7347 3505 3946)
3(7347 3946 7788)
3(3946 3505 5378)
3(7347 3505 5378)
3(7347 5378 9220)
3(9220 5378 7788)
3(5378 3946 7788)
3(3505 2092 3636)
3(7347 3505 5934)
3(3505 2092 5934)
3(7478 3636 7347)
3(3636 3505 7347)
3(3505 3636 5378)
3(5378 4490 2098)
3(9220 5378 8332)
3(5378 4490 8332)
3(8332 4490 5940)
3(4490 2098 5940)
4(5940 2098 5378 9220)
3(5378 2098 3946)
3(5940 2098 3946)
3(5940 3946 7788)
3(5378 4102 2099)
3(5941 2099 5378)
3(5941 5378 9220)
3(5378 2099 4490)
3(5941 2099 4490)
3(5941 4490 8332)
3(3265 2243 3347)
4(7189 3347 3265 7107)
3(3265 3347 5379)
3(7189 3347 5379)
3(7189 5379 9221)
3(9221 5379 7107)
3(5379 3265 7107)
3(4417 2244 3983)
3(8259 4417 6086)
3(4417 2244 6086)
3(6086 2244 3983)
3(6086 3983 7825)
3(7825 3983 4417)
3(7825 4417 8259)
3(4417 3983 5379)
3(7825 3983 5379)
3(7825 5379 9221)
3(9221 5379 8259)
3(5379 4417 8259)
3(3983 2245 3265)
3(7825 3983 6087)
3(3983 2245 6087)
3(7107 3265 7825)
3(3265 3983 7825)
3(3983 3265 5379)
3(5379 3633 2246)
3(9221 5379 7475)
3(5379 3633 7475)
3(7475 3633 6088)
3(3633 2246 6088)
4(6088 2246 5379 9221)
3(5379 2246 4417)
3(6088 2246 4417)
3(6088 4417 8259)
3(5379 4736 2476)
3(9221 5379 8578)
3(5379 4736 8578)
3(6318 2476 5379)
3(6318 5379 9221)
3(5379 2476 3633)
3(6318 2476 3633)
3(6318 3633 7475)
3(5379 3347 2478)
3(6320 2478 5379)
3(6320 5379 9221)
3(5379 2478 4736)
3(4742 2344 3350)
3(7192 3350 8584)
3(3350 4742 8584)
3(4742 3350 5380)
3(7192 3350 5380)
3(7192 5380 9222)
3(9222 5380 8584)
3(5380 4742 8584)
3(4606 2345 4742)
3(8448 4606 6187)
3(4606 2345 6187)
3(8584 4742 4606)
3(8584 4606 8448)
3(4606 4742 5380)
3(9222 5380 8448)
3(5380 4606 8448)
3(4064 2348 4606)
3(7906 4064 6190)
3(4064 2348 6190)
3(6190 2348 4606)
3(6190 4606 8448)
4(8448 4606 4064 7906)
3(4064 4606 5380)
3(9222 5380 7906)
3(5380 4064 7906)
3(5380 3604 2732)
3(9222 5380 7446)
3(5380 3604 7446)
3(7446 3604 6574)
3(3604 2732 6574)
3(6574 2732 5380)
3(6574 5380 9222)
3(5380 2732 4064)
3(6574 2732 4064)
3(6574 4064 7906)
3(5380 3350 2740)
4(6582 2740 5380 9222)
3(5380 2740 3271)
3(7113 3271 5380)
3(7113 5380 9222)
3(5380 3271 2741)
3(6583 2741 5380)
3(6583 5380 9222)
3(5380 2741 3604)
3(6583 2741 3604)
3(6583 3604 7446)
3(5381 4740 1808)
3(9223 5381 8582)
3(5381 4740 8582)
3(8582 4740 5650)
3(4740 1808 5650)
3(5650 1808 5381)
3(5650 5381 9223)
3(5381 1808 4071)
3(5650 1808 4071)
3(5650 4071 7913)
3(7913 4071 5381)
3(7913 5381 9223)
3(5381 3176 1809)
3(9223 5381 7018)
3(5381 3176 7018)
3(5651 1809 5381)
3(5651 5381 9223)
3(5381 1809 4740)
3(5651 1809 4740)
3(5651 4740 8582)
3(3939 1810 3019)
3(6861 3019 3939)
3(6861 3939 7781)
3(3939 3019 5381)
3(6861 3019 5381)
3(6861 5381 9223)
4(9223 5381 3939 7781)
3(5381 3019 1812)
3(5654 1812 5381)
3(5654 5381 9223)
3(5381 1812 3176)
3(4071 2218 3609)
3(7913 4071 6060)
3(4071 2218 6060)
3(6060 2218 3609)
3(6060 3609 7451)
3(7451 3609 7913)
3(3609 4071 7913)
3(4071 3609 5381)
3(7451 3609 5381)
3(7451 5381 9223)
3(3609 2220 3939)
3(7451 3609 6062)
3(3609 2220 6062)
3(7781 3939 7451)
3(3939 3609 7451)
3(3609 3939 5381)
3(5382 4124 2082)
3(9224 5382 7966)
3(5382 4124 7966)
3(5924 2082 5382)
3(5924 5382 9224)
3(5382 2082 3378)
4(7220 3378 5382 9224)
3(3260 2086 4124)
3(7966 4124 3260)
3(7966 3260 7102)
3(3260 4124 5382)
3(9224 5382 7102)
3(5382 3260 7102)
3(3745 2100 3260)
3(7587 3745 5942)
3(3745 2100 5942)
3(7102 3260 3745)
3(7102 3745 7587)
3(3745 3260 5382)
3(9224 5382 7587)
3(5382 3745 7587)
3(3702 2101 3745)
3(7544 3702 5943)
3(3702 2101 5943)
3(5943 2101 3745)
3(5943 3745 7587)
3(7587 3745 7544)
3(3745 3702 7544)
3(3702 3745 5382)
3(9224 5382 7544)
3(5382 3702 7544)
3(5382 3251 2370)
3(9224 5382 7093)
3(5382 3251 7093)
3(7093 3251 6212)
3(3251 2370 6212)
3(6212 2370 5382)
3(6212 5382 9224)
3(5382 2370 3702)
3(6212 2370 3702)
3(6212 3702 7544)
3(5382 3378 2372)
3(6214 2372 5382)
3(6214 5382 9224)
3(5382 2372 3251)
3(6214 2372 3251)
3(6214 3251 7093)
3(5383 4054 2654)
4(9225 5383 4054 7896)
3(6496 2654 5383)
3(6496 5383 9225)
3(5383 2654 3918)
3(6496 2654 3918)
3(6496 3918 7760)
3(7760 3918 5383)
3(7760 5383 9225)
3(4380 2655 3264)
3(8222 4380 6497)
3(4380 2655 6497)
3(7106 3264 4380)
3(7106 4380 8222)
3(4380 3264 5383)
3(7106 3264 5383)
3(7106 5383 9225)
3(9225 5383 8222)
3(5383 4380 8222)
3(5383 3918 2656)
3(7760 3918 6498)
3(3918 2656 6498)
3(6498 2656 5383)
3(6498 5383 9225)
3(5383 2656 4344)
3(6498 2656 4344)
3(6498 4344 8186)
3(8186 4344 5383)
3(8186 5383 9225)
3(4344 2657 4380)
3(8186 4344 6499)
3(4344 2657 6499)
3(6499 2657 4380)
3(6499 4380 8222)
3(8222 4380 8186)
3(4380 4344 8186)
3(4344 4380 5383)
3(3264 2659 3112)
3(6954 3112 3264)
3(6954 3264 7106)
3(3264 3112 5383)
3(6954 3112 5383)
3(6954 5383 9225)
3(5383 3112 2663)
3(6505 2663 5383)
3(6505 5383 9225)
3(5383 2663 4054)
3(5384 3844 2330)
3(9226 5384 7686)
3(5384 3844 7686)
3(7686 3844 6172)
3(3844 2330 6172)
3(6172 2330 5384)
3(6172 5384 9226)
3(5384 2330 3804)
3(6172 2330 3804)
3(6172 3804 7646)
3(7646 3804 5384)
3(7646 5384 9226)
3(3804 2331 3358)
3(7646 3804 6173)
3(3804 2331 6173)
3(6173 2331 3358)
3(6173 3358 7200)
3(7200 3358 7646)
3(3358 3804 7646)
3(3804 3358 5384)
3(7200 3358 5384)
3(7200 5384 9226)
3(5384 3931 2343)
3(9226 5384 7773)
3(5384 3931 7773)
3(6185 2343 5384)
3(6185 5384 9226)
3(5384 2343 3844)
3(6185 2343 3844)
3(6185 3844 7686)
3(5384 3768 2570)
3(9226 5384 7610)
3(5384 3768 7610)
3(6412 2570 5384)
3(6412 5384 9226)
3(5384 2570 3931)
3(3358 2776 3690)
3(7200 3358 6618)
3(3358 2776 6618)
3(7532 3690 7200)
3(3690 3358 7200)
3(3358 3690 5384)
4(7532 3690 5384 9226)
3(3690 2778 3768)
3(7610 3768 3690)
3(7610 3690 7532)
3(3690 3768 5384)
3(5385 4202 1655)
3(9227 5385 8044)
3(5385 4202 8044)
3(5497 1655 5385)
3(5497 5385 9227)
3(5385 1655 2952)
3(6794 2952 5385)
3(6794 5385 9227)
3(4804 1692 4202)
4(8044 4202 4804 8646)
3(4804 4202 5385)
3(9227 5385 8646)
3(5385 4804 8646)
3(5385 2952 1787)
3(5629 1787 5385)
3(5629 5385 9227)
3(5385 1787 4524)
3(5629 1787 4524)
3(5629 4524 8366)
3(8366 4524 5385)
3(8366 5385 9227)
3(5385 4524 2210)
3(8366 4524 6052)
3(4524 2210 6052)
4(6052 2210 5385 9227)
3(5385 2210 3016)
3(6052 2210 3016)
3(6052 3016 6858)
3(6858 3016 5385)
3(6858 5385 9227)
3(4749 2454 4804)
3(8591 4749 6296)
3(4749 2454 6296)
3(8646 4804 8591)
3(4804 4749 8591)
3(4749 4804 5385)
3(9227 5385 8591)
3(5385 4749 8591)
3(3016 2455 4749)
3(6858 3016 6297)
3(3016 2455 6297)
3(6297 2455 4749)
3(6297 4749 8591)
3(8591 4749 3016)
3(8591 3016 6858)
3(3016 4749 5385)
3(5386 3505 2089)
3(9228 5386 7347)
3(5386 3505 7347)
3(5931 2089 5386)
3(5931 5386 9228)
3(5386 2089 3423)
3(5931 2089 3423)
3(5931 3423 7265)
3(7265 3423 5386)
3(7265 5386 9228)
3(5386 3423 2090)
3(7265 3423 5932)
3(3423 2090 5932)
3(5932 2090 5386)
3(5932 5386 9228)
3(5386 2090 3649)
3(5932 2090 3649)
3(5932 3649 7491)
3(7491 3649 5386)
3(7491 5386 9228)
3(3649 2091 3207)
3(7491 3649 5933)
3(3649 2091 5933)
3(5933 2091 3207)
3(5933 3207 7049)
4(7049 3207 3649 7491)
3(3649 3207 5386)
3(7049 3207 5386)
3(7049 5386 9228)
3(5386 3345 2092)
3(9228 5386 7187)
3(5386 3345 7187)
4(5934 2092 5386 9228)
3(5386 2092 3505)
3(3207 2093 3570)
3(7049 3207 5935)
3(3207 2093 5935)
3(7412 3570 3207)
3(7412 3207 7049)
3(3207 3570 5386)
3(7412 3570 5386)
3(7412 5386 9228)
3(3570 2094 3345)
3(7187 3345 7412)
3(3345 3570 7412)
3(3570 3345 5386)
3(5387 4391 1652)
3(9229 5387 8233)
3(5387 4391 8233)
3(8233 4391 5494)
3(4391 1652 5494)
3(5494 1652 5387)
3(5494 5387 9229)
3(5387 1652 4620)
3(5494 1652 4620)
3(5494 4620 8462)
3(8462 4620 5387)
3(8462 5387 9229)
3(4620 1784 4178)
3(8462 4620 5626)
3(4620 1784 5626)
3(5626 1784 4178)
3(5626 4178 8020)
4(8020 4178 4620 8462)
3(4620 4178 5387)
3(8020 4178 5387)
3(8020 5387 9229)
3(4178 1943 3049)
3(8020 4178 5785)
3(4178 1943 5785)
3(6891 3049 4178)
3(6891 4178 8020)
3(4178 3049 5387)
3(6891 3049 5387)
3(6891 5387 9229)
3(3049 2015 3005)
3(6847 3005 6891)
3(3005 3049 6891)
3(3049 3005 5387)
3(6847 3005 5387)
3(6847 5387 9229)
3(5387 3983 2244)
3(9229 5387 7825)
3(5387 3983 7825)
3(6086 2244 5387)
3(6086 5387 9229)
3(5387 2244 4391)
3(6086 2244 4391)
3(6086 4391 8233)
3(5387 3005 2245)
4(6087 2245 5387 9229)
3(5387 2245 3983)
3(3767 2731 3534)
3(7609 3767 6573)
3(3767 2731 6573)
3(6573 2731 3534)
3(6573 3534 7376)
3(7376 3534 3767)
3(7376 3767 7609)
3(3767 3534 5388)
3(7376 3534 5388)
3(7376 5388 9230)
3(9230 5388 7609)
3(5388 3767 7609)
3(3534 2732 3604)
3(7376 3534 6574)
3(3534 2732 6574)
3(7446 3604 7376)
3(3604 3534 7376)
3(3534 3604 5388)
3(7446 3604 5388)
3(7446 5388 9230)
3(5388 3687 2737)
3(9230 5388 7529)
3(5388 3687 7529)
3(6579 2737 5388)
3(6579 5388 9230)
3(5388 2737 3311)
3(6579 2737 3311)
3(6579 3311 7153)
3(7153 3311 5388)
3(7153 5388 9230)
3(5388 3311 2738)
3(7153 3311 6580)
3(3311 2738 6580)
4(6580 2738 5388 9230)
3(5388 2738 3767)
3(6580 2738 3767)
3(6580 3767 7609)
3(3604 2741 3010)
4(6852 3010 3604 7446)
3(3604 3010 5388)
3(6852 3010 5388)
3(6852 5388 9230)
3(5388 3010 2742)
3(6584 2742 5388)
3(6584 5388 9230)
3(5388 2742 3687)
3(5389 3609 2218)
3(9231 5389 7451)
3(5389 3609 7451)
3(6060 2218 5389)
3(6060 5389 9231)
3(5389 2218 4493)
3(6060 2218 4493)
3(6060 4493 8335)
4(8335 4493 5389 9231)
3(5389 4493 2219)
3(8335 4493 6061)
3(4493 2219 6061)
3(6061 2219 5389)
3(6061 5389 9231)
3(5389 2219 3694)
3(6061 2219 3694)
3(6061 3694 7536)
3(7536 3694 5389)
3(7536 5389 9231)
3(5389 3641 2220)
3(9231 5389 7483)
3(5389 3641 7483)
3(6062 2220 5389)
3(6062 5389 9231)
3(5389 2220 3609)
3(3694 2221 4278)
3(7536 3694 6063)
3(3694 2221 6063)
3(6063 2221 4278)
3(6063 4278 8120)
3(8120 4278 3694)
3(8120 3694 7536)
3(3694 4278 5389)
3(8120 4278 5389)
3(8120 5389 9231)
3(4278 2462 3566)
3(8120 4278 6304)
3(4278 2462 6304)
3(7408 3566 8120)
3(3566 4278 8120)
3(4278 3566 5389)
4(7408 3566 5389 9231)
3(3566 2463 3641)
3(7483 3641 3566)
3(7483 3566 7408)
3(3566 3641 5389)
3(3700 2367 3180)
3(7542 3700 6209)
3(3700 2367 6209)
3(6209 2367 3180)
3(6209 3180 7022)
3(7022 3180 7542)
3(3180 3700 7542)
3(3700 3180 5390)
4(7022 3180 5390 9232)
3(9232 5390 7542)
3(5390 3700 7542)
3(5390 4532 2368)
4(9232 5390 4532 8374)
3(6210 2368 5390)
3(6210 5390 9232)
3(5390 2368 4472)
3(6210 2368 4472)
3(6210 4472 8314)
3(8314 4472 5390)
3(8314 5390 9232)
3(5390 4472 2369)
3(8314 4472 6211)
3(4472 2369 6211)
3(6211 2369 5390)
3(6211 5390 9232)
3(5390 2369 3700)
3(6211 2369 3700)
3(6211 3700 7542)
3(3180 2370 3251)
3(7022 3180 6212)
3(3180 2370 6212)
3(7093 3251 3180)
3(7093 3180 7022)
3(3180 3251 5390)
3(7093 3251 5390)
3(7093 5390 9232)
3(5390 3107 2371)
3(9232 5390 6949)
3(5390 3107 6949)
3(6213 2371 5390)
3(6213 5390 9232)
3(5390 2371 4532)
3(3251 2372 3107)
3(6949 3107 3251)
3(6949 3251 7093)
3(3251 3107 5390)
3(3334 1864 4781)
3(7176 3334 5706)
3(3334 1864 5706)
3(5706 1864 4781)
3(5706 4781 8623)
3(8623 4781 7176)
3(4781 3334 7176)
3(3334 4781 5391)
4(8623 4781 5391 9233)
3(9233 5391 7176)
3(5391 3334 7176)
3(5391 4137 2080)
3(9233 5391 7979)
3(5391 4137 7979)
3(7979 4137 5922)
3(4137 2080 5922)
3(5922 2080 5391)
3(5922 5391 9233)
3(5391 2080 3334)
3(5922 2080 3334)
3(5922 3334 7176)
3(5391 3683 2574)
4(9233 5391 3683 7525)
3(6416 2574 5391)
3(6416 5391 9233)
3(5391 2574 4137)
3(6416 2574 4137)
3(6416 4137 7979)
3(5391 3763 2575)
3(9233 5391 7605)
3(5391 3763 7605)
3(6417 2575 5391)
3(6417 5391 9233)
3(5391 2575 3683)
3(3918 2654 3763)
3(7605 3763 3918)
3(7605 3918 7760)
3(3918 3763 5391)
3(9233 5391 7760)
3(5391 3918 7760)
3(4781 2656 3918)
3(8623 4781 6498)
3(4781 2656 6498)
3(7760 3918 4781)
3(7760 4781 8623)
3(4781 3918 5391)
3(5392 3270 2075)
4(9234 5392 3270 7112)
3(7112 3270 5917)
3(3270 2075 5917)
3(5917 2075 5392)
3(5917 5392 9234)
3(5392 2075 3802)
3(5917 2075 3802)
3(5917 3802 7644)
3(7644 3802 5392)
3(7644 5392 9234)
3(3802 2078 4773)
3(7644 3802 5920)
3(3802 2078 5920)
3(5920 2078 4773)
3(5920 4773 8615)
3(8615 4773 3802)
3(8615 3802 7644)
3(3802 4773 5392)
3(8615 4773 5392)
3(8615 5392 9234)
3(4773 2079 4651)
3(8615 4773 5921)
3(4773 2079 5921)
3(8493 4651 8615)
3(4651 4773 8615)
3(4773 4651 5392)
4(8493 4651 5392 9234)
3(5392 3358 2331)
3(9234 5392 7200)
3(5392 3358 7200)
3(6173 2331 5392)
3(6173 5392 9234)
3(5392 2331 3270)
3(6173 2331 3270)
3(6173 3270 7112)
3(4651 2775 4717)
3(8559 4717 4651)
3(8559 4651 8493)
3(4651 4717 5392)
3(8559 4717 5392)
3(8559 5392 9234)
3(5392 4717 2776)
3(6618 2776 5392)
3(6618 5392 9234)
3(5392 2776 3358)
3(4017 1957 3842)
3(7859 4017 5799)
3(4017 1957 5799)
3(7684 3842 7859)
3(3842 4017 7859)
3(4017 3842 5393)
4(7684 3842 5393 9235)
3(9235 5393 7859)
3(5393 4017 7859)
3(5393 3015 1958)
4(9235 5393 3015 6857)
3(6857 3015 5800)
3(3015 1958 5800)
3(5800 1958 5393)
3(5800 5393 9235)
3(5393 1958 3504)
3(5800 1958 3504)
3(5800 3504 7346)
3(7346 3504 5393)
3(7346 5393 9235)
3(3504 1959 4017)
3(7346 3504 5801)
3(3504 1959 5801)
3(5801 1959 4017)
3(5801 4017 7859)
3(7859 4017 7346)
3(4017 3504 7346)
3(3504 4017 5393)
3(5393 3842 1960)
3(5802 1960 5393)
3(5802 5393 9235)
3(5393 1960 3317)
3(7159 3317 5393)
3(7159 5393 9235)
3(5393 3317 1961)
3(5803 1961 5393)
3(5803 5393 9235)
3(5393 1961 3985)
3(5803 1961 3985)
3(5803 3985 7827)
3(7827 3985 5393)
3(7827 5393 9235)
3(5393 3985 1962)
3(7827 3985 5804)
3(3985 1962 5804)
3(5804 1962 5393)
3(5804 5393 9235)
3(5393 1962 3015)
3(5804 1962 3015)
3(5804 3015 6857)
3(5394 3661 2363)
3(9236 5394 7503)
3(5394 3661 7503)
3(7503 3661 6205)
3(3661 2363 6205)
3(6205 2363 5394)
3(6205 5394 9236)
3(5394 2363 3159)
3(6205 2363 3159)
3(6205 3159 7001)
3(7001 3159 5394)
3(7001 5394 9236)
3(3159 2364 4614)
3(7001 3159 6206)
3(3159 2364 6206)
3(6206 2364 4614)
3(6206 4614 8456)
3(8456 4614 7001)
3(4614 3159 7001)
3(3159 4614 5394)
4(8456 4614 5394 9236)
3(4614 2492 3610)
3(8456 4614 6334)
3(4614 2492 6334)
3(6334 2492 3610)
3(6334 3610 7452)
3(7452 3610 4614)
3(7452 4614 8456)
3(4614 3610 5394)
3(7452 3610 5394)
3(7452 5394 9236)
3(5394 4480 2586)
4(9236 5394 4480 8322)
3(6428 2586 5394)
3(6428 5394 9236)
3(5394 2586 3661)
3(6428 2586 3661)
3(6428 3661 7503)
3(3610 2692 3322)
3(7452 3610 6534)
3(3610 2692 6534)
3(7164 3322 7452)
3(3322 3610 7452)
3(3610 3322 5394)
3(7164 3322 5394)
3(7164 5394 9236)
3(3322 2694 4480)
3(8322 4480 7164)
3(4480 3322 7164)
3(3322 4480 5394)
3(4619 1944 3364)
3(8461 4619 5786)
3(4619 1944 5786)
3(5786 1944 3364)
3(5786 3364 7206)
3(7206 3364 4619)
3(7206 4619 8461)
3(4619 3364 5395)
3(7206 3364 5395)
3(7206 5395 9237)
4(9237 5395 4619 8461)
3(3364 1945 3416)
3(7206 3364 5787)
3(3364 1945 5787)
3(7258 3416 7206)
3(3416 3364 7206)
3(3364 3416 5395)
3(7258 3416 5395)
3(7258 5395 9237)
3(3808 1947 4619)
3(7650 3808 5789)
3(3808 1947 5789)
3(5789 1947 4619)
3(5789 4619 8461)
3(8461 4619 7650)
3(4619 3808 7650)
3(3808 4619 5395)
3(9237 5395 7650)
3(5395 3808 7650)
3(5395 3667 1948)
3(9237 5395 7509)
3(5395 3667 7509)
3(7509 3667 5790)
3(3667 1948 5790)
3(5790 1948 5395)
3(5790 5395 9237)
3(5395 1948 3808)
3(5790 1948 3808)
3(5790 3808 7650)
3(5395 3003 2205)
4(9237 5395 3003 6845)
3(6047 2205 5395)
3(6047 5395 9237)
3(5395 2205 3667)
3(6047 2205 3667)
3(6047 3667 7509)
3(3416 2209 3003)
3(6845 3003 7258)
3(3003 3416 7258)
3(3416 3003 5395)
3(5396 4595 2509)
4(9238 5396 4595 8437)
3(6351 2509 5396)
3(6351 5396 9238)
3(5396 2509 3427)
3(7269 3427 5396)
3(7269 5396 9238)
3(5396 3427 2510)
3(6352 2510 5396)
3(6352 5396 9238)
3(5396 2510 4779)
3(6352 2510 4779)
3(6352 4779 8621)
3(8621 4779 5396)
3(8621 5396 9238)
3(5396 4779 2511)
3(8621 4779 6353)
3(4779 2511 6353)
3(6353 2511 5396)
3(6353 5396 9238)
3(5396 2511 4716)
3(6353 2511 4716)
3(6353 4716 8558)
4(8558 4716 5396 9238)
3(5396 4716 2512)
3(8558 4716 6354)
3(4716 2512 6354)
3(6354 2512 5396)
3(6354 5396 9238)
3(5396 2512 3244)
3(6354 2512 3244)
3(6354 3244 7086)
3(7086 3244 5396)
3(7086 5396 9238)
3(3244 2733 3775)
3(7086 3244 6575)
3(3244 2733 6575)
3(6575 2733 3775)
3(6575 3775 7617)
3(7617 3775 7086)
3(3775 3244 7086)
3(3244 3775 5396)
3(7617 3775 5396)
3(7617 5396 9238)
3(3775 2734 4595)
3(7617 3775 6576)
3(3775 2734 6576)
3(8437 4595 7617)
3(4595 3775 7617)
3(3775 4595 5396)
3(4524 1787 3151)
3(6993 3151 8366)
3(3151 4524 8366)
3(4524 3151 5397)
3(6993 3151 5397)
3(6993 5397 9239)
3(9239 5397 8366)
3(5397 4524 8366)
3(5397 3151 1791)
3(5633 1791 5397)
3(5633 5397 9239)
3(5397 1791 4349)
3(8191 4349 5397)
3(8191 5397 9239)
3(5397 4349 1957)
3(5799 1957 5397)
3(5799 5397 9239)
3(5397 1957 4017)
3(7859 4017 5397)
3(7859 5397 9239)
3(5397 4017 1959)
3(5801 1959 5397)
3(5801 5397 9239)
3(5397 1959 3384)
3(5801 1959 3384)
3(5801 3384 7226)
4(7226 3384 5397 9239)
3(3693 2210 4524)
4(7535 3693 2210 6052)
3(8366 4524 7535)
3(4524 3693 7535)
3(3693 4524 5397)
3(9239 5397 7535)
3(5397 3693 7535)
3(3384 2211 3693)
3(7226 3384 6053)
3(3384 2211 6053)
4(6053 2211 3693 7535)
3(7535 3693 3384)
3(7535 3384 7226)
3(3384 3693 5397)
3(5398 3207 2091)
3(9240 5398 7049)
3(5398 3207 7049)
3(5933 2091 5398)
3(5933 5398 9240)
3(5398 2091 3698)
4(5933 2091 3698 7540)
3(7540 3698 5398)
3(7540 5398 9240)
3(5398 3799 2093)
3(9240 5398 7641)
3(5398 3799 7641)
3(5935 2093 5398)
3(5935 5398 9240)
3(5398 2093 3207)
3(5398 3698 2362)
4(7540 3698 2362 6204)
3(6204 2362 5398)
3(6204 5398 9240)
3(5398 2362 3386)
3(6204 2362 3386)
3(6204 3386 7228)
4(7228 3386 5398 9240)
3(3386 2363 3661)
3(7228 3386 6205)
3(3386 2363 6205)
3(7503 3661 3386)
3(7503 3386 7228)
3(3386 3661 5398)
3(7503 3661 5398)
3(7503 5398 9240)
3(3056 2585 3799)
3(7641 3799 6898)
3(3799 3056 6898)
3(3056 3799 5398)
3(9240 5398 6898)
3(5398 3056 6898)
3(3661 2586 3056)
3(6898 3056 3661)
3(6898 3661 7503)
3(3661 3056 5398)
3(5399 4178 1784)
3(9241 5399 8020)
3(5399 4178 8020)
3(5626 1784 5399)
3(5626 5399 9241)
3(5399 1784 3333)
4(5626 1784 3333 7175)
3(7175 3333 5399)
3(7175 5399 9241)
3(5399 3238 1943)
3(9241 5399 7080)
3(5399 3238 7080)
3(5785 1943 5399)
3(5785 5399 9241)
3(5399 1943 4178)
3(3062 1948 3667)
3(6904 3062 5790)
3(3062 1948 5790)
3(7509 3667 3062)
3(7509 3062 6904)
3(3062 3667 5399)
3(7509 3667 5399)
3(7509 5399 9241)
4(9241 5399 3062 6904)
3(5399 3333 1949)
4(7175 3333 1949 5791)
3(5791 1949 5399)
3(5791 5399 9241)
3(5399 1949 3062)
3(5791 1949 3062)
3(5791 3062 6904)
3(3493 2204 3238)
3(7080 3238 7335)
3(3238 3493 7335)
3(3493 3238 5399)
3(9241 5399 7335)
3(5399 3493 7335)
3(3667 2205 3493)
3(7335 3493 3667)
3(7335 3667 7509)
3(3667 3493 5399)
3(5400 3775 2733)
3(9242 5400 7617)
3(5400 3775 7617)
3(6575 2733 5400)
3(6575 5400 9242)
3(5400 2733 3501)
3(6575 2733 3501)
3(6575 3501 7343)
4(7343 3501 5400 9242)
3(5400 3145 2734)
3(9242 5400 6987)
3(5400 3145 6987)
3(6576 2734 5400)
3(6576 5400 9242)
3(5400 2734 3775)
3(5400 3909 2735)
3(9242 5400 7751)
3(5400 3909 7751)
3(6577 2735 5400)
3(6577 5400 9242)
3(5400 2735 3145)
3(3501 2736 3800)
3(7343 3501 6578)
3(3501 2736 6578)
4(6578 2736 3800 7642)
3(7642 3800 3501)
3(7642 3501 7343)
3(3501 3800 5400)
3(7642 3800 5400)
3(7642 5400 9242)
3(3311 2737 3909)
3(7751 3909 7153)
3(3909 3311 7153)
3(3311 3909 5400)
3(9242 5400 7153)
3(5400 3311 7153)
3(3800 2738 3311)
4(7642 3800 2738 6580)
3(7153 3311 7642)
3(3311 3800 7642)
3(3800 3311 5400)
3(5401 4376 2217)
3(9243 5401 8218)
3(5401 4376 8218)
3(8218 4376 6059)
3(4376 2217 6059)
4(6059 2217 5401 9243)
3(5401 2217 4190)
3(6059 2217 4190)
3(6059 4190 8032)
3(8032 4190 5401)
3(8032 5401 9243)
3(5401 4278 2221)
3(9243 5401 8120)
3(5401 4278 8120)
3(6063 2221 5401)
3(6063 5401 9243)
3(5401 2221 4376)
3(6063 2221 4376)
3(6063 4376 8218)
3(4472 2368 2999)
3(6841 2999 8314)
3(2999 4472 8314)
3(4472 2999 5401)
3(6841 2999 5401)
3(6841 5401 9243)
3(9243 5401 8314)
3(5401 4472 8314)
3(4190 2369 4472)
3(8032 4190 6211)
3(4190 2369 6211)
3(8314 4472 4190)
3(8314 4190 8032)
3(4190 4472 5401)
3(2999 2461 3149)
4(6991 3149 2999 6841)
3(2999 3149 5401)
3(6991 3149 5401)
3(6991 5401 9243)
3(5401 3149 2462)
3(6304 2462 5401)
3(6304 5401 9243)
3(5401 2462 4278)
3(4659 2077 4824)
3(8501 4659 5919)
3(4659 2077 5919)
3(5919 2077 4824)
3(5919 4824 8666)
4(8666 4824 4659 8501)
3(4659 4824 5402)
3(8666 4824 5402)
3(8666 5402 9244)
3(9244 5402 8501)
3(5402 4659 8501)
3(5402 4773 2078)
3(9244 5402 8615)
3(5402 4773 8615)
3(5920 2078 5402)
3(5920 5402 9244)
3(5402 2078 4659)
3(5920 2078 4659)
3(5920 4659 8501)
3(5402 4608 2079)
3(9244 5402 8450)
3(5402 4608 8450)
3(5921 2079 5402)
3(5921 5402 9244)
3(5402 2079 4773)
3(4824 2080 4137)
3(8666 4824 5922)
3(4824 2080 5922)
3(7979 4137 4824)
3(7979 4824 8666)
3(4824 4137 5402)
3(7979 4137 5402)
3(7979 5402 9244)
3(4137 2574 3436)
3(7278 3436 7979)
3(3436 4137 7979)
3(4137 3436 5402)
3(7278 3436 5402)
3(7278 5402 9244)
3(5402 3436 2576)
4(6418 2576 5402 9244)
3(5402 2576 4608)
3(5403 3349 1693)
3(9245 5403 7191)
3(5403 3349 7191)
3(5535 1693 5403)
3(5535 5403 9245)
3(5403 1693 4481)
3(8323 4481 5403)
3(8323 5403 9245)
3(4500 1804 4585)
3(8342 4500 5646)
3(4500 1804 5646)
3(5646 1804 4585)
3(5646 4585 8427)
3(8427 4585 8342)
3(4585 4500 8342)
3(4500 4585 5403)
3(8427 4585 5403)
3(8427 5403 9245)
3(9245 5403 8342)
3(5403 4500 8342)
3(4585 1808 4740)
3(8427 4585 5650)
3(4585 1808 5650)
4(8582 4740 4585 8427)
3(4585 4740 5403)
3(8582 4740 5403)
3(8582 5403 9245)
3(4740 1809 3349)
3(7191 3349 4740)
3(7191 4740 8582)
3(4740 3349 5403)
3(5403 4481 2457)
3(6299 2457 5403)
3(6299 5403 9245)
3(5403 2457 4083)
4(6299 2457 4083 7925)
3(7925 4083 5403)
3(7925 5403 9245)
3(5403 4083 2458)
4(7925 4083 2458 6300)
3(6300 2458 5403)
3(6300 5403 9245)
3(5403 2458 4500)
3(6300 2458 4500)
3(6300 4500 8342)
3(3020 2097 4525)
3(6862 3020 5939)
3(3020 2097 5939)
4(5939 2097 4525 8367)
3(8367 4525 3020)
3(8367 3020 6862)
3(3020 4525 5404)
3(8367 4525 5404)
3(8367 5404 9246)
3(9246 5404 6862)
3(5404 3020 6862)
3(4525 2098 4490)
4(8367 4525 2098 5940)
4(8332 4490 4525 8367)
3(4525 4490 5404)
3(8332 4490 5404)
3(8332 5404 9246)
3(4490 2099 4769)
3(8611 4769 4490)
3(8611 4490 8332)
3(4490 4769 5404)
3(8611 4769 5404)
3(8611 5404 9246)
3(5404 4769 2100)
3(5942 2100 5404)
3(5942 5404 9246)
3(5404 2100 3745)
3(7587 3745 5404)
3(7587 5404 9246)
3(5404 3745 2101)
3(5943 2101 5404)
3(5943 5404 9246)
3(5404 2101 3735)
3(5943 2101 3735)
3(5943 3735 7577)
3(7577 3735 5404)
3(7577 5404 9246)
3(5404 3735 2104)
3(7577 3735 5946)
3(3735 2104 5946)
3(5946 2104 5404)
3(5946 5404 9246)
3(5404 2104 3020)
3(5946 2104 3020)
3(5946 3020 6862)
3(3651 1839 3206)
3(7493 3651 5681)
3(3651 1839 5681)
4(5681 1839 3206 7048)
3(7048 3206 3651)
3(7048 3651 7493)
3(3651 3206 5405)
3(7048 3206 5405)
3(7048 5405 9247)
3(9247 5405 7493)
3(5405 3651 7493)
3(5405 3739 1840)
3(9247 5405 7581)
3(5405 3739 7581)
3(7581 3739 5682)
3(3739 1840 5682)
3(5682 1840 5405)
3(5682 5405 9247)
3(5405 1840 3651)
3(5682 1840 3651)
3(5682 3651 7493)
3(3206 2246 3633)
4(7048 3206 2246 6088)
4(7475 3633 3206 7048)
3(3206 3633 5405)
3(7475 3633 5405)
3(7475 5405 9247)
3(3633 2476 3445)
3(7287 3445 3633)
3(7287 3633 7475)
3(3633 3445 5405)
3(7287 3445 5405)
3(7287 5405 9247)
3(5405 3445 2655)
3(6497 2655 5405)
3(6497 5405 9247)
3(5405 2655 4380)
3(8222 4380 5405)
3(8222 5405 9247)
3(5405 4380 2657)
3(6499 2657 5405)
3(6499 5405 9247)
3(5405 2657 3739)
3(6499 2657 3739)
3(6499 3739 7581)
3(3365 2330 3844)
3(7207 3365 6172)
3(3365 2330 6172)
4(7686 3844 3365 7207)
3(3365 3844 5406)
3(7686 3844 5406)
3(7686 5406 9248)
3(9248 5406 7207)
3(5406 3365 7207)
3(3844 2343 3449)
3(7291 3449 3844)
3(7291 3844 7686)
3(3844 3449 5406)
3(7291 3449 5406)
3(7291 5406 9248)
3(5406 3449 2345)
3(6187 2345 5406)
3(6187 5406 9248)
3(5406 2345 4606)
3(8448 4606 5406)
3(8448 5406 9248)
3(5406 4606 2348)
3(6190 2348 5406)
3(6190 5406 9248)
3(5406 2348 4802)
4(6190 2348 4802 8644)
3(8644 4802 5406)
3(8644 5406 9248)
3(5406 4802 2351)
4(8644 4802 2351 6193)
3(6193 2351 5406)
3(6193 5406 9248)
3(5406 2351 3278)
3(6193 2351 3278)
3(6193 3278 7120)
3(7120 3278 5406)
3(7120 5406 9248)
3(3278 2354 3365)
3(7120 3278 6196)
3(3278 2354 6196)
3(6196 2354 3365)
3(6196 3365 7207)
3(7207 3365 7120)
3(3365 3278 7120)
3(3278 3365 5406)
3(5407 3801 1788)
3(9249 5407 7643)
3(5407 3801 7643)
4(5630 1788 5407 9249)
3(5407 1788 3644)
3(7486 3644 5407)
3(7486 5407 9249)
3(3330 1789 3094)
3(7172 3330 5631)
3(3330 1789 5631)
3(5631 1789 3094)
3(5631 3094 6936)
4(6936 3094 3330 7172)
3(3330 3094 5407)
3(6936 3094 5407)
3(6936 5407 9249)
3(9249 5407 7172)
3(5407 3330 7172)
3(5407 3364 1944)
3(9249 5407 7206)
3(5407 3364 7206)
3(5786 1944 5407)
3(5786 5407 9249)
3(5407 1944 3330)
3(5786 1944 3330)
3(5786 3330 7172)
3(5407 3644 1945)
3(5787 1945 5407)
3(5787 5407 9249)
3(5407 1945 3364)
3(3985 1961 3801)
3(7643 3801 7827)
3(3801 3985 7827)
3(3985 3801 5407)
3(9249 5407 7827)
3(5407 3985 7827)
3(3094 1962 3985)
3(6936 3094 5804)
3(3094 1962 5804)
3(7827 3985 3094)
3(7827 3094 6936)
3(3094 3985 5407)
3(5408 3610 2492)
3(9250 5408 7452)
3(5408 3610 7452)
3(6334 2492 5408)
3(6334 5408 9250)
3(5408 2492 4698)
3(6334 2492 4698)
3(6334 4698 8540)
3(8540 4698 5408)
3(8540 5408 9250)
3(5408 4698 2493)
3(8540 4698 6335)
3(4698 2493 6335)
4(6335 2493 5408 9250)
3(5408 2493 2994)
3(6335 2493 2994)
3(6335 2994 6836)
3(6836 2994 5408)
3(6836 5408 9250)
3(4779 2510 3652)
3(7494 3652 8621)
3(3652 4779 8621)
3(4779 3652 5408)
3(7494 3652 5408)
3(7494 5408 9250)
3(9250 5408 8621)
3(5408 4779 8621)
3(2994 2511 4779)
3(6836 2994 6353)
3(2994 2511 6353)
3(8621 4779 2994)
3(8621 2994 6836)
3(2994 4779 5408)
3(5408 4450 2692)
3(9250 5408 8292)
3(5408 4450 8292)
3(6534 2692 5408)
3(6534 5408 9250)
3(5408 2692 3610)
3(3652 2695 4450)
4(8292 4450 3652 7494)
3(3652 4450 5408)
3(5409 3281 2454)
3(9251 5409 7123)
3(5409 3281 7123)
3(6296 2454 5409)
3(6296 5409 9251)
3(5409 2454 4749)
3(8591 4749 5409)
3(8591 5409 9251)
3(5409 4749 2455)
3(6297 2455 5409)
3(6297 5409 9251)
3(5409 2455 4375)
3(6297 2455 4375)
3(6297 4375 8217)
3(8217 4375 5409)
3(8217 5409 9251)
3(5409 4375 2456)
3(8217 4375 6298)
3(4375 2456 6298)
3(6298 2456 5409)
3(6298 5409 9251)
3(5409 2456 3657)
3(6298 2456 3657)
3(6298 3657 7499)
3(7499 3657 5409)
3(7499 5409 9251)
3(4083 2457 3281)
4(7123 3281 4083 7925)
3(4083 3281 5409)
3(9251 5409 7925)
3(5409 4083 7925)
3(4605 2458 4083)
3(8447 4605 6300)
3(4605 2458 6300)
3(7925 4083 4605)
3(7925 4605 8447)
3(4605 4083 5409)
3(9251 5409 8447)
3(5409 4605 8447)
3(3657 2459 4605)
3(7499 3657 6301)
3(3657 2459 6301)
3(6301 2459 4605)
3(6301 4605 8447)
3(8447 4605 3657)
3(8447 3657 7499)
3(3657 4605 5409)
3(3423 2089 3946)
3(7788 3946 7265)
3(3946 3423 7265)
3(3423 3946 5410)
3(7788 3946 5410)
3(7788 5410 9252)
3(9252 5410 7265)
3(5410 3423 7265)
3(4028 2090 3423)
3(7870 4028 5932)
3(4028 2090 5932)
3(7265 3423 4028)
3(7265 4028 7870)
3(4028 3423 5410)
3(9252 5410 7870)
3(5410 4028 7870)
3(5410 4525 2097)
3(9252 5410 8367)
3(5410 4525 8367)
3(5939 2097 5410)
3(5939 5410 9252)
3(5410 2097 4245)
3(5939 2097 4245)
3(5939 4245 8087)
3(8087 4245 5410)
3(8087 5410 9252)
3(5410 3946 2098)
3(5940 2098 5410)
3(5940 5410 9252)
3(5410 2098 4525)
3(5410 4245 2360)
3(8087 4245 6202)
3(4245 2360 6202)
3(6202 2360 5410)
3(6202 5410 9252)
3(5410 2360 3286)
3(6202 2360 3286)
3(6202 3286 7128)
3(7128 3286 5410)
3(7128 5410 9252)
3(3286 2361 4028)
3(7128 3286 6203)
3(3286 2361 6203)
3(6203 2361 4028)
3(6203 4028 7870)
4(7870 4028 3286 7128)
3(3286 4028 5410)
3(4033 1652 4391)
3(7875 4033 5494)
3(4033 1652 5494)
3(8233 4391 4033)
3(8233 4033 7875)
3(4033 4391 5411)
3(8233 4391 5411)
3(8233 5411 9253)
3(9253 5411 7875)
3(5411 4033 7875)
3(3955 1694 4033)
3(7797 3955 5536)
3(3955 1694 5536)
3(5536 1694 4033)
3(5536 4033 7875)
4(7875 4033 3955 7797)
3(3955 4033 5411)
3(9253 5411 7797)
3(5411 3955 7797)
3(5411 4253 1697)
3(9253 5411 8095)
3(5411 4253 8095)
3(8095 4253 5539)
3(4253 1697 5539)
3(5539 1697 5411)
3(5539 5411 9253)
3(5411 1697 3955)
3(5539 1697 3955)
3(5539 3955 7797)
3(5411 3206 1839)
3(9253 5411 7048)
3(5411 3206 7048)
3(5681 1839 5411)
3(5681 5411 9253)
3(5411 1839 4253)
3(5681 1839 4253)
3(5681 4253 8095)
3(4391 2244 4417)
3(8259 4417 8233)
3(4417 4391 8233)
3(4391 4417 5411)
3(8259 4417 5411)
3(8259 5411 9253)
3(5411 4417 2246)
3(6088 2246 5411)
3(6088 5411 9253)
3(5411 2246 3206)
3(4802 2348 4064)
4(7906 4064 4802 8644)
3(4802 4064 5412)
3(7906 4064 5412)
3(7906 5412 9254)
3(9254 5412 8644)
3(5412 4802 8644)
3(2959 2351 4802)
3(6801 2959 6193)
3(2959 2351 6193)
3(8644 4802 2959)
3(8644 2959 6801)
3(2959 4802 5412)
3(9254 5412 6801)
3(5412 2959 6801)
3(5412 3534 2731)
3(9254 5412 7376)
3(5412 3534 7376)
3(6573 2731 5412)
3(6573 5412 9254)
3(5412 2731 4687)
3(6573 2731 4687)
3(6573 4687 8529)
3(8529 4687 5412)
3(8529 5412 9254)
3(5412 4064 2732)
3(6574 2732 5412)
3(6574 5412 9254)
3(5412 2732 3534)
3(3966 2760 2959)
3(7808 3966 6602)
3(3966 2760 6602)
3(6602 2760 2959)
3(6602 2959 6801)
3(6801 2959 3966)
3(6801 3966 7808)
3(3966 2959 5412)
3(9254 5412 7808)
3(5412 3966 7808)
3(5412 4687 2761)
3(8529 4687 6603)
3(4687 2761 6603)
3(6603 2761 5412)
3(6603 5412 9254)
3(5412 2761 3966)
3(6603 2761 3966)
3(6603 3966 7808)
3(5413 3841 1803)
4(9255 5413 3841 7683)
3(7683 3841 5645)
3(3841 1803 5645)
3(5645 1803 5413)
3(5645 5413 9255)
3(5413 1803 4347)
3(5645 1803 4347)
3(5645 4347 8189)
3(8189 4347 5413)
3(8189 5413 9255)
3(5413 4585 1804)
3(9255 5413 8427)
3(5413 4585 8427)
3(5646 1804 5413)
3(5646 5413 9255)
3(5413 1804 3841)
3(5646 1804 3841)
3(5646 3841 7683)
3(5413 4071 1808)
3(9255 5413 7913)
3(5413 4071 7913)
3(5650 1808 5413)
3(5650 5413 9255)
3(5413 1808 4585)
3(4347 1982 3116)
3(8189 4347 5824)
3(4347 1982 5824)
3(5824 1982 3116)
3(5824 3116 6958)
4(6958 3116 4347 8189)
3(4347 3116 5413)
3(6958 3116 5413)
3(6958 5413 9255)
3(4493 2218 4071)
3(7913 4071 4493)
3(7913 4493 8335)
3(4493 4071 5413)
4(9255 5413 4493 8335)
3(3116 2219 4493)
3(6958 3116 6061)
3(3116 2219 6061)
3(8335 4493 6958)
3(4493 3116 6958)
3(3116 4493 5413)
3(3735 2101 3702)
4(7544 3702 3735 7577)
3(3735 3702 5414)
3(7544 3702 5414)
3(7544 5414 9256)
3(9256 5414 7577)
3(5414 3735 7577)
3(5414 3125 2102)
3(9256 5414 6967)
3(5414 3125 6967)
3(6967 3125 5944)
3(3125 2102 5944)
3(5944 2102 5414)
3(5944 5414 9256)
3(5414 2102 3054)
3(5944 2102 3054)
3(5944 3054 6896)
3(6896 3054 5414)
3(6896 5414 9256)
3(3054 2103 3848)
3(6896 3054 5945)
3(3054 2103 5945)
3(5945 2103 3848)
3(5945 3848 7690)
3(7690 3848 6896)
3(3848 3054 6896)
3(3054 3848 5414)
4(7690 3848 5414 9256)
3(3848 2104 3735)
3(7690 3848 5946)
3(3848 2104 5946)
3(7577 3735 3848)
3(7577 3848 7690)
3(3848 3735 5414)
3(5414 3180 2367)
4(9256 5414 3180 7022)
3(6209 2367 5414)
3(6209 5414 9256)
3(5414 2367 3125)
3(6209 2367 3125)
3(6209 3125 6967)
3(5414 3702 2370)
3(6212 2370 5414)
3(6212 5414 9256)
3(5414 2370 3180)
3(4009 1699 3477)
3(7851 4009 5541)
3(4009 1699 5541)
3(5541 1699 3477)
3(5541 3477 7319)
3(7319 3477 7851)
3(3477 4009 7851)
3(4009 3477 5415)
4(7319 3477 5415 9257)
3(9257 5415 7851)
3(5415 4009 7851)
3(3477 1840 3739)
3(7319 3477 5682)
3(3477 1840 5682)
3(7581 3739 3477)
3(7581 3477 7319)
3(3477 3739 5415)
3(7581 3739 5415)
3(7581 5415 9257)
3(5415 4724 1863)
3(9257 5415 8566)
3(5415 4724 8566)
3(8566 4724 5705)
3(4724 1863 5705)
3(5705 1863 5415)
3(5705 5415 9257)
3(5415 1863 4009)
3(5705 1863 4009)
3(5705 4009 7851)
3(5415 4781 1864)
4(9257 5415 4781 8623)
3(5706 1864 5415)
3(5706 5415 9257)
3(5415 1864 4724)
3(5706 1864 4724)
3(5706 4724 8566)
3(5415 4344 2656)
3(9257 5415 8186)
3(5415 4344 8186)
3(6498 2656 5415)
3(6498 5415 9257)
3(5415 2656 4781)
3(3739 2657 4344)
4(8186 4344 3739 7581)
3(3739 4344 5415)
3(4665 2073 4729)
3(8507 4665 5915)
3(4665 2073 5915)
3(5915 2073 4729)
3(5915 4729 8571)
4(8571 4729 4665 8507)
3(4665 4729 5416)
3(8571 4729 5416)
3(8571 5416 9258)
3(9258 5416 8507)
3(5416 4665 8507)
3(4729 2075 3270)
3(8571 4729 5917)
3(4729 2075 5917)
3(7112 3270 8571)
3(3270 4729 8571)
3(4729 3270 5416)
4(7112 3270 5416 9258)
3(5416 4146 2325)
4(9258 5416 4146 7988)
3(7988 4146 6167)
3(4146 2325 6167)
3(6167 2325 5416)
3(6167 5416 9258)
3(5416 2325 4665)
3(6167 2325 4665)
3(6167 4665 8507)
3(5416 3804 2330)
3(9258 5416 7646)
3(5416 3804 7646)
3(6172 2330 5416)
3(6172 5416 9258)
3(5416 2330 3365)
3(7207 3365 5416)
3(7207 5416 9258)
3(3270 2331 3804)
3(7646 3804 3270)
3(7646 3270 7112)
3(3270 3804 5416)
3(5416 3365 2354)
3(6196 2354 5416)
3(6196 5416 9258)
3(5416 2354 4146)
3(6196 2354 4146)
3(6196 4146 7988)
3(5417 3116 1982)
3(9259 5417 6958)
3(5417 3116 6958)
3(5824 1982 5417)
3(5824 5417 9259)
3(5417 1982 3579)
3(5824 1982 3579)
3(5824 3579 7421)
3(7421 3579 5417)
3(7421 5417 9259)
3(5417 3579 1983)
3(7421 3579 5825)
3(3579 1983 5825)
3(5825 1983 5417)
3(5825 5417 9259)
3(5417 1983 3280)
3(5825 1983 3280)
3(5825 3280 7122)
3(7122 3280 5417)
3(7122 5417 9259)
3(3280 1984 4132)
3(7122 3280 5826)
3(3280 1984 5826)
4(5826 1984 4132 7974)
3(7974 4132 3280)
3(7974 3280 7122)
3(3280 4132 5417)
3(7974 4132 5417)
3(7974 5417 9259)
3(4132 2217 4376)
4(7974 4132 2217 6059)
3(8218 4376 7974)
3(4376 4132 7974)
3(4132 4376 5417)
4(8218 4376 5417 9259)
3(5417 3694 2219)
3(9259 5417 7536)
3(5417 3694 7536)
3(6061 2219 5417)
3(6061 5417 9259)
3(5417 2219 3116)
3(4376 2221 3694)
3(7536 3694 4376)
3(7536 4376 8218)
3(4376 3694 5417)
3(3488 1867 4243)
3(7330 3488 5709)
3(3488 1867 5709)
3(5709 1867 4243)
3(5709 4243 8085)
3(8085 4243 7330)
3(4243 3488 7330)
3(3488 4243 5418)
3(8085 4243 5418)
3(8085 5418 9260)
3(9260 5418 7330)
3(5418 3488 7330)
3(5418 4132 1984)
3(9260 5418 7974)
3(5418 4132 7974)
3(5826 1984 5418)
3(5826 5418 9260)
3(5418 1984 3488)
3(5826 1984 3488)
3(5826 3488 7330)
3(4243 2102 3125)
3(8085 4243 5944)
3(4243 2102 5944)
3(6967 3125 4243)
3(6967 4243 8085)
3(4243 3125 5418)
3(6967 3125 5418)
3(6967 5418 9260)
3(5418 4190 2217)
4(9260 5418 4190 8032)
3(6059 2217 5418)
3(6059 5418 9260)
3(5418 2217 4132)
3(3125 2367 3700)
3(7542 3700 6967)
3(3700 3125 6967)
3(3125 3700 5418)
3(7542 3700 5418)
3(7542 5418 9260)
3(5418 3700 2369)
3(6211 2369 5418)
3(6211 5418 9260)
3(5418 2369 4190)
3(4251 1863 4724)
3(8093 4251 5705)
3(4251 1863 5705)
3(8566 4724 4251)
3(8566 4251 8093)
3(4251 4724 5419)
3(8566 4724 5419)
3(8566 5419 9261)
3(9261 5419 8093)
3(5419 4251 8093)
3(4724 1864 3334)
3(7176 3334 8566)
3(3334 4724 8566)
3(4724 3334 5419)
3(7176 3334 5419)
3(7176 5419 9261)
3(5419 4824 2077)
4(9261 5419 4824 8666)
3(5919 2077 5419)
3(5919 5419 9261)
3(5419 2077 4770)
4(5919 2077 4770 8612)
3(8612 4770 5419)
3(8612 5419 9261)
3(5419 3334 2080)
3(5922 2080 5419)
3(5922 5419 9261)
3(5419 2080 4824)
3(5419 4770 2319)
4(8612 4770 2319 6161)
3(6161 2319 5419)
3(6161 5419 9261)
3(5419 2319 3769)
3(6161 2319 3769)
3(6161 3769 7611)
3(7611 3769 5419)
3(7611 5419 9261)
3(3769 2323 4251)
3(7611 3769 6165)
3(3769 2323 6165)
3(6165 2323 4251)
3(6165 4251 8093)
3(8093 4251 7611)
3(4251 3769 7611)
3(3769 4251 5419)
3(5420 4729 2073)
3(9262 5420 8571)
3(5420 4729 8571)
3(5915 2073 5420)
3(5915 5420 9262)
3(5420 2073 3899)
3(5915 2073 3899)
3(5915 3899 7741)
3(7741 3899 5420)
3(7741 5420 9262)
3(5420 3802 2075)
3(9262 5420 7644)
3(5420 3802 7644)
3(5917 2075 5420)
3(5917 5420 9262)
3(5420 2075 4729)
3(4770 2077 4659)
3(8501 4659 8612)
3(4659 4770 8612)
3(4770 4659 5420)
4(8501 4659 5420 9262)
3(9262 5420 8612)
3(5420 4770 8612)
3(4659 2078 3802)
3(7644 3802 4659)
3(7644 4659 8501)
3(4659 3802 5420)
3(3585 2319 4770)
3(7427 3585 6161)
3(3585 2319 6161)
3(8612 4770 3585)
3(8612 3585 7427)
3(3585 4770 5420)
3(9262 5420 7427)
3(5420 3585 7427)
3(5420 3899 2321)
3(7741 3899 6163)
3(3899 2321 6163)
3(6163 2321 5420)
3(6163 5420 9262)
3(5420 2321 3585)
3(6163 2321 3585)
3(6163 3585 7427)
3(5421 3016 2210)
3(9263 5421 6858)
3(5421 3016 6858)
3(6052 2210 5421)
3(6052 5421 9263)
3(5421 2210 3693)
3(7535 3693 5421)
3(7535 5421 9263)
3(5421 3693 2211)
3(6053 2211 5421)
3(6053 5421 9263)
3(5421 2211 4140)
3(6053 2211 4140)
3(6053 4140 7982)
4(7982 4140 5421 9263)
3(5421 4140 2212)
3(7982 4140 6054)
3(4140 2212 6054)
3(6054 2212 5421)
3(6054 5421 9263)
3(5421 2212 4072)
3(6054 2212 4072)
3(6054 4072 7914)
3(7914 4072 5421)
3(7914 5421 9263)
3(4072 2215 4345)
3(7914 4072 6057)
3(4072 2215 6057)
3(6057 2215 4345)
3(6057 4345 8187)
3(8187 4345 4072)
3(8187 4072 7914)
3(4072 4345 5421)
3(8187 4345 5421)
3(8187 5421 9263)
3(4375 2455 3016)
3(6858 3016 4375)
3(6858 4375 8217)
3(4375 3016 5421)
3(9263 5421 8217)
3(5421 4375 8217)
3(4345 2456 4375)
3(8187 4345 6298)
3(4345 2456 6298)
3(8217 4375 8187)
3(4375 4345 8187)
3(4345 4375 5421)
3(5422 3649 2090)
3(9264 5422 7491)
3(5422 3649 7491)
3(5932 2090 5422)
3(5932 5422 9264)
3(5422 2090 4028)
3(7870 4028 5422)
3(7870 5422 9264)
3(3698 2091 3649)
3(7491 3649 7540)
3(3649 3698 7540)
3(3698 3649 5422)
3(9264 5422 7540)
3(5422 3698 7540)
3(5422 4028 2361)
3(6203 2361 5422)
3(6203 5422 9264)
3(5422 2361 3999)
3(6203 2361 3999)
3(6203 3999 7841)
3(7841 3999 5422)
3(7841 5422 9264)
3(3783 2362 3698)
3(7625 3783 6204)
3(3783 2362 6204)
3(7540 3698 3783)
3(7540 3783 7625)
3(3783 3698 5422)
4(9264 5422 3783 7625)
3(3703 2588 3783)
3(7545 3703 6430)
3(3703 2588 6430)
3(6430 2588 3783)
3(6430 3783 7625)
3(7625 3783 7545)
3(3783 3703 7545)
3(3703 3783 5422)
3(9264 5422 7545)
3(5422 3703 7545)
3(5422 3999 2589)
3(7841 3999 6431)
3(3999 2589 6431)
3(6431 2589 5422)
3(6431 5422 9264)
3(5422 2589 3703)
3(6431 2589 3703)
3(6431 3703 7545)
3(5423 4620 1652)
3(9265 5423 8462)
3(5423 4620 8462)
3(5494 1652 5423)
3(5494 5423 9265)
3(5423 1652 4033)
3(7875 4033 5423)
3(7875 5423 9265)
3(5423 4033 1694)
3(5536 1694 5423)
3(5536 5423 9265)
3(5423 1694 4658)
3(5536 1694 4658)
3(5536 4658 8500)
3(8500 4658 5423)
3(8500 5423 9265)
3(5423 4658 1695)
3(8500 4658 5537)
3(4658 1695 5537)
3(5537 1695 5423)
3(5537 5423 9265)
3(5423 1695 3711)
3(5537 1695 3711)
3(5537 3711 7553)
3(7553 3711 5423)
3(7553 5423 9265)
3(3333 1784 4620)
3(8462 4620 7175)
3(4620 3333 7175)
3(3333 4620 5423)
3(9265 5423 7175)
3(5423 3333 7175)
3(4430 1949 3333)
3(8272 4430 5791)
3(4430 1949 5791)
3(7175 3333 4430)
3(7175 4430 8272)
3(4430 3333 5423)
4(9265 5423 4430 8272)
3(3711 1950 4430)
3(7553 3711 5792)
3(3711 1950 5792)
3(5792 1950 4430)
3(5792 4430 8272)
3(8272 4430 7553)
3(4430 3711 7553)
3(3711 4430 5423)
3(5424 4436 2317)
4(9266 5424 4436 8278)
3(8278 4436 6159)
3(4436 2317 6159)
3(6159 2317 5424)
3(6159 5424 9266)
3(5424 2317 4352)
3(6159 2317 4352)
3(6159 4352 8194)
3(8194 4352 5424)
3(8194 5424 9266)
3(4687 2731 3767)
3(7609 3767 4687)
3(7609 4687 8529)
3(4687 3767 5424)
3(7609 3767 5424)
3(7609 5424 9266)
3(9266 5424 8529)
3(5424 4687 8529)
3(5424 3800 2736)
3(9266 5424 7642)
3(5424 3800 7642)
3(6578 2736 5424)
3(6578 5424 9266)
3(5424 2736 4436)
3(6578 2736 4436)
3(6578 4436 8278)
3(5424 3767 2738)
3(6580 2738 5424)
3(6580 5424 9266)
3(5424 2738 3800)
3(4664 2761 4687)
3(8506 4664 6603)
3(4664 2761 6603)
3(8529 4687 8506)
3(4687 4664 8506)
3(4664 4687 5424)
3(9266 5424 8506)
3(5424 4664 8506)
3(4352 2762 4664)
3(8194 4352 6604)
3(4352 2762 6604)
3(6604 2762 4664)
3(6604 4664 8506)
3(8506 4664 4352)
3(8506 4352 8194)
3(4352 4664 5424)
3(5425 3094 1789)
3(9267 5425 6936)
3(5425 3094 6936)
3(5631 1789 5425)
3(5631 5425 9267)
3(5425 1789 3127)
4(5631 1789 3127 6969)
3(6969 3127 5425)
3(6969 5425 9267)
3(5425 3127 1821)
4(6969 3127 1821 5663)
3(5663 1821 5425)
3(5663 5425 9267)
3(5425 1821 4551)
3(5663 1821 4551)
3(5663 4551 8393)
4(8393 4551 5425 9267)
3(5425 4551 1822)
3(8393 4551 5664)
3(4551 1822 5664)
3(5664 1822 5425)
3(5664 5425 9267)
3(5425 1822 3809)
4(5664 1822 3809 7651)
3(7651 3809 5425)
3(7651 5425 9267)
3(3809 1956 3366)
4(7651 3809 1956 5798)
3(5798 1956 3366)
3(5798 3366 7208)
3(7208 3366 7651)
3(3366 3809 7651)
3(3809 3366 5425)
3(7208 3366 5425)
3(7208 5425 9267)
3(3366 1958 3015)
3(7208 3366 5800)
3(3366 1958 5800)
3(6857 3015 7208)
3(3015 3366 7208)
3(3366 3015 5425)
4(6857 3015 5425 9267)
3(5425 3015 1962)
3(5804 1962 5425)
3(5804 5425 9267)
3(5425 1962 3094)
3(3228 2070 3777)
3(7070 3228 5912)
3(3228 2070 5912)
4(5912 2070 3777 7619)
3(7619 3777 3228)
3(7619 3228 7070)
3(3228 3777 5426)
3(7619 3777 5426)
3(7619 5426 9268)
4(9268 5426 3228 7070)
3(5426 4614 2364)
4(9268 5426 4614 8456)
3(6206 2364 5426)
3(6206 5426 9268)
3(5426 2364 4024)
3(6206 2364 4024)
3(6206 4024 7866)
3(7866 4024 5426)
3(7866 5426 9268)
3(4698 2492 4614)
3(8456 4614 8540)
3(4614 4698 8540)
3(4698 4614 5426)
3(9268 5426 8540)
3(5426 4698 8540)
3(3777 2493 4698)
4(7619 3777 2493 6335)
3(8540 4698 7619)
3(4698 3777 7619)
3(3777 4698 5426)
3(4454 2786 3228)
4(8296 4454 2786 6628)
3(6628 2786 3228)
3(6628 3228 7070)
3(7070 3228 8296)
3(3228 4454 8296)
3(4454 3228 5426)
3(9268 5426 8296)
3(5426 4454 8296)
3(5426 4024 2787)
3(7866 4024 6629)
3(4024 2787 6629)
3(6629 2787 5426)
3(6629 5426 9268)
3(5426 2787 4454)
4(6629 2787 4454 8296)
3(3127 1789 3330)
3(7172 3330 6969)
3(3330 3127 6969)
3(3127 3330 5427)
3(7172 3330 5427)
3(7172 5427 9269)
3(9269 5427 6969)
3(5427 3127 6969)
3(3942 1821 3127)
3(7784 3942 5663)
3(3942 1821 5663)
3(6969 3127 3942)
3(6969 3942 7784)
3(3942 3127 5427)
4(9269 5427 3942 7784)
3(4117 1823 3942)
4(7959 4117 1823 5665)
3(5665 1823 3942)
3(5665 3942 7784)
3(7784 3942 7959)
3(3942 4117 7959)
3(4117 3942 5427)
3(9269 5427 7959)
3(5427 4117 7959)
3(3330 1944 4619)
3(8461 4619 7172)
3(4619 3330 7172)
3(3330 4619 5427)
4(8461 4619 5427 9269)
3(5427 3669 1946)
3(9269 5427 7511)
3(5427 3669 7511)
3(7511 3669 5788)
3(3669 1946 5788)
3(5788 1946 5427)
3(5788 5427 9269)
3(5427 1946 4117)
4(5788 1946 4117 7959)
3(5427 4619 1947)
3(5789 1947 5427)
3(5789 5427 9269)
3(5427 1947 3669)
3(5789 1947 3669)
3(5789 3669 7511)
3(5428 4596 2069)
4(9270 5428 4596 8438)
3(8438 4596 5911)
3(4596 2069 5911)
3(5911 2069 5428)
3(5911 5428 9270)
3(5428 2069 4123)
4(5911 2069 4123 7965)
3(7965 4123 5428)
3(7965 5428 9270)
3(5428 3777 2070)
3(9270 5428 7619)
3(5428 3777 7619)
3(5912 2070 5428)
3(5912 5428 9270)
3(5428 2070 4596)
3(5912 2070 4596)
3(5912 4596 8438)
3(4123 2316 3675)
4(7965 4123 2316 6158)
3(6158 2316 3675)
3(6158 3675 7517)
3(7517 3675 7965)
3(3675 4123 7965)
3(4123 3675 5428)
3(7517 3675 5428)
3(7517 5428 9270)
3(5428 2994 2493)
3(9270 5428 6836)
3(5428 2994 6836)
3(6335 2493 5428)
3(6335 5428 9270)
3(5428 2493 3777)
3(5428 4716 2511)
4(9270 5428 4716 8558)
3(6353 2511 5428)
3(6353 5428 9270)
3(5428 2511 2994)
3(3675 2512 4716)
3(7517 3675 6354)
3(3675 2512 6354)
3(8558 4716 7517)
3(4716 3675 7517)
3(3675 4716 5428)
3(5429 3366 1956)
3(9271 5429 7208)
3(5429 3366 7208)
4(5798 1956 5429 9271)
3(5429 1956 3063)
3(5798 1956 3063)
3(5798 3063 6905)
3(6905 3063 5429)
3(6905 5429 9271)
3(5429 3504 1958)
3(9271 5429 7346)
3(5429 3504 7346)
3(5800 1958 5429)
3(5800 5429 9271)
3(5429 1958 3366)
3(3384 1959 3504)
3(7346 3504 3384)
3(7346 3384 7226)
3(3384 3504 5429)
3(9271 5429 7226)
3(5429 3384 7226)
3(3063 1970 4492)
3(6905 3063 5812)
3(3063 1970 5812)
3(5812 1970 4492)
3(5812 4492 8334)
3(8334 4492 3063)
3(8334 3063 6905)
3(3063 4492 5429)
3(8334 4492 5429)
3(8334 5429 9271)
3(4140 2211 3384)
4(7226 3384 4140 7982)
3(4140 3384 5429)
3(9271 5429 7982)
3(5429 4140 7982)
3(4492 2212 4140)
3(8334 4492 6054)
3(4492 2212 6054)
3(7982 4140 8334)
3(4140 4492 8334)
3(4492 4140 5429)
3(5430 3386 2362)
3(9272 5430 7228)
3(5430 3386 7228)
4(6204 2362 5430 9272)
3(5430 2362 3783)
3(7625 3783 5430)
3(7625 5430 9272)
3(5430 3159 2363)
3(9272 5430 7001)
3(5430 3159 7001)
3(6205 2363 5430)
3(6205 5430 9272)
3(5430 2363 3386)
3(4024 2364 3159)
3(7001 3159 4024)
3(7001 4024 7866)
3(4024 3159 5430)
3(9272 5430 7866)
3(5430 4024 7866)
3(5430 3783 2588)
3(6430 2588 5430)
3(6430 5430 9272)
3(5430 2588 3181)
3(6430 2588 3181)
3(6430 3181 7023)
3(7023 3181 5430)
3(7023 5430 9272)
3(5430 3181 2785)
3(7023 3181 6627)
3(3181 2785 6627)
3(6627 2785 5430)
3(6627 5430 9272)
3(5430 2785 3701)
3(6627 2785 3701)
3(6627 3701 7543)
3(7543 3701 5430)
3(7543 5430 9272)
3(3701 2787 4024)
3(7543 3701 6629)
3(3701 2787 6629)
4(7866 4024 3701 7543)
3(3701 4024 5430)
3(3710 1946 3669)
3(7552 3710 5788)
3(3710 1946 5788)
4(7511 3669 3710 7552)
3(3710 3669 5431)
3(7511 3669 5431)
3(7511 5431 9273)
3(9273 5431 7552)
3(5431 3710 7552)
3(3669 1947 3808)
3(7650 3808 3669)
3(7650 3669 7511)
3(3669 3808 5431)
3(7650 3808 5431)
3(7650 5431 9273)
3(5431 3808 1948)
3(5790 1948 5431)
3(5790 5431 9273)
3(5431 1948 3062)
3(6904 3062 5431)
3(6904 5431 9273)
3(5431 3062 1949)
4(5791 1949 5431 9273)
3(5431 1949 4430)
3(8272 4430 5431)
3(8272 5431 9273)
3(5431 4430 1950)
3(5792 1950 5431)
3(5792 5431 9273)
3(5431 1950 3188)
3(5792 1950 3188)
3(5792 3188 7030)
3(7030 3188 5431)
3(7030 5431 9273)
3(5431 3188 1951)
3(7030 3188 5793)
3(3188 1951 5793)
3(5793 1951 5431)
3(5793 5431 9273)
3(5431 1951 3710)
3(5793 1951 3710)
3(5793 3710 7552)
3(5432 3675 2316)
3(9274 5432 7517)
3(5432 3675 7517)
4(6158 2316 5432 9274)
3(5432 2316 3341)
3(6158 2316 3341)
3(6158 3341 7183)
3(7183 3341 5432)
3(7183 5432 9274)
3(4787 2317 4436)
3(8629 4787 6159)
3(4787 2317 6159)
3(8278 4436 8629)
3(4436 4787 8629)
3(4787 4436 5432)
3(8278 4436 5432)
3(8278 5432 9274)
3(9274 5432 8629)
3(5432 4787 8629)
3(3341 2318 4787)
3(7183 3341 6160)
3(3341 2318 6160)
3(6160 2318 4787)
3(6160 4787 8629)
3(8629 4787 3341)
3(8629 3341 7183)
3(3341 4787 5432)
3(5432 3244 2512)
3(9274 5432 7086)
3(5432 3244 7086)
3(6354 2512 5432)
3(6354 5432 9274)
3(5432 2512 3675)
3(3501 2733 3244)
3(7086 3244 3501)
3(7086 3501 7343)
3(3501 3244 5432)
3(9274 5432 7343)
3(5432 3501 7343)
3(4436 2736 3501)
4(7343 3501 4436 8278)
3(4436 3501 5432)
3(4005 1691 4087)
3(7847 4005 5533)
3(4005 1691 5533)
3(5533 1691 4087)
3(5533 4087 7929)
4(7929 4087 4005 7847)
3(4005 4087 5433)
3(7929 4087 5433)
3(7929 5433 9275)
3(9275 5433 7847)
3(5433 4005 7847)
3(4087 1803 3841)
3(7929 4087 5645)
3(4087 1803 5645)
3(7683 3841 7929)
3(3841 4087 7929)
3(4087 3841 5433)
4(7683 3841 5433 9275)
3(3841 1804 4500)
3(8342 4500 3841)
3(8342 3841 7683)
3(3841 4500 5433)
3(8342 4500 5433)
3(8342 5433 9275)
3(5433 4587 2216)
4(9275 5433 4587 8429)
3(8429 4587 6058)
3(4587 2216 6058)
3(6058 2216 5433)
3(6058 5433 9275)
3(5433 2216 4005)
3(6058 2216 4005)
3(6058 4005 7847)
3(5433 4500 2458)
4(6300 2458 5433 9275)
3(5433 2458 4605)
3(8447 4605 5433)
3(8447 5433 9275)
3(5433 4605 2459)
3(6301 2459 5433)
3(6301 5433 9275)
3(5433 2459 4587)
3(6301 2459 4587)
3(6301 4587 8429)
3(4245 2097 3020)
4(6862 3020 4245 8087)
3(4245 3020 5434)
3(6862 3020 5434)
3(6862 5434 9276)
3(9276 5434 8087)
3(5434 4245 8087)
3(5434 3848 2103)
4(9276 5434 3848 7690)
3(5945 2103 5434)
3(5945 5434 9276)
3(5434 2103 4171)
3(5945 2103 4171)
3(5945 4171 8013)
3(8013 4171 5434)
3(8013 5434 9276)
3(5434 3020 2104)
3(5946 2104 5434)
3(5946 5434 9276)
3(5434 2104 3848)
3(4689 2360 4245)
3(8531 4689 6202)
3(4689 2360 6202)
3(8087 4245 4689)
3(8087 4689 8531)
3(4689 4245 5434)
4(9276 5434 4689 8531)
3(5434 4171 2849)
3(8013 4171 6691)
3(4171 2849 6691)
4(6691 2849 5434 9276)
3(5434 2849 3438)
3(6691 2849 3438)
3(6691 3438 7280)
3(7280 3438 5434)
3(7280 5434 9276)
3(3438 2850 4689)
3(7280 3438 6692)
3(3438 2850 6692)
3(6692 2850 4689)
3(6692 4689 8531)
3(8531 4689 7280)
3(4689 3438 7280)
3(3438 4689 5434)
3(4116 1696 3363)
3(7958 4116 5538)
3(4116 1696 5538)
3(5538 1696 3363)
3(5538 3363 7205)
3(7205 3363 7958)
3(3363 4116 7958)
3(4116 3363 5435)
4(7205 3363 5435 9277)
3(9277 5435 7958)
3(5435 4116 7958)
3(3363 1697 4253)
3(7205 3363 5539)
3(3363 1697 5539)
3(8095 4253 3363)
3(8095 3363 7205)
3(3363 4253 5435)
3(8095 4253 5435)
3(8095 5435 9277)
3(5435 4176 1698)
3(9277 5435 8018)
3(5435 4176 8018)
3(8018 4176 5540)
3(4176 1698 5540)
4(5540 1698 5435 9277)
3(5435 1698 4116)
3(5540 1698 4116)
3(5540 4116 7958)
3(5435 3477 1699)
4(9277 5435 3477 7319)
3(5541 1699 5435)
3(5541 5435 9277)
3(5435 1699 4176)
3(5541 1699 4176)
3(5541 4176 8018)
3(4253 1839 3651)
4(7493 3651 4253 8095)
3(4253 3651 5435)
3(7493 3651 5435)
3(7493 5435 9277)
3(5435 3651 1840)
3(5682 1840 5435)
3(5682 5435 9277)
3(5435 1840 3477)
3(3821 2325 4146)
3(7663 3821 6167)
3(3821 2325 6167)
3(7988 4146 7663)
3(4146 3821 7663)
3(3821 4146 5436)
4(7988 4146 5436 9278)
3(9278 5436 7663)
3(5436 3821 7663)
3(5436 3278 2351)
3(9278 5436 7120)
3(5436 3278 7120)
4(6193 2351 5436 9278)
3(5436 2351 2959)
3(6801 2959 5436)
3(6801 5436 9278)
3(4146 2354 3278)
3(7120 3278 4146)
3(7120 4146 7988)
3(4146 3278 5436)
3(3750 2564 3821)
3(7592 3750 6406)
3(3750 2564 6406)
3(6406 2564 3821)
3(6406 3821 7663)
4(7663 3821 3750 7592)
3(3750 3821 5436)
3(9278 5436 7592)
3(5436 3750 7592)
3(5436 4328 2759)
4(9278 5436 4328 8170)
3(8170 4328 6601)
3(4328 2759 6601)
3(6601 2759 5436)
3(6601 5436 9278)
3(5436 2759 3750)
3(6601 2759 3750)
3(6601 3750 7592)
3(5436 2959 2760)
3(6602 2760 5436)
3(6602 5436 9278)
3(5436 2760 4328)
3(6602 2760 4328)
3(6602 4328 8170)
3(5437 4087 1691)
3(9279 5437 7929)
3(5437 4087 7929)
3(5533 1691 5437)
3(5533 5437 9279)
3(5437 1691 3225)
4(5533 1691 3225 7067)
3(7067 3225 5437)
3(7067 5437 9279)
3(5437 4347 1803)
3(9279 5437 8189)
3(5437 4347 8189)
3(5645 1803 5437)
3(5645 5437 9279)
3(5437 1803 4087)
3(3579 1982 4347)
4(8189 4347 3579 7421)
3(3579 4347 5437)
3(9279 5437 7421)
3(5437 3579 7421)
3(3033 1983 3579)
3(6875 3033 5825)
3(3033 1983 5825)
3(7421 3579 6875)
3(3579 3033 6875)
3(3033 3579 5437)
3(9279 5437 6875)
3(5437 3033 6875)
3(3760 2105 3033)
3(7602 3760 5947)
3(3760 2105 5947)
3(5947 2105 3033)
3(5947 3033 6875)
3(6875 3033 3760)
3(6875 3760 7602)
3(3760 3033 5437)
3(9279 5437 7602)
3(5437 3760 7602)
3(5437 3225 2108)
4(7067 3225 2108 5950)
3(5950 2108 5437)
3(5950 5437 9279)
3(5437 2108 3760)
3(5950 2108 3760)
3(5950 3760 7602)
3(5438 4243 1867)
3(9280 5438 8085)
3(5438 4243 8085)
3(5709 1867 5438)
3(5709 5438 9280)
3(5438 1867 3679)
3(5709 1867 3679)
3(5709 3679 7521)
3(7521 3679 5438)
3(7521 5438 9280)
3(5438 3679 1868)
3(7521 3679 5710)
3(3679 1868 5710)
3(5710 1868 5438)
3(5710 5438 9280)
3(5438 1868 4207)
3(5710 1868 4207)
3(5710 4207 8049)
3(8049 4207 5438)
3(8049 5438 9280)
3(5438 3054 2102)
3(9280 5438 6896)
3(5438 3054 6896)
3(5944 2102 5438)
3(5944 5438 9280)
3(5438 2102 4243)
3(4171 2103 3054)
3(6896 3054 8013)
3(3054 4171 8013)
3(4171 3054 5438)
3(9280 5438 8013)
3(5438 4171 8013)
3(4207 2848 3699)
3(8049 4207 6690)
3(4207 2848 6690)
4(6690 2848 3699 7541)
4(7541 3699 4207 8049)
3(4207 3699 5438)
3(7541 3699 5438)
3(7541 5438 9280)
3(3699 2849 4171)
4(7541 3699 2849 6691)
3(8013 4171 7541)
3(4171 3699 7541)
3(3699 4171 5438)
3(3332 1698 4176)
4(7174 3332 1698 5540)
3(8018 4176 7174)
3(4176 3332 7174)
3(3332 4176 5439)
3(8018 4176 5439)
3(8018 5439 9281)
3(9281 5439 7174)
3(5439 3332 7174)
3(4176 1699 4009)
3(7851 4009 8018)
3(4009 4176 8018)
3(4176 4009 5439)
3(7851 4009 5439)
3(7851 5439 9281)
3(5439 4009 1863)
3(5705 1863 5439)
3(5705 5439 9281)
3(5439 1863 4251)
3(8093 4251 5439)
3(8093 5439 9281)
3(3854 2072 3332)
3(7696 3854 5914)
3(3854 2072 5914)
4(5914 2072 3332 7174)
4(7174 3332 3854 7696)
3(3854 3332 5439)
3(9281 5439 7696)
3(5439 3854 7696)
3(5439 4251 2323)
3(6165 2323 5439)
3(6165 5439 9281)
3(5439 2323 2949)
3(6165 2323 2949)
3(6165 2949 6791)
3(6791 2949 5439)
3(6791 5439 9281)
3(5439 2949 2324)
3(6791 2949 6166)
3(2949 2324 6166)
3(6166 2324 5439)
3(6166 5439 9281)
3(5439 2324 3854)
3(6166 2324 3854)
3(6166 3854 7696)
3(3899 2073 4665)
4(8507 4665 3899 7741)
3(3899 4665 5440)
3(8507 4665 5440)
3(8507 5440 9282)
3(9282 5440 7741)
3(5440 3899 7741)
3(3138 2321 3899)
3(6980 3138 6163)
3(3138 2321 6163)
3(7741 3899 6980)
3(3899 3138 6980)
3(3138 3899 5440)
3(9282 5440 6980)
3(5440 3138 6980)
3(4496 2322 3138)
3(8338 4496 6164)
3(4496 2322 6164)
3(6164 2322 3138)
3(6164 3138 6980)
3(6980 3138 4496)
3(6980 4496 8338)
3(4496 3138 5440)
3(9282 5440 8338)
3(5440 4496 8338)
3(5440 4665 2325)
3(6167 2325 5440)
3(6167 5440 9282)
3(5440 2325 3821)
3(7663 3821 5440)
3(7663 5440 9282)
3(5440 3339 2563)
3(9282 5440 7181)
3(5440 3339 7181)
4(7181 3339 2563 6405)
3(6405 2563 5440)
3(6405 5440 9282)
3(5440 2563 4496)
3(6405 2563 4496)
3(6405 4496 8338)
3(5440 3821 2564)
3(6406 2564 5440)
3(6406 5440 9282)
3(5440 2564 3339)
4(6406 2564 3339 7181)
3(4407 2213 4441)
3(8249 4407 6055)
3(4407 2213 6055)
3(6055 2213 4441)
3(6055 4441 8283)
4(8283 4441 4407 8249)
3(4407 4441 5441)
3(8283 4441 5441)
3(8283 5441 9283)
3(9283 5441 8249)
3(5441 4407 8249)
3(5441 4734 2214)
4(9283 5441 4734 8576)
3(8576 4734 6056)
3(4734 2214 6056)
3(6056 2214 5441)
3(6056 5441 9283)
3(5441 2214 4407)
3(6056 2214 4407)
3(6056 4407 8249)
3(5441 4345 2215)
3(9283 5441 8187)
3(5441 4345 8187)
3(6057 2215 5441)
3(6057 5441 9283)
3(5441 2215 4734)
3(6057 2215 4734)
3(6057 4734 8576)
3(4441 2216 4587)
3(8283 4441 6058)
3(4441 2216 6058)
3(8429 4587 8283)
3(4587 4441 8283)
3(4441 4587 5441)
4(8429 4587 5441 9283)
3(5441 3657 2456)
3(9283 5441 7499)
3(5441 3657 7499)
3(6298 2456 5441)
3(6298 5441 9283)
3(5441 2456 4345)
3(4587 2459 3657)
3(7499 3657 4587)
3(7499 4587 8429)
3(4587 3657 5441)
3(5442 3286 2360)
3(9284 5442 7128)
3(5442 3286 7128)
3(6202 2360 5442)
3(6202 5442 9284)
3(5442 2360 4689)
4(8531 4689 5442 9284)
3(3999 2361 3286)
4(7128 3286 3999 7841)
3(3999 3286 5442)
3(9284 5442 7841)
3(5442 3999 7841)
3(3220 2589 3999)
3(7062 3220 6431)
3(3220 2589 6431)
3(7841 3999 3220)
3(7841 3220 7062)
3(3220 3999 5442)
4(9284 5442 3220 7062)
3(4842 2781 3220)
3(8684 4842 6623)
3(4842 2781 6623)
3(6623 2781 3220)
3(6623 3220 7062)
3(7062 3220 8684)
3(3220 4842 8684)
3(4842 3220 5442)
3(9284 5442 8684)
3(5442 4842 8684)
3(5442 2960 2845)
3(9284 5442 6802)
3(5442 2960 6802)
3(6802 2960 6687)
3(2960 2845 6687)
3(6687 2845 5442)
3(6687 5442 9284)
3(5442 2845 4842)
3(6687 2845 4842)
3(6687 4842 8684)
3(5442 4689 2850)
3(6692 2850 5442)
3(6692 5442 9284)
3(5442 2850 2960)
3(6692 2850 2960)
3(6692 2960 6802)
3(4658 1694 3955)
4(7797 3955 4658 8500)
3(4658 3955 5443)
3(7797 3955 5443)
3(7797 5443 9285)
3(9285 5443 8500)
3(5443 4658 8500)
3(3890 1695 4658)
3(7732 3890 5537)
3(3890 1695 5537)
3(8500 4658 3890)
3(8500 3890 7732)
3(3890 4658 5443)
4(9285 5443 3890 7732)
3(5443 3363 1696)
4(9285 5443 3363 7205)
3(5538 1696 5443)
3(5538 5443 9285)
3(5443 1696 3574)
3(5538 1696 3574)
3(5538 3574 7416)
3(7416 3574 5443)
3(7416 5443 9285)
3(5443 3955 1697)
3(5539 1697 5443)
3(5539 5443 9285)
3(5443 1697 3363)
3(5443 3574 1815)
3(7416 3574 5657)
3(3574 1815 5657)
3(5657 1815 5443)
3(5657 5443 9285)
3(5443 1815 4846)
3(5657 1815 4846)
3(5657 4846 8688)
3(8688 4846 5443)
3(8688 5443 9285)
3(4846 1816 3890)
3(8688 4846 5658)
3(4846 1816 5658)
3(5658 1816 3890)
3(5658 3890 7732)
3(7732 3890 8688)
3(3890 4846 8688)
3(4846 3890 5443)
3(4545 2759 4328)
3(8387 4545 6601)
3(4545 2759 6601)
3(8170 4328 8387)
3(4328 4545 8387)
3(4545 4328 5444)
4(8170 4328 5444 9286)
3(9286 5444 8387)
3(5444 4545 8387)
3(4328 2760 3966)
3(7808 3966 4328)
3(7808 4328 8170)
3(4328 3966 5444)
3(7808 3966 5444)
3(7808 5444 9286)
3(5444 3966 2761)
3(6603 2761 5444)
3(6603 5444 9286)
3(5444 2761 4664)
3(8506 4664 5444)
3(8506 5444 9286)
3(5444 4664 2762)
3(6604 2762 5444)
3(6604 5444 9286)
3(5444 2762 3522)
3(6604 2762 3522)
3(6604 3522 7364)
4(7364 3522 5444 9286)
3(5444 3522 2765)
3(7364 3522 6607)
3(3522 2765 6607)
3(6607 2765 5444)
3(6607 5444 9286)
3(5444 2765 4505)
3(6607 2765 4505)
3(6607 4505 8347)
3(8347 4505 5444)
3(8347 5444 9286)
3(4505 2766 4545)
3(8347 4505 6608)
3(4505 2766 6608)
3(6608 2766 4545)
3(6608 4545 8387)
4(8387 4545 4505 8347)
3(4505 4545 5444)
3(3679 1867 3488)
3(7330 3488 7521)
3(3488 3679 7521)
3(3679 3488 5445)
3(7330 3488 5445)
3(7330 5445 9287)
3(9287 5445 7521)
3(5445 3679 7521)
3(3058 1868 3679)
3(6900 3058 5710)
3(3058 1868 5710)
3(7521 3679 3058)
3(7521 3058 6900)
3(3058 3679 5445)
3(9287 5445 6900)
3(5445 3058 6900)
3(5445 3280 1983)
3(9287 5445 7122)
3(5445 3280 7122)
3(5825 1983 5445)
3(5825 5445 9287)
3(5445 1983 3033)
3(6875 3033 5445)
3(6875 5445 9287)
3(3488 1984 3280)
4(7122 3280 3488 7330)
3(3488 3280 5445)
3(5445 3033 2105)
3(5947 2105 5445)
3(5947 5445 9287)
3(5445 2105 3223)
3(5947 2105 3223)
3(5947 3223 7065)
3(7065 3223 5445)
3(7065 5445 9287)
3(5445 3223 2106)
3(7065 3223 5948)
3(3223 2106 5948)
4(5948 2106 5445 9287)
3(5445 2106 3058)
3(5948 2106 3058)
3(5948 3058 6900)
3(5446 4551 1821)
4(9288 5446 4551 8393)
4(5663 1821 5446 9288)
3(5446 1821 3942)
4(7784 3942 5446 9288)
3(3173 1822 4551)
3(7015 3173 5664)
3(3173 1822 5664)
4(8393 4551 3173 7015)
3(3173 4551 5446)
4(9288 5446 3173 7015)
3(5446 3942 1823)
4(5665 1823 5446 9288)
3(5446 1823 3421)
3(5665 1823 3421)
3(5665 3421 7263)
4(7263 3421 5446 9288)
3(3379 1824 3173)
3(7221 3379 5666)
3(3379 1824 5666)
3(5666 1824 3173)
3(5666 3173 7015)
4(7015 3173 3379 7221)
3(3379 3173 5446)
4(9288 5446 3379 7221)
3(5446 3421 1825)
3(7263 3421 5667)
3(3421 1825 5667)
4(5667 1825 5446 9288)
3(5446 1825 3379)
3(5667 1825 3379)
3(5667 3379 7221)
3(4056 1862 4099)
3(7898 4056 5704)
3(4056 1862 5704)
3(5704 1862 4099)
3(5704 4099 7941)
4(7941 4099 4056 7898)
3(4056 4099 5447)
4(7941 4099 5447 9289)
4(9289 5447 4056 7898)
3(4099 2069 4596)
3(7941 4099 5911)
3(4099 2069 5911)
4(8438 4596 4099 7941)
3(4099 4596 5447)
4(8438 4596 5447 9289)
3(4596 2070 3228)
4(7070 3228 4596 8438)
3(4596 3228 5447)
4(7070 3228 5447 9289)
3(5447 3228 2786)
4(6628 2786 5447 9289)
3(5447 2786 3831)
3(6628 2786 3831)
3(6628 3831 7673)
4(7673 3831 5447 9289)
3(5447 3831 2789)
3(7673 3831 6631)
3(3831 2789 6631)
4(6631 2789 5447 9289)
3(5447 2789 4056)
3(6631 2789 4056)
3(6631 4056 7898)
3(5448 3769 2319)
3(9290 5448 7611)
3(5448 3769 7611)
4(6161 2319 5448 9290)
3(5448 2319 3585)
3(7427 3585 5448)
3(7427 5448 9290)
3(2993 2320 4485)
3(6835 2993 6162)
3(2993 2320 6162)
3(6162 2320 4485)
3(6162 4485 8327)
4(8327 4485 2993 6835)
3(2993 4485 5448)
3(8327 4485 5448)
3(8327 5448 9290)
3(9290 5448 6835)
3(5448 2993 6835)
3(5448 3585 2321)
3(6163 2321 5448)
3(6163 5448 9290)
3(5448 2321 3138)
3(6980 3138 5448)
3(6980 5448 9290)
3(5448 3138 2322)
3(6164 2322 5448)
3(6164 5448 9290)
3(5448 2322 2993)
3(6164 2322 2993)
3(6164 2993 6835)
3(2949 2323 3769)
3(7611 3769 6791)
3(3769 2949 6791)
3(2949 3769 5448)
3(9290 5448 6791)
3(5448 2949 6791)
3(4485 2324 2949)
3(8327 4485 6166)
3(4485 2324 6166)
3(6791 2949 4485)
3(6791 4485 8327)
3(4485 2949 5448)
3(5449 4733 1969)
4(9291 5449 4733 8575)
3(8575 4733 5811)
3(4733 1969 5811)
3(5811 1969 5449)
3(5811 5449 9291)
3(5449 1969 4404)
3(5811 1969 4404)
3(5811 4404 8246)
3(8246 4404 5449)
3(8246 5449 9291)
3(5449 4492 1970)
3(9291 5449 8334)
3(5449 4492 8334)
3(5812 1970 5449)
3(5812 5449 9291)
3(5449 1970 4733)
3(5812 1970 4733)
3(5812 4733 8575)
3(4404 1971 3231)
3(8246 4404 5813)
3(4404 1971 5813)
3(5813 1971 3231)
3(5813 3231 7073)
3(7073 3231 8246)
3(3231 4404 8246)
3(4404 3231 5449)
3(7073 3231 5449)
3(7073 5449 9291)
3(5449 4072 2212)
3(9291 5449 7914)
3(5449 4072 7914)
3(6054 2212 5449)
3(6054 5449 9291)
3(5449 2212 4492)
3(3231 2214 4734)
3(7073 3231 6056)
3(3231 2214 6056)
3(8576 4734 7073)
3(4734 3231 7073)
3(3231 4734 5449)
4(8576 4734 5449 9291)
3(4734 2215 4072)
3(7914 4072 4734)
3(7914 4734 8576)
3(4734 4072 5449)
3(3181 2588 3703)
3(7545 3703 7023)
3(3703 3181 7023)
3(3181 3703 5450)
3(7545 3703 5450)
3(7545 5450 9292)
3(9292 5450 7023)
3(5450 3181 7023)
3(5450 3703 2589)
3(6431 2589 5450)
3(6431 5450 9292)
3(5450 2589 3220)
4(7062 3220 5450 9292)
3(5450 3220 2781)
3(6623 2781 5450)
3(6623 5450 9292)
3(5450 2781 4343)
3(6623 2781 4343)
3(6623 4343 8185)
3(8185 4343 5450)
3(8185 5450 9292)
3(5450 4343 2782)
3(8185 4343 6624)
3(4343 2782 6624)
3(6624 2782 5450)
3(6624 5450 9292)
3(5450 2782 4839)
3(6624 2782 4839)
3(6624 4839 8681)
3(8681 4839 5450)
3(8681 5450 9292)
3(3882 2785 3181)
3(7724 3882 6627)
3(3882 2785 6627)
3(7023 3181 3882)
3(7023 3882 7724)
3(3882 3181 5450)
4(9292 5450 3882 7724)
3(4839 2788 3882)
3(8681 4839 6630)
3(4839 2788 6630)
3(6630 2788 3882)
3(6630 3882 7724)
3(7724 3882 8681)
3(3882 4839 8681)
3(4839 3882 5450)
3(5451 3711 1695)
3(9293 5451 7553)
3(5451 3711 7553)
3(5537 1695 5451)
3(5537 5451 9293)
3(5451 1695 3890)
4(7732 3890 5451 9293)
3(4498 1700 4819)
3(8340 4498 5542)
3(4498 1700 5542)
3(5542 1700 4819)
3(5542 4819 8661)
3(8661 4819 8340)
3(4819 4498 8340)
3(4498 4819 5451)
4(8661 4819 5451 9293)
3(9293 5451 8340)
3(5451 4498 8340)
3(5451 3890 1816)
3(5658 1816 5451)
3(5658 5451 9293)
3(5451 1816 3342)
3(5658 1816 3342)
3(5658 3342 7184)
3(7184 3342 5451)
3(7184 5451 9293)
3(5451 3342 1817)
3(7184 3342 5659)
3(3342 1817 5659)
3(5659 1817 5451)
3(5659 5451 9293)
3(5451 1817 4498)
3(5659 1817 4498)
3(5659 4498 8340)
3(3188 1950 3711)
3(7553 3711 7030)
3(3711 3188 7030)
3(3188 3711 5451)
3(9293 5451 7030)
3(5451 3188 7030)
3(4819 1951 3188)
3(8661 4819 5793)
3(4819 1951 5793)
3(7030 3188 4819)
3(7030 4819 8661)
3(4819 3188 5451)
3(5452 4352 2317)
3(9294 5452 8194)
3(5452 4352 8194)
3(6159 2317 5452)
3(6159 5452 9294)
3(5452 2317 4787)
3(8629 4787 5452)
3(8629 5452 9294)
3(5452 4787 2318)
3(6160 2318 5452)
3(6160 5452 9294)
3(5452 2318 3520)
3(6160 2318 3520)
3(6160 3520 7362)
4(7362 3520 5452 9294)
3(5452 3520 2565)
3(7362 3520 6407)
3(3520 2565 6407)
3(6407 2565 5452)
3(6407 5452 9294)
3(5452 2565 4504)
3(6407 2565 4504)
3(6407 4504 8346)
3(8346 4504 5452)
3(8346 5452 9294)
3(3522 2762 4352)
3(8194 4352 3522)
3(8194 3522 7364)
3(3522 4352 5452)
4(9294 5452 3522 7364)
3(4504 2764 4006)
3(8346 4504 6606)
3(4504 2764 6606)
3(6606 2764 4006)
3(6606 4006 7848)
3(7848 4006 8346)
3(4006 4504 8346)
3(4504 4006 5452)
3(7848 4006 5452)
3(7848 5452 9294)
3(4006 2765 3522)
3(7848 4006 6607)
3(4006 2765 6607)
3(7364 3522 7848)
3(3522 4006 7848)
3(4006 3522 5452)
3(5453 4193 1690)
3(9295 5453 8035)
3(5453 4193 8035)
4(8035 4193 1690 5532)
3(5532 1690 5453)
3(5532 5453 9295)
3(5453 1690 3630)
3(5532 1690 3630)
3(5532 3630 7472)
3(7472 3630 5453)
3(7472 5453 9295)
3(5453 3809 1822)
3(9295 5453 7651)
3(5453 3809 7651)
3(5664 1822 5453)
3(5664 5453 9295)
3(5453 1822 3173)
4(7015 3173 5453 9295)
3(5453 3173 1824)
3(5666 1824 5453)
3(5666 5453 9295)
3(5453 1824 4193)
4(5666 1824 4193 8035)
3(3063 1956 3809)
3(7651 3809 3063)
3(7651 3063 6905)
3(3063 3809 5453)
3(9295 5453 6905)
3(5453 3063 6905)
3(3630 1969 4733)
3(7472 3630 5811)
3(3630 1969 5811)
3(8575 4733 7472)
3(4733 3630 7472)
3(3630 4733 5453)
4(8575 4733 5453 9295)
3(4733 1970 3063)
3(6905 3063 4733)
3(6905 4733 8575)
3(4733 3063 5453)
3(5454 3701 2785)
3(9296 5454 7543)
3(5454 3701 7543)
3(6627 2785 5454)
3(6627 5454 9296)
3(5454 2785 3882)
4(7724 3882 5454 9296)
3(3831 2786 4454)
3(8296 4454 3831)
3(8296 3831 7673)
3(3831 4454 5454)
3(8296 4454 5454)
3(8296 5454 9296)
4(9296 5454 3831 7673)
3(5454 4454 2787)
3(6629 2787 5454)
3(6629 5454 9296)
3(5454 2787 3701)
3(5454 3882 2788)
3(6630 2788 5454)
3(6630 5454 9296)
3(5454 2788 3639)
3(6630 2788 3639)
3(6630 3639 7481)
3(7481 3639 5454)
3(7481 5454 9296)
3(4825 2789 3831)
4(8667 4825 2789 6631)
3(7673 3831 8667)
3(3831 4825 8667)
3(4825 3831 5454)
3(9296 5454 8667)
3(5454 4825 8667)
3(3639 2790 4825)
3(7481 3639 6632)
3(3639 2790 6632)
4(6632 2790 4825 8667)
3(8667 4825 3639)
3(8667 3639 7481)
3(3639 4825 5454)
3(5455 4819 1700)
4(9297 5455 4819 8661)
3(5542 1700 5455)
3(5542 5455 9297)
3(5455 1700 3752)
3(5542 1700 3752)
3(5542 3752 7594)
3(7594 3752 5455)
3(7594 5455 9297)
3(3752 1701 4044)
3(7594 3752 5543)
3(3752 1701 5543)
4(5543 1701 4044 7886)
3(7886 4044 3752)
3(7886 3752 7594)
3(3752 4044 5455)
3(7886 4044 5455)
3(7886 5455 9297)
3(3421 1823 4117)
3(7959 4117 3421)
3(7959 3421 7263)
3(3421 4117 5455)
3(7959 4117 5455)
3(7959 5455 9297)
4(9297 5455 3421 7263)
3(4044 1825 3421)
4(7886 4044 1825 5667)
3(7263 3421 7886)
3(3421 4044 7886)
3(4044 3421 5455)
3(5455 4117 1946)
3(5788 1946 5455)
3(5788 5455 9297)
3(5455 1946 3710)
3(7552 3710 5455)
3(7552 5455 9297)
3(5455 3710 1951)
3(5793 1951 5455)
3(5793 5455 9297)
3(5455 1951 4819)
3(5456 4099 1862)
4(9298 5456 4099 7941)
3(5704 1862 5456)
3(5704 5456 9298)
3(5456 1862 4694)
4(5704 1862 4694 8536)
3(8536 4694 5456)
3(8536 5456 9298)
3(5456 4123 2069)
3(9298 5456 7965)
3(5456 4123 7965)
3(5911 2069 5456)
3(5911 5456 9298)
3(5456 2069 4099)
3(3341 2316 4123)
3(7965 4123 3341)
3(7965 3341 7183)
3(3341 4123 5456)
3(9298 5456 7183)
3(5456 3341 7183)
3(3520 2318 3341)
3(7183 3341 3520)
3(7183 3520 7362)
3(3520 3341 5456)
4(9298 5456 3520 7362)
3(3761 2565 3520)
3(7603 3761 6407)
3(3761 2565 6407)
3(7362 3520 7603)
3(3520 3761 7603)
3(3761 3520 5456)
3(9298 5456 7603)
3(5456 3761 7603)
3(5456 4694 2566)
4(8536 4694 2566 6408)
3(6408 2566 5456)
3(6408 5456 9298)
3(5456 2566 3761)
3(6408 2566 3761)
3(6408 3761 7603)
3(3225 1691 4005)
3(7847 4005 7067)
3(4005 3225 7067)
3(3225 4005 5457)
3(7847 4005 5457)
3(7847 5457 9299)
3(9299 5457 7067)
3(5457 3225 7067)
3(5457 4703 1794)
3(9299 5457 8545)
3(5457 4703 8545)
3(8545 4703 5636)
3(4703 1794 5636)
3(5636 1794 5457)
3(5636 5457 9299)
3(5457 1794 4401)
3(5636 1794 4401)
3(5636 4401 8243)
3(8243 4401 5457)
3(8243 5457 9299)
3(3925 2108 3225)
3(7767 3925 5950)
3(3925 2108 5950)
4(7067 3225 3925 7767)
3(3925 3225 5457)
3(9299 5457 7767)
3(5457 3925 7767)
3(4401 2109 3925)
3(8243 4401 5951)
3(4401 2109 5951)
3(5951 2109 3925)
3(5951 3925 7767)
3(7767 3925 8243)
3(3925 4401 8243)
3(4401 3925 5457)
3(5457 4441 2213)
3(9299 5457 8283)
3(5457 4441 8283)
3(6055 2213 5457)
3(6055 5457 9299)
3(5457 2213 4703)
3(6055 2213 4703)
3(6055 4703 8545)
3(5457 4005 2216)
3(6058 2216 5457)
3(6058 5457 9299)
3(5457 2216 4441)
3(4333 2845 2960)
3(8175 4333 6687)
3(4333 2845 6687)
4(6802 2960 4333 8175)
3(4333 2960 5458)
3(6802 2960 5458)
3(6802 5458 9300)
3(9300 5458 8175)
3(5458 4333 8175)
3(5458 3559 2846)
3(9300 5458 7401)
3(5458 3559 7401)
3(7401 3559 6688)
3(3559 2846 6688)
3(6688 2846 5458)
3(6688 5458 9300)
3(5458 2846 4050)
3(6688 2846 4050)
3(6688 4050 7892)
3(7892 4050 5458)
3(7892 5458 9300)
3(4050 2847 4333)
3(7892 4050 6689)
3(4050 2847 6689)
3(6689 2847 4333)
3(6689 4333 8175)
3(8175 4333 7892)
3(4333 4050 7892)
3(4050 4333 5458)
3(5458 3699 2848)
3(9300 5458 7541)
3(5458 3699 7541)
3(6690 2848 5458)
3(6690 5458 9300)
3(5458 2848 3559)
3(6690 2848 3559)
3(6690 3559 7401)
3(5458 3438 2849)
3(9300 5458 7280)
3(5458 3438 7280)
3(6691 2849 5458)
3(6691 5458 9300)
3(5458 2849 3699)
3(2960 2850 3438)
3(7280 3438 2960)
3(7280 2960 6802)
3(2960 3438 5458)
3(3574 1696 4116)
3(7958 4116 3574)
3(7958 3574 7416)
3(3574 4116 5459)
3(7958 4116 5459)
3(7958 5459 9301)
3(9301 5459 7416)
3(5459 3574 7416)
3(5459 4116 1698)
3(5540 1698 5459)
3(5540 5459 9301)
3(5459 1698 3332)
3(7174 3332 5459)
3(7174 5459 9301)
3(4786 1815 3574)
3(8628 4786 5657)
3(4786 1815 5657)
4(7416 3574 4786 8628)
3(4786 3574 5459)
3(9301 5459 8628)
3(5459 4786 8628)
3(4497 1818 4786)
3(8339 4497 5660)
3(4497 1818 5660)
3(5660 1818 4786)
3(5660 4786 8628)
3(8628 4786 8339)
3(4786 4497 8339)
3(4497 4786 5459)
3(9301 5459 8339)
3(5459 4497 8339)
3(5459 4032 2071)
3(9301 5459 7874)
3(5459 4032 7874)
3(7874 4032 5913)
3(4032 2071 5913)
3(5913 2071 5459)
3(5913 5459 9301)
3(5459 2071 4497)
3(5913 2071 4497)
3(5913 4497 8339)
3(5459 3332 2072)
3(5914 2072 5459)
3(5914 5459 9301)
3(5459 2072 4032)
3(5914 2072 4032)
3(5914 4032 7874)
3(3677 2563 3339)
3(7519 3677 6405)
3(3677 2563 6405)
4(7181 3339 3677 7519)
3(3677 3339 5460)
3(7181 3339 5460)
3(7181 5460 9302)
3(9302 5460 7519)
3(5460 3677 7519)
3(3339 2564 3750)
3(7592 3750 7181)
3(3750 3339 7181)
3(3339 3750 5460)
3(7592 3750 5460)
3(7592 5460 9302)
3(5460 3750 2759)
3(6601 2759 5460)
3(6601 5460 9302)
3(5460 2759 4545)
3(8387 4545 5460)
3(8387 5460 9302)
3(5460 4545 2766)
3(6608 2766 5460)
3(6608 5460 9302)
3(5460 2766 4442)
3(6608 2766 4442)
3(6608 4442 8284)
3(8284 4442 5460)
3(8284 5460 9302)
3(4152 2843 3677)
3(7994 4152 6685)
3(4152 2843 6685)
3(6685 2843 3677)
3(6685 3677 7519)
3(7519 3677 7994)
3(3677 4152 7994)
3(4152 3677 5460)
3(9302 5460 7994)
3(5460 4152 7994)
3(5460 4442 2844)
3(8284 4442 6686)
3(4442 2844 6686)
3(6686 2844 5460)
3(6686 5460 9302)
3(5460 2844 4152)
3(6686 2844 4152)
3(6686 4152 7994)
3(3223 2105 3760)
3(7602 3760 7065)
3(3760 3223 7065)
3(3223 3760 5461)
3(7602 3760 5461)
3(7602 5461 9303)
3(9303 5461 7065)
3(5461 3223 7065)
3(2985 2106 3223)
4(6827 2985 2106 5948)
3(7065 3223 2985)
3(7065 2985 6827)
3(2985 3223 5461)
3(9303 5461 6827)
3(5461 2985 6827)
3(4413 2107 2985)
4(8255 4413 2107 5949)
4(5949 2107 2985 6827)
4(6827 2985 4413 8255)
3(4413 2985 5461)
3(9303 5461 8255)
3(5461 4413 8255)
3(5461 3760 2108)
4(5950 2108 5461 9303)
3(5461 2108 3925)
3(7767 3925 5461)
3(7767 5461 9303)
3(5461 3925 2109)
3(5951 2109 5461)
3(5951 5461 9303)
3(5461 2109 3628)
3(5951 2109 3628)
3(5951 3628 7470)
3(7470 3628 5461)
3(7470 5461 9303)
3(5461 3628 2110)
3(7470 3628 5952)
3(3628 2110 5952)
3(5952 2110 5461)
3(5952 5461 9303)
3(5461 2110 4413)
4(5952 2110 4413 8255)
3(5462 4207 1868)
3(9304 5462 8049)
3(5462 4207 8049)
3(5710 1868 5462)
3(5710 5462 9304)
3(5462 1868 3058)
3(6900 3058 5462)
3(6900 5462 9304)
3(5462 3058 2106)
3(5948 2106 5462)
3(5948 5462 9304)
3(5462 2106 2985)
3(6827 2985 5462)
3(6827 5462 9304)
3(5462 2985 2107)
4(5949 2107 5462 9304)
3(5462 2107 4247)
4(5949 2107 4247 8089)
3(8089 4247 5462)
3(8089 5462 9304)
3(4247 2365 3262)
4(8089 4247 2365 6207)
3(6207 2365 3262)
3(6207 3262 7104)
3(7104 3262 4247)
3(7104 4247 8089)
3(4247 3262 5462)
3(7104 3262 5462)
3(7104 5462 9304)
3(3262 2846 3559)
3(7104 3262 6688)
3(3262 2846 6688)
3(7401 3559 7104)
3(3559 3262 7104)
3(3262 3559 5462)
3(7401 3559 5462)
3(7401 5462 9304)
3(3559 2848 4207)
4(8049 4207 3559 7401)
3(3559 4207 5462)
3(3749 2071 4032)
3(7591 3749 5913)
3(3749 2071 5913)
3(7874 4032 7591)
3(4032 3749 7591)
3(3749 4032 5463)
3(7874 4032 5463)
3(7874 5463 9305)
3(9305 5463 7591)
3(5463 3749 7591)
3(4032 2072 3854)
4(7696 3854 4032 7874)
3(4032 3854 5463)
3(7696 3854 5463)
3(7696 5463 9305)
3(5463 4485 2320)
3(9305 5463 8327)
3(5463 4485 8327)
3(6162 2320 5463)
3(6162 5463 9305)
3(5463 2320 3730)
4(6162 2320 3730 7572)
3(7572 3730 5463)
3(7572 5463 9305)
3(5463 3854 2324)
3(6166 2324 5463)
3(6166 5463 9305)
3(5463 2324 4485)
3(5463 3730 2326)
4(7572 3730 2326 6168)
4(6168 2326 5463 9305)
3(5463 2326 4710)
4(6168 2326 4710 8552)
3(8552 4710 5463)
3(8552 5463 9305)
3(4710 2329 3749)
4(8552 4710 2329 6171)
3(6171 2329 3749)
3(6171 3749 7591)
3(7591 3749 4710)
3(7591 4710 8552)
3(4710 3749 5463)
3(3730 2320 2993)
3(6835 2993 3730)
3(6835 3730 7572)
3(3730 2993 5464)
3(6835 2993 5464)
3(6835 5464 9306)
3(9306 5464 7572)
3(5464 3730 7572)
3(2993 2322 4496)
3(8338 4496 6835)
3(4496 2993 6835)
3(2993 4496 5464)
3(8338 4496 5464)
3(8338 5464 9306)
3(2965 2326 3730)
4(6807 2965 2326 6168)
4(7572 3730 2965 6807)
3(2965 3730 5464)
3(9306 5464 6807)
3(5464 2965 6807)
3(5464 4496 2563)
4(6405 2563 5464 9306)
3(5464 2563 3677)
3(7519 3677 5464)
3(7519 5464 9306)
3(5464 4389 2841)
3(9306 5464 8231)
3(5464 4389 8231)
3(8231 4389 6683)
3(4389 2841 6683)
3(6683 2841 5464)
3(6683 5464 9306)
3(5464 2841 2965)
4(6683 2841 2965 6807)
3(5464 3677 2843)
3(6685 2843 5464)
3(6685 5464 9306)
3(5464 2843 4389)
3(6685 2843 4389)
3(6685 4389 8231)
3(5465 4588 1658)
3(9307 5465 8430)
3(5465 4588 8430)
3(8430 4588 5500)
3(4588 1658 5500)
3(5500 1658 5465)
3(5500 5465 9307)
3(5465 1658 3375)
3(5500 1658 3375)
3(5500 3375 7217)
4(7217 3375 5465 9307)
3(3375 1682 4326)
3(7217 3375 5524)
3(3375 1682 5524)
3(5524 1682 4326)
3(5524 4326 8168)
3(8168 4326 3375)
3(8168 3375 7217)
3(3375 4326 5465)
3(8168 4326 5465)
3(8168 5465 9307)
3(4326 1690 4193)
3(8168 4326 5532)
3(4326 1690 5532)
3(8035 4193 4326)
3(8035 4326 8168)
3(4326 4193 5465)
3(8035 4193 5465)
3(8035 5465 9307)
3(5465 4044 1701)
3(9307 5465 7886)
3(5465 4044 7886)
3(5543 1701 5465)
3(5543 5465 9307)
3(5465 1701 4588)
3(5543 1701 4588)
3(5543 4588 8430)
3(4193 1824 3379)
3(7221 3379 8035)
3(3379 4193 8035)
3(4193 3379 5465)
4(7221 3379 5465 9307)
3(5465 3379 1825)
3(5667 1825 5465)
3(5667 5465 9307)
3(5465 1825 4044)
3(4694 1862 4056)
3(7898 4056 8536)
3(4056 4694 8536)
3(4694 4056 5466)
4(7898 4056 5466 9308)
3(9308 5466 8536)
3(5466 4694 8536)
3(4592 2566 4694)
3(8434 4592 6408)
3(4592 2566 6408)
3(8536 4694 4592)
3(8536 4592 8434)
3(4592 4694 5466)
3(9308 5466 8434)
3(5466 4592 8434)
3(5466 4330 2567)
3(9308 5466 8172)
3(5466 4330 8172)
3(8172 4330 6409)
3(4330 2567 6409)
3(6409 2567 5466)
3(6409 5466 9308)
3(5466 2567 4049)
3(6409 2567 4049)
3(6409 4049 7891)
4(7891 4049 5466 9308)
3(4049 2568 4592)
3(7891 4049 6410)
3(4049 2568 6410)
3(6410 2568 4592)
3(6410 4592 8434)
3(8434 4592 4049)
3(8434 4049 7891)
3(4049 4592 5466)
3(5466 4056 2789)
3(6631 2789 5466)
3(6631 5466 9308)
3(5466 2789 4825)
3(8667 4825 5466)
3(8667 5466 9308)
3(5466 4825 2790)
3(6632 2790 5466)
3(6632 5466 9308)
3(5466 2790 4330)
3(6632 2790 4330)
3(6632 4330 8172)
3(4697 1794 4703)
3(8539 4697 5636)
3(4697 1794 5636)
3(8545 4703 8539)
3(4703 4697 8539)
3(4697 4703 5467)
3(8545 4703 5467)
3(8545 5467 9309)
3(9309 5467 8539)
3(5467 4697 8539)
3(4392 1795 4697)
4(8234 4392 1795 5637)
3(5637 1795 4697)
3(5637 4697 8539)
3(8539 4697 8234)
3(4697 4392 8234)
3(4392 4697 5467)
3(9309 5467 8234)
3(5467 4392 8234)
3(5467 4179 1796)
4(9309 5467 4179 8021)
3(8021 4179 5638)
3(4179 1796 5638)
3(5638 1796 5467)
3(5638 5467 9309)
3(5467 1796 4392)
4(5638 1796 4392 8234)
3(5467 3231 1971)
3(9309 5467 7073)
3(5467 3231 7073)
3(5813 1971 5467)
3(5813 5467 9309)
3(5467 1971 4179)
3(5813 1971 4179)
3(5813 4179 8021)
3(4703 2213 4407)
3(8249 4407 4703)
3(8249 4703 8545)
3(4703 4407 5467)
3(8249 4407 5467)
3(8249 5467 9309)
3(5467 4407 2214)
3(6056 2214 5467)
3(6056 5467 9309)
3(5467 2214 3231)
3(4343 2781 4842)
3(8684 4842 4343)
3(8684 4343 8185)
3(4343 4842 5468)
3(8684 4842 5468)
3(8684 5468 9310)
3(9310 5468 8185)
3(5468 4343 8185)
3(4184 2782 4343)
3(8026 4184 6624)
3(4184 2782 6624)
3(8185 4343 4184)
3(8185 4184 8026)
3(4184 4343 5468)
4(9310 5468 4184 8026)
3(4406 2783 4184)
4(8248 4406 2783 6625)
3(6625 2783 4184)
3(6625 4184 8026)
3(8026 4184 8248)
3(4184 4406 8248)
3(4406 4184 5468)
3(9310 5468 8248)
3(5468 4406 8248)
3(5468 4705 2784)
3(9310 5468 8547)
3(5468 4705 8547)
3(8547 4705 6626)
3(4705 2784 6626)
3(6626 2784 5468)
3(6626 5468 9310)
3(5468 2784 4406)
4(6626 2784 4406 8248)
3(5468 4842 2845)
3(6687 2845 5468)
3(6687 5468 9310)
3(5468 2845 4333)
3(8175 4333 5468)
3(8175 5468 9310)
3(5468 4333 2847)
3(6689 2847 5468)
3(6689 5468 9310)
3(5468 2847 4705)
3(6689 2847 4705)
3(6689 4705 8547)
3(5469 4846 1815)
3(9311 5469 8688)
3(5469 4846 8688)
3(5657 1815 5469)
3(5657 5469 9311)
3(5469 1815 4786)
3(8628 4786 5469)
3(8628 5469 9311)
3(3342 1816 4846)
3(8688 4846 3342)
3(8688 3342 7184)
3(3342 4846 5469)
3(9311 5469 7184)
3(5469 3342 7184)
3(4816 1817 3342)
3(8658 4816 5659)
3(4816 1817 5659)
3(7184 3342 4816)
3(7184 4816 8658)
3(4816 3342 5469)
4(9311 5469 4816 8658)
3(5469 4786 1818)
3(5660 1818 5469)
3(5660 5469 9311)
3(5469 1818 3369)
3(5660 1818 3369)
3(5660 3369 7211)
3(7211 3369 5469)
3(7211 5469 9311)
3(3097 1819 4816)
4(6939 3097 1819 5661)
3(5661 1819 4816)
3(5661 4816 8658)
3(8658 4816 6939)
3(4816 3097 6939)
3(3097 4816 5469)
3(9311 5469 6939)
3(5469 3097 6939)
3(5469 3369 1820)
3(7211 3369 5662)
3(3369 1820 5662)
3(5662 1820 5469)
3(5662 5469 9311)
3(5469 1820 3097)
4(5662 1820 3097 6939)
3(5470 3835 2763)
4(9312 5470 3835 7677)
3(7677 3835 6605)
3(3835 2763 6605)
3(6605 2763 5470)
3(6605 5470 9312)
3(5470 2763 4061)
4(6605 2763 4061 7903)
3(7903 4061 5470)
3(7903 5470 9312)
3(5470 4006 2764)
3(9312 5470 7848)
3(5470 4006 7848)
3(6606 2764 5470)
3(6606 5470 9312)
3(5470 2764 3835)
3(6606 2764 3835)
3(6606 3835 7677)
3(5470 4505 2765)
3(9312 5470 8347)
3(5470 4505 8347)
3(6607 2765 5470)
3(6607 5470 9312)
3(5470 2765 4006)
3(4442 2766 4505)
3(8347 4505 4442)
3(8347 4442 8284)
3(4442 4505 5470)
3(9312 5470 8284)
3(5470 4442 8284)
3(4061 2842 3039)
4(7903 4061 2842 6684)
3(6684 2842 3039)
3(6684 3039 6881)
3(6881 3039 7903)
3(3039 4061 7903)
3(4061 3039 5470)
3(6881 3039 5470)
3(6881 5470 9312)
3(3039 2844 4442)
3(6881 3039 6686)
3(3039 2844 6686)
3(8284 4442 6881)
3(4442 3039 6881)
3(3039 4442 5470)
3(5471 4326 1682)
3(9313 5471 8168)
3(5471 4326 8168)
3(5524 1682 5471)
3(5524 5471 9313)
3(5471 1682 3474)
3(5524 1682 3474)
3(5524 3474 7316)
3(7316 3474 5471)
3(7316 5471 9313)
3(5471 3474 1688)
3(7316 3474 5530)
3(3474 1688 5530)
3(5530 1688 5471)
3(5530 5471 9313)
3(5471 1688 4007)
3(5530 1688 4007)
3(5530 4007 7849)
3(7849 4007 5471)
3(7849 5471 9313)
3(5471 3630 1690)
3(9313 5471 7472)
3(5471 3630 7472)
4(5532 1690 5471 9313)
3(5471 1690 4326)
3(4007 1796 4179)
3(7849 4007 5638)
3(4007 1796 5638)
4(8021 4179 4007 7849)
3(4007 4179 5471)
3(8021 4179 5471)
3(8021 5471 9313)
3(5471 4404 1969)
3(9313 5471 8246)
3(5471 4404 8246)
3(5811 1969 5471)
3(5811 5471 9313)
3(5471 1969 3630)
3(4179 1971 4404)
3(8246 4404 4179)
3(8246 4179 8021)
3(4179 4404 5471)
3(3141 2567 4330)
3(6983 3141 6409)
3(3141 2567 6409)
3(8172 4330 6983)
3(4330 3141 6983)
3(3141 4330 5472)
3(8172 4330 5472)
3(8172 5472 9314)
3(9314 5472 6983)
3(5472 3141 6983)
3(3631 2767 3141)
3(7473 3631 6609)
3(3631 2767 6609)
3(6609 2767 3141)
3(6609 3141 6983)
3(6983 3141 3631)
3(6983 3631 7473)
3(3631 3141 5472)
3(9314 5472 7473)
3(5472 3631 7473)
3(5472 4839 2782)
3(9314 5472 8681)
3(5472 4839 8681)
3(6624 2782 5472)
3(6624 5472 9314)
3(5472 2782 4184)
3(8026 4184 5472)
3(8026 5472 9314)
3(5472 4184 2783)
4(6625 2783 5472 9314)
3(5472 2783 3631)
3(6625 2783 3631)
3(6625 3631 7473)
3(3639 2788 4839)
3(8681 4839 3639)
3(8681 3639 7481)
3(3639 4839 5472)
3(9314 5472 7481)
3(5472 3639 7481)
3(4330 2790 3639)
4(7481 3639 4330 8172)
3(4330 3639 5472)
3(4826 1658 4588)
3(8668 4826 5500)
3(4826 1658 5500)
3(8430 4588 8668)
3(4588 4826 8668)
3(4826 4588 5473)
3(8430 4588 5473)
3(8430 5473 9315)
3(9315 5473 8668)
3(5473 4826 8668)
3(4286 1659 4826)
3(8128 4286 5501)
3(4286 1659 5501)
3(5501 1659 4826)
3(5501 4826 8668)
3(8668 4826 4286)
3(8668 4286 8128)
3(4286 4826 5473)
3(9315 5473 8128)
3(5473 4286 8128)
3(3752 1700 4498)
3(8340 4498 3752)
3(8340 3752 7594)
3(3752 4498 5473)
3(8340 4498 5473)
3(8340 5473 9315)
3(9315 5473 7594)
3(5473 3752 7594)
3(4588 1701 3752)
4(7594 3752 4588 8430)
3(4588 3752 5473)
3(5473 4498 1817)
3(5659 1817 5473)
3(5659 5473 9315)
3(5473 1817 4816)
3(8658 4816 5473)
3(8658 5473 9315)
3(5473 4816 1819)
4(5661 1819 5473 9315)
3(5473 1819 4286)
3(5661 1819 4286)
3(5661 4286 8128)
3(5474 4504 2565)
3(9316 5474 8346)
3(5474 4504 8346)
3(6407 2565 5474)
3(6407 5474 9316)
3(5474 2565 3761)
3(7603 3761 5474)
3(7603 5474 9316)
3(5474 3761 2566)
4(6408 2566 5474 9316)
3(5474 2566 4592)
3(8434 4592 5474)
3(8434 5474 9316)
3(5474 4592 2568)
3(6410 2568 5474)
3(6410 5474 9316)
3(5474 2568 4473)
3(6410 2568 4473)
3(6410 4473 8315)
3(8315 4473 5474)
3(8315 5474 9316)
3(5474 4473 2569)
3(8315 4473 6411)
3(4473 2569 6411)
3(6411 2569 5474)
3(6411 5474 9316)
3(5474 2569 3268)
3(6411 2569 3268)
3(6411 3268 7110)
3(7110 3268 5474)
3(7110 5474 9316)
3(3268 2763 3835)
3(7110 3268 6605)
3(3268 2763 6605)
4(7677 3835 3268 7110)
3(3268 3835 5474)
3(7677 3835 5474)
3(7677 5474 9316)
3(3835 2764 4504)
3(8346 4504 3835)
3(8346 3835 7677)
3(3835 4504 5474)
3(5475 3227 1689)
3(9317 5475 7069)
3(5475 3227 7069)
3(7069 3227 5531)
3(3227 1689 5531)
3(5531 1689 5475)
3(5531 5475 9317)
3(5475 1689 4390)
3(5531 1689 4390)
3(5531 4390 8232)
3(8232 4390 5475)
3(8232 5475 9317)
3(5475 4401 1794)
3(9317 5475 8243)
3(5475 4401 8243)
3(5636 1794 5475)
3(5636 5475 9317)
3(5475 1794 4697)
3(8539 4697 5475)
3(8539 5475 9317)
3(5475 4697 1795)
4(5637 1795 5475 9317)
3(5475 1795 3227)
3(5637 1795 3227)
3(5637 3227 7069)
3(4390 1866 2992)
3(8232 4390 5708)
3(4390 1866 5708)
3(5708 1866 2992)
3(5708 2992 6834)
3(6834 2992 8232)
3(2992 4390 8232)
3(4390 2992 5475)
3(6834 2992 5475)
3(6834 5475 9317)
3(3628 2109 4401)
3(8243 4401 3628)
3(8243 3628 7470)
3(3628 4401 5475)
3(9317 5475 7470)
3(5475 3628 7470)
3(2992 2110 3628)
3(6834 2992 5952)
3(2992 2110 5952)
4(7470 3628 2992 6834)
3(2992 3628 5475)
3(5476 3262 2365)
3(9318 5476 7104)
3(5476 3262 7104)
4(6207 2365 5476 9318)
3(5476 2365 3178)
3(6207 2365 3178)
3(6207 3178 7020)
3(7020 3178 5476)
3(7020 5476 9318)
3(5476 3178 2366)
3(7020 3178 6208)
3(3178 2366 6208)
3(6208 2366 5476)
3(6208 5476 9318)
3(5476 2366 4403)
3(6208 2366 4403)
3(6208 4403 8245)
3(8245 4403 5476)
3(8245 5476 9318)
3(4403 2768 3897)
3(8245 4403 6610)
3(4403 2768 6610)
3(6610 2768 3897)
3(6610 3897 7739)
3(7739 3897 8245)
3(3897 4403 8245)
3(4403 3897 5476)
3(7739 3897 5476)
3(7739 5476 9318)
3(3897 2784 4705)
3(7739 3897 6626)
3(3897 2784 6626)
4(8547 4705 3897 7739)
3(3897 4705 5476)
3(8547 4705 5476)
3(8547 5476 9318)
3(5476 4050 2846)
3(9318 5476 7892)
3(5476 4050 7892)
3(6688 2846 5476)
3(6688 5476 9318)
3(5476 2846 3262)
3(4705 2847 4050)
3(7892 4050 4705)
3(7892 4705 8547)
3(4705 4050 5476)
3(4051 1702 3528)
3(7893 4051 5544)
3(4051 1702 5544)
3(5544 1702 3528)
3(5544 3528 7370)
3(7370 3528 7893)
3(3528 4051 7893)
3(4051 3528 5477)
3(7370 3528 5477)
3(7370 5477 9319)
3(9319 5477 7893)
3(5477 4051 7893)
3(3369 1818 4497)
3(8339 4497 3369)
3(8339 3369 7211)
3(3369 4497 5477)
3(8339 4497 5477)
3(8339 5477 9319)
3(9319 5477 7211)
3(5477 3369 7211)
3(3528 1820 3369)
3(7370 3528 5662)
3(3528 1820 5662)
4(7211 3369 3528 7370)
3(3528 3369 5477)
3(5477 4497 2071)
3(5913 2071 5477)
3(5913 5477 9319)
3(5477 2071 3749)
3(7591 3749 5477)
3(7591 5477 9319)
3(5477 4778 2328)
3(9319 5477 8620)
3(5477 4778 8620)
3(8620 4778 6170)
3(4778 2328 6170)
3(6170 2328 5477)
3(6170 5477 9319)
3(5477 2328 4051)
3(6170 2328 4051)
3(6170 4051 7893)
3(5477 3749 2329)
4(6171 2329 5477 9319)
3(5477 2329 4778)
3(6171 2329 4778)
3(6171 4778 8620)
3(4702 2839 3036)
3(8544 4702 6681)
3(4702 2839 6681)
3(6681 2839 3036)
3(6681 3036 6878)
3(6878 3036 8544)
3(3036 4702 8544)
3(4702 3036 5478)
3(6878 3036 5478)
3(6878 5478 9320)
3(9320 5478 8544)
3(5478 4702 8544)
3(5478 3530 2840)
3(9320 5478 7372)
3(5478 3530 7372)
3(7372 3530 6682)
3(3530 2840 6682)
3(6682 2840 5478)
3(6682 5478 9320)
3(5478 2840 4702)
3(6682 2840 4702)
3(6682 4702 8544)
3(3036 2841 4389)
3(6878 3036 6683)
3(3036 2841 6683)
4(8231 4389 3036 6878)
3(3036 4389 5478)
3(8231 4389 5478)
3(8231 5478 9320)
3(5478 3039 2842)
3(9320 5478 6881)
3(5478 3039 6881)
4(6684 2842 5478 9320)
3(5478 2842 3530)
3(6684 2842 3530)
3(6684 3530 7372)
3(4389 2843 4152)
3(7994 4152 4389)
3(7994 4389 8231)
3(4389 4152 5478)
3(7994 4152 5478)
3(7994 5478 9320)
3(5478 4152 2844)
3(6686 2844 5478)
3(6686 5478 9320)
3(5478 2844 3039)
3(5479 2946 1657)
3(9321 5479 6788)
3(5479 2946 6788)
3(6788 2946 5499)
3(2946 1657 5499)
3(5499 1657 5479)
3(5499 5479 9321)
3(5479 1657 3691)
3(5499 1657 3691)
3(5499 3691 7533)
4(7533 3691 5479 9321)
3(5479 3375 1658)
4(9321 5479 3375 7217)
3(5500 1658 5479)
3(5500 5479 9321)
3(5479 1658 4826)
3(8668 4826 5479)
3(8668 5479 9321)
3(5479 4826 1659)
3(5501 1659 5479)
3(5501 5479 9321)
3(5479 1659 2946)
3(5501 1659 2946)
3(5501 2946 6788)
3(3474 1682 3375)
3(7217 3375 7316)
3(3375 3474 7316)
3(3474 3375 5479)
3(9321 5479 7316)
3(5479 3474 7316)
3(3691 1686 4636)
3(7533 3691 5528)
3(3691 1686 5528)
3(5528 1686 4636)
3(5528 4636 8478)
3(8478 4636 3691)
3(8478 3691 7533)
3(3691 4636 5479)
3(8478 4636 5479)
3(8478 5479 9321)
3(4636 1688 3474)
3(8478 4636 5530)
3(4636 1688 5530)
3(7316 3474 4636)
3(7316 4636 8478)
3(4636 3474 5479)
3(5480 4049 2567)
4(9322 5480 4049 7891)
3(6409 2567 5480)
3(6409 5480 9322)
3(5480 2567 3141)
3(6983 3141 5480)
3(6983 5480 9322)
3(4473 2568 4049)
3(7891 4049 8315)
3(4049 4473 8315)
3(4473 4049 5480)
3(9322 5480 8315)
3(5480 4473 8315)
3(3370 2569 4473)
3(7212 3370 6411)
3(3370 2569 6411)
3(8315 4473 3370)
3(8315 3370 7212)
3(3370 4473 5480)
3(9322 5480 7212)
3(5480 3370 7212)
3(5480 3141 2767)
3(6609 2767 5480)
3(6609 5480 9322)
3(5480 2767 3139)
3(6609 2767 3139)
3(6609 3139 6981)
3(6981 3139 5480)
3(6981 5480 9322)
3(5480 3139 2772)
3(6981 3139 6614)
3(3139 2772 6614)
3(6614 2772 5480)
3(6614 5480 9322)
3(5480 2772 4785)
3(6614 2772 4785)
3(6614 4785 8627)
4(8627 4785 5480 9322)
3(4785 2774 3370)
3(8627 4785 6616)
3(4785 2774 6616)
3(6616 2774 3370)
3(6616 3370 7212)
3(7212 3370 4785)
3(7212 4785 8627)
3(4785 3370 5480)
3(5481 2992 1866)
3(9323 5481 6834)
3(5481 2992 6834)
3(5708 1866 5481)
3(5708 5481 9323)
3(5481 1866 3041)
3(5708 1866 3041)
3(5708 3041 6883)
3(6883 3041 5481)
3(6883 5481 9323)
3(5481 3041 2096)
3(6883 3041 5938)
3(3041 2096 5938)
4(5938 2096 5481 9323)
3(5481 2096 4784)
3(5938 2096 4784)
3(5938 4784 8626)
3(8626 4784 5481)
3(8626 5481 9323)
3(4247 2107 4413)
4(8255 4413 4247 8089)
3(4247 4413 5481)
3(8255 4413 5481)
3(8255 5481 9323)
3(9323 5481 8089)
3(5481 4247 8089)
3(5481 4413 2110)
3(5952 2110 5481)
3(5952 5481 9323)
3(5481 2110 2992)
3(3178 2365 4247)
3(8089 4247 7020)
3(4247 3178 7020)
3(3178 4247 5481)
3(9323 5481 7020)
3(5481 3178 7020)
3(4784 2366 3178)
3(8626 4784 6208)
3(4784 2366 6208)
3(7020 3178 4784)
3(7020 4784 8626)
3(4784 3178 5481)
3(5482 4710 2326)
3(9324 5482 8552)
3(5482 4710 8552)
4(6168 2326 5482 9324)
3(5482 2326 2965)
3(6807 2965 5482)
3(6807 5482 9324)
3(3930 2327 3468)
3(7772 3930 6169)
3(3930 2327 6169)
3(6169 2327 3468)
3(6169 3468 7310)
4(7310 3468 3930 7772)
3(3930 3468 5482)
3(7310 3468 5482)
3(7310 5482 9324)
3(9324 5482 7772)
3(5482 3930 7772)
3(3468 2328 4778)
3(7310 3468 6170)
3(3468 2328 6170)
3(8620 4778 3468)
3(8620 3468 7310)
3(3468 4778 5482)
3(8620 4778 5482)
3(8620 5482 9324)
3(4778 2329 4710)
3(8552 4710 8620)
3(4710 4778 8620)
3(4778 4710 5482)
3(5482 3036 2839)
3(9324 5482 6878)
3(5482 3036 6878)
3(6681 2839 5482)
3(6681 5482 9324)
3(5482 2839 3930)
3(6681 2839 3930)
3(6681 3930 7772)
3(5482 2965 2841)
3(6683 2841 5482)
3(6683 5482 9324)
3(5482 2841 3036)
3(5483 4636 1686)
3(9325 5483 8478)
3(5483 4636 8478)
3(5528 1686 5483)
3(5528 5483 9325)
3(5483 1686 3933)
3(5528 1686 3933)
3(5528 3933 7775)
3(7775 3933 5483)
3(7775 5483 9325)
3(3933 1687 3408)
3(7775 3933 5529)
3(3933 1687 5529)
3(5529 1687 3408)
3(5529 3408 7250)
3(7250 3408 7775)
3(3408 3933 7775)
3(3933 3408 5483)
3(7250 3408 5483)
3(7250 5483 9325)
3(5483 4007 1688)
4(9325 5483 4007 7849)
3(5530 1688 5483)
3(5530 5483 9325)
3(5483 1688 4636)
3(3408 1689 3227)
3(7250 3408 5531)
3(3408 1689 5531)
3(7069 3227 3408)
3(7069 3408 7250)
3(3408 3227 5483)
3(7069 3227 5483)
3(7069 5483 9325)
3(3227 1795 4392)
3(8234 4392 3227)
3(8234 3227 7069)
3(3227 4392 5483)
3(8234 4392 5483)
3(8234 5483 9325)
3(5483 4392 1796)
3(5638 1796 5483)
3(5638 5483 9325)
3(5483 1796 4007)
3(3139 2767 3631)
3(7473 3631 6981)
3(3631 3139 6981)
3(3139 3631 5484)
4(7473 3631 5484 9326)
3(9326 5484 6981)
3(5484 3139 6981)
3(5484 3897 2768)
3(9326 5484 7739)
3(5484 3897 7739)
3(6610 2768 5484)
3(6610 5484 9326)
3(5484 2768 4828)
3(6610 2768 4828)
3(6610 4828 8670)
3(8670 4828 5484)
3(8670 5484 9326)
3(5484 4828 2771)
3(8670 4828 6613)
3(4828 2771 6613)
3(6613 2771 5484)
3(6613 5484 9326)
3(5484 2771 4043)
3(6613 2771 4043)
3(6613 4043 7885)
3(7885 4043 5484)
3(7885 5484 9326)
3(4043 2772 3139)
3(7885 4043 6614)
3(4043 2772 6614)
3(6981 3139 7885)
3(3139 4043 7885)
3(4043 3139 5484)
3(3631 2783 4406)
3(8248 4406 3631)
3(8248 3631 7473)
3(3631 4406 5484)
3(8248 4406 5484)
3(8248 5484 9326)
3(5484 4406 2784)
3(6626 2784 5484)
3(6626 5484 9326)
3(5484 2784 3897)
3(3792 1657 2946)
3(7634 3792 5499)
3(3792 1657 5499)
3(6788 2946 7634)
3(2946 3792 7634)
3(3792 2946 5485)
3(6788 2946 5485)
3(6788 5485 9327)
3(9327 5485 7634)
3(5485 3792 7634)
3(2946 1659 4286)
3(8128 4286 6788)
3(4286 2946 6788)
3(2946 4286 5485)
4(8128 4286 5485 9327)
3(5485 3528 1702)
3(9327 5485 7370)
3(5485 3528 7370)
3(5544 1702 5485)
3(5544 5485 9327)
3(5485 1702 3527)
3(5544 1702 3527)
3(5544 3527 7369)
3(7369 3527 5485)
3(7369 5485 9327)
3(5485 3527 1704)
3(7369 3527 5546)
3(3527 1704 5546)
3(5546 1704 5485)
3(5546 5485 9327)
3(5485 1704 3792)
3(5546 1704 3792)
3(5546 3792 7634)
3(4286 1819 3097)
3(6939 3097 4286)
3(6939 4286 8128)
3(4286 3097 5485)
3(6939 3097 5485)
3(6939 5485 9327)
3(5485 3097 1820)
3(5662 1820 5485)
3(5662 5485 9327)
3(5485 1820 3528)
3(5486 3268 2569)
4(9328 5486 3268 7110)
3(6411 2569 5486)
3(6411 5486 9328)
3(5486 2569 3370)
3(7212 3370 5486)
3(7212 5486 9328)
3(5486 4061 2763)
3(9328 5486 7903)
3(5486 4061 7903)
3(6605 2763 5486)
3(6605 5486 9328)
3(5486 2763 3268)
3(3412 2773 3169)
3(7254 3412 6615)
3(3412 2773 6615)
3(6615 2773 3169)
3(6615 3169 7011)
3(7011 3169 7254)
3(3169 3412 7254)
3(3412 3169 5486)
3(7011 3169 5486)
3(7011 5486 9328)
3(9328 5486 7254)
3(5486 3412 7254)
3(5486 3370 2774)
3(6616 2774 5486)
3(6616 5486 9328)
3(5486 2774 3412)
3(6616 2774 3412)
3(6616 3412 7254)
3(3169 2840 3530)
3(7011 3169 6682)
3(3169 2840 6682)
3(7372 3530 3169)
3(7372 3169 7011)
3(3169 3530 5486)
3(7372 3530 5486)
3(7372 5486 9328)
3(3530 2842 4061)
3(7903 4061 3530)
3(7903 3530 7372)
3(3530 4061 5486)
3(5487 3172 1661)
3(9329 5487 7014)
3(5487 3172 7014)
3(7014 3172 5503)
3(3172 1661 5503)
3(5503 1661 5487)
3(5503 5487 9329)
3(5487 1661 3420)
3(5503 1661 3420)
3(5503 3420 7262)
3(7262 3420 5487)
3(7262 5487 9329)
3(5487 3408 1687)
3(9329 5487 7250)
3(5487 3408 7250)
3(5529 1687 5487)
3(5529 5487 9329)
3(5487 1687 3172)
3(5529 1687 3172)
3(5529 3172 7014)
3(5487 4390 1689)
3(9329 5487 8232)
3(5487 4390 8232)
3(5531 1689 5487)
3(5531 5487 9329)
3(5487 1689 3408)
3(3041 1866 4390)
3(8232 4390 3041)
3(8232 3041 6883)
3(3041 4390 5487)
3(9329 5487 6883)
3(5487 3041 6883)
3(3420 2095 4438)
3(7262 3420 5937)
3(3420 2095 5937)
4(5937 2095 4438 8280)
3(8280 4438 3420)
3(8280 3420 7262)
3(3420 4438 5487)
3(8280 4438 5487)
3(8280 5487 9329)
3(4438 2096 3041)
4(8280 4438 2096 5938)
4(6883 3041 4438 8280)
3(4438 3041 5487)
3(5488 4438 2095)
3(9330 5488 8280)
3(5488 4438 8280)
3(5937 2095 5488)
3(5937 5488 9330)
3(5488 2095 4104)
3(5937 2095 4104)
3(5937 4104 7946)
3(7946 4104 5488)
3(7946 5488 9330)
3(5488 4784 2096)
3(9330 5488 8626)
3(5488 4784 8626)
3(5938 2096 5488)
3(5938 5488 9330)
3(5488 2096 4438)
3(5488 4403 2366)
3(9330 5488 8245)
3(5488 4403 8245)
3(6208 2366 5488)
3(6208 5488 9330)
3(5488 2366 4784)
3(4828 2768 4403)
3(8245 4403 4828)
3(8245 4828 8670)
3(4828 4403 5488)
3(9330 5488 8670)
3(5488 4828 8670)
3(4104 2769 3627)
3(7946 4104 6611)
3(4104 2769 6611)
3(6611 2769 3627)
3(6611 3627 7469)
3(7469 3627 7946)
3(3627 4104 7946)
3(4104 3627 5488)
3(7469 3627 5488)
3(7469 5488 9330)
3(3627 2771 4828)
3(7469 3627 6613)
3(3627 2771 6613)
4(8670 4828 3627 7469)
3(3627 4828 5488)
3(3527 1702 4051)
3(7893 4051 3527)
3(7893 3527 7369)
3(3527 4051 5489)
3(7893 4051 5489)
3(7893 5489 9331)
3(9331 5489 7369)
3(5489 3527 7369)
3(3261 1703 3040)
3(7103 3261 5545)
3(3261 1703 5545)
3(5545 1703 3040)
3(5545 3040 6882)
3(6882 3040 7103)
3(3040 3261 7103)
3(3261 3040 5489)
3(6882 3040 5489)
3(6882 5489 9331)
3(9331 5489 7103)
3(5489 3261 7103)
3(3040 1704 3527)
3(6882 3040 5546)
3(3040 1704 5546)
4(7369 3527 3040 6882)
3(3040 3527 5489)
3(5489 4535 2074)
3(9331 5489 8377)
3(5489 4535 8377)
4(8377 4535 2074 5916)
3(5916 2074 5489)
3(5916 5489 9331)
3(5489 2074 3261)
3(5916 2074 3261)
3(5916 3261 7103)
3(5489 3468 2327)
3(9331 5489 7310)
3(5489 3468 7310)
3(6169 2327 5489)
3(6169 5489 9331)
3(5489 2327 4535)
4(6169 2327 4535 8377)
3(5489 4051 2328)
3(6170 2328 5489)
3(6170 5489 9331)
3(5489 2328 3468)
3(3467 2074 4535)
3(7309 3467 5916)
3(3467 2074 5916)
3(8377 4535 3467)
3(8377 3467 7309)
3(3467 4535 5490)
3(8377 4535 5490)
3(8377 5490 9332)
3(9332 5490 7309)
3(5490 3467 7309)
3(4535 2327 3930)
4(7772 3930 4535 8377)
3(4535 3930 5490)
3(7772 3930 5490)
3(7772 5490 9332)
3(5490 3681 2770)
3(9332 5490 7523)
3(5490 3681 7523)
3(7523 3681 6612)
3(3681 2770 6612)
3(6612 2770 5490)
3(6612 5490 9332)
3(5490 2770 3467)
3(6612 2770 3467)
3(6612 3467 7309)
3(5490 3169 2773)
3(9332 5490 7011)
3(5490 3169 7011)
3(6615 2773 5490)
3(6615 5490 9332)
3(5490 2773 3681)
3(6615 2773 3681)
3(6615 3681 7523)
3(3930 2839 4702)
3(8544 4702 3930)
3(8544 3930 7772)
3(3930 4702 5490)
3(8544 4702 5490)
3(8544 5490 9332)
3(5490 4702 2840)
3(6682 2840 5490)
3(6682 5490 9332)
3(5490 2840 3169)
3(5491 3691 1657)
4(9333 5491 3691 7533)
3(5499 1657 5491)
3(5499 5491 9333)
3(5491 1657 3792)
3(7634 3792 5491)
3(7634 5491 9333)
3(4646 1661 3172)
3(8488 4646 5503)
3(4646 1661 5503)
3(7014 3172 4646)
3(7014 4646 8488)
3(4646 3172 5491)
3(7014 3172 5491)
3(7014 5491 9333)
4(9333 5491 4646 8488)
3(3933 1686 3691)
3(7533 3691 7775)
3(3691 3933 7775)
3(3933 3691 5491)
3(9333 5491 7775)
3(5491 3933 7775)
3(3172 1687 3933)
4(7775 3933 3172 7014)
3(3172 3933 5491)
3(5491 3040 1703)
3(9333 5491 6882)
3(5491 3040 6882)
3(5545 1703 5491)
3(5545 5491 9333)
3(5491 1703 4646)
3(5545 1703 4646)
3(5545 4646 8488)
3(5491 3792 1704)
3(5546 1704 5491)
3(5546 5491 9333)
3(5491 1704 3040)
3(5492 3627 2769)
3(9334 5492 7469)
3(5492 3627 7469)
3(6611 2769 5492)
3(6611 5492 9334)
3(5492 2769 3318)
3(6611 2769 3318)
3(6611 3318 7160)
4(7160 3318 5492 9334)
3(3318 2770 3681)
3(7160 3318 6612)
3(3318 2770 6612)
3(7523 3681 3318)
3(7523 3318 7160)
3(3318 3681 5492)
3(7523 3681 5492)
3(7523 5492 9334)
3(5492 4043 2771)
3(9334 5492 7885)
3(5492 4043 7885)
3(6613 2771 5492)
3(6613 5492 9334)
3(5492 2771 3627)
3(5492 4785 2772)
4(9334 5492 4785 8627)
3(6614 2772 5492)
3(6614 5492 9334)
3(5492 2772 4043)
3(3681 2773 3412)
4(7254 3412 3681 7523)
3(3681 3412 5492)
3(7254 3412 5492)
3(7254 5492 9334)
3(3412 2774 4785)
3(8627 4785 7254)
3(4785 3412 7254)
3(3412 4785 5492)
3(5493 3420 1661)
3(9335 5493 7262)
3(5493 3420 7262)
3(5503 1661 5493)
3(5503 5493 9335)
3(5493 1661 4646)
4(8488 4646 5493 9335)
3(4646 1703 3261)
3(7103 3261 4646)
3(7103 4646 8488)
3(4646 3261 5493)
3(7103 3261 5493)
3(7103 5493 9335)
3(5493 3261 2074)
4(5916 2074 5493 9335)
3(5493 2074 3467)
3(7309 3467 5493)
3(7309 5493 9335)
3(4104 2095 3420)
4(7262 3420 4104 7946)
3(4104 3420 5493)
3(9335 5493 7946)
3(5493 4104 7946)
3(3318 2769 4104)
3(7946 4104 3318)
3(7946 3318 7160)
3(3318 4104 5493)
4(9335 5493 3318 7160)
3(5493 3467 2770)
3(6612 2770 5493)
3(6612 5493 9335)
3(5493 2770 3318)
3(7196 5520 6779)
3(7196 6779 8694)
3(8694 8011 5606)
3(8694 5606 7196)
3(8694 8201 5608)
3(8694 5608 8468)
3(6779 5609 8201)
3(6779 8201 8694)
3(8694 8468 5748)
3(8694 5748 6956)
3(6956 5749 8011)
3(6956 8011 8694)
3(7145 5608 8201)
3(7145 8201 8695)
3(8695 8201 5609)
3(8695 5609 7400)
3(7668 5610 7145)
3(7668 7145 8695)
3(8433 5757 7668)
3(8433 7668 8695)
3(8695 7400 6020)
3(8695 6020 7934)
3(8695 7934 6021)
3(8695 6021 8433)
3(7040 5606 8011)
3(7040 8011 8696)
3(8696 7290 5607)
3(8696 5607 8076)
3(8696 8110 5746)
3(8696 5746 7290)
3(8696 8011 5749)
3(8696 5749 8110)
3(8076 5896 7574)
3(8076 7574 8696)
3(7574 5897 7040)
3(7574 7040 8696)
3(8697 8468 5608)
3(8697 5608 7145)
3(8697 7145 5610)
3(8697 5610 7043)
3(8697 7043 5699)
3(8697 5699 6785)
3(6785 5700 7580)
3(6785 7580 8697)
3(7580 5747 8306)
3(7580 8306 8697)
3(8306 5748 8468)
3(8306 8468 8697)
3(8640 5746 8110)
3(8640 8110 8698)
3(8698 8306 5747)
3(8698 5747 7398)
3(8698 6956 5748)
3(8698 5748 8306)
3(8110 5749 6956)
3(8110 6956 8698)
3(7728 5906 8640)
3(7728 8640 8698)
3(8698 7398 5907)
3(8698 5907 7728)
3(8699 6779 5520)
3(8699 5520 8422)
3(8699 8422 5521)
3(8699 5521 7868)
3(7400 5609 6779)
3(7400 6779 8699)
3(8699 7868 5754)
3(8699 5754 6879)
3(6879 6019 7150)
3(6879 7150 8699)
3(7150 6020 7400)
3(7150 7400 8699)
3(8422 5520 7196)
3(8422 7196 8700)
3(8067 5521 8422)
3(8067 8422 8700)
3(8700 7196 5606)
3(8700 5606 7040)
3(8700 7040 5897)
3(8700 5897 7816)
3(6886 6104 8067)
3(6886 8067 8700)
3(8700 7816 6105)
3(8700 6105 6886)
3(7043 5610 7668)
3(7043 7668 8701)
3(7021 5695 7978)
3(7021 7978 8701)
3(7978 5699 7043)
3(7978 7043 8701)
3(8701 7668 5757)
3(8701 5757 7711)
3(8701 8486 5761)
3(8701 5761 7021)
3(8701 7711 5762)
3(8701 5762 8486)
3(7716 5607 7290)
3(7716 7290 8702)
3(8702 7290 5746)
3(8702 5746 8640)
3(7155 5904 7716)
3(7155 7716 8702)
3(8702 8640 5906)
3(8702 5906 7980)
3(7679 6653 7155)
3(7679 7155 8702)
3(8702 7980 6654)
3(8702 6654 7679)
3(8124 6018 7089)
3(8124 7089 8703)
3(8703 7150 6019)
3(8703 6019 7623)
3(8703 7934 6020)
3(8703 6020 7150)
3(7089 6021 7934)
3(7089 7934 8703)
3(7305 6023 8124)
3(7305 8124 8703)
3(8703 7623 6024)
3(8703 6024 7305)
3(8704 7574 5896)
3(8704 5896 7573)
3(7816 5897 7574)
3(7816 7574 8704)
3(8704 7251 5901)
3(8704 5901 7776)
3(8704 7573 5903)
3(8704 5903 7251)
3(8074 6105 7816)
3(8074 7816 8704)
3(7776 6107 8074)
3(7776 8074 8704)
3(8705 7198 5696)
3(8705 5696 7681)
3(8705 7580 5700)
3(8705 5700 7198)
3(7398 5747 7580)
3(7398 7580 8705)
3(7009 5907 7398)
3(7009 7398 8705)
3(7477 6644 7009)
3(7477 7009 8705)
3(8705 7681 6645)
3(8705 6645 7477)
3(8706 7868 5521)
3(8706 5521 8067)
3(8586 5614 8130)
3(8586 8130 8706)
3(7661 5754 7868)
3(7661 7868 8706)
3(8130 5755 7661)
3(8130 7661 8706)
3(8706 8067 6104)
3(8706 6104 8108)
3(8706 8108 6106)
3(8706 6106 8586)
3(8707 8370 5756)
3(8707 5756 7828)
3(7711 5757 8433)
3(7711 8433 8707)
3(8112 5762 7711)
3(8112 7711 8707)
3(7828 5763 8112)
3(7828 8112 8707)
3(8707 7089 6018)
3(8707 6018 8370)
3(8707 8433 6021)
3(8707 6021 7089)
3(8708 8076 5607)
3(8708 5607 7716)
3(7573 5896 8076)
3(7573 8076 8708)
3(7264 5902 8477)
3(7264 8477 8708)
3(8477 5903 7573)
3(8477 7573 8708)
3(8708 7716 5904)
3(8708 5904 8207)
3(8708 8207 5905)
3(8708 5905 7264)
3(8709 7978 5695)
3(8709 5695 8483)
3(7943 5696 7198)
3(7943 7198 8709)
3(8439 5697 7943)
3(8439 7943 8709)
3(8709 8483 5698)
3(8709 5698 8439)
3(8709 6785 5699)
3(8709 5699 7978)
3(7198 5700 6785)
3(7198 6785 8709)
3(7980 5906 7728)
3(7980 7728 8710)
3(8710 7728 5907)
3(8710 5907 7009)
3(8710 6934 6643)
3(8710 6643 8082)
3(8710 7009 6644)
3(8710 6644 6934)
3(8082 6652 8117)
3(8082 8117 8710)
3(8117 6654 7980)
3(8117 7980 8710)
3(8711 6879 5754)
3(8711 5754 7661)
3(8711 7661 5755)
3(8711 5755 7582)
3(8711 7582 5767)
3(8711 5767 8088)
3(7623 6019 6879)
3(7623 6879 8711)
3(8088 6022 6820)
3(8088 6820 8711)
3(6820 6024 7623)
3(6820 7623 8711)
3(8108 6104 6886)
3(8108 6886 8712)
3(8712 6886 6105)
3(8712 6105 8074)
3(7676 6106 8108)
3(7676 8108 8712)
3(8712 8074 6107)
3(8712 6107 8214)
3(8179 6108 7676)
3(8179 7676 8712)
3(8712 8214 6109)
3(8712 6109 8179)
3(8713 8181 5758)
3(8713 5758 7379)
3(8713 6922 5759)
3(8713 5759 8181)
3(7379 5760 7718)
3(7379 7718 8713)
3(7718 5761 8486)
3(7718 8486 8713)
3(8713 8486 5762)
3(8713 5762 8112)
3(8713 8112 5763)
3(8713 5763 6922)
3(8207 5904 7155)
3(8207 7155 8714)
3(6927 5905 8207)
3(6927 8207 8714)
3(6890 6136 6927)
3(6890 6927 8714)
3(7383 6141 6890)
3(7383 6890 8714)
3(8714 8361 6651)
3(8714 6651 7383)
3(8714 7155 6653)
3(8714 6653 8361)
3(7026 5750 8494)
3(7026 8494 8715)
3(8494 5752 8267)
3(8494 8267 8715)
3(8267 5756 8370)
3(8267 8370 8715)
3(8370 6018 8124)
3(8370 8124 8715)
3(8715 8124 6023)
3(8715 6023 8009)
3(8715 8009 6025)
3(8715 6025 7026)
3(7488 5900 8475)
3(7488 8475 8716)
3(8475 5901 7251)
3(8475 7251 8716)
3(8716 8477 5902)
3(8716 5902 6786)
3(8716 7251 5903)
3(8716 5903 8477)
3(8716 6786 6137)
3(8716 6137 6986)
3(8716 6986 6142)
3(8716 6142 7488)
3(7649 5516 6930)
3(7649 6930 8717)
3(8717 8587 5517)
3(8717 5517 7649)
3(8483 5695 7021)
3(8483 7021 8717)
3(6930 5698 8483)
3(6930 8483 8717)
3(8717 7718 5760)
3(8717 5760 8587)
3(8717 7021 5761)
3(8717 5761 7718)
3(8293 6649 8592)
3(8293 8592 8718)
3(8718 7579 6650)
3(8718 6650 8293)
3(8592 6651 8361)
3(8592 8361 8718)
3(8718 8117 6652)
3(8718 6652 7579)
3(8361 6653 7679)
3(8361 7679 8718)
3(8718 7679 6654)
3(8718 6654 8117)
3(8719 6820 6022)
3(8719 6022 8534)
3(8009 6023 7305)
3(8009 7305 8719)
3(8719 7305 6024)
3(8719 6024 6820)
3(8226 6025 8009)
3(8226 8009 8719)
3(7951 6026 8226)
3(7951 8226 8719)
3(8719 8534 6027)
3(8719 6027 7951)
3(8720 8475 5900)
3(8720 5900 8676)
3(8720 7776 5901)
3(8720 5901 8475)
3(8214 6107 7776)
3(8214 7776 8720)
3(7675 6109 8214)
3(7675 8214 8720)
3(8720 8676 6360)
3(8720 6360 8397)
3(8397 6361 7675)
3(8397 7675 8720)
3(8721 8267 5752)
3(8721 5752 7947)
3(8721 7828 5756)
3(8721 5756 8267)
3(7680 5759 6922)
3(7680 6922 8721)
3(6922 5763 7828)
3(6922 7828 8721)
3(7182 6013 7680)
3(7182 7680 8721)
3(8721 7947 6014)
3(8721 6014 7182)
3(6786 5902 7264)
3(6786 7264 8722)
3(8722 7264 5905)
3(8722 5905 6927)
3(8722 6927 6136)
3(8722 6136 7307)
3(7584 6137 6786)
3(7584 6786 8722)
3(8722 7307 6362)
3(8722 6362 6844)
3(6844 6363 7584)
3(6844 7584 8722)
3(8449 5577 6795)
3(8449 6795 8723)
3(8723 8525 5578)
3(8723 5578 8449)
3(8723 7681 5696)
3(8723 5696 7943)
3(8723 7943 5697)
3(8723 5697 8525)
3(7819 6645 7681)
3(7819 7681 8723)
3(6795 6647 7819)
3(6795 7819 8723)
3(8614 6643 6934)
3(8614 6934 8724)
3(6934 6644 7477)
3(6934 7477 8724)
3(8724 7477 6645)
3(8724 6645 7819)
3(7911 6646 8614)
3(7911 8614 8724)
3(8724 7819 6647)
3(8724 6647 8383)
3(8724 8383 6648)
3(8724 6648 7911)
3(8725 8130 5614)
3(8725 5614 7932)
3(7582 5755 8130)
3(7582 8130 8725)
3(8553 5765 8617)
3(8553 8617 8725)
3(8617 5767 7582)
3(8617 7582 8725)
3(8725 7932 6287)
3(8725 6287 7318)
3(8725 7318 6288)
3(8725 6288 8553)
3(7932 5614 8586)
3(7932 8586 8726)
3(8726 7295 5898)
3(8726 5898 8557)
3(8726 8586 6106)
3(8726 6106 7676)
3(8726 7676 6108)
3(8726 6108 7295)
3(8557 6286 7531)
3(8557 7531 8726)
3(7531 6287 7932)
3(7531 7932 8726)
3(8727 6930 5516)
3(8727 5516 8503)
3(7687 5578 8525)
3(7687 8525 8727)
3(8192 5580 7687)
3(8192 7687 8727)
3(8727 8503 5582)
3(8727 5582 8192)
3(8525 5697 8439)
3(8525 8439 8727)
3(8727 8439 5698)
3(8727 5698 6930)
3(6899 6474 7166)
3(6899 7166 8728)
3(8728 7691 6475)
3(8728 6475 6899)
3(8728 8082 6643)
3(8728 6643 8614)
3(8728 8614 6646)
3(8728 6646 7691)
3(7166 6650 7579)
3(7166 7579 8728)
3(7579 6652 8082)
3(7579 8082 8728)
3(8295 5764 8595)
3(8295 8595 8729)
3(8729 8617 5765)
3(8729 5765 7785)
3(8729 7785 5766)
3(8729 5766 8295)
3(8729 8088 5767)
3(8729 5767 8617)
3(8534 6022 8088)
3(8534 8088 8729)
3(8595 6027 8534)
3(8595 8534 8729)
3(7790 5898 7295)
3(7790 7295 8730)
3(7295 6108 8179)
3(7295 8179 8730)
3(8730 8179 6109)
3(8730 6109 7675)
3(6988 6111 7790)
3(6988 7790 8730)
3(8730 7270 6359)
3(8730 6359 6988)
3(8730 7675 6361)
3(8730 6361 7270)
3(7962 5611 8649)
3(7962 8649 8731)
3(8649 5758 8181)
3(8649 8181 8731)
3(8731 8181 5759)
3(8731 5759 7680)
3(7124 6004 7962)
3(7124 7962 8731)
3(8731 7680 6013)
3(8731 6013 7671)
3(8731 7671 6017)
3(8731 6017 7124)
3(8732 8597 6132)
3(8732 6132 7130)
3(8732 8657 6135)
3(8732 6135 8597)
3(7307 6136 6890)
3(7307 6890 8732)
3(8732 6890 6141)
3(8732 6141 8657)
3(7678 6362 7307)
3(7678 7307 8732)
3(7130 6366 7678)
3(7130 7678 8732)
3(8733 8494 5750)
3(8733 5750 7826)
3(8733 7826 5751)
3(8733 5751 7078)
3(7947 5752 8494)
3(7947 8494 8733)
3(8733 7078 5753)
3(8733 5753 7615)
3(7884 6014 7947)
3(7884 7947 8733)
3(7615 6016 7884)
3(7615 7884 8733)
3(7232 6133 8678)
3(7232 8678 8734)
3(8734 6986 6137)
3(8734 6137 7584)
3(8678 6138 6829)
3(8678 6829 8734)
3(6829 6142 6986)
3(6829 6986 8734)
3(8734 7584 6363)
3(8734 6363 7524)
3(8734 7524 6364)
3(8734 6364 7232)
3(7916 5514 7983)
3(7916 7983 8735)
3(8735 8190 5515)
3(8735 5515 7916)
3(7983 5517 8587)
3(7983 8587 8735)
3(8735 8649 5611)
3(8735 5611 8190)
3(8735 7379 5758)
3(8735 5758 8649)
3(8587 5760 7379)
3(8587 7379 8735)
3(7842 6135 8657)
3(7842 8657 8736)
3(8657 6141 7383)
3(8657 7383 8736)
3(8736 7629 6483)
3(8736 6483 7550)
3(7550 6484 7842)
3(7550 7842 8736)
3(8736 8592 6649)
3(8736 6649 7629)
3(8736 7383 6651)
3(8736 6651 8592)
3(7826 5750 7026)
3(7826 7026 8737)
3(8294 5751 7826)
3(8294 7826 8737)
3(8002 5771 8294)
3(8002 8294 8737)
3(8737 8080 5773)
3(8737 5773 8002)
3(8737 7026 6025)
3(8737 6025 8226)
3(8737 8226 6026)
3(8737 6026 8080)
3(8676 5900 7488)
3(8676 7488 8738)
3(8738 6829 6138)
3(8738 6138 7955)
3(8738 7955 6139)
3(8738 6139 7648)
3(8738 7488 6142)
3(8738 6142 6829)
3(7648 6357 7730)
3(7648 7730 8738)
3(7730 6360 8676)
3(7730 8676 8738)
3(8739 8371 5576)
3(8739 5576 7654)
3(8739 6795 5577)
3(8739 5577 8371)
3(8739 7654 5985)
3(8739 5985 8100)
3(8100 6251 8176)
3(8100 8176 8739)
3(8383 6647 6795)
3(8383 6795 8739)
3(8176 6648 8383)
3(8176 8383 8739)
3(7671 6013 7182)
3(7671 7182 8740)
3(8740 7182 6014)
3(8740 6014 7884)
3(7072 6015 8139)
3(7072 8139 8740)
3(8740 7884 6016)
3(8740 6016 7072)
3(8139 6017 7671)
3(8139 7671 8740)
3(8741 6844 6362)
3(8741 6362 7678)
3(7524 6363 6844)
3(7524 6844 8741)
3(8509 6364 7524)
3(8509 7524 8741)
3(8741 8251 6365)
3(8741 6365 8509)
3(8741 7678 6366)
3(8741 6366 8251)
3(8742 7531 6286)
3(8742 6286 8495)
3(8742 7318 6287)
3(8742 6287 7531)
3(8660 6288 7318)
3(8660 7318 8742)
3(7970 6289 8660)
3(7970 8660 8742)
3(8742 8495 6656)
3(8742 6656 8401)
3(8401 6660 7970)
3(8401 7970 8742)
3(8743 7983 5514)
3(8743 5514 8336)
3(8503 5516 7649)
3(8503 7649 8743)
3(8743 7649 5517)
3(8743 5517 7983)
3(8123 5582 8503)
3(8123 8503 8743)
3(8743 8336 5589)
3(8743 5589 8563)
3(8563 5593 8123)
3(8563 8123 8743)
3(8744 6826 6473)
3(8744 6473 8565)
3(8744 7166 6474)
3(8744 6474 6826)
3(8565 6482 8344)
3(8565 8344 8744)
3(8344 6483 7629)
3(8344 7629 8744)
3(7629 6649 8293)
3(7629 8293 8744)
3(8744 8293 6650)
3(8744 6650 7166)
3(8745 7257 5612)
3(8745 5612 7709)
3(8745 8595 5764)
3(8745 5764 7257)
3(7709 5772 7487)
3(7709 7487 8745)
3(7487 5773 8080)
3(7487 8080 8745)
3(8080 6026 7951)
3(8080 7951 8745)
3(8745 7951 6027)
3(8745 6027 8595)
3(8645 6356 6928)
3(8645 6928 8746)
3(8746 7730 6357)
3(8746 6357 8459)
3(8746 8459 6358)
3(8746 6358 8645)
3(6928 6359 7270)
3(6928 7270 8746)
3(8746 8397 6360)
3(8746 6360 7730)
3(7270 6361 8397)
3(7270 8397 8746)
3(7121 5576 8371)
3(7121 8371 8747)
3(8371 5577 8449)
3(8371 8449 8747)
3(8747 8449 5578)
3(8747 5578 7687)
3(8747 7687 5580)
3(8747 5580 8368)
3(8747 8368 5595)
3(8747 5595 7653)
3(7653 5597 7121)
3(7653 7121 8747)
3(8748 8176 6251)
3(8748 6251 6804)
3(8748 6804 6252)
3(8748 6252 7282)
3(7282 6470 8015)
3(7282 8015 8748)
3(8015 6475 7691)
3(8015 7691 8748)
3(7691 6646 7911)
3(7691 7911 8748)
3(8748 7911 6648)
3(8748 6648 8176)
3(7785 5765 8553)
3(7785 8553 8749)
3(8484 5766 7785)
3(8484 7785 8749)
3(7754 6005 8484)
3(7754 8484 8749)
3(8749 7227 6006)
3(8749 6006 7754)
3(8749 8553 6288)
3(8749 6288 8660)
3(8749 8660 6289)
3(8749 6289 7227)
3(8750 8557 5898)
3(8750 5898 7790)
3(8750 8116 6110)
3(8750 6110 7387)
3(8750 7790 6111)
3(8750 6111 8116)
3(8495 6286 8557)
3(8495 8557 8750)
3(6903 6656 8495)
3(6903 8495 8750)
3(7387 6657 6903)
3(7387 6903 8750)
3(8368 5580 8192)
3(8368 8192 8751)
3(8751 8192 5582)
3(8751 5582 8123)
3(8751 8123 5593)
3(8751 5593 8046)
3(8751 8046 5594)
3(8751 5594 6866)
3(6906 5595 8368)
3(6906 8368 8751)
3(6866 5598 6906)
3(6866 6906 8751)
3(8752 8015 6470)
3(8752 6470 7546)
3(8752 7546 6471)
3(8752 6471 7500)
3(7500 6472 8052)
3(7500 8052 8752)
3(8052 6473 6826)
3(8052 6826 8752)
3(6826 6474 6899)
3(6826 6899 8752)
3(8752 6899 6475)
3(8752 6475 8015)
3(7698 5612 7257)
3(7698 7257 8753)
3(8469 5613 7698)
3(8469 7698 8753)
3(7257 5764 8295)
3(7257 8295 8753)
3(8753 8295 5766)
3(8753 5766 8484)
3(8753 8484 6005)
3(8753 6005 7177)
3(8753 7177 6008)
3(8753 6008 8469)
3(7645 6110 8116)
3(7645 8116 8754)
3(8116 6111 6988)
3(8116 6988 8754)
3(8754 8151 6114)
3(8754 6114 7614)
3(7614 6115 7645)
3(7614 7645 8754)
3(8754 6928 6356)
3(8754 6356 8151)
3(8754 6988 6359)
3(8754 6359 6928)
3(7058 5515 8190)
3(7058 8190 8755)
3(7504 5518 7058)
3(7504 7058 8755)
3(8190 5611 7962)
3(8190 7962 8755)
3(8755 7962 6004)
3(8755 6004 8526)
3(8014 6277 7504)
3(8014 7504 8755)
3(8755 8526 6278)
3(8755 6278 8014)
3(8643 6127 8533)
3(8643 8533 8756)
3(8756 7510 6129)
3(8756 6129 8643)
3(8533 6132 8597)
3(8533 8597 8756)
3(8756 8597 6135)
3(8756 6135 7842)
3(8756 7842 6484)
3(8756 6484 7063)
3(8756 7063 6486)
3(8756 6486 7510)
3(7664 5616 8164)
3(7664 8164 8757)
3(8757 7141 5617)
3(8757 5617 7664)
3(8757 7078 5751)
3(8757 5751 8294)
3(8164 5753 7078)
3(8164 7078 8757)
3(8757 8664 5770)
3(8757 5770 7141)
3(8757 8294 5771)
3(8757 5771 8664)
3(8758 8622 6131)
3(8758 6131 6819)
3(8758 8678 6133)
3(8758 6133 8622)
3(6819 6134 7622)
3(6819 7622 8758)
3(7955 6138 8678)
3(7955 8678 8758)
3(7168 6139 7955)
3(7168 7955 8758)
3(7622 6140 7168)
3(7622 7168 8758)
3(8526 6004 7124)
3(8526 7124 8759)
3(8759 8139 6015)
3(8759 6015 8376)
3(8759 7124 6017)
3(8759 6017 8139)
3(8759 8376 6035)
3(8759 6035 8045)
3(8264 6278 8526)
3(8264 8526 8759)
3(8759 8045 6282)
3(8759 6282 8264)
3(7921 6120 7692)
3(7921 7692 8760)
3(7692 6125 8024)
3(7692 8024 8760)
3(8760 8533 6127)
3(8760 6127 7921)
3(8760 7130 6132)
3(8760 6132 8533)
3(8024 6365 8251)
3(8024 8251 8760)
3(8251 6366 7130)
3(8251 7130 8760)
3(8761 8164 5616)
3(8761 5616 7923)
3(8761 7615 5753)
3(8761 5753 8164)
3(8376 6015 7072)
3(8376 7072 8761)
3(7072 6016 7615)
3(7072 7615 8761)
3(7923 6032 7428)
3(7923 7428 8761)
3(7428 6035 8376)
3(7428 8376 8761)
3(8762 8024 6125)
3(8762 6125 7537)
3(8762 7537 6126)
3(8762 6126 8008)
3(8008 6131 8622)
3(8008 8622 8762)
3(8622 6133 7232)
3(8622 7232 8762)
3(8762 7232 6364)
3(8762 6364 8509)
3(8762 8509 6365)
3(8762 6365 8024)
3(8336 5514 7916)
3(8336 7916 8763)
3(8763 7916 5515)
3(8763 5515 7058)
3(8763 7058 5518)
3(8763 5518 6994)
3(8763 6994 5519)
3(8763 5519 8530)
3(6796 5589 8336)
3(6796 8336 8763)
3(8530 5591 6796)
3(8530 6796 8763)
3(8764 8344 6482)
3(8764 6482 7742)
3(8764 7550 6483)
3(8764 6483 8344)
3(7063 6484 7550)
3(7063 7550 8764)
3(8764 7742 6485)
3(8764 6485 8163)
3(7967 6486 7063)
3(7967 7063 8764)
3(8163 6487 7967)
3(8163 7967 8764)
3(8598 5770 8664)
3(8598 8664 8765)
3(8664 5771 8002)
3(8664 8002 8765)
3(8765 7487 5772)
3(8765 5772 8382)
3(8765 8002 5773)
3(8765 5773 7487)
3(6872 6040 8598)
3(6872 8598 8765)
3(8765 8382 6044)
3(8765 6044 6872)
3(7302 6116 6901)
3(7302 6901 8766)
3(8766 7085 6117)
3(8766 6117 7302)
3(8766 7648 6139)
3(8766 6139 7168)
3(8766 7168 6140)
3(8766 6140 7085)
3(8459 6357 7648)
3(8459 7648 8766)
3(6901 6358 8459)
3(6901 8459 8766)
3(7237 5575 7283)
3(7237 7283 8767)
3(8767 7654 5576)
3(8767 5576 7121)
3(8767 6832 5596)
3(8767 5596 7237)
3(8767 7121 5597)
3(8767 5597 6832)
3(7283 5984 6784)
3(7283 6784 8767)
3(6784 5985 7654)
3(6784 7654 8767)
3(8768 6784 5984)
3(8768 5984 7490)
3(8768 8100 5985)
3(8768 5985 6784)
3(6804 6251 8100)
3(6804 8100 8768)
3(7457 6252 6804)
3(7457 6804 8768)
3(7920 6253 7457)
3(7920 7457 8768)
3(8768 7490 6256)
3(8768 6256 7920)
3(7098 6006 7227)
3(7098 7227 8769)
3(7557 6007 7098)
3(7557 7098 8769)
3(8769 7119 6285)
3(8769 6285 7557)
3(7227 6289 7970)
3(7227 7970 8769)
3(8769 8365 6659)
3(8769 6659 7119)
3(8769 7970 6660)
3(8769 6660 8365)
3(8006 6655 7791)
3(8006 7791 8770)
3(8770 8401 6656)
3(8770 6656 6903)
3(8770 6903 6657)
3(8770 6657 7583)
3(8770 7583 6658)
3(8770 6658 8006)
3(7791 6659 8365)
3(7791 8365 8770)
3(8365 6660 8401)
3(8365 8401 8770)
3(8771 7653 5595)
3(8771 5595 6906)
3(7501 5596 6832)
3(7501 6832 8771)
3(6832 5597 7653)
3(6832 7653 8771)
3(8771 6906 5598)
3(8771 5598 7024)
3(8771 7024 5599)
3(8771 5599 7199)
3(7199 5600 7501)
3(7199 7501 8771)
3(8772 7282 6252)
3(8772 6252 7457)
3(8772 7457 6253)
3(8772 6253 7131)
3(7546 6470 7282)
3(7546 7282 8772)
3(8625 6471 7546)
3(8625 7546 8772)
3(8161 6477 8625)
3(8161 8625 8772)
3(8772 7131 6478)
3(8772 6478 8161)
3(7177 6005 7754)
3(7177 7754 8773)
3(8773 7754 6006)
3(8773 6006 7098)
3(8773 7098 6007)
3(8773 6007 7138)
3(8630 6008 7177)
3(8630 7177 8773)
3(6871 6010 8630)
3(6871 8630 8773)
3(8773 7138 6011)
3(8773 6011 6871)
3(8774 6799 5899)
3(8774 5899 8276)
3(8774 7387 6110)
3(8774 6110 7645)
3(8774 7645 6115)
3(8774 6115 6799)
3(8276 6489 7233)
3(8276 7233 8774)
3(7583 6657 7387)
3(7583 7387 8774)
3(7233 6658 7583)
3(7233 7583 8774)
3(8775 8563 5589)
3(8775 5589 6796)
3(6968 5590 8224)
3(6968 8224 8775)
3(8775 6796 5591)
3(8775 5591 7235)
3(8775 7235 5592)
3(8775 5592 6968)
3(8046 5593 8563)
3(8046 8563 8775)
3(8224 5594 8046)
3(8224 8046 8775)
3(8776 7881 6434)
3(8776 6434 8567)
3(8567 6435 6912)
3(8567 6912 8776)
3(8776 8052 6472)
3(8776 6472 7881)
3(8776 8565 6473)
3(8776 6473 8052)
3(7742 6482 8565)
3(7742 8565 8776)
3(6912 6485 7742)
3(6912 7742 8776)
3(8777 7709 5612)
3(8777 5612 7698)
3(8777 7698 5613)
3(8777 5613 7888)
3(8382 5772 7709)
3(8382 7709 8777)
3(8777 7888 6037)
3(8777 6037 8572)
3(7556 6044 8382)
3(7556 8382 8777)
3(8572 6045 7556)
3(8572 7556 8777)
3(8778 7561 6112)
3(8778 6112 7240)
3(7240 6113 8537)
3(7240 8537 8778)
3(8537 6114 8151)
3(8537 8151 8778)
3(8778 6901 6116)
3(8778 6116 7561)
3(8151 6356 8645)
3(8151 8645 8778)
3(8778 8645 6358)
3(8778 6358 6901)
3(8779 7428 6032)
3(8779 6032 7693)
3(8779 7693 6033)
3(8779 6033 7621)
3(7621 6034 8655)
3(7621 8655 8779)
3(8779 8045 6035)
3(8779 6035 7428)
3(8655 6281 7422)
3(8655 7422 8779)
3(7422 6282 8045)
3(7422 8045 8779)
3(8780 7429 6118)
3(8780 6118 7354)
3(8780 7354 6119)
3(8780 6119 7624)
3(8780 7692 6120)
3(8780 6120 7429)
3(7624 6122 8333)
3(7624 8333 8780)
3(7537 6125 7692)
3(7537 7692 8780)
3(8333 6126 7537)
3(8333 7537 8780)
3(8781 8224 5590)
3(8781 5590 7563)
3(8781 6866 5594)
3(8781 5594 8224)
3(7024 5598 6866)
3(7024 6866 8781)
3(7034 5599 7024)
3(7034 7024 8781)
3(8781 7563 5967)
3(8781 5967 7463)
3(7463 5968 7034)
3(7463 7034 8781)
3(7471 6432 8200)
3(7471 8200 8782)
3(8200 6434 7881)
3(8200 7881 8782)
3(8782 7500 6471)
3(8782 6471 8625)
3(7881 6472 7500)
3(7881 7500 8782)
3(8782 8625 6477)
3(8782 6477 7038)
3(8782 7038 6479)
3(8782 6479 7471)
3(7888 5613 8469)
3(7888 8469 8783)
3(8783 8469 6008)
3(8783 6008 8630)
3(8783 7133 6009)
3(8783 6009 7588)
3(8783 8630 6010)
3(8783 6010 7133)
3(7657 6037 7888)
3(7657 7888 8783)
3(7588 6038 7657)
3(7588 7657 8783)
3(7140 5899 6799)
3(7140 6799 8784)
3(8784 8537 6113)
3(8784 6113 8303)
3(8784 7614 6114)
3(8784 6114 8537)
3(6799 6115 7614)
3(6799 7614 8784)
3(8784 8303 6528)
3(8784 6528 7593)
3(7593 6529 7140)
3(7593 7140 8784)
3(8785 7283 5575)
3(8785 5575 7595)
3(8785 7595 5579)
3(8785 5579 7507)
3(8785 7507 5712)
3(8785 5712 7296)
3(7490 5984 7283)
3(7490 7283 8785)
3(7296 6255 8036)
3(7296 8036 8785)
3(8036 6256 7490)
3(8036 7490 8785)
3(7397 6283 6962)
3(7397 6962 8786)
3(6962 6284 7029)
3(6962 7029 8786)
3(7029 6285 7119)
3(7029 7119 8786)
3(8786 7476 6488)
3(8786 6488 7397)
3(8786 7791 6655)
3(8786 6655 7476)
3(8786 7119 6659)
3(8786 6659 7791)
3(6994 5518 7504)
3(6994 7504 8787)
3(7960 5519 6994)
3(7960 6994 8787)
3(8787 7867 6263)
3(8787 6263 8373)
3(8373 6265 7960)
3(8373 7960 8787)
3(8787 7504 6277)
3(8787 6277 6933)
3(8787 6933 6279)
3(8787 6279 7867)
3(8788 7599 5988)
3(8788 5988 8022)
3(7512 6124 7890)
3(7512 7890 8788)
3(8022 6128 7512)
3(8022 7512 8788)
3(7890 6129 7510)
3(7890 7510 8788)
3(8788 7510 6486)
3(8788 6486 7967)
3(8788 7967 6487)
3(8788 6487 7599)
3(7518 5615 8541)
3(7518 8541 8789)
3(8541 5617 7141)
3(8541 7141 8789)
3(8789 7141 5770)
3(8789 5770 8598)
3(8027 5820 7518)
3(8027 7518 8789)
3(8789 8598 6040)
3(8789 6040 8237)
3(8789 8237 6041)
3(8789 6041 8027)
3(8250 6117 7085)
3(8250 7085 8790)
3(8790 7622 6134)
3(8790 6134 7210)
3(7085 6140 7622)
3(7085 7622 8790)
3(8659 6552 8250)
3(8659 8250 8790)
3(8790 7210 6716)
3(8790 6716 8158)
3(8790 8158 6717)
3(8790 6717 8659)
3(6933 6277 8014)
3(6933 8014 8791)
3(8791 8014 6278)
3(8791 6278 8264)
3(7092 6279 6933)
3(7092 6933 8791)
3(8791 7392 6280)
3(8791 6280 7092)
3(8791 7422 6281)
3(8791 6281 7392)
3(8791 8264 6282)
3(8791 6282 7422)
3(8051 6118 7429)
3(8051 7429 8792)
3(7429 6120 7921)
3(7429 7921 8792)
3(7097 6121 8051)
3(7097 8051 8792)
3(8792 7890 6124)
3(8792 6124 7097)
3(7921 6127 8643)
3(7921 8643 8792)
3(8792 8643 6129)
3(8792 6129 7890)
3(8793 8541 5615)
3(8793 5615 6780)
3(7923 5616 7664)
3(7923 7664 8793)
3(8793 7664 5617)
3(8793 5617 8541)
3(6780 5769 7699)
3(6780 7699 8793)
3(7693 6032 7923)
3(7693 7923 8793)
3(7699 6033 7693)
3(7699 7693 8793)
3(8794 8333 6122)
3(8794 6122 7703)
3(8794 8008 6126)
3(8794 6126 8333)
3(8794 6819 6131)
3(8794 6131 8008)
3(7210 6134 6819)
3(7210 6819 8794)
3(7396 6716 7210)
3(7396 7210 8794)
3(8794 7703 6720)
3(8794 6720 7396)
3(7595 5575 7237)
3(7595 7237 8795)
3(7803 5579 7595)
3(7803 7595 8795)
3(8795 7237 5596)
3(8795 5596 7501)
3(8795 7501 5600)
3(8795 5600 7590)
3(8532 5974 7803)
3(8532 7803 8795)
3(8795 7590 5975)
3(8795 5975 8532)
3(7131 6253 7920)
3(7131 7920 8796)
3(8796 7810 6254)
3(8796 6254 8538)
3(8796 8036 6255)
3(8796 6255 7810)
3(8796 7920 6256)
3(8796 6256 8036)
3(8538 6476 7597)
3(8538 7597 8796)
3(7597 6478 7131)
3(7597 7131 8796)
3(7138 6007 7557)
3(7138 7557 8797)
3(8236 6011 7138)
3(8236 7138 8797)
3(8797 7029 6284)
3(8797 6284 8463)
3(8797 7557 6285)
3(8797 6285 7029)
3(8797 8463 6294)
3(8797 6294 7209)
3(7209 6295 8236)
3(7209 8236 8797)
3(7439 6488 7476)
3(7439 7476 8798)
3(8798 7233 6489)
3(8798 6489 7887)
3(7476 6655 8006)
3(7476 8006 8798)
3(8798 8006 6658)
3(8798 6658 7233)
3(6876 6661 7439)
3(6876 7439 8798)
3(8798 7887 6662)
3(8798 6662 6876)
3(8799 8530 5519)
3(8799 5519 7960)
3(6880 5587 7895)
3(6880 7895 8799)
3(7235 5591 8530)
3(7235 8530 8799)
3(7895 5592 7235)
3(7895 7235 8799)
3(8799 7960 6265)
3(8799 6265 8607)
3(8799 8607 6266)
3(8799 6266 6880)
3(8693 5988 7599)
3(8693 7599 8800)
3(8800 6912 6435)
3(8800 6435 7991)
3(8800 8163 6485)
3(8800 6485 6912)
3(7599 6487 8163)
3(7599 8163 8800)
3(6975 6633 8693)
3(6975 8693 8800)
3(8800 7991 6634)
3(8800 6634 6975)
3(8237 6040 6872)
3(8237 6872 8801)
3(6778 6041 8237)
3(6778 8237 8801)
3(6982 6042 6778)
3(6982 6778 8801)
3(8801 7995 6043)
3(8801 6043 6982)
3(8801 6872 6044)
3(8801 6044 7556)
3(8801 7556 6045)
3(8801 6045 7995)
3(7636 6112 7561)
3(7636 7561 8802)
3(7561 6116 7302)
3(7561 7302 8802)
3(8802 7302 6117)
3(8802 6117 8250)
3(8802 8250 6552)
3(8802 6552 8356)
3(8577 6671 7636)
3(8577 7636 8802)
3(8802 8356 6672)
3(8802 6672 8577)
3(8803 7199 5599)
3(8803 5599 7034)
3(7590 5600 7199)
3(7590 7199 8803)
3(8803 7037 5966)
3(8803 5966 8287)
3(8803 7034 5968)
3(8803 5968 7037)
3(8287 5970 7567)
3(8287 7567 8803)
3(7567 5975 7590)
3(7567 7590 8803)
3(8804 7597 6476)
3(8804 6476 8017)
3(7038 6477 8161)
3(7038 8161 8804)
3(8804 8161 6478)
3(8804 6478 7597)
3(7508 6479 7038)
3(7508 7038 8804)
3(8804 8017 6480)
3(8804 6480 7419)
3(7419 6481 7508)
3(7419 7508 8804)
3(7139 6009 7133)
3(7139 7133 8805)
3(7133 6010 6871)
3(7133 6871 8805)
3(8805 6871 6011)
3(8805 6011 8236)
3(8388 6012 7139)
3(8388 7139 8805)
3(8805 7662 6290)
3(8805 6290 8388)
3(8805 8236 6295)
3(8805 6295 7662)
3(8806 8276 5899)
3(8806 5899 7140)
3(7887 6489 8276)
3(7887 8276 8806)
3(8806 7140 6529)
3(8806 6529 7146)
3(8806 7146 6533)
3(8806 6533 7068)
3(8305 6662 7887)
3(8305 7887 8806)
3(7068 6664 8305)
3(7068 8305 8806)
3(8807 7895 5587)
3(8807 5587 7292)
3(7563 5590 6968)
3(7563 6968 8807)
3(8807 6968 5592)
3(8807 5592 7895)
3(8258 5967 7563)
3(8258 7563 8807)
3(8669 6228 8258)
3(8669 8258 8807)
3(8807 7292 6230)
3(8807 6230 8669)
3(8808 8200 6432)
3(8808 6432 8692)
3(8808 8692 6433)
3(8808 6433 7173)
3(8808 8567 6434)
3(8808 6434 8200)
3(7991 6435 8567)
3(7991 8567 8808)
3(8420 6634 7991)
3(8420 7991 8808)
3(7173 6636 8420)
3(7173 8420 8808)
3(6837 6036 7402)
3(6837 7402 8809)
3(8809 8572 6037)
3(8809 6037 7657)
3(8809 7657 6038)
3(8809 6038 8350)
3(8809 8350 6039)
3(8809 6039 6837)
3(7402 6043 7995)
3(7402 7995 8809)
3(7995 6045 8572)
3(7995 8572 8809)
3(8810 7240 6112)
3(8810 6112 7636)
3(8303 6113 7240)
3(8303 7240 8810)
3(6842 6527 8355)
3(6842 8355 8810)
3(8355 6528 8303)
3(8355 8303 8810)
3(8810 7636 6671)
3(8810 6671 8062)
3(8810 8062 6674)
3(8810 6674 6842)
3(8811 7375 6030)
3(8811 6030 8523)
3(8811 8655 6034)
3(8811 6034 7375)
3(7247 6274 6843)
3(7247 6843 8811)
3(8811 8523 6275)
3(8811 6275 7247)
3(6843 6280 7392)
3(6843 7392 8811)
3(7392 6281 8655)
3(7392 8655 8811)
3(8812 7354 6118)
3(8812 6118 8051)
3(7465 6119 7354)
3(7465 7354 8812)
3(8812 8051 6121)
3(8812 6121 8252)
3(8812 8252 6123)
3(8812 6123 8662)
3(8613 6143 7465)
3(8613 7465 8812)
3(8662 6146 8613)
3(8662 8613 8812)
3(8813 6941 5768)
3(8813 5768 7363)
3(8813 7699 5769)
3(8813 5769 6941)
3(7363 6029 8362)
3(7363 8362 8813)
3(8362 6030 7375)
3(8362 7375 8813)
3(8813 7621 6033)
3(8813 6033 7699)
3(7375 6034 7621)
3(7375 7621 8813)
3(8814 7624 6119)
3(8814 6119 7465)
3(7703 6122 7624)
3(7703 7624 8814)
3(8814 7465 6143)
3(8814 6143 8010)
3(8814 8010 6147)
3(8814 6147 7008)
3(8549 6720 7703)
3(8549 7703 8814)
3(7008 6721 8549)
3(7008 8549 8814)
3(8815 7507 5579)
3(8815 5579 7803)
3(7216 5583 7971)
3(7216 7971 8815)
3(7313 5712 7507)
3(7313 7507 8815)
3(7971 5713 7313)
3(7971 7313 8815)
3(8815 8257 5971)
3(8815 5971 7216)
3(8815 7803 5974)
3(8815 5974 8257)
3(8816 7975 5711)
3(8816 5711 7695)
3(8816 7296 5712)
3(8816 5712 7313)
3(8816 7313 5713)
3(8816 5713 7975)
3(7695 5987 8691)
3(7695 8691 8816)
3(8691 6254 7810)
3(8691 7810 8816)
3(7810 6255 7296)
3(7810 7296 8816)
3(8817 7415 5692)
3(8817 5692 7864)
3(8817 7864 5693)
3(8817 5693 7327)
3(8817 6962 6283)
3(8817 6283 7415)
3(8463 6284 6962)
3(8463 6962 8817)
3(7327 6293 8349)
3(7327 8349 8817)
3(8349 6294 8463)
3(8349 8463 8817)
3(8060 5692 7415)
3(8060 7415 8818)
3(7993 5885 8060)
3(7993 8060 8818)
3(7415 6283 7397)
3(7415 7397 8818)
3(8818 7397 6488)
3(8818 6488 7439)
3(8818 7439 6661)
3(8818 6661 8354)
3(8818 8354 6663)
3(8818 6663 7993)
3(7782 6263 7867)
3(7782 7867 8819)
3(7937 6268 7782)
3(7937 7782 8819)
3(8819 7707 6273)
3(8819 6273 7937)
3(8819 6843 6274)
3(8819 6274 7707)
3(8819 7867 6279)
3(8819 6279 7092)
3(8819 7092 6280)
3(8819 6280 6843)
3(8252 6121 7097)
3(8252 7097 8820)
3(8160 6123 8252)
3(8160 8252 8820)
3(7097 6124 7512)
3(7097 7512 8820)
3(8820 7512 6128)
3(8820 6128 6937)
3(8381 6394 8160)
3(8381 8160 8820)
3(8820 6937 6397)
3(8820 6397 8381)
3(8028 5525 7815)
3(8028 7815 8821)
3(6780 5615 7518)
3(6780 7518 8821)
3(7815 5768 6941)
3(7815 6941 8821)
3(6941 5769 6780)
3(6941 6780 8821)
3(8821 7518 5820)
3(8821 5820 7897)
3(8821 7897 5822)
3(8821 5822 8028)
3(8822 8158 6716)
3(8822 6716 7396)
3(8548 6717 8158)
3(8548 8158 8822)
3(8822 7821 6718)
3(8822 6718 8034)
3(8034 6719 8548)
3(8034 8548 8822)
3(8822 7396 6720)
3(8822 6720 8549)
3(8822 8549 6721)
3(8822 6721 7821)
3(8823 8373 6263)
3(8823 6263 7782)
3(7215 6264 8256)
3(7215 8256 8823)
3(8607 6265 8373)
3(8607 8373 8823)
3(8256 6266 8607)
3(8256 8607 8823)
3(8823 7782 6268)
3(8823 6268 8166)
3(8823 8166 6270)
3(8823 6270 7215)
3(8824 8022 5988)
3(8824 5988 8693)
3(6937 6128 8022)
3(6937 8022 8824)
3(7158 6397 6937)
3(7158 6937 8824)
3(6888 6398 7158)
3(6888 7158 8824)
3(8824 8693 6633)
3(8824 6633 7905)
3(8824 7905 6635)
3(8824 6635 6888)
3(7897 5820 8027)
3(7897 8027 8825)
3(8825 8348 5821)
3(8825 5821 7326)
3(8279 5822 7897)
3(8279 7897 8825)
3(7326 5823 8279)
3(7326 8279 8825)
3(8825 8027 6041)
3(8825 6041 6778)
3(8825 6778 6042)
3(8825 6042 8348)
3(8356 6552 8659)
3(8356 8659 8826)
3(7999 6672 8356)
3(7999 8356 8826)
3(6985 6673 7999)
3(6985 7999 8826)
3(8826 7256 6677)
3(8826 6677 6985)
3(8826 8659 6717)
3(8826 6717 8548)
3(8826 8548 6719)
3(8826 6719 7256)
3(7706 5966 7037)
3(7706 7037 8827)
3(8827 7463 5967)
3(8827 5967 8258)
3(7037 5968 7463)
3(7037 7463 8827)
3(7635 5969 7706)
3(7635 7706 8827)
3(8827 8258 6228)
3(8827 6228 8208)
3(8827 8208 6229)
3(8827 6229 7635)
3(8828 7342 6218)
3(8828 6218 8590)
3(8590 6219 7857)
3(8590 7857 8828)
3(8692 6432 7471)
3(8692 7471 8828)
3(7857 6433 8692)
3(7857 8692 8828)
3(8828 7471 6479)
3(8828 6479 7508)
3(8828 7508 6481)
3(8828 6481 7342)
3(8829 7813 5547)
3(8829 5547 7740)
3(7740 5644 8310)
3(7740 8310 8829)
3(8829 7588 6009)
3(8829 6009 7139)
3(8829 7139 6012)
3(8829 6012 7813)
3(8350 6038 7588)
3(8350 7588 8829)
3(8310 6039 8350)
3(8310 8350 8829)
3(8830 7007 6526)
3(8830 6526 7744)
3(8830 8355 6527)
3(8830 6527 7007)
3(8830 7593 6528)
3(8830 6528 8355)
3(7146 6529 7593)
3(7146 7593 8830)
3(7744 6532 8467)
3(7744 8467 8830)
3(8467 6533 7146)
3(8467 7146 8830)
3(8831 7567 5970)
3(8831 5970 6953)
3(7151 5971 8257)
3(7151 8257 8831)
3(7374 5972 7151)
3(7374 7151 8831)
3(8831 6953 5973)
3(8831 5973 7374)
3(8257 5974 8532)
3(8257 8532 8831)
3(8831 8532 5975)
3(8831 5975 7567)
3(8832 7817 5986)
3(8832 5986 8030)
3(8832 8691 5987)
3(8832 5987 7817)
3(8030 6216 7607)
3(8030 7607 8832)
3(8832 8538 6254)
3(8832 6254 8691)
3(8017 6476 8538)
3(8017 8538 8832)
3(7607 6480 8017)
3(7607 8017 8832)
3(7039 6290 7662)
3(7039 7662 8833)
3(7474 6291 7039)
3(7474 7039 8833)
3(8833 7248 6292)
3(8833 6292 7474)
3(8833 8349 6293)
3(8833 6293 7248)
3(8833 7209 6294)
3(8833 6294 8349)
3(7662 6295 7209)
3(7662 7209 8833)
3(8354 6661 6876)
3(8354 6876 8834)
3(8834 6876 6662)
3(8834 6662 8305)
3(7930 6663 8354)
3(7930 8354 8834)
3(8834 8305 6664)
3(8834 6664 7704)
3(8129 6665 7930)
3(8129 7930 8834)
3(8834 7704 6666)
3(8834 6666 8129)
3(7292 5587 6880)
3(7292 6880 8835)
3(8835 7935 5588)
3(8835 5588 8134)
3(7705 6230 7292)
3(7705 7292 8835)
3(8134 6233 7705)
3(8134 7705 8835)
3(8835 8256 6264)
3(8835 6264 7935)
3(8835 6880 6266)
3(8835 6266 8256)
3(7905 6633 6975)
3(7905 6975 8836)
3(8836 6975 6634)
3(8836 6634 8420)
3(7575 6635 7905)
3(7575 7905 8836)
3(8836 8420 6636)
3(8836 6636 7339)
3(7778 6637 7575)
3(7778 7575 8836)
3(8836 7339 6638)
3(8836 6638 7778)
3(8837 7812 5817)
3(8837 5817 8247)
3(8247 5819 8025)
3(8247 8025 8837)
3(8025 5821 8348)
3(8025 8348 8837)
3(8837 7402 6036)
3(8837 6036 7812)
3(8348 6042 6982)
3(8348 6982 8837)
3(8837 6982 6043)
3(8837 6043 7402)
3(8062 6671 8577)
3(8062 8577 8838)
3(8838 8577 6672)
3(8838 6672 7999)
3(8838 7999 6673)
3(8838 6673 7670)
3(7440 6674 8062)
3(7440 8062 8838)
3(7894 6675 7440)
3(7894 7440 8838)
3(8838 7670 6676)
3(8838 6676 7894)
3(7901 5581 8423)
3(7901 8423 8839)
3(8839 7971 5583)
3(8839 5583 8606)
3(8839 8606 5584)
3(8839 5584 7901)
3(8423 5711 7975)
3(8423 7975 8839)
3(7975 5713 7971)
3(7975 7971 8839)
3(8840 7323 6028)
3(8840 6028 8239)
3(8840 8362 6029)
3(8840 6029 7323)
3(8840 8523 6030)
3(8840 6030 8362)
3(8239 6031 7990)
3(8239 7990 8840)
3(7064 6275 8523)
3(7064 8523 8840)
3(7990 6276 7064)
3(7990 7064 8840)
3(8010 6143 8613)
3(8010 8613 8841)
3(8841 8451 6144)
3(8841 6144 8677)
3(8841 7538 6145)
3(8841 6145 8451)
3(8841 8613 6146)
3(8841 6146 7538)
3(7794 6147 8010)
3(7794 8010 8841)
3(8677 6148 7794)
3(8677 7794 8841)
3(8842 7864 5692)
3(8842 5692 8060)
3(6959 5693 7864)
3(6959 7864 8842)
3(8386 5694 6959)
3(8386 6959 8842)
3(8842 8060 5885)
3(8842 5885 6783)
3(8842 6783 5887)
3(8842 5887 8386)
3(8843 8033 6271)
3(8843 6271 8551)
3(8551 6272 7333)
3(8551 7333 8843)
3(7333 6273 7707)
3(7333 7707 8843)
3(7707 6274 7247)
3(7707 7247 8843)
3(8843 7247 6275)
3(8843 6275 7064)
3(8843 7064 6276)
3(8843 6276 8033)
3(8844 8662 6123)
3(8844 6123 8160)
3(8037 6145 7538)
3(8037 7538 8844)
3(7538 6146 8662)
3(7538 8662 8844)
3(7214 6149 8037)
3(7214 8037 8844)
3(8844 8160 6394)
3(8844 6394 7338)
3(8844 7338 6395)
3(8844 6395 7214)
3(8845 7815 5525)
3(8845 5525 7434)
3(8845 7363 5768)
3(8845 5768 7815)
3(8845 7434 5781)
3(8845 5781 8632)
3(8632 5782 8131)
3(8632 8131 8845)
3(8131 6028 7323)
3(8131 7323 8845)
3(7323 6029 7363)
3(7323 7363 8845)
3(8846 8135 6130)
3(8846 6130 7325)
3(8846 7008 6147)
3(8846 6147 7794)
3(8846 7794 6148)
3(8846 6148 8135)
3(7325 6679 7438)
3(7325 7438 8846)
3(7438 6718 7821)
3(7438 7821 8846)
3(7821 6721 7008)
3(7821 7008 8846)
3(7482 5727 7293)
3(7482 7293 8847)
3(8847 6812 5728)
3(8847 5728 7482)
3(8847 8287 5966)
3(8847 5966 7706)
3(8847 7706 5969)
3(8847 5969 6812)
3(6953 5970 8287)
3(6953 8287 8847)
3(7293 5973 6953)
3(7293 6953 8847)
3(8848 7301 6215)
3(8848 6215 7489)
3(8848 7607 6216)
3(8848 6216 7301)
3(7489 6217 6815)
3(7489 6815 8848)
3(6815 6218 7342)
3(6815 7342 8848)
3(8848 7419 6480)
3(8848 6480 7607)
3(7342 6481 7419)
3(7342 7419 8848)
3(7441 5547 7813)
3(7441 7813 8849)
3(8138 5548 7441)
3(8138 7441 8849)
3(8849 7977 5549)
3(8849 5549 8138)
3(7813 6012 8388)
3(7813 8388 8849)
3(8849 8388 6290)
3(8849 6290 7039)
3(8849 7039 6291)
3(8849 6291 7977)
3(7608 6530 8061)
3(7608 8061 8850)
3(8850 6918 6531)
3(8850 6531 7608)
3(8850 8467 6532)
3(8850 6532 6918)
3(8850 7068 6533)
3(8850 6533 8467)
3(7704 6664 7068)
3(7704 7068 8850)
3(8061 6666 7704)
3(8061 7704 8850)
3(8208 6228 8669)
3(8208 8669 8851)
3(8359 6229 8208)
3(8359 8208 8851)
3(8851 8669 6230)
3(8851 6230 7705)
3(8254 6231 8359)
3(8254 8359 8851)
3(8851 8069 6232)
3(8851 6232 8254)
3(8851 7705 6233)
3(8851 6233 8069)
3(8852 7857 6219)
3(8852 6219 8005)
3(8852 7173 6433)
3(8852 6433 7857)
3(8852 8005 6436)
3(8852 6436 7902)
3(7902 6438 7713)
3(7902 7713 8852)
3(7339 6636 7173)
3(7339 7173 8852)
3(7713 6638 7339)
3(7713 7339 8852)
3(8853 8636 5643)
3(8853 5643 7909)
3(8853 8310 5644)
3(8853 5644 8636)
3(7909 5816 7721)
3(7909 7721 8853)
3(7721 5817 7812)
3(7721 7812 8853)
3(7812 6036 6837)
3(7812 6837 8853)
3(8853 6837 6039)
3(8853 6039 8310)
3(7998 6333 8106)
3(7998 8106 8854)
3(8106 6526 7007)
3(8106 7007 8854)
3(7007 6527 6842)
3(7007 6842 8854)
3(8854 7822 6556)
3(8854 6556 7998)
3(8854 6842 6674)
3(8854 6674 7440)
3(8854 7440 6675)
3(8854 6675 7822)
3(8855 7253 6267)
3(8855 6267 7779)
3(8166 6268 7937)
3(8166 7937 8855)
3(7779 6269 7076)
3(7779 7076 8855)
3(7076 6270 8166)
3(7076 8166 8855)
3(8855 7333 6272)
3(8855 6272 7253)
3(8855 7937 6273)
3(8855 6273 7333)
3(7338 6394 8381)
3(7338 8381 8856)
3(7261 6395 7338)
3(7261 7338 8856)
3(8432 6396 7261)
3(8432 7261 8856)
3(8856 8381 6397)
3(8856 6397 7158)
3(8856 7158 6398)
3(8856 6398 7749)
3(8856 7749 6399)
3(8856 6399 8432)
3(7434 5525 8028)
3(7434 8028 8857)
3(8857 8682 5624)
3(8857 5624 8075)
3(8075 5780 6931)
3(8075 6931 8857)
3(6931 5781 7434)
3(6931 7434 8857)
3(8857 8028 5822)
3(8857 5822 8279)
3(8857 8279 5823)
3(8857 5823 8682)
3(7853 6677 7256)
3(7853 7256 8858)
3(8546 6678 7853)
3(8546 7853 8858)
3(8858 7438 6679)
3(8858 6679 7373)
3(8858 7373 6680)
3(8858 6680 8546)
3(8858 8034 6718)
3(8858 6718 7438)
3(7256 6719 8034)
3(7256 8034 8858)
3(8606 5583 7216)
3(8606 7216 8859)
3(7046 5584 8606)
3(7046 8606 8859)
3(7225 5585 7046)
3(7225 7046 8859)
3(8859 8001 5586)
3(8859 5586 7225)
3(8859 7216 5971)
3(8859 5971 7151)
3(8859 7151 5972)
3(8859 5972 8001)
3(8860 8423 5581)
3(8860 5581 7242)
3(8860 7695 5711)
3(8860 5711 8423)
3(7899 5725 8004)
3(7899 8004 8860)
3(8860 7242 5726)
3(8860 5726 7899)
3(8004 5986 7817)
3(8004 7817 8860)
3(7817 5987 7695)
3(7817 7695 8860)
3(7907 5689 8635)
3(7907 8635 8861)
3(8861 7924 5690)
3(8861 5690 7907)
3(8861 7327 5693)
3(8861 5693 6959)
3(8861 6959 5694)
3(8861 5694 7924)
3(8635 6292 7248)
3(8635 7248 8861)
3(7248 6293 7327)
3(7248 7327 8861)
3(6783 5885 7993)
3(6783 7993 8862)
3(7997 5886 7569)
3(7997 7569 8862)
3(7569 5887 6783)
3(7569 6783 8862)
3(8862 8104 6328)
3(8862 6328 7997)
3(8862 7993 6663)
3(8862 6663 7930)
3(8862 7930 6665)
3(8862 6665 8104)
3(8863 7252 5496)
3(8863 5496 8000)
3(8000 5571 6810)
3(8000 6810 8863)
3(6810 5588 7935)
3(6810 7935 8863)
3(7935 6264 7215)
3(7935 7215 8863)
3(8863 7076 6269)
3(8863 6269 7252)
3(8863 7215 6270)
3(8863 6270 7076)
3(7749 6398 6888)
3(7749 6888 8864)
3(6925 6399 7749)
3(6925 7749 8864)
3(8864 8400 6400)
3(8864 6400 7640)
3(7640 6402 6925)
3(7640 6925 8864)
3(8864 6888 6635)
3(8864 6635 7575)
3(8864 7575 6637)
3(8864 6637 8400)
3(6929 5624 8682)
3(6929 8682 8865)
3(8291 5640 6929)
3(8291 6929 8865)
3(8865 8406 5818)
3(8865 5818 8291)
3(8865 8025 5819)
3(8865 5819 8406)
3(8865 7326 5821)
3(8865 5821 8025)
3(8682 5823 7326)
3(8682 7326 8865)
3(7750 6553 8512)
3(7750 8512 8866)
3(8866 7012 6558)
3(8866 6558 7750)
3(7670 6673 6985)
3(7670 6985 8866)
3(8512 6676 7670)
3(8512 7670 8866)
3(8866 6985 6677)
3(8866 6677 7853)
3(8866 7853 6678)
3(8866 6678 7012)
3(7017 5728 6812)
3(7017 6812 8867)
3(8867 8174 5729)
3(8867 5729 8394)
3(8394 5730 7017)
3(8394 7017 8867)
3(6812 5969 7635)
3(6812 7635 8867)
3(8867 7635 6229)
3(8867 6229 8359)
3(8867 8359 6231)
3(8867 6231 8174)
3(8868 7674 6155)
3(8868 6155 8396)
3(8868 6815 6217)
3(8868 6217 7674)
3(8868 8590 6218)
3(8868 6218 6815)
3(8005 6219 8590)
3(8005 8590 8868)
3(8177 6436 8005)
3(8177 8005 8868)
3(8396 6439 8177)
3(8396 8177 8868)
3(8039 5495 7830)
3(8039 7830 8869)
3(8869 7300 5504)
3(8869 5504 8039)
3(8869 7740 5547)
3(8869 5547 7441)
3(8869 7441 5548)
3(8869 5548 7300)
3(7830 5643 8636)
3(7830 8636 8869)
3(8636 5644 7740)
3(8636 7740 8869)
3(8870 8106 6333)
3(8870 6333 8482)
3(8674 6518 7306)
3(8674 7306 8870)
3(8870 8482 6519)
3(8870 6519 8674)
3(8870 7744 6526)
3(8870 6526 8106)
3(7306 6531 6918)
3(7306 6918 8870)
3(6918 6532 7744)
3(6918 7744 8870)
3(8140 5510 7945)
3(8140 7945 8871)
3(8871 8215 5513)
3(8871 5513 8140)
3(7945 5586 8001)
3(7945 8001 8871)
3(8871 7293 5727)
3(8871 5727 8215)
3(8001 5972 7374)
3(8001 7374 8871)
3(8871 7374 5973)
3(8871 5973 7293)
3(6848 5714 6923)
3(6848 6923 8872)
3(8872 8579 5721)
3(8872 5721 6848)
3(8872 8004 5725)
3(8872 5725 8579)
3(8872 8030 5986)
3(8872 5986 8004)
3(6923 6215 7301)
3(6923 7301 8872)
3(7301 6216 8030)
3(7301 8030 8872)
3(8521 5549 7977)
3(8521 7977 8873)
3(7795 5550 8521)
3(7795 8521 8873)
3(8873 7585 5685)
3(8873 5685 7795)
3(8873 8635 5689)
3(8873 5689 7585)
3(7977 6291 7474)
3(7977 7474 8873)
3(8873 7474 6292)
3(8873 6292 8635)
3(8220 6328 8104)
3(8220 8104 8874)
3(8452 6331 8220)
3(8452 8220 8874)
3(8874 8527 6332)
3(8874 6332 8452)
3(8874 8061 6530)
3(8874 6530 8527)
3(8104 6665 8129)
3(8104 8129 8874)
3(8874 8129 6666)
3(8874 6666 8061)
3(8875 8672 5569)
3(8875 5569 6950)
3(6950 5570 7669)
3(6950 7669 8875)
3(8875 6810 5571)
3(8875 5571 8672)
3(8875 8134 5588)
3(8875 5588 6810)
3(7669 6232 8069)
3(7669 8069 8875)
3(8069 6233 8134)
3(8069 8134 8875)
3(8318 6400 8400)
3(8318 8400 8876)
3(8554 6403 8318)
3(8554 8318 8876)
3(8876 8618 6437)
3(8876 6437 8554)
3(8876 7713 6438)
3(8876 6438 8618)
3(8400 6637 7778)
3(8400 7778 8876)
3(8876 7778 6638)
3(8876 6638 7713)
3(8561 5814 7013)
3(8561 7013 8877)
3(8877 7298 5815)
3(8877 5815 8561)
3(8877 7721 5816)
3(8877 5816 7298)
3(8877 8247 5817)
3(8877 5817 7721)
3(7013 5818 8406)
3(7013 8406 8877)
3(8406 5819 8247)
3(8406 8247 8877)
3(8878 8512 6553)
3(8878 6553 7987)
3(8878 7987 6554)
3(8878 6554 8193)
3(8193 6555 6965)
3(8193 6965 8878)
3(6965 6556 7822)
3(6965 7822 8878)
3(7822 6675 7894)
3(7822 7894 8878)
3(8878 7894 6676)
3(8878 6676 8512)
3(8879 7406 5507)
3(8879 5507 7331)
3(7242 5581 7901)
3(7242 7901 8879)
3(8879 7901 5584)
3(8879 5584 7046)
3(8879 7046 5585)
3(8879 5585 7406)
3(7331 5723 7869)
3(7331 7869 8879)
3(7869 5726 7242)
3(7869 7242 8879)
3(7337 5688 7876)
3(7337 7876 8880)
3(7876 5690 7924)
3(7876 7924 8880)
3(8880 8313 5691)
3(8880 5691 7337)
3(7924 5694 8386)
3(7924 8386 8880)
3(8880 7569 5886)
3(8880 5886 8313)
3(8880 8386 5887)
3(8880 5887 7569)
3(8881 7787 6001)
3(8881 6001 6990)
3(8881 6990 6002)
3(8881 6002 7758)
3(7758 6003 8042)
3(7758 8042 8881)
3(8881 7990 6031)
3(8881 6031 7787)
3(8042 6271 8033)
3(8042 8033 8881)
3(8033 6276 7990)
3(8033 7990 8881)
3(7793 6144 8451)
3(7793 8451 8882)
3(8882 8451 6145)
3(8882 6145 8037)
3(8882 8037 6149)
3(8882 6149 8047)
3(6996 6367 7793)
3(6996 7793 8882)
3(8402 6368 6996)
3(8402 6996 8882)
3(8882 8047 6370)
3(8882 6370 8402)
3(8883 8131 5782)
3(8883 5782 8142)
3(7856 5996 6850)
3(7856 6850 8883)
3(8883 8142 5998)
3(8883 5998 7856)
3(6850 6001 7787)
3(6850 7787 8883)
3(8883 8239 6028)
3(8883 6028 8131)
3(7787 6031 8239)
3(7787 8239 8883)
3(8146 6130 8135)
3(8146 8135 8884)
3(8884 8677 6144)
3(8884 6144 7793)
3(8135 6148 8677)
3(8135 8677 8884)
3(8884 7793 6367)
3(8884 6367 6854)
3(8884 6854 6369)
3(8884 6369 8513)
3(8513 6373 8146)
3(8513 8146 8884)
3(8454 5604 7798)
3(8454 7798 8885)
3(6997 5742 8454)
3(6997 8454 8885)
3(8885 8042 6003)
3(8885 6003 6997)
3(7798 6267 7253)
3(7798 7253 8885)
3(8885 8551 6271)
3(8885 6271 8042)
3(7253 6272 8551)
3(7253 8551 8885)
3(8047 6149 7214)
3(8047 7214 8886)
3(7647 6370 8047)
3(7647 8047 8886)
3(8886 7214 6395)
3(8886 6395 7261)
3(8886 7261 6396)
3(8886 6396 8455)
3(8886 7115 6595)
3(8886 6595 7647)
3(8886 8455 6600)
3(8886 6600 7115)
3(8887 6931 5780)
3(8887 5780 6951)
3(8887 8632 5781)
3(8887 5781 6931)
3(8142 5782 8632)
3(8142 8632 8887)
3(8887 6951 5783)
3(8887 5783 7606)
3(8887 7606 5997)
3(8887 5997 8101)
3(8101 5998 8142)
3(8101 8142 8887)
3(8888 7325 6130)
3(8888 6130 8146)
3(8888 8146 6373)
3(8888 6373 7753)
3(7753 6374 7223)
3(7753 7223 8888)
3(7223 6559 8556)
3(7223 8556 8888)
3(7373 6679 7325)
3(7373 7325 8888)
3(8556 6680 7373)
3(8556 7373 8888)
3(6823 5496 7252)
3(6823 7252 8889)
3(7755 5602 6823)
3(7755 6823 8889)
3(8889 8675 5603)
3(8889 5603 7755)
3(8889 7798 5604)
3(8889 5604 8675)
3(8889 7779 6267)
3(8889 6267 7798)
3(7252 6269 7779)
3(7252 7779 8889)
3(8455 6396 8432)
3(8455 8432 8890)
3(8890 8432 6399)
3(8890 6399 6925)
3(8890 8416 6401)
3(8890 6401 7389)
3(8890 6925 6402)
3(8890 6402 8416)
3(7389 6599 8329)
3(7389 8329 8890)
3(8329 6600 8455)
3(8329 8455 8890)
3(8891 8075 5624)
3(8891 5624 6929)
3(8511 5625 6849)
3(8511 6849 8891)
3(8891 6929 5640)
3(8891 5640 6924)
3(8891 6924 5641)
3(8891 5641 8511)
3(6951 5780 8075)
3(6951 8075 8891)
3(6849 5783 6951)
3(6849 6951 8891)
3(7498 6557 8522)
3(7498 8522 8892)
3(8522 6558 7012)
3(8522 7012 8892)
3(8892 8556 6559)
3(8892 6559 8443)
3(8892 8443 6560)
3(8892 6560 7498)
3(7012 6678 8546)
3(7012 8546 8892)
3(8892 8546 6680)
3(8892 6680 8556)
3(7719 5513 8215)
3(7719 8215 8893)
3(8215 5727 7482)
3(8215 7482 8893)
3(8893 7482 5728)
3(8893 5728 7017)
3(8893 7017 5730)
3(8893 5730 7197)
3(8893 7197 5976)
3(8893 5976 8144)
3(8144 5977 7719)
3(8144 7719 8893)
3(8894 6923 5714)
3(8894 5714 7726)
3(8894 7726 5715)
3(8894 5715 8152)
3(7201 6155 7674)
3(7201 7674 8894)
3(8152 6156 7201)
3(8152 7201 8894)
3(8894 7489 6215)
3(8894 6215 6923)
3(7674 6217 7489)
3(7674 7489 8894)
3(6868 5504 7300)
3(6868 7300 8895)
3(7300 5548 8138)
3(7300 8138 8895)
3(8895 8138 5549)
3(8895 5549 8521)
3(8895 8521 5550)
3(8895 5550 7360)
3(8895 7360 5673)
3(8895 5673 7804)
3(7804 5674 6868)
3(7804 6868 8895)
3(8476 6332 8527)
3(8476 8527 8896)
3(8896 7306 6518)
3(8896 6518 7299)
3(8263 6520 8476)
3(8263 8476 8896)
3(8896 7299 6524)
3(8896 6524 8263)
3(8527 6530 7608)
3(8527 7608 8896)
3(8896 7608 6531)
3(8896 6531 7306)
3(8897 7669 5570)
3(8897 5570 7455)
3(8409 5729 8174)
3(8409 8174 8897)
3(8174 6231 8254)
3(8174 8254 8897)
3(8897 8254 6232)
3(8897 6232 7669)
3(8897 7455 6234)
3(8897 6234 7918)
3(7918 6235 8409)
3(7918 8409 8897)
3(8898 7902 6436)
3(8898 6436 8177)
3(8114 6437 8618)
3(8114 8618 8898)
3(8618 6438 7902)
3(8618 7902 8898)
3(8898 8177 6439)
3(8898 6439 8415)
3(8898 8415 6440)
3(8898 6440 8560)
3(8560 6749 8114)
3(8560 8114 8898)
3(8899 7830 5495)
3(8899 5495 8056)
3(8899 7909 5643)
3(8899 5643 7830)
3(7559 5671 7764)
3(7559 7764 8899)
3(8899 8056 5672)
3(8899 5672 7559)
3(7764 5815 7298)
3(7764 7298 8899)
3(7298 5816 7909)
3(7298 7909 8899)
3(8900 8213 6329)
3(8900 6329 8634)
3(8482 6333 7998)
3(8482 7998 8900)
3(8634 6517 8520)
3(8634 8520 8900)
3(8520 6519 8482)
3(8520 8482 8900)
3(8900 6965 6555)
3(8900 6555 8213)
3(8900 7998 6556)
3(8900 6556 6965)
3(8219 5507 7406)
3(8219 7406 8901)
3(8639 5508 8219)
3(8639 8219 8901)
3(8901 7195 5509)
3(8901 5509 8639)
3(8901 7945 5510)
3(8901 5510 7195)
3(7406 5585 7225)
3(7406 7225 8901)
3(8901 7225 5586)
3(8901 5586 7945)
3(6865 5721 8579)
3(6865 8579 8902)
3(8299 5722 6865)
3(8299 6865 8902)
3(8902 7869 5723)
3(8902 5723 8064)
3(8902 8064 5724)
3(8902 5724 8299)
3(8579 5725 7899)
3(8579 7899 8902)
3(8902 7899 5726)
3(8902 5726 7869)
3(6867 5685 7585)
3(6867 7585 8903)
3(6995 5686 6867)
3(6995 6867 8903)
3(8903 8071 5687)
3(8903 5687 6995)
3(8903 7876 5688)
3(8903 5688 8071)
3(7585 5689 7907)
3(7585 7907 8903)
3(8903 7907 5690)
3(8903 5690 7876)
3(7723 5691 8313)
3(7723 8313 8904)
3(8405 5884 7723)
3(8405 7723 8904)
3(8313 5886 7997)
3(8313 7997 8904)
3(8904 7997 6328)
3(8904 6328 8220)
3(8904 6957 6330)
3(8904 6330 8405)
3(8904 8220 6331)
3(8904 6331 6957)
3(8905 8000 5496)
3(8905 5496 6823)
3(6964 5569 8672)
3(6964 8672 8905)
3(8672 5571 8000)
3(8672 8000 8905)
3(8905 6823 5602)
3(8905 5602 7688)
3(7081 5738 6964)
3(7081 6964 8905)
3(8905 7688 5739)
3(8905 5739 7081)
3(8906 7640 6400)
3(8906 6400 8318)
3(8325 6401 8416)
3(8325 8416 8906)
3(8416 6402 7640)
3(8416 7640 8906)
3(8906 8318 6403)
3(8906 6403 7618)
3(8906 7618 6738)
3(8906 6738 7087)
3(7087 6739 8325)
3(7087 8325 8906)
3(8686 5639 7986)
3(8686 7986 8907)
3(6924 5640 8291)
3(6924 8291 8907)
3(7986 5641 6924)
3(7986 6924 8907)
3(8907 8569 5642)
3(8907 5642 8686)
3(8907 7013 5814)
3(8907 5814 8569)
3(8907 8291 5818)
3(8907 5818 7013)
3(7193 6098 7712)
3(7193 7712 8908)
3(8908 8440 6099)
3(8908 6099 7193)
3(7987 6553 7750)
3(7987 7750 8908)
3(7712 6554 7987)
3(7712 7987 8908)
3(8908 8522 6557)
3(8908 6557 8440)
3(8908 7750 6558)
3(8908 6558 8522)
3(8909 8394 5729)
3(8909 5729 8409)
3(7197 5730 8394)
3(7197 8394 8909)
3(8083 5976 7197)
3(8083 7197 8909)
3(8909 8409 6235)
3(8909 6235 8596)
3(8518 6461 8083)
3(8518 8083 8909)
3(8909 8596 6462)
3(8909 6462 8518)
3(8910 8396 6155)
3(8910 6155 7201)
3(8910 7201 6156)
3(8910 6156 8090)
3(8415 6439 8396)
3(8415 8396 8910)
3(7271 6440 8415)
3(7271 8415 8910)
3(8524 6754 7271)
3(8524 7271 8910)
3(8910 8090 6762)
3(8910 6762 8524)
3(8056 5495 8039)
3(8056 8039 8911)
3(8911 8039 5504)
3(8911 5504 6868)
3(8242 5672 8056)
3(8242 8056 8911)
3(8911 6868 5674)
3(8911 5674 7737)
3(8155 5852 8242)
3(8155 8242 8911)
3(8911 7737 5853)
3(8911 5853 8155)
3(8912 7380 6516)
3(8912 6516 8616)
3(8912 8520 6517)
3(8912 6517 7380)
3(7299 6518 8674)
3(7299 8674 8912)
3(8912 8674 6519)
3(8912 6519 8520)
3(8182 6524 7299)
3(8182 7299 8912)
3(8616 6525 8182)
3(8616 8182 8912)
3(7384 5509 7195)
3(7384 7195 8913)
3(7195 5510 8140)
3(7195 8140 8913)
3(8913 8140 5513)
3(8913 5513 7719)
3(8913 7719 5977)
3(8913 5977 8317)
3(7079 6240 7384)
3(7079 7384 8913)
3(8913 8317 6241)
3(8913 6241 7079)
3(8679 5568 7314)
3(8679 7314 8914)
3(7726 5714 6848)
3(7726 6848 8914)
3(7314 5715 7726)
3(7314 7726 8914)
3(8914 7027 5717)
3(8914 5717 8679)
3(8914 6848 5721)
3(8914 5721 6865)
3(8914 6865 5722)
3(8914 5722 7027)
3(7360 5550 7795)
3(7360 7795 8915)
3(7984 5673 7360)
3(7984 7360 8915)
3(8915 7795 5685)
3(8915 5685 6867)
3(8915 6867 5686)
3(8915 5686 7685)
3(8685 5845 7984)
3(8685 7984 8915)
3(8915 7685 5846)
3(8915 5846 8685)
3(7118 6330 6957)
3(7118 6957 8916)
3(6957 6331 8452)
3(6957 8452 8916)
3(8916 8452 6332)
3(8916 6332 8476)
3(6856 6515 7118)
3(6856 7118 8916)
3(8916 8476 6520)
3(8916 6520 7420)
3(8916 7420 6522)
3(8916 6522 6856)
3(8917 6950 5569)
3(8917 5569 6964)
3(7455 5570 6950)
3(7455 6950 8917)
3(8917 6964 5738)
3(8917 5738 7783)
3(8081 6234 7455)
3(8081 7455 8917)
3(8917 7783 6257)
3(8917 6257 6864)
3(6864 6259 8081)
3(6864 8081 8917)
3(7618 6403 8554)
3(7618 8554 8918)
3(8918 8554 6437)
3(8918 6437 8114)
3(8460 6731 6805)
3(8460 6805 8918)
3(8918 7731 6737)
3(8918 6737 8460)
3(6805 6738 7618)
3(6805 7618 8918)
3(8918 8114 6749)
3(8918 6749 7731)
3(7423 5642 8569)
3(7423 8569 8919)
3(8919 7764 5671)
3(8919 5671 7735)
3(8569 5814 8561)
3(8569 8561 8919)
3(8919 8561 5815)
3(8919 5815 7764)
3(8919 7735 5842)
3(8919 5842 8464)
3(8464 5843 7423)
3(8464 7423 8919)
3(7129 6090 8375)
3(7129 8375 8920)
3(8920 7430 6097)
3(8920 6097 7129)
3(8920 7712 6098)
3(8920 6098 7430)
3(8375 6329 8213)
3(8375 8213 8920)
3(8920 8193 6554)
3(8920 6554 7712)
3(8213 6555 8193)
3(8213 8193 8920)
3(8921 7837 5506)
3(8921 5506 7757)
3(8921 7331 5507)
3(8921 5507 8219)
3(8921 8219 5508)
3(8921 5508 7837)
3(7757 5719 8285)
3(7757 8285 8921)
3(8064 5723 7331)
3(8064 7331 8921)
3(8285 5724 8064)
3(8285 8064 8921)
3(7761 5563 8289)
3(7761 8289 8922)
3(8289 5687 8071)
3(8289 8071 8922)
3(8071 5688 7337)
3(8071 7337 8922)
3(8922 7337 5691)
3(8922 5691 7723)
3(8922 6797 5883)
3(8922 5883 7761)
3(8922 7723 5884)
3(8922 5884 6797)
3(7658 5621 7394)
3(7658 7394 8923)
3(7394 5745 8465)
3(7394 8465 8923)
3(8923 6850 5996)
3(8923 5996 6777)
3(8923 6777 6000)
3(8923 6000 7658)
3(8923 6990 6001)
3(8923 6001 6850)
3(8465 6002 6990)
3(8465 6990 8923)
3(6854 6367 6996)
3(6854 6996 8924)
3(8924 6996 6368)
3(8924 6368 7134)
3(7395 6369 6854)
3(7395 6854 8924)
3(8924 7134 6371)
3(8924 6371 8053)
3(8304 6372 7395)
3(8304 7395 8924)
3(8924 8053 6375)
3(8924 6375 8304)
3(7863 5603 8675)
3(7863 8675 8925)
3(8675 5604 8454)
3(8675 8454 8925)
3(8925 6818 5740)
3(8925 5740 7303)
3(7303 5741 7863)
3(7303 7863 8925)
3(8925 8454 5742)
3(8925 5742 7344)
3(8925 7344 5743)
3(8925 5743 6818)
3(6998 6595 7115)
3(6998 7115 8926)
3(8412 6596 6998)
3(8412 6998 8926)
3(6971 6597 8412)
3(6971 8412 8926)
3(8926 7506 6598)
3(8926 6598 6971)
3(8926 8329 6599)
3(8926 6599 7506)
3(8926 7115 6600)
3(8926 6600 8329)
3(8927 6849 5625)
3(8927 5625 7514)
3(7620 5774 8421)
3(7620 8421 8927)
3(8927 7514 5775)
3(8927 5775 7620)
3(8927 7606 5783)
3(8927 5783 6849)
3(8421 5995 7003)
3(8421 7003 8927)
3(7003 5997 7606)
3(7003 7606 8927)
3(8928 7223 6374)
3(8928 6374 8601)
3(8928 8601 6379)
3(8928 6379 8059)
3(8928 8059 6381)
3(8928 6381 7236)
3(7236 6385 7143)
3(7236 7143 8928)
3(8443 6559 7223)
3(8443 7223 8928)
3(7143 6560 8443)
3(7143 8443 8928)
3(7344 5742 6997)
3(7344 6997 8929)
3(8007 5743 7344)
3(8007 7344 8929)
3(8929 7496 5744)
3(8929 5744 8007)
3(8929 8465 5745)
3(8929 5745 7496)
3(8929 7758 6002)
3(8929 6002 8465)
3(6997 6003 7758)
3(6997 7758 8929)
3(7134 6368 8402)
3(7134 8402 8930)
3(8930 8402 6370)
3(8930 6370 7647)
3(7127 6371 7134)
3(7127 7134 8930)
3(7655 6594 7127)
3(7655 7127 8930)
3(8930 7647 6595)
3(8930 6595 6998)
3(8930 6998 6596)
3(8930 6596 7655)
3(8931 7003 5995)
3(8931 5995 7656)
3(6777 5996 7856)
3(6777 7856 8931)
3(8931 8101 5997)
3(8931 5997 7003)
3(8931 7856 5998)
3(8931 5998 8101)
3(7656 5999 7132)
3(7656 7132 8931)
3(7132 6000 6777)
3(7132 6777 8931)
3(8932 8513 6369)
3(8932 6369 7395)
3(8932 7395 6372)
3(8932 6372 7801)
3(7753 6373 8513)
3(7753 8513 8932)
3(8601 6374 7753)
3(8601 7753 8932)
3(8932 7801 6376)
3(8932 6376 8301)
3(8301 6379 8601)
3(8301 8601 8932)
3(7688 5602 7755)
3(7688 7755 8933)
3(8933 7755 5603)
3(8933 5603 7863)
3(7720 5739 7688)
3(7720 7688 8933)
3(8933 7863 5741)
3(8933 5741 8403)
3(8933 8403 5991)
3(8933 5991 6960)
3(6960 5992 7720)
3(6960 7720 8933)
3(8934 7389 6401)
3(8934 6401 8325)
3(8411 6598 7506)
3(8411 7506 8934)
3(7506 6599 7389)
3(7506 7389 8934)
3(8934 7727 6732)
3(8934 6732 6970)
3(8934 8325 6739)
3(8934 6739 7727)
3(6970 6740 8411)
3(6970 8411 8934)
3(8935 7359 5502)
3(8935 5502 8568)
3(7514 5625 8511)
3(7514 8511 8935)
3(8935 7986 5639)
3(8935 5639 7359)
3(8935 8511 5641)
3(8935 5641 7986)
3(8054 5775 7514)
3(8054 7514 8935)
3(8568 5779 8054)
3(8568 8054 8935)
3(7234 6096 7366)
3(7234 7366 8936)
3(7366 6099 8440)
3(7366 8440 8936)
3(8936 8058 6337)
3(8936 6337 7234)
3(8936 7143 6385)
3(8936 6385 8058)
3(8440 6557 7498)
3(8440 7498 8936)
3(8936 7498 6560)
3(8936 6560 7143)
3(8937 8144 5976)
3(8937 5976 8083)
3(8317 5977 8144)
3(8317 8144 8937)
3(7456 6241 8317)
3(7456 8317 8937)
3(8650 6242 7456)
3(8650 7456 8937)
3(8937 7161 6460)
3(8937 6460 8650)
3(8937 8083 6461)
3(8937 6461 7161)
3(8938 7314 5568)
3(8938 5568 7459)
3(8938 8152 5715)
3(8938 5715 7314)
3(8938 7459 5716)
3(8938 5716 7349)
3(8090 6156 8152)
3(8090 8152 8938)
3(7349 6157 7169)
3(7349 7169 8938)
3(7169 6762 8090)
3(7169 8090 8938)
3(8939 7804 5673)
3(8939 5673 7984)
3(7737 5674 7804)
3(7737 7804 8939)
3(8939 7984 5845)
3(8939 5845 8121)
3(8939 8121 5851)
3(8939 5851 7355)
3(7834 5853 7737)
3(7834 7737 8939)
3(7355 5854 7834)
3(7355 7834 8939)
3(7420 6520 8263)
3(7420 8263 8940)
3(7005 6521 7765)
3(7005 7765 8940)
3(7765 6522 7420)
3(7765 7420 8940)
3(8940 6839 6523)
3(8940 6523 7005)
3(8940 8263 6524)
3(8940 6524 8182)
3(8940 8182 6525)
3(8940 6525 6839)
3(8941 7918 6234)
3(8941 6234 8081)
3(8596 6235 7918)
3(8596 7918 8941)
3(8941 8081 6259)
3(8941 6259 7768)
3(8941 7768 6260)
3(8941 6260 8159)
3(8159 6457 6976)
3(8159 6976 8941)
3(6976 6462 8596)
3(6976 8596 8941)
3(8942 8560 6440)
3(8942 6440 7271)
3(7626 6735 7872)
3(7626 7872 8942)
3(7872 6737 7731)
3(7872 7731 8942)
3(8942 8380 6745)
3(8942 6745 7626)
3(7731 6749 8560)
3(7731 8560 8942)
3(8942 7271 6754)
3(8942 6754 8380)
3(7735 5671 7559)
3(7735 7559 8943)
3(8943 7559 5672)
3(8943 5672 8242)
3(8274 5841 7880)
3(8274 7880 8943)
3(7880 5842 7735)
3(7880 7735 8943)
3(8943 8242 5852)
3(8943 5852 7057)
3(8943 7057 5855)
3(8943 5855 8274)
3(8944 8375 6090)
3(8944 6090 7522)
3(8944 7522 6091)
3(8944 6091 7927)
3(7927 6323 8029)
3(7927 8029 8944)
3(8944 8634 6329)
3(8944 6329 8375)
3(8029 6516 7380)
3(8029 7380 8944)
3(7380 6517 8634)
3(7380 8634 8944)
3(8663 5506 7837)
3(8663 7837 8945)
3(7837 5508 8639)
3(7837 8639 8945)
3(8945 8639 5509)
3(8945 5509 7384)
3(6911 5512 8663)
3(6911 8663 8945)
3(8945 7384 6240)
3(8945 6240 8470)
3(8945 8470 6244)
3(8945 6244 6911)
3(6973 5717 7027)
3(6973 7027 8946)
3(7348 5718 6973)
3(7348 6973 8946)
3(8946 8285 5719)
3(8946 5719 7371)
3(8946 7371 5720)
3(8946 5720 7348)
3(7027 5722 8299)
3(7027 8299 8946)
3(8946 8299 5724)
3(8946 5724 8285)
3(8947 8321 5557)
3(8947 5557 7002)
3(8947 8289 5563)
3(8947 5563 8321)
3(7685 5686 6995)
3(7685 6995 8947)
3(8947 6995 5687)
3(8947 5687 8289)
3(8570 5846 7685)
3(8570 7685 8947)
3(7002 5847 8570)
3(7002 8570 8947)
3(8543 5883 6797)
3(8543 6797 8948)
3(6797 5884 8405)
3(6797 8405 8948)
3(7004 6101 8543)
3(7004 8543 8948)
3(8948 8405 6330)
3(8948 6330 7118)
3(8948 7238 6512)
3(8948 6512 7004)
3(8948 7118 6515)
3(8948 6515 7238)
3(7783 5738 7081)
3(7783 7081 8949)
3(8949 7081 5739)
3(8949 5739 7720)
3(8949 7720 5992)
3(8949 5992 8392)
3(8949 8392 5994)
3(8949 5994 7147)
3(8206 6257 7783)
3(8206 7783 8949)
3(7147 6258 8206)
3(7147 8206 8949)
3(8950 7350 6723)
3(8950 6723 8265)
3(8265 6726 6907)
3(8265 6907 8950)
3(8950 6805 6731)
3(8950 6731 7350)
3(6907 6732 7727)
3(6907 7727 8950)
3(8950 7087 6738)
3(8950 6738 6805)
3(7727 6739 7087)
3(7727 7087 8950)
3(7547 5502 7359)
3(7547 7359 8951)
3(7359 5639 8686)
3(7359 8686 8951)
3(8951 8686 5642)
3(8951 5642 7423)
3(8273 5670 7547)
3(8273 7547 8951)
3(8951 7423 5843)
3(8951 5843 7357)
3(8951 7357 5844)
3(8951 5844 8273)
3(8952 7366 6096)
3(8952 6096 7178)
3(7006 6097 7430)
3(7006 7430 8952)
3(7430 6098 7193)
3(7430 7193 8952)
3(8952 7193 6099)
3(8952 6099 7366)
3(7926 6343 7006)
3(7926 7006 8952)
3(8952 7178 6344)
3(8952 6344 7926)
3(8470 6240 7079)
3(8470 7079 8953)
3(8953 7079 6241)
3(8953 6241 7456)
3(8953 7456 6242)
3(8953 6242 7185)
3(8953 7185 6243)
3(8953 6243 8363)
3(8343 6244 8470)
3(8343 8470 8953)
3(8363 6245 8343)
3(8363 8343 8953)
3(7459 5568 8679)
3(7459 8679 8954)
3(7276 5716 7459)
3(7276 7459 8954)
3(8954 8679 5717)
3(8954 5717 6973)
3(8954 6973 5718)
3(8954 5718 7806)
3(8954 7806 5954)
3(8954 5954 8472)
3(8472 5955 7276)
3(8472 7276 8954)
3(8121 5845 8685)
3(8121 8685 8955)
3(8955 8685 5846)
3(8955 5846 8570)
3(8955 8570 5847)
3(8955 5847 8458)
3(8955 8458 5848)
3(8955 5848 7190)
3(7190 5850 7281)
3(7190 7281 8955)
3(7281 5851 8121)
3(7281 8121 8955)
3(7436 6512 7238)
3(7436 7238 8956)
3(6855 6513 7436)
3(6855 7436 8956)
3(8956 6945 6514)
3(8956 6514 6855)
3(7238 6515 6856)
3(7238 6856 8956)
3(8956 7765 6521)
3(8956 6521 6945)
3(8956 6856 6522)
3(8956 6522 7765)
3(8957 6864 6257)
3(8957 6257 8206)
3(8957 8206 6258)
3(8957 6258 8604)
3(7768 6259 6864)
3(7768 6864 8957)
3(8099 6260 7768)
3(8099 7768 8957)
3(8115 6261 8099)
3(8115 8099 8957)
3(8957 8604 6262)
3(8957 6262 8115)
3(7246 6722 7094)
3(7246 7094 8958)
3(7094 6723 7350)
3(7094 7350 8958)
3(8958 8562 6725)
3(8958 6725 7246)
3(7350 6731 8460)
3(7350 8460 8958)
3(8958 7872 6735)
3(8958 6735 8562)
3(8958 8460 6737)
3(8958 6737 7872)
3(8959 8197 5839)
3(8959 5839 7900)
3(7900 5840 6774)
3(7900 6774 8959)
3(8959 7880 5841)
3(8959 5841 8197)
3(8959 8464 5842)
3(8959 5842 7880)
3(7357 5843 8464)
3(7357 8464 8959)
3(6774 5844 7357)
3(6774 7357 8959)
3(7908 6089 8202)
3(7908 8202 8960)
3(7522 6090 7129)
3(7522 7129 8960)
3(8202 6091 7522)
3(8202 7522 8960)
3(8960 7129 6097)
3(8960 6097 7006)
3(8960 7391 6340)
3(8960 6340 7908)
3(8960 7006 6343)
3(8960 6343 7391)
3(8961 6976 6457)
3(8961 6457 7328)
3(8961 7328 6458)
3(8961 6458 7091)
3(7091 6459 7638)
3(7091 7638 8961)
3(7638 6460 7161)
3(7638 7161 8961)
3(7161 6461 8518)
3(7161 8518 8961)
3(8961 8518 6462)
3(8961 6462 6976)
3(8962 7169 6157)
3(8962 6157 6798)
3(7805 6745 8380)
3(7805 8380 8962)
3(8204 6747 7805)
3(8204 7805 8962)
3(8380 6754 8524)
3(8380 8524 8962)
3(8962 6798 6757)
3(8962 6757 8204)
3(8962 8524 6762)
3(8962 6762 7169)
3(7057 5852 8155)
3(7057 8155 8963)
3(8963 8155 5853)
3(8963 5853 7834)
3(8963 7834 5854)
3(8963 5854 7743)
3(7432 5855 7057)
3(7432 7057 8963)
3(7381 6076 7432)
3(7381 7432 8963)
3(8963 7743 6077)
3(8963 6077 7381)
3(8964 8029 6323)
3(8964 6323 8097)
3(8964 8097 6326)
3(8964 6326 8038)
3(8038 6327 8384)
3(8038 8384 8964)
3(8964 8616 6516)
3(8964 6516 8029)
3(8384 6523 6839)
3(8384 6839 8964)
3(6839 6525 8616)
3(6839 8616 8964)
3(8965 7757 5506)
3(8965 5506 8663)
3(8965 8390 5511)
3(8965 5511 8603)
3(8965 8663 5512)
3(8965 5512 8390)
3(8603 5564 6893)
3(8603 6893 8965)
3(7371 5719 7757)
3(7371 7757 8965)
3(6893 5720 7371)
3(6893 7371 8965)
3(7484 5554 8498)
3(7484 8498 8966)
3(8498 5557 8321)
3(8498 8321 8966)
3(8321 5563 7761)
3(8321 7761 8966)
3(8966 7761 5883)
3(8966 5883 8543)
3(8966 8543 6101)
3(8966 6101 8290)
3(8966 8290 6102)
3(8966 6102 7484)
3(7405 5618 7149)
3(7405 7149 8967)
3(7149 5619 7513)
3(7149 7513 8967)
3(8967 7394 5621)
3(8967 5621 7239)
3(8967 7239 5623)
3(8967 5623 7405)
3(7513 5744 7496)
3(7513 7496 8967)
3(7496 5745 7394)
3(7496 7394 8967)
3(8968 8053 6371)
3(8968 6371 7127)
3(6913 6375 8053)
3(6913 8053 8968)
3(7045 6377 6913)
3(7045 6913 8968)
3(8968 6814 6547)
3(8968 6547 7045)
3(8968 7144 6593)
3(8968 6593 6814)
3(8968 7127 6594)
3(8968 6594 7144)
3(8969 7148 5620)
3(8969 5620 7052)
3(7239 5621 7658)
3(7239 7658 8969)
3(7052 5622 6822)
3(7052 6822 8969)
3(6822 5623 7239)
3(6822 7239 8969)
3(8969 7132 5999)
3(8969 5999 7148)
3(8969 7658 6000)
3(8969 6000 7132)
3(7801 6372 8304)
3(7801 8304 8970)
3(8970 8304 6375)
3(8970 6375 6913)
3(7814 6376 7801)
3(7814 7801 8970)
3(8970 6913 6377)
3(8970 6377 7445)
3(7715 6378 7814)
3(7715 7814 8970)
3(8970 7445 6380)
3(8970 6380 7715)
3(8971 7513 5619)
3(8971 5619 8358)
3(7244 5740 6818)
3(7244 6818 8971)
3(8971 6818 5743)
3(8971 5743 8007)
3(8971 8007 5744)
3(8971 5744 7513)
3(8358 6448 8103)
3(8358 8103 8971)
3(8103 6449 7244)
3(8103 7244 8971)
3(8972 7928 6591)
3(8972 6591 8109)
3(8972 8109 6592)
3(8972 6592 8364)
3(8364 6593 7144)
3(8364 7144 8972)
3(7144 6594 7655)
3(7144 7655 8972)
3(7655 6596 8412)
3(7655 8412 8972)
3(8972 8412 6597)
3(8972 6597 7928)
3(8528 5526 8270)
3(8528 8270 8973)
3(8270 5620 7148)
3(8270 7148 8973)
3(8973 8421 5774)
3(8973 5774 7565)
3(8973 7565 5777)
3(8973 5777 8528)
3(7656 5995 8421)
3(7656 8421 8973)
3(7148 5999 7656)
3(7148 7656 8973)
3(8974 8301 6376)
3(8974 6376 7814)
3(8974 7814 6378)
3(8974 6378 6961)
3(8974 8059 6379)
3(8974 6379 8301)
3(7571 6381 8059)
3(7571 8059 8974)
3(8974 6961 6570)
3(8974 6570 7202)
3(7202 6571 7571)
3(7202 7571 8974)
3(8975 7303 5740)
3(8975 5740 7244)
3(8403 5741 7303)
3(8403 7303 8975)
3(7660 5991 8403)
3(7660 8403 8975)
3(7075 6224 7660)
3(7075 7660 8975)
3(8975 7244 6449)
3(8975 6449 7340)
3(7340 6450 7075)
3(7340 7075 8975)
3(8976 7083 6393)
3(8976 6393 7345)
3(7345 6591 7928)
3(7345 7928 8976)
3(7928 6597 6971)
3(7928 6971 8976)
3(8976 6971 6598)
3(8976 6598 8411)
3(8976 8411 6740)
3(8976 6740 7666)
3(8976 7666 6750)
3(8976 6750 7083)
3(7565 5774 7620)
3(7565 7620 8977)
3(8977 7620 5775)
3(8977 5775 8054)
3(7051 5776 6821)
3(7051 6821 8977)
3(6821 5777 7565)
3(6821 7565 8977)
3(8977 8307 5778)
3(8977 5778 7051)
3(8977 8054 5779)
3(8977 5779 8307)
3(7972 6337 8058)
3(7972 8058 8978)
3(8651 6350 7972)
3(8651 7972 8978)
3(8978 7236 6381)
3(8978 6381 7571)
3(8058 6385 7236)
3(8058 7236 8978)
3(8978 7571 6571)
3(8978 6571 8414)
3(8978 8414 6572)
3(8978 6572 8651)
3(8979 6960 5991)
3(8979 5991 7660)
3(8392 5992 6960)
3(8392 6960 8979)
3(8399 5993 8624)
3(8399 8624 8979)
3(8624 5994 8392)
3(8624 8392 8979)
3(8637 6223 8399)
3(8637 8399 8979)
3(8979 7660 6224)
3(8979 6224 8637)
3(8980 6907 6726)
3(8980 6726 8282)
3(8980 6970 6732)
3(8980 6732 6907)
3(8980 8282 6733)
3(8980 6733 8043)
3(7666 6740 6970)
3(7666 6970 8980)
3(8980 8043 6741)
3(8980 6741 8297)
3(8297 6750 7666)
3(8297 7666 8980)
3(8981 8568 5502)
3(8981 5502 7547)
3(8981 7547 5670)
3(8981 5670 8286)
3(8268 5778 8307)
3(8268 8307 8981)
3(8307 5779 8568)
3(8307 8568 8981)
3(7194 6067 8268)
3(7194 8268 8981)
3(8981 8286 6069)
3(8981 6069 7194)
3(7178 6096 7234)
3(7178 7234 8982)
3(8982 7234 6337)
3(8982 6337 7972)
3(7940 6344 7178)
3(7940 7178 8982)
3(8157 6345 7940)
3(8157 7940 8982)
3(8982 7922 6349)
3(8982 6349 8157)
3(8982 7972 6350)
3(8982 6350 7922)
3(8983 7111 6236)
3(8983 6236 6803)
3(6803 6237 6889)
3(6803 6889 8983)
3(7185 6242 8650)
3(7185 8650 8983)
3(6889 6243 7185)
3(6889 7185 8983)
3(8983 7638 6459)
3(8983 6459 7111)
3(8983 8650 6460)
3(8983 6460 7638)
3(8984 7349 5716)
3(8984 5716 7276)
3(8984 7276 5955)
3(8984 5955 6894)
3(6798 6157 7349)
3(6798 7349 8984)
3(8984 6894 6445)
3(8984 6445 6809)
3(7116 6757 6798)
3(7116 6798 8984)
3(6809 6764 7116)
3(6809 7116 8984)
3(8985 7203 5849)
3(8985 5849 8389)
3(8985 7281 5850)
3(8985 5850 7203)
3(8985 7355 5851)
3(8985 5851 7281)
3(7743 5854 7355)
3(7743 7355 8985)
3(8389 6073 6963)
3(8389 6963 8985)
3(6963 6077 7743)
3(6963 7743 8985)
3(8986 8384 6327)
3(8986 6327 6972)
3(8395 6508 7862)
3(8395 7862 8986)
3(8986 6972 6511)
3(8986 6511 8395)
3(7862 6514 6945)
3(7862 6945 8986)
3(6945 6521 7005)
3(6945 7005 8986)
3(8986 7005 6523)
3(8986 6523 8384)
3(7632 5511 8390)
3(7632 8390 8987)
3(8390 5512 6911)
3(8390 6911 8987)
3(6838 5574 7632)
3(6838 7632 8987)
3(8987 8077 5731)
3(8987 5731 6838)
3(8987 6911 6244)
3(8987 6244 8343)
3(8987 8343 6245)
3(8987 6245 8077)
3(8988 6893 5564)
3(8988 5564 7832)
3(8988 7832 5703)
3(8988 5703 7462)
3(7806 5718 7348)
3(7806 7348 8988)
3(8988 7348 5720)
3(8988 5720 6893)
3(7462 5953 8084)
3(7462 8084 8988)
3(8084 5954 7806)
3(8084 7806 8988)
3(8989 8498 5554)
3(8989 5554 8652)
3(8989 8652 5555)
3(8989 5555 7101)
3(7101 5556 8417)
3(7101 8417 8989)
3(8989 7002 5557)
3(8989 5557 8498)
3(8458 5847 7002)
3(8458 7002 8989)
3(8417 5848 8458)
3(8417 8458 8989)
3(8290 6101 7004)
3(8290 7004 8990)
3(6919 6102 8290)
3(6919 8290 8990)
3(7105 6103 6919)
3(7105 6919 8990)
3(8990 7088 6322)
3(8990 6322 7105)
3(8990 7004 6512)
3(8990 6512 7436)
3(8990 7436 6513)
3(8990 6513 7088)
3(8070 6249 8126)
3(8070 8126 8991)
3(8991 8378 6250)
3(8991 6250 8070)
3(8991 8159 6260)
3(8991 6260 8099)
3(8991 8099 6261)
3(8991 6261 8378)
3(7328 6457 8159)
3(7328 8159 8991)
3(8126 6458 7328)
3(8126 7328 8991)
3(8491 6725 8562)
3(8491 8562 8992)
3(8162 6729 8491)
3(8162 8491 8992)
3(8562 6735 7626)
3(8562 7626 8992)
3(8992 8216 6736)
3(8992 6736 8162)
3(8992 7626 6745)
3(8992 6745 7805)
3(8992 7805 6747)
3(8992 6747 8216)
3(8169 5834 8145)
3(8169 8145 8993)
3(8145 5839 8197)
3(8145 8197 8993)
3(8197 5841 8274)
3(8197 8274 8993)
3(8993 8274 5855)
3(8993 5855 7432)
3(8993 8404 6072)
3(8993 6072 8169)
3(8993 7432 6076)
3(8993 6076 8404)
3(8994 8202 6089)
3(8994 6089 7137)
3(8994 7927 6091)
3(8994 6091 8202)
3(8994 7137 6092)
3(8994 6092 7823)
3(8097 6323 7927)
3(8097 7927 8994)
3(7823 6325 8048)
3(7823 8048 8994)
3(8048 6326 8097)
3(8048 8097 8994)
3(8995 7882 5989)
3(8995 5989 6811)
3(6811 5990 7630)
3(6811 7630 8995)
3(8995 8624 5993)
3(8995 5993 7882)
3(8995 7147 5994)
3(8995 5994 8624)
3(8604 6258 7147)
3(8604 7147 8995)
3(7630 6262 8604)
3(7630 8604 8995)
3(8996 7094 6722)
3(8996 6722 6787)
3(8996 8265 6723)
3(8996 6723 7094)
3(8996 6787 6724)
3(8996 6724 7241)
3(8282 6726 8265)
3(8282 8265 8996)
3(7241 6728 7016)
3(7241 7016 8996)
3(7016 6733 8282)
3(7016 8282 8996)
3(8286 5670 8273)
3(8286 8273 8997)
3(8997 7386 5838)
3(8997 5838 6914)
3(8997 6774 5840)
3(8997 5840 7386)
3(8997 8273 5844)
3(8997 5844 6774)
3(7117 6069 8286)
3(7117 8286 8997)
3(6914 6070 7117)
3(6914 7117 8997)
3(7388 6340 7391)
3(7388 7391 8998)
3(6917 6341 7388)
3(6917 7388 8998)
3(8998 7125 6342)
3(8998 6342 6917)
3(7391 6343 7926)
3(7391 7926 8998)
3(8998 7926 6344)
3(8998 6344 7940)
3(8998 7940 6345)
3(8998 6345 7125)
3(8999 8603 5511)
3(8999 5511 7632)
3(7832 5564 8603)
3(7832 8603 8999)
3(8999 7708 5573)
3(8999 5573 7492)
3(8999 7632 5574)
3(8999 5574 7708)
3(7492 5702 7515)
3(7492 7515 8999)
3(7515 5703 7832)
3(7515 7832 8999)
3(7717 5731 8077)
3(7717 8077 9000)
3(8107 5979 7717)
3(8107 7717 9000)
3(9000 6889 6237)
3(9000 6237 6921)
3(9000 6921 6238)
3(9000 6238 8107)
3(9000 8363 6243)
3(9000 6243 6889)
3(8077 6245 8363)
3(8077 8363 9000)
3(9001 8084 5953)
3(9001 5953 7352)
3(9001 8472 5954)
3(9001 5954 8084)
3(6894 5955 8472)
3(6894 8472 9001)
3(9001 7352 6221)
3(9001 6221 7756)
3(7873 6445 6894)
3(7873 6894 9001)
3(7756 6446 7873)
3(7756 7873 9001)
3(8266 6236 7111)
3(8266 7111 9002)
3(9002 8126 6249)
3(9002 6249 8564)
3(9002 7091 6458)
3(9002 6458 8126)
3(7111 6459 7091)
3(7111 7091 9002)
3(7802 6704 8266)
3(7802 8266 9002)
3(9002 8564 6705)
3(9002 6705 7802)
3(7230 6736 8216)
3(7230 8216 9003)
3(8457 6746 7230)
3(8457 7230 9003)
3(8216 6747 8204)
3(8216 8204 9003)
3(9003 8275 6756)
3(9003 6756 8457)
3(9003 8204 6757)
3(9003 6757 7116)
3(9003 7116 6764)
3(9003 6764 8275)
3(9004 7630 5990)
3(9004 5990 7912)
3(8407 6250 8378)
3(8407 8378 9004)
3(8378 6261 8115)
3(8378 8115 9004)
3(9004 8115 6262)
3(9004 6262 7630)
3(9004 7912 6465)
3(9004 6465 6853)
3(6853 6466 8407)
3(6853 8407 9004)
3(6787 6722 7246)
3(6787 7246 9005)
3(7917 6724 6787)
3(7917 6787 9005)
3(9005 7246 6725)
3(9005 6725 8491)
3(6863 6727 7917)
3(6863 7917 9005)
3(9005 8491 6729)
3(9005 6729 7082)
3(9005 7082 6730)
3(9005 6730 6863)
3(8016 5980 7277)
3(8016 7277 9006)
3(7277 5989 7882)
3(7277 7882 9006)
3(7882 5993 8399)
3(7882 8399 9006)
3(9006 7289 6222)
3(9006 6222 8016)
3(9006 8399 6223)
3(9006 6223 7289)
3(9007 7016 6728)
3(9007 6728 7285)
3(9007 8043 6733)
3(9007 6733 7016)
3(9007 7285 6734)
3(9007 6734 8647)
3(7294 6741 8043)
3(7294 8043 9007)
3(8647 6743 7294)
3(8647 7294 9007)
3(7865 6222 7289)
3(7865 7289 9008)
3(7289 6223 8637)
3(7289 8637 9008)
3(8637 6224 7075)
3(8637 7075 9008)
3(8372 6227 7865)
3(8372 7865 9008)
3(9008 7399 6447)
3(9008 6447 8372)
3(9008 7075 6450)
3(9008 6450 7399)
3(7053 6382 7403)
3(7053 7403 9009)
3(7403 6393 7083)
3(7403 7083 9009)
3(9009 8297 6741)
3(9009 6741 7294)
3(9009 7294 6743)
3(9009 6743 7871)
3(9009 7083 6750)
3(9009 6750 8297)
3(9009 7871 6752)
3(9009 6752 7053)
3(6828 6447 7399)
3(6828 7399 9010)
3(9010 8103 6448)
3(9010 6448 8063)
3(7340 6449 8103)
3(7340 8103 9010)
3(7399 6450 7340)
3(7399 7340 9010)
3(7311 6454 6828)
3(7311 6828 9010)
3(9010 8063 6456)
3(9010 6456 7311)
3(9011 7403 6382)
3(9011 6382 8425)
3(9011 8425 6383)
3(9011 6383 6977)
3(9011 7345 6393)
3(9011 6393 7403)
3(6977 6546 7050)
3(6977 7050 9011)
3(9011 8109 6591)
3(9011 6591 7345)
3(7050 6592 8109)
3(7050 8109 9011)
3(9012 7149 5618)
3(9012 5618 7714)
3(8358 5619 7149)
3(8358 7149 9012)
3(9012 7714 5736)
3(9012 5736 7877)
3(8063 6448 8358)
3(8063 8358 9012)
3(7877 6455 7356)
3(7877 7356 9012)
3(7356 6456 8063)
3(7356 8063 9012)
3(9013 7050 6546)
3(9013 6546 6830)
3(7156 6547 6814)
3(7156 6814 9013)
3(9013 6830 6549)
3(9013 6549 7315)
3(7315 6551 7156)
3(7315 7156 9013)
3(9013 8364 6592)
3(9013 6592 7050)
3(9013 6814 6593)
3(9013 6593 8364)
3(7714 5618 7405)
3(7714 7405 9014)
3(9014 6822 5622)
3(9014 5622 7824)
3(9014 7405 5623)
3(9014 5623 6822)
3(9014 7824 5733)
3(9014 5733 7985)
3(7725 5736 7714)
3(7725 7714 9014)
3(7985 5737 7725)
3(7985 7725 9014)
3(7445 6377 7045)
3(7445 7045 9015)
3(8473 6380 7445)
3(8473 7445 9015)
3(8619 6384 8473)
3(8619 8473 9015)
3(9015 7045 6547)
3(9015 6547 7156)
3(9015 7734 6550)
3(9015 6550 8619)
3(9015 7156 6551)
3(9015 6551 7734)
3(9016 8270 5526)
3(9016 5526 7450)
3(9016 7450 5527)
3(9016 5527 6873)
3(9016 7052 5620)
3(9016 5620 8270)
3(7824 5622 7052)
3(7824 7052 9016)
3(9016 6873 5732)
3(9016 5732 7365)
3(7365 5733 7824)
3(7365 7824 9016)
3(6961 6378 7715)
3(6961 7715 9017)
3(9017 7715 6380)
3(9017 6380 8473)
3(9017 8473 6384)
3(9017 6384 7836)
3(7836 6386 7304)
3(7836 7304 9017)
3(7304 6569 8573)
3(7304 8573 9017)
3(8573 6570 6961)
3(8573 6961 9017)
3(7450 5526 8528)
3(7450 8528 9018)
3(8648 5527 7450)
3(8648 7450 9018)
3(9018 6821 5776)
3(9018 5776 7578)
3(9018 8528 5777)
3(9018 5777 6821)
3(9018 7578 5869)
3(9018 5869 7516)
3(9018 7516 5870)
3(9018 5870 8648)
3(8656 6567 8154)
3(8656 8154 9019)
3(8154 6568 8209)
3(8154 8209 9019)
3(9019 8573 6569)
3(9019 6569 8656)
3(9019 7202 6570)
3(9019 6570 8573)
3(8414 6571 7202)
3(8414 7202 9019)
3(8209 6572 8414)
3(8209 8414 9019)
3(7578 5776 7051)
3(7578 7051 9020)
3(9020 7051 5778)
3(9020 5778 8268)
3(9020 8352 5868)
3(9020 5868 7560)
3(7560 5869 7578)
3(7560 7578 9020)
3(9020 8268 6067)
3(9020 6067 7860)
3(9020 7860 6068)
3(9020 6068 8352)
3(7497 6347 8311)
3(7497 8311 9021)
3(8012 6348 7497)
3(8012 7497 9021)
3(8311 6349 7922)
3(8311 7922 9021)
3(7922 6350 8651)
3(7922 8651 9021)
3(9021 8209 6568)
3(9021 6568 8012)
3(9021 8651 6572)
3(9021 6572 8209)
3(7860 6067 7194)
3(7860 7194 9022)
3(7231 6068 7860)
3(7231 7860 9022)
3(9022 7194 6069)
3(9022 6069 7117)
3(9022 7117 6070)
3(9022 6070 8496)
3(9022 8496 6071)
3(9022 6071 7231)
3(6909 6339 7468)
3(6909 7468 9023)
3(7468 6342 7125)
3(7468 7125 9023)
3(7125 6345 8157)
3(7125 8157 9023)
3(9023 8311 6347)
3(9023 6347 6909)
3(9023 8157 6349)
3(9023 6349 8311)
3(9024 8385 5833)
3(9024 5833 6831)
3(9024 8145 5834)
3(9024 5834 8385)
3(6831 5836 7878)
3(6831 7878 9024)
3(7878 5838 7386)
3(7878 7386 9024)
3(9024 7900 5839)
3(9024 5839 8145)
3(7386 5840 7900)
3(7386 7900 9024)
3(7137 6089 7908)
3(7137 7908 9025)
3(8499 6092 7137)
3(8499 7137 9025)
3(8227 6093 8499)
3(8227 8499 9025)
3(9025 7317 6338)
3(9025 6338 8227)
3(9025 7908 6340)
3(9025 6340 7388)
3(9025 7388 6341)
3(9025 6341 7317)
3(8228 6072 8404)
3(8228 8404 9026)
3(9026 6963 6073)
3(9026 6073 7953)
3(9026 7953 6074)
3(9026 6074 7458)
3(7458 6075 8228)
3(7458 8228 9026)
3(8404 6076 7381)
3(8404 7381 9026)
3(9026 7381 6077)
3(9026 6077 6963)
3(9027 7883 6324)
3(9027 6324 7099)
3(9027 8048 6325)
3(9027 6325 7883)
3(9027 8038 6326)
3(9027 6326 8048)
3(6972 6327 8038)
3(6972 8038 9027)
3(7099 6510 6948)
3(7099 6948 9027)
3(6948 6511 6972)
3(6948 6972 9027)
3(9028 8417 5556)
3(9028 5556 6833)
3(8542 5560 7321)
3(8542 7321 9028)
3(9028 6833 5561)
3(9028 5561 8542)
3(9028 7190 5848)
3(9028 5848 8417)
3(7321 5849 7203)
3(7321 7203 9028)
3(7203 5850 7190)
3(7203 7190 9028)
3(7025 6321 7273)
3(7025 7273 9029)
3(7273 6322 7088)
3(7273 7088 9029)
3(9029 7792 6507)
3(9029 6507 7025)
3(9029 7862 6508)
3(9029 6508 7792)
3(7088 6513 6855)
3(7088 6855 9029)
3(9029 6855 6514)
3(9029 6514 7862)
3(8609 5552 7992)
3(8609 7992 9030)
3(8652 5554 7484)
3(8652 7484 9030)
3(7992 5555 8652)
3(7992 8652 9030)
3(9030 8436 5891)
3(9030 5891 8609)
3(9030 7484 6102)
3(9030 6102 6919)
3(9030 6919 6103)
3(9030 6103 8436)
3(9031 7277 5980)
3(9031 5980 7639)
3(9031 7639 5981)
3(9031 5981 6887)
3(9031 6811 5989)
3(9031 5989 7277)
3(7912 5990 6811)
3(7912 6811 9031)
3(6887 6463 7818)
3(6887 7818 9031)
3(7818 6465 7912)
3(7818 7912 9031)
3(9032 7241 6724)
3(9032 6724 7917)
3(9032 7917 6727)
3(9032 6727 6825)
3(7285 6728 7241)
3(7285 7241 9032)
3(7268 6734 7285)
3(7268 7285 9032)
3(9032 6825 6742)
3(9032 6742 8490)
3(8490 6744 7268)
3(8490 7268 9032)
3(9033 7931 5835)
3(9033 5835 6984)
3(9033 7878 5836)
3(9033 5836 7931)
3(6984 5837 7745)
3(6984 7745 9033)
3(9033 6914 5838)
3(9033 5838 7878)
3(8496 6070 6914)
3(8496 6914 9033)
3(7745 6071 8496)
3(7745 8496 9033)
3(6926 6338 7317)
3(6926 7317 9034)
3(9034 7468 6339)
3(9034 6339 7377)
3(7317 6341 6917)
3(7317 6917 9034)
3(9034 6917 6342)
3(9034 6342 7468)
3(9034 7377 6564)
3(9034 6564 8583)
3(8583 6566 6926)
3(8583 6926 9034)
3(8564 6249 8070)
3(8564 8070 9035)
3(9035 8070 6250)
3(9035 6250 8407)
3(9035 8407 6466)
3(9035 6466 7042)
3(9035 7042 6642)
3(9035 6642 7780)
3(7780 6703 7858)
3(7780 7858 9035)
3(7858 6705 8564)
3(7858 8564 9035)
3(7082 6729 8162)
3(7082 8162 9036)
3(7044 6730 7082)
3(7044 7082 9036)
3(9036 8162 6736)
3(9036 6736 7230)
3(9036 7230 6746)
3(9036 6746 8514)
3(7786 6748 7044)
3(7786 7044 9036)
3(9036 8514 6755)
3(9036 6755 7786)
3(9037 8148 5831)
3(9037 5831 7417)
3(7417 5832 8642)
3(7417 8642 9037)
3(8642 5833 8385)
3(8642 8385 9037)
3(8385 5834 8169)
3(8385 8169 9037)
3(9037 8169 6072)
3(9037 6072 8228)
3(9037 8228 6075)
3(9037 6075 8148)
3(9038 7823 6092)
3(9038 6092 8499)
3(9038 8499 6093)
3(9038 6093 7152)
3(9038 7152 6094)
3(9038 6094 7904)
3(7904 6095 8608)
3(7904 8608 9038)
3(8608 6324 7883)
3(8608 7883 9038)
3(7883 6325 7823)
3(7883 7823 9038)
3(8479 5572 6860)
3(8479 6860 9039)
3(6860 5573 7708)
3(6860 7708 9039)
3(7708 5574 6838)
3(7708 6838 9039)
3(9039 6838 5731)
3(9039 5731 7717)
3(9039 6817 5978)
3(9039 5978 8479)
3(9039 7717 5979)
3(9039 5979 6817)
3(9040 7515 5702)
3(9040 5702 7036)
3(9040 7462 5703)
3(9040 5703 7515)
3(9040 7036 5909)
3(9040 5909 8489)
3(7352 5953 7462)
3(7352 7462 9040)
3(8489 6220 6824)
3(8489 6824 9040)
3(6824 6221 7352)
3(6824 7352 9040)
3(9041 7992 5552)
3(9041 5552 7697)
3(9041 7101 5555)
3(9041 5555 7992)
3(6833 5556 7101)
3(6833 7101 9041)
3(9041 7697 5559)
3(9041 5559 7157)
3(7447 5561 6833)
3(7447 6833 9041)
3(7157 5562 7447)
3(7157 7447 9041)
3(9042 7570 5890)
3(9042 5890 8581)
3(7334 5891 8436)
3(7334 8436 9042)
3(8581 5892 7334)
3(8581 7334 9042)
3(8436 6103 7105)
3(8436 7105 9042)
3(9042 7273 6321)
3(9042 6321 7570)
3(9042 7105 6322)
3(9042 6322 7273)
3(9043 6803 6236)
3(9043 6236 8266)
3(6921 6237 6803)
3(6921 6803 9043)
3(7041 6238 6921)
3(7041 6921 9043)
3(7777 6239 7041)
3(7777 7041 9043)
3(9043 7341 6702)
3(9043 6702 7777)
3(9043 8266 6704)
3(9043 6704 7341)
3(9044 6809 6445)
3(9044 6445 7873)
3(9044 7873 6446)
3(9044 6446 8638)
3(9044 8638 6699)
3(9044 6699 7411)
3(6992 6756 8275)
3(6992 8275 9044)
3(7411 6763 6992)
3(7411 6992 9044)
3(8275 6764 6809)
3(8275 6809 9044)
3(9045 7321 5560)
3(9045 5560 8641)
3(9045 8389 5849)
3(9045 5849 7321)
3(9045 8641 5879)
3(9045 5879 7413)
3(7413 5880 7000)
3(7413 7000 9045)
3(7953 6073 8389)
3(7953 8389 9045)
3(7000 6074 7953)
3(7000 7953 9045)
3(7528 6506 6813)
3(7528 6813 9046)
3(6813 6507 7792)
3(6813 7792 9046)
3(7792 6508 8395)
3(7792 8395 9046)
3(9046 7077 6509)
3(9046 6509 7528)
3(9046 6948 6510)
3(9046 6510 7077)
3(9046 8395 6511)
3(9046 6511 6948)
3(7534 5958 6816)
3(7534 6816 9047)
3(7639 5980 8016)
3(7639 8016 9047)
3(6816 5981 7639)
3(6816 7639 9047)
3(9047 8016 6222)
3(9047 6222 7865)
3(9047 8078 6226)
3(9047 6226 7534)
3(9047 7865 6227)
3(9047 6227 8078)
3(9048 8647 6734)
3(9048 6734 7268)
3(7871 6743 8647)
3(7871 8647 9048)
3(9048 7268 6744)
3(9048 6744 7442)
3(6789 6752 7871)
3(6789 7871 9048)
3(9048 7442 6753)
3(9048 6753 8178)
3(8178 6761 6789)
3(8178 6789 9048)
3(9049 8418 5551)
3(9049 5551 7831)
3(9049 7745 5837)
3(9049 5837 8418)
3(7831 5866 7733)
3(7831 7733 9049)
3(7733 5868 8352)
3(7733 8352 9049)
3(9049 8352 6068)
3(9049 6068 7231)
3(9049 7231 6071)
3(9049 6071 7745)
3(9050 6884 6100)
3(9050 6100 8288)
3(7377 6339 6909)
3(7377 6909 9050)
3(6909 6347 7497)
3(6909 7497 9050)
3(9050 7497 6348)
3(9050 6348 6884)
3(8288 6562 7568)
3(8288 7568 9050)
3(7568 6564 7377)
3(7568 7377 9050)
3(8445 6225 6793)
3(8445 6793 9051)
3(6793 6226 8078)
3(6793 8078 9051)
3(8078 6227 8372)
3(8078 8372 9051)
3(9051 8372 6447)
3(9051 6447 6828)
3(9051 7833 6452)
3(9051 6452 8445)
3(9051 6828 6454)
3(9051 6454 7833)
3(8425 6382 7053)
3(8425 7053 9052)
3(8492 6383 8425)
3(8492 8425 9052)
3(7109 6541 8492)
3(7109 8492 9052)
3(9052 7410 6543)
3(9052 6543 7109)
3(9052 7053 6752)
3(9052 6752 6789)
3(9052 6789 6761)
3(9052 6761 7410)
3(9053 7056 5865)
3(9053 5865 8092)
3(9053 7733 5866)
3(9053 5866 7056)
3(8092 5867 8119)
3(8092 8119 9053)
3(9053 7560 5868)
3(9053 5868 7733)
3(9053 7516 5869)
3(9053 5869 7560)
3(8119 5870 7516)
3(8119 7516 9053)
3(7527 6100 6884)
3(7527 6884 9054)
3(6884 6348 8012)
3(6884 8012 9054)
3(9054 8585 6389)
3(9054 6389 7218)
3(7218 6390 7527)
3(7218 7527 9054)
3(9054 8154 6567)
3(9054 6567 8585)
3(8012 6568 8154)
3(8012 8154 9054)
3(9055 8173 6451)
3(9055 6451 8673)
3(8673 6452 7833)
3(8673 7833 9055)
3(9055 7255 6453)
3(9055 6453 8173)
3(7833 6454 7311)
3(7833 7311 9055)
3(9055 7356 6455)
3(9055 6455 7255)
3(9055 7311 6456)
3(9055 6456 7356)
3(9056 6977 6383)
3(9056 6383 8492)
3(9056 8492 6541)
3(9056 6541 8319)
3(8319 6542 7163)
3(8319 7163 9056)
3(6830 6546 6977)
3(6830 6977 9056)
3(7163 6548 8223)
3(7163 8223 9056)
3(8223 6549 6830)
3(8223 6830 9056)
3(9057 6873 5527)
3(9057 5527 8648)
3(6932 5732 6873)
3(6932 6873 9057)
3(9057 8119 5867)
3(9057 5867 8328)
3(9057 8648 5870)
3(9057 5870 8119)
3(8328 5872 7829)
3(8328 7829 9057)
3(7829 5873 6932)
3(7829 6932 9057)
3(9058 7304 6386)
3(9058 6386 8324)
3(9058 8324 6387)
3(9058 6387 7267)
3(9058 7267 6388)
3(9058 6388 8435)
3(8435 6389 8585)
3(8435 8585 9058)
3(8585 6567 8656)
3(8585 8656 9058)
3(8656 6569 7304)
3(8656 7304 9058)
3(8442 5734 7407)
3(8442 7407 9059)
3(9059 6790 5735)
3(9059 5735 8442)
3(9059 7877 5736)
3(9059 5736 7725)
3(9059 7725 5737)
3(9059 5737 6790)
3(7407 6453 7255)
3(7407 7255 9059)
3(7255 6455 7877)
3(7255 7877 9059)
3(9060 8223 6548)
3(9060 6548 7409)
3(9060 7315 6549)
3(9060 6549 8223)
3(6792 6550 7734)
3(6792 7734 9060)
3(7734 6551 7315)
3(7734 7315 9060)
3(7108 6710 6792)
3(7108 6792 9060)
3(9060 7409 6713)
3(9060 6713 7108)
3(9061 7365 5732)
3(9061 5732 6932)
3(9061 7985 5733)
3(9061 5733 7365)
3(7838 5735 6790)
3(7838 6790 9061)
3(6790 5737 7985)
3(6790 7985 9061)
3(9061 6932 5873)
3(9061 5873 7054)
3(9061 7054 5874)
3(9061 5874 7838)
3(7836 6384 8619)
3(7836 8619 9062)
3(8324 6386 7836)
3(8324 7836 9062)
3(7060 6387 8324)
3(7060 8324 9062)
3(9062 8619 6550)
3(9062 6550 6792)
3(9062 6792 6710)
3(9062 6710 8497)
3(8497 6714 7060)
3(8497 7060 9062)
3(9063 7229 5505)
3(9063 5505 7949)
3(9063 6860 5572)
3(9063 5572 7229)
3(9063 7492 5573)
3(9063 5573 6860)
3(7036 5702 7492)
3(7036 7492 9063)
3(7949 5908 7702)
3(7949 7702 9063)
3(7702 5909 7036)
3(7702 7036 9063)
3(7697 5552 8609)
3(7697 8609 9064)
3(9064 8147 5553)
3(9064 5553 8588)
3(8588 5558 8345)
3(8588 8345 9064)
3(8345 5559 7697)
3(8345 7697 9064)
3(9064 8609 5891)
3(9064 5891 7334)
3(9064 7334 5892)
3(9064 5892 8147)
3(7279 6700 8300)
3(7279 8300 9065)
3(9065 7800 6701)
3(9065 6701 7279)
3(8300 6702 7341)
3(8300 7341 9065)
3(9065 7858 6703)
3(9065 6703 7800)
3(7341 6704 7802)
3(7341 7802 9065)
3(9065 7802 6705)
3(9065 6705 7858)
3(8514 6746 8457)
3(8514 8457 9066)
3(7809 6755 8514)
3(7809 8514 9066)
3(9066 8457 6756)
3(9066 6756 6992)
3(9066 6992 6763)
3(9066 6763 6999)
3(7952 6765 7809)
3(7952 7809 9066)
3(9066 6999 6767)
3(9066 6767 7952)
3(8398 5680 6952)
3(8398 6952 9067)
3(6952 5831 8148)
3(6952 8148 9067)
3(9067 7443 5877)
3(9067 5877 8398)
3(9067 7000 5880)
3(9067 5880 7443)
3(9067 7458 6074)
3(9067 6074 7000)
3(8148 6075 7458)
3(8148 7458 9067)
3(8040 5889 7084)
3(8040 7084 9068)
3(9068 7919 5893)
3(9068 5893 8040)
3(9068 8608 6095)
3(9068 6095 7919)
3(9068 7099 6324)
3(9068 6324 8608)
3(7084 6509 7077)
3(7084 7077 9068)
3(7077 6510 7099)
3(7077 7099 9068)
3(9069 7818 6463)
3(9069 6463 8331)
3(9069 8331 6464)
3(9069 6464 8485)
3(9069 6853 6465)
3(9069 6465 7818)
3(7042 6466 6853)
3(7042 6853 9069)
3(8485 6640 8041)
3(8485 8041 9069)
3(8041 6642 7042)
3(8041 7042 9069)
3(6825 6727 6863)
3(6825 6863 9070)
3(9070 6863 6730)
3(9070 6730 7044)
3(7989 6742 6825)
3(7989 6825 9070)
3(9070 7044 6748)
3(9070 6748 7033)
3(7460 6751 7989)
3(7460 7989 9070)
3(9070 7033 6758)
3(9070 6758 7460)
3(9071 8141 5668)
3(9071 5668 8580)
3(8580 5669 8446)
3(8580 8446 9071)
3(9071 8642 5832)
3(9071 5832 8141)
3(9071 6831 5833)
3(9071 5833 8642)
3(8446 5835 7931)
3(8446 7931 9071)
3(7931 5836 6831)
3(7931 6831 9071)
3(7586 5895 7789)
3(7586 7789 9072)
3(7152 6093 8227)
3(7152 8227 9072)
3(7789 6094 7152)
3(7789 7152 9072)
3(9072 8227 6338)
3(9072 6338 6926)
3(9072 8086 6565)
3(9072 6565 7586)
3(9072 6926 6566)
3(9072 6566 8086)
3(8094 5978 6817)
3(8094 6817 9073)
3(6817 5979 8107)
3(6817 8107 9073)
3(9073 8107 6238)
3(9073 6238 7041)
3(9073 7041 6239)
3(9073 6239 7796)
3(9073 7796 6491)
3(9073 6491 8221)
3(8221 6495 8094)
3(8221 8094 9073)
3(9074 6824 6220)
3(9074 6220 6800)
3(9074 7756 6221)
3(9074 6221 6824)
3(9074 6800 6442)
3(9074 6442 8225)
3(8638 6446 7756)
3(8638 7756 9074)
3(8225 6698 8453)
3(8225 8453 9074)
3(8453 6699 8638)
3(8453 8638 9074)
3(8641 5560 8542)
3(8641 8542 9075)
3(9075 8542 5561)
3(9075 5561 7447)
3(9075 7447 5562)
3(9075 5562 8188)
3(7915 5879 8641)
3(7915 8641 9075)
3(8320 6078 7915)
3(8320 7915 9075)
3(9075 8188 6079)
3(9075 6079 8320)
3(8330 5701 6895)
3(8330 6895 9076)
3(9076 8555 5888)
3(9076 5888 8330)
3(6895 5890 7570)
3(6895 7570 9076)
3(7570 6321 7025)
3(7570 7025 9076)
3(9076 6813 6506)
3(9076 6506 8555)
3(9076 7025 6507)
3(9076 6507 6813)
3(9077 6816 5958)
3(9077 5958 7554)
3(9077 7554 5959)
3(9077 5959 7162)
3(9077 6887 5981)
3(9077 5981 6816)
3(7162 6246 6966)
3(7162 6966 9077)
3(8331 6463 6887)
3(8331 6887 9077)
3(6966 6464 8331)
3(6966 8331 9077)
3(9078 8490 6742)
3(9078 6742 7989)
3(7442 6744 8490)
3(7442 8490 9078)
3(9078 7989 6751)
3(9078 6751 6974)
3(8196 6753 7442)
3(8196 7442 9078)
3(9078 6974 6759)
3(9078 6759 7170)
3(7170 6760 8196)
3(7170 8196 9078)
3(7652 5551 8418)
3(7652 8418 9079)
3(9079 8446 5669)
3(9079 5669 7047)
3(7266 5677 7652)
3(7266 7652 9079)
3(9079 7047 5679)
3(9079 5679 7266)
3(9079 6984 5835)
3(9079 5835 8446)
3(8418 5837 6984)
3(8418 6984 9079)
3(9080 8298 6561)
3(9080 6561 7274)
3(9080 7568 6562)
3(9080 6562 8298)
3(7274 6563 7055)
3(7274 7055 9080)
3(9080 8583 6564)
3(9080 6564 7568)
3(7055 6565 8086)
3(7055 8086 9080)
3(8086 6566 8583)
3(8086 8583 9080)
3(8269 5505 7229)
3(8269 7229 9081)
3(7229 5572 8479)
3(7229 8479 9081)
3(7948 5827 8269)
3(7948 8269 9081)
3(9081 8479 5978)
3(9081 5978 8094)
3(9081 7722 6494)
3(9081 6494 7948)
3(9081 8094 6495)
3(9081 6495 7722)
3(9082 7702 5908)
3(9082 5908 7444)
3(9082 8489 5909)
3(9082 5909 7702)
3(9082 7444 5910)
3(9082 5910 6940)
3(6800 6220 8489)
3(6800 8489 9082)
3(6940 6441 7353)
3(6940 7353 9082)
3(7353 6442 6800)
3(7353 6800 9082)
3(9083 8345 5558)
3(9083 5558 8105)
3(9083 7157 5559)
3(9083 5559 8345)
3(8188 5562 7157)
3(8188 7157 9083)
3(9083 8105 5683)
3(9083 5683 7589)
3(7358 6079 8188)
3(7358 8188 9083)
3(7589 6080 7358)
3(7589 7358 9083)
3(7759 5553 8147)
3(7759 8147 9084)
3(7682 5565 7759)
3(7682 7759 9084)
3(9084 7449 5566)
3(9084 5566 7682)
3(9084 6895 5701)
3(9084 5701 7449)
3(9084 8581 5890)
3(9084 5890 6895)
3(8147 5892 8581)
3(8147 8581 9084)
3(9085 8408 6639)
3(9085 6639 7689)
3(9085 8041 6640)
3(9085 6640 8408)
3(7689 6641 7454)
3(7689 7454 9085)
3(9085 7780 6642)
3(9085 6642 8041)
3(7454 6701 7800)
3(7454 7800 9085)
3(7800 6703 7780)
3(7800 7780 9085)
3(9086 8113 6693)
3(9086 6693 8326)
3(7033 6748 7786)
3(7033 7786 9086)
3(9086 7786 6755)
3(9086 6755 7809)
3(8413 6758 7033)
3(8413 7033 9086)
3(9086 7809 6765)
3(9086 6765 8113)
3(8326 6766 8413)
3(8326 8413 9086)
3(8055 5668 8141)
3(8055 8141 9087)
3(9087 6952 5680)
3(9087 5680 7100)
3(9087 7417 5831)
3(9087 5831 6952)
3(8141 5832 7417)
3(8141 7417 9087)
3(9087 7100 6312)
3(9087 6312 7322)
3(7322 6317 8055)
3(7322 8055 9087)
3(8212 5893 7919)
3(8212 7919 9088)
3(9088 8519 5894)
3(9088 5894 8441)
3(9088 7789 5895)
3(9088 5895 8519)
3(9088 7904 6094)
3(9088 6094 7789)
3(7919 6095 7904)
3(7919 7904 9088)
3(8441 6194 8212)
3(8441 8212 9088)
3(7796 6239 7777)
3(7796 7777 9089)
3(9089 8653 6467)
3(9089 6467 7426)
3(8153 6491 7796)
3(8153 7796 9089)
3(7426 6492 8153)
3(7426 8153 9089)
3(9089 8300 6700)
3(9089 6700 8653)
3(9089 7777 6702)
3(9089 6702 8300)
3(9090 8156 6696)
3(9090 6696 8091)
3(8091 6697 7351)
3(8091 7351 9090)
3(9090 8453 6698)
3(9090 6698 8156)
3(9090 7411 6699)
3(9090 6699 8453)
3(6999 6763 7411)
3(6999 7411 9090)
3(7351 6767 6999)
3(7351 6999 9090)
3(8309 5877 7443)
3(8309 7443 9091)
3(7738 5878 8309)
3(7738 8309 9091)
3(9091 7413 5879)
3(9091 5879 7915)
3(7443 5880 7413)
3(7443 7413 9091)
3(9091 7915 6078)
3(9091 6078 7811)
3(9091 7811 6083)
3(9091 6083 7738)
3(8271 5888 8555)
3(8271 8555 9092)
3(9092 7084 5889)
3(9092 5889 7448)
3(8183 6182 8271)
3(8183 8271 9092)
3(9092 7448 6183)
3(9092 6183 8183)
3(8555 6506 7528)
3(8555 7528 9092)
3(9092 7528 6509)
3(9092 6509 7084)
3(7554 5958 7534)
3(7554 7534 9093)
3(7453 5959 7554)
3(7453 7554 9093)
3(6892 5960 7453)
3(6892 7453 9093)
3(9093 8184 5965)
3(9093 5965 6892)
3(9093 6793 6225)
3(9093 6225 8184)
3(9093 7534 6226)
3(9093 6226 6793)
3(9094 7096 6424)
3(9094 6424 7845)
3(7840 6543 7410)
3(7840 7410 9094)
3(7845 6544 7840)
3(7845 7840 9094)
3(9094 8178 6753)
3(9094 6753 8196)
3(9094 8196 6760)
3(9094 6760 7096)
3(7410 6761 8178)
3(7410 8178 9094)
3(9095 7831 5551)
3(9095 5551 7652)
3(9095 7652 5677)
3(9095 5677 7763)
3(9095 7763 5861)
3(9095 5861 8502)
3(8502 5864 7846)
3(8502 7846 9095)
3(7846 5865 7056)
3(7846 7056 9095)
3(7056 5866 7831)
3(7056 7831 9095)
3(9096 8288 6100)
3(9096 6100 7527)
3(7956 6346 7204)
3(7956 7204 9096)
3(9096 7527 6390)
3(9096 6390 7950)
3(9096 7950 6392)
3(9096 6392 7956)
3(7204 6561 8298)
3(7204 8298 9096)
3(8298 6562 8288)
3(8298 8288 9096)
3(9097 7957 5601)
3(9097 5601 7126)
3(7126 5634 8594)
3(7126 8594 9097)
3(9097 7407 5734)
3(9097 5734 7957)
3(8594 5963 7418)
3(8594 7418 9097)
3(7418 6451 8173)
3(7418 8173 9097)
3(9097 8173 6453)
3(9097 6453 7407)
3(9098 8230 6538)
3(9098 6538 6806)
3(9098 7061 6540)
3(9098 6540 8230)
3(9098 7163 6542)
3(9098 6542 7061)
3(7409 6548 7163)
3(7409 7163 9098)
3(6806 6712 7596)
3(6806 7596 9098)
3(7596 6713 7409)
3(7596 7409 9098)
3(7424 5871 7324)
3(7424 7324 9099)
3(9099 7829 5872)
3(9099 5872 7066)
3(7054 5873 7829)
3(7054 7829 9099)
3(7324 5874 7054)
3(7324 7054 9099)
3(9099 8240 5875)
3(9099 5875 7424)
3(9099 7066 5876)
3(9099 5876 8240)
3(9100 7267 6387)
3(9100 6387 7060)
3(7539 6388 7267)
3(7539 7267 9100)
3(9100 7060 6714)
3(9100 6714 8444)
3(9100 8444 6715)
3(9100 6715 7910)
3(8680 6772 7539)
3(8680 7539 9100)
3(7910 6773 8680)
3(7910 8680 9100)
3(9101 7418 5963)
3(9101 5963 7839)
3(7839 5964 7308)
3(7839 7308 9101)
3(7308 5965 8184)
3(7308 8184 9101)
3(8184 6225 8445)
3(8184 8445 9101)
3(9101 8673 6451)
3(9101 6451 7418)
3(9101 8445 6452)
3(9101 6452 8673)
3(7844 6540 7061)
3(7844 7061 9102)
3(8319 6541 7109)
3(8319 7109 9102)
3(7061 6542 8319)
3(7061 8319 9102)
3(9102 7109 6543)
3(9102 6543 7840)
3(9102 7840 6544)
3(9102 6544 7312)
3(9102 7312 6545)
3(9102 6545 7844)
3(9103 6978 5863)
3(9103 5863 7467)
3(9103 7846 5864)
3(9103 5864 6978)
3(9103 8092 5865)
3(9103 5865 7846)
3(8328 5867 8092)
3(8328 8092 9103)
3(7066 5872 8328)
3(7066 8328 9103)
3(7467 5876 7066)
3(7467 7066 9103)
3(9104 8435 6388)
3(9104 6388 7539)
3(9104 7218 6389)
3(9104 6389 8435)
3(7950 6390 7218)
3(7950 7218 9104)
3(7414 6392 7950)
3(7414 7950 9104)
3(8589 6770 7414)
3(8589 7414 9104)
3(9104 7539 6772)
3(9104 6772 8589)
3(8593 5601 7957)
3(8593 7957 9105)
3(6902 5627 8593)
3(6902 8593 9105)
3(7957 5734 8442)
3(7957 8442 9105)
3(9105 8442 5735)
3(9105 5735 7838)
3(9105 7324 5871)
3(9105 5871 6902)
3(9105 7838 5874)
3(9105 5874 7324)
3(8497 6710 7108)
3(8497 7108 9106)
3(9106 8229 6711)
3(9106 6711 8505)
3(9106 7596 6712)
3(9106 6712 8229)
3(9106 7108 6713)
3(9106 6713 7596)
3(8444 6714 8497)
3(8444 8497 9106)
3(8505 6715 8444)
3(8505 8444 9106)
3(9107 7949 5505)
3(9107 5505 8269)
3(7167 5656 8515)
3(7167 8515 9107)
3(9107 8269 5827)
3(9107 5827 8687)
3(9107 8687 5828)
3(9107 5828 7167)
3(7444 5908 7949)
3(7444 7949 9107)
3(8515 5910 7444)
3(8515 7444 9107)
3(9108 8588 5553)
3(9108 5553 7759)
3(8105 5558 8588)
3(8105 8588 9108)
3(9108 7759 5565)
3(9108 5565 8602)
3(8150 5683 8105)
3(8150 8105 9108)
3(9108 8602 6176)
3(9108 6176 8132)
3(8132 6177 8150)
3(8132 8150 9108)
3(9109 6966 6246)
3(9109 6246 7390)
3(7272 6247 7090)
3(7272 7090 9109)
3(9109 7390 6248)
3(9109 6248 7272)
3(9109 8485 6464)
3(9109 6464 6966)
3(7090 6639 8408)
3(7090 8408 9109)
3(8408 6640 8485)
3(8408 8485 9109)
3(9110 8690 6404)
3(9110 6404 8244)
3(8244 6423 7032)
3(8244 7032 9110)
3(6974 6751 7460)
3(6974 7460 9110)
3(9110 7460 6758)
3(9110 6758 8413)
3(7032 6759 6974)
3(7032 6974 9110)
3(9110 8413 6766)
3(9110 6766 8690)
3(9111 8580 5668)
3(9111 5668 8055)
3(7047 5669 8580)
3(7047 8580 9111)
3(6938 5678 7694)
3(6938 7694 9111)
3(7694 5679 7047)
3(7694 7047 9111)
3(9111 6776 6315)
3(9111 6315 6938)
3(9111 8055 6317)
3(9111 6317 6776)
3(7393 5894 8519)
3(7393 8519 9112)
3(8519 5895 7586)
3(8519 7586 9112)
3(6942 6195 7393)
3(6942 7393 9112)
3(9112 7701 6197)
3(9112 6197 6942)
3(9112 7055 6563)
3(9112 6563 7701)
3(9112 7586 6565)
3(9112 6565 7055)
3(7028 6490 7799)
3(7028 7799 9113)
3(9113 8221 6491)
3(9113 6491 8153)
3(9113 8153 6492)
3(9113 6492 6870)
3(9113 6870 6493)
3(9113 6493 7028)
3(7799 6494 7722)
3(7799 7722 9113)
3(7722 6495 8221)
3(7722 8221 9113)
3(9114 7353 6441)
3(9114 6441 7807)
3(9114 8225 6442)
3(9114 6442 7353)
3(9114 7807 6443)
3(9114 6443 7031)
3(7031 6444 7505)
3(7031 7505 9114)
3(7505 6696 8156)
3(7505 8156 9114)
3(8156 6698 8225)
3(8156 8225 9114)
3(7811 6078 8320)
3(7811 8320 9115)
3(9115 8320 6079)
3(9115 6079 7358)
3(9115 7358 6080)
3(9115 6080 7433)
3(9115 7433 6081)
3(9115 6081 8631)
3(8631 6082 7136)
3(8631 7136 9115)
3(7136 6083 7811)
3(7136 7811 9115)
3(7437 5566 7449)
3(7437 7449 9116)
3(7320 5567 7437)
3(7320 7437 9116)
3(7449 5701 8330)
3(7449 8330 9116)
3(9116 8330 5888)
3(9116 5888 8271)
3(9116 7142 6181)
3(9116 6181 7320)
3(9116 8271 6182)
3(9116 6182 7142)
3(8057 6467 8653)
3(8057 8653 9117)
3(9117 7555 6468)
3(9117 6468 6808)
3(6808 6469 8057)
3(6808 8057 9117)
3(9117 7454 6641)
3(9117 6641 7555)
3(8653 6700 7279)
3(8653 7279 9117)
3(9117 7279 6701)
3(9117 6701 7454)
3(8195 6693 8113)
3(8195 8113 9118)
3(7425 6694 8195)
3(7425 8195 9118)
3(9118 8689 6695)
3(9118 6695 7425)
3(9118 7351 6697)
3(9118 6697 8689)
3(8113 6765 7952)
3(8113 7952 9118)
3(9118 7952 6767)
3(9118 6767 7351)
3(7100 5680 8398)
3(7100 8398 9119)
3(9119 8398 5877)
3(9119 5877 8309)
3(9119 8309 5878)
3(9119 5878 6775)
3(9119 6775 6084)
3(9119 6084 7431)
3(8198 6312 7100)
3(8198 7100 9119)
3(7431 6313 8198)
3(7431 8198 9119)
3(7448 5889 8040)
3(7448 8040 9120)
3(9120 8040 5893)
3(9120 5893 8212)
3(8353 6183 7448)
3(8353 7448 9120)
3(7071 6188 8353)
3(7071 8353 9120)
3(9120 7852 6191)
3(9120 6191 7071)
3(9120 8212 6194)
3(9120 6194 7852)
3(9121 7162 5959)
3(9121 5959 7453)
3(9121 7453 5960)
3(9121 5960 6869)
3(7551 5961 7981)
3(7551 7981 9121)
3(9121 6869 5962)
3(9121 5962 7551)
3(7390 6246 7162)
3(7390 7162 9121)
3(7981 6248 7390)
3(7981 7390 9121)
3(9122 6979 6422)
3(9122 6422 7180)
3(9122 7032 6423)
3(9122 6423 6979)
3(8466 6424 7096)
3(8466 7096 9122)
3(7180 6425 8466)
3(7180 8466 9122)
3(9122 7170 6759)
3(9122 6759 7032)
3(7096 6760 7170)
3(7096 7170 9122)
3(9123 7628 5676)
3(9123 5676 7843)
3(7763 5677 7266)
3(7763 7266 9123)
3(9123 7694 5678)
3(9123 5678 7628)
3(9123 7266 5679)
3(9123 5679 7694)
3(7843 5860 7135)
3(7843 7135 9123)
3(7135 5861 7763)
3(7135 7763 9123)
3(7245 6197 7701)
3(7245 7701 9124)
3(9124 7204 6346)
3(9124 6346 8102)
3(9124 7274 6561)
3(9124 6561 7204)
3(7701 6563 7274)
3(7701 7274 9124)
3(9124 8102 6588)
3(9124 6588 7466)
3(7466 6589 7245)
3(7466 7245 9124)
3(8687 5827 7948)
3(8687 7948 9125)
3(8277 5828 8687)
3(8277 8687 9125)
3(7954 6064 8277)
3(7954 8277 9125)
3(9125 7729 6308)
3(9125 6308 7954)
3(9125 7799 6490)
3(9125 6490 7729)
3(9125 7948 6494)
3(9125 6494 7799)
3(7961 5605 7736)
3(7961 7736 9126)
3(9126 8480 5655)
3(9126 5655 7961)
3(9126 8515 5656)
3(9126 5656 8480)
3(9126 6940 5910)
3(9126 5910 8515)
3(7807 6441 6940)
3(7807 6940 9126)
3(7736 6443 7807)
3(7736 7807 9126)
3(9127 7589 5683)
3(9127 5683 8150)
3(7600 5684 7368)
3(7600 7368 9127)
3(7433 6080 7589)
3(7433 7589 9127)
3(7368 6081 7433)
3(7368 7433 9127)
3(9127 8111 6174)
3(9127 6174 7600)
3(9127 8150 6177)
3(9127 6177 8111)
3(8602 5565 7682)
3(8602 7682 9128)
3(9128 7682 5566)
3(9128 5566 7437)
3(9128 7437 5567)
3(9128 5567 8023)
3(9128 8023 5918)
3(9128 5918 8238)
3(8238 6175 8308)
3(8238 8308 9128)
3(8308 6176 8602)
3(8308 8602 9128)
3(8199 5982 7461)
3(8199 7461 9129)
3(9129 8419 5983)
3(9129 5983 8199)
3(9129 7090 6247)
3(9129 6247 8419)
3(7461 6468 7555)
3(7461 7555 9129)
3(9129 7689 6639)
3(9129 6639 7090)
3(7555 6641 7689)
3(7555 7689 9129)
3(9130 8125 6150)
3(9130 6150 6908)
3(6908 6154 8426)
3(6908 8426 9130)
3(8426 6404 8690)
3(8426 8690 9130)
3(9130 8326 6693)
3(9130 6693 8195)
3(9130 8195 6694)
3(9130 6694 8125)
3(8690 6766 8326)
3(8690 8326 9130)
3(9131 7322 6312)
3(9131 6312 8198)
3(9131 8198 6313)
3(9131 6313 8127)
3(9131 8127 6314)
3(9131 6314 7548)
3(7095 6315 6776)
3(7095 6776 9131)
3(7548 6316 7095)
3(7548 7095 9131)
3(6776 6317 7322)
3(6776 7322 9131)
3(9132 8441 5894)
3(9132 5894 7393)
3(8510 6189 7770)
3(8510 7770 9132)
3(7770 6191 7852)
3(7770 7852 9132)
3(9132 8068 6192)
3(9132 6192 8510)
3(7852 6194 8441)
3(7852 8441 9132)
3(9132 7393 6195)
3(9132 6195 8068)
3(9133 7249 6066)
3(9133 6066 7186)
3(7186 6309 6781)
3(7186 6781 9133)
3(9133 7426 6467)
3(9133 6467 8057)
3(9133 8057 6469)
3(9133 6469 7249)
3(6870 6492 7426)
3(6870 7426 9133)
3(6781 6493 6870)
3(6781 6870 9133)
3(9134 8167 6151)
3(9134 6151 8600)
3(8600 6152 7361)
3(8600 7361 9134)
3(9134 7505 6444)
3(9134 6444 8167)
3(7361 6695 8689)
3(7361 8689 9134)
3(9134 8091 6696)
3(9134 6696 7505)
3(8689 6697 8091)
3(8689 8091 9134)
3(6775 5878 7738)
3(6775 7738 9135)
3(9135 7136 6082)
3(9135 6082 6874)
3(9135 7738 6083)
3(9135 6083 7136)
3(7367 6084 6775)
3(7367 6775 9135)
3(9135 6874 6502)
3(9135 6502 7284)
3(7284 6503 7367)
3(7284 7367 9135)
3(8471 6181 7142)
3(8471 7142 9136)
3(7142 6182 8183)
3(7142 8183 9136)
3(9136 8183 6183)
3(9136 6183 8353)
3(9136 8353 6188)
3(9136 6188 7010)
3(6946 6414 8471)
3(6946 8471 9136)
3(9136 7010 6415)
3(9136 6415 6946)
3(8671 5522 7665)
3(8671 7665 9137)
3(9137 7480 5635)
3(9137 5635 8671)
3(6869 5960 6892)
3(6869 6892 9137)
3(7665 5962 6869)
3(7665 6869 9137)
3(9137 7308 5964)
3(9137 5964 7480)
3(9137 6892 5965)
3(9137 5965 7308)
3(9138 8122 6200)
3(9138 6200 7835)
3(7835 6391 7963)
3(7835 7963 9138)
3(9138 7845 6424)
3(9138 6424 8466)
3(9138 8466 6425)
3(9138 6425 8122)
3(7312 6544 7845)
3(7312 7845 9138)
3(7963 6545 7312)
3(7963 7312 9138)
3(9139 7766 5859)
3(9139 5859 6840)
3(9139 7135 5860)
3(9139 5860 7766)
3(9139 8502 5861)
3(9139 5861 7135)
3(6840 5862 7601)
3(6840 7601 9139)
3(7601 5863 6978)
3(7601 6978 9139)
3(6978 5864 8502)
3(6978 8502 9139)
3(8102 6346 7956)
3(8102 7956 9140)
3(9140 7956 6392)
3(9140 6392 7414)
3(7464 6585 7769)
3(7464 7769 9140)
3(7769 6588 8102)
3(7769 8102 9140)
3(9140 8241 6768)
3(9140 6768 7464)
3(9140 7414 6770)
3(9140 6770 8241)
3(9141 8594 5634)
3(9141 5634 7222)
3(7942 5635 7480)
3(7942 7480 9141)
3(8137 5806 7942)
3(8137 7942 9141)
3(9141 7222 5807)
3(9141 5807 8137)
3(7839 5963 8594)
3(7839 8594 9141)
3(7480 5964 7839)
3(7480 7839 9141)
3(9142 7059 6336)
3(9142 6336 7275)
3(9142 7963 6391)
3(9142 6391 7059)
3(8337 6538 8230)
3(8337 8230 9142)
3(7275 6539 8337)
3(7275 8337 9142)
3(9142 8230 6540)
3(9142 6540 7844)
3(9142 7844 6545)
3(9142 6545 7963)
3(8253 5628 7332)
3(8253 7332 9143)
3(9143 8031 5675)
3(9143 5675 8253)
3(9143 7601 5862)
3(9143 5862 8031)
3(9143 7467 5863)
3(9143 5863 7601)
3(7332 5875 8240)
3(7332 8240 9143)
3(9143 8240 5876)
3(9143 5876 7467)
3(8665 6768 8241)
3(8665 8241 9144)
3(6944 6769 8665)
3(6944 8665 9144)
3(8241 6770 8589)
3(8241 8589 9144)
3(9144 7996 6771)
3(9144 6771 6944)
3(8589 6772 8680)
3(8589 8680 9144)
3(9144 8680 6773)
3(9144 6773 7996)
3(9145 7126 5601)
3(9145 5601 8593)
3(9145 8593 5627)
3(9145 5627 7748)
3(7222 5634 7126)
3(7222 7126 9145)
3(9145 7748 5795)
3(9145 5795 7385)
3(8391 5807 7222)
3(8391 7222 9145)
3(7385 5810 8391)
3(7385 8391 9145)
3(9146 6806 6538)
3(9146 6538 8337)
3(9146 8337 6539)
3(9146 6539 8504)
3(9146 8504 6668)
3(9146 6668 6859)
3(6859 6670 7850)
3(6859 7850 9146)
3(7850 6711 8229)
3(7850 8229 9146)
3(8229 6712 6806)
3(8229 6806 9146)
3(7748 5627 6902)
3(7748 6902 9147)
3(9147 7332 5628)
3(9147 5628 8508)
3(7224 5795 7748)
3(7224 7748 9147)
3(9147 8508 5797)
3(9147 5797 7224)
3(6902 5871 7424)
3(6902 7424 9147)
3(9147 7424 5875)
3(9147 5875 7332)
3(9148 7850 6670)
3(9148 6670 6897)
3(6897 6708 8133)
3(6897 8133 9148)
3(9148 8505 6711)
3(9148 6711 7850)
3(9148 7910 6715)
3(9148 6715 8505)
3(8133 6771 7996)
3(8133 7996 9148)
3(7996 6773 7910)
3(7996 7910 9148)
3(8654 5655 8480)
3(8654 8480 9149)
3(8480 5656 7167)
3(8480 7167 9149)
3(9149 7167 5828)
3(9149 5828 8277)
3(8136 5830 8654)
3(8136 8654 9149)
3(9149 8277 6064)
3(9149 6064 6915)
3(9149 6915 6065)
3(9149 6065 8136)
3(7820 6174 8111)
3(7820 8111 9150)
3(9150 8308 6175)
3(9150 6175 7627)
3(9150 8132 6176)
3(9150 6176 8308)
3(8111 6177 8132)
3(8111 8132 9150)
3(7549 6179 7820)
3(7549 7820 9150)
3(9150 7627 6180)
3(9150 6180 7549)
3(9151 7566 5956)
3(9151 5956 7179)
3(7179 5957 7771)
3(7179 7771 9151)
3(9151 7981 5961)
3(9151 5961 7566)
3(7771 5983 8419)
3(7771 8419 9151)
3(8419 6247 7272)
3(8419 7272 9151)
3(9151 7272 6248)
3(9151 6248 7981)
3(9152 8428 6153)
3(9152 6153 7188)
3(9152 8426 6154)
3(9152 6154 8428)
3(7188 6199 8203)
3(7188 8203 9152)
3(9152 8244 6404)
3(9152 6404 8426)
3(8203 6422 6979)
3(8203 6979 9152)
3(6979 6423 8244)
3(6979 8244 9152)
3(7854 5676 7628)
3(7854 7628 9153)
3(7628 5678 6938)
3(7628 6938 9153)
3(6846 5856 7854)
3(6846 7854 9153)
3(9153 8066 5881)
3(9153 5881 6846)
3(9153 6938 6315)
3(9153 6315 7095)
3(9153 7095 6316)
3(9153 6316 8066)
3(8072 6192 8068)
3(8072 8068 9154)
3(8068 6195 6942)
3(8068 6942 9154)
3(9154 6942 6197)
3(9154 6197 7245)
3(6851 6581 8072)
3(6851 8072 9154)
3(9154 7245 6589)
3(9154 6589 7855)
3(9154 7855 6590)
3(9154 6590 6851)
3(7969 6308 7729)
3(7969 7729 9155)
3(9155 6781 6309)
3(9155 6309 8165)
3(9155 8165 6310)
3(9155 6310 6947)
3(6947 6311 7969)
3(6947 7969 9155)
3(7729 6490 7028)
3(7729 7028 9155)
3(9155 7028 6493)
3(9155 6493 6781)
3(9156 7736 5605)
3(9156 5605 7973)
3(7598 5925 8171)
3(7598 8171 9156)
3(9156 7973 5926)
3(9156 5926 7598)
3(8171 6151 8167)
3(8171 8167 9156)
3(9156 7031 6443)
3(9156 6443 7736)
3(8167 6444 7031)
3(8167 7031 9156)
3(9157 7368 5684)
3(9157 5684 8605)
3(9157 8605 5882)
3(9157 5882 7604)
3(9157 8631 6081)
3(9157 6081 7368)
3(6874 6082 8631)
3(6874 8631 9157)
3(6877 6502 6874)
3(6877 6874 9157)
3(7604 6504 6877)
3(7604 6877 9157)
3(8023 5567 7320)
3(8023 7320 9158)
3(8261 5918 8023)
3(8261 8023 9158)
3(9158 7320 6181)
3(9158 6181 8471)
3(9158 8471 6414)
3(9158 6414 8474)
3(7219 6621 8261)
3(7219 8261 9158)
3(9158 8474 6622)
3(9158 6622 7219)
3(9159 7243 5647)
3(9159 5647 7700)
3(7700 5653 8424)
3(7700 8424 9159)
3(9159 7461 5982)
3(9159 5982 7243)
3(8424 6066 7249)
3(8424 7249 9159)
3(9159 6808 6468)
3(9159 6468 7461)
3(7249 6469 6808)
3(7249 6808 9159)
3(7329 5929 6916)
3(7329 6916 9160)
3(9160 7404 5930)
3(9160 5930 7329)
3(6916 6150 8125)
3(6916 8125 9160)
3(9160 7361 6152)
3(9160 6152 7404)
3(8125 6694 7425)
3(8125 7425 9160)
3(9160 7425 6695)
3(9160 6695 7361)
3(9161 7431 6084)
3(9161 6084 7367)
3(8127 6313 7431)
3(8127 7431 9161)
3(7564 6314 8127)
3(7564 8127 9161)
3(7336 6319 7564)
3(7336 7564 9161)
3(9161 8065 6500)
3(9161 6500 7336)
3(9161 7367 6503)
3(9161 6503 8065)
3(9162 8517 6184)
3(9162 6184 6989)
3(7010 6188 7071)
3(7010 7071 9162)
3(9162 7770 6189)
3(9162 6189 8517)
3(9162 7071 6191)
3(9162 6191 7770)
3(6989 6413 7710)
3(6989 7710 9162)
3(7710 6415 7010)
3(7710 7010 9162)
3(7435 5498 7879)
3(7435 7879 9163)
3(9163 7665 5522)
3(9163 5522 7968)
3(9163 7968 5523)
3(9163 5523 7435)
3(7879 5956 7566)
3(7879 7566 9163)
3(7566 5961 7551)
3(7566 7551 9163)
3(9163 7551 5962)
3(9163 5962 7665)
3(9164 7889 6198)
3(9164 6198 8098)
3(9164 8203 6199)
3(9164 6199 7889)
3(8599 6200 8122)
3(8599 8122 9164)
3(8098 6201 8599)
3(8098 8599 9164)
3(9164 7180 6422)
3(9164 6422 8203)
3(8122 6425 7180)
3(8122 7180 9164)
3(9165 7843 5676)
3(9165 5676 7854)
3(7747 5784 7612)
3(7747 7612 9165)
3(9165 7854 5856)
3(9165 5856 7526)
3(9165 7526 5858)
3(9165 5858 7747)
3(7612 5859 7766)
3(7612 7766 9165)
3(7766 5860 7843)
3(7766 7843 9165)
3(9166 7769 6585)
3(9166 6585 8260)
3(9166 8260 6586)
3(9166 6586 7752)
3(7752 6587 7530)
3(7752 7530 9166)
3(9166 7466 6588)
3(9166 6588 7769)
3(7855 6589 7466)
3(7855 7466 9166)
3(7530 6590 7855)
3(7530 7855 9166)
3(6915 6064 7954)
3(6915 7954 9167)
3(7936 6065 6915)
3(7936 6915 9167)
3(9167 7633 6306)
3(9167 6306 8351)
3(8351 6307 7936)
3(8351 7936 9167)
3(9167 7954 6308)
3(9167 6308 7969)
3(9167 7969 6311)
3(9167 6311 7633)
3(7973 5605 7961)
3(7973 7961 9168)
3(9168 7961 5655)
3(9168 5655 8654)
3(9168 8118 5829)
3(9168 5829 7035)
3(9168 8654 5830)
3(9168 5830 8118)
3(7035 5923 7637)
3(7035 7637 9168)
3(7637 5926 7973)
3(7637 7973 9168)
3(8605 5684 7600)
3(8605 7600 9169)
3(7260 5882 8605)
3(7260 8605 9169)
3(9169 7600 6174)
3(9169 6174 7820)
3(9169 7820 6179)
3(9169 6179 8019)
3(8003 6420 7260)
3(8003 7260 9169)
3(9169 8019 6421)
3(9169 6421 8003)
3(9170 8238 5918)
3(9170 5918 8261)
3(7627 6175 8238)
3(7627 8238 9170)
3(8633 6178 8211)
3(8633 8211 9170)
3(8211 6180 7627)
3(8211 7627 9170)
3(9170 7939 6619)
3(9170 6619 8633)
3(9170 8261 6621)
3(9170 6621 7939)
3(7968 5522 8671)
3(7968 8671 9171)
3(6943 5523 7968)
3(6943 7968 9171)
3(8096 5632 6943)
3(8096 6943 9171)
3(9171 8671 5635)
3(9171 5635 7942)
3(9171 7659 5805)
3(9171 5805 8096)
3(9171 7942 5806)
3(9171 5806 7659)
3(9172 7835 6200)
3(9172 6200 8599)
3(9172 8599 6201)
3(9172 6201 8550)
3(7286 6336 7059)
3(7286 7059 9172)
3(7059 6391 7835)
3(7059 7835 9172)
3(9172 8550 6426)
3(9172 6426 7074)
3(7074 6429 7286)
3(7074 7286 9172)
3(7288 5675 8031)
3(7288 8031 9173)
3(9173 7612 5784)
3(9173 5784 7213)
3(9173 6840 5859)
3(9173 5859 7612)
3(8031 5862 6840)
3(8031 6840 9173)
3(7746 6048 7288)
3(7746 7288 9173)
3(9173 7213 6049)
3(9173 6049 7746)
3(7378 6355 8180)
3(7378 8180 9174)
3(8260 6585 7464)
3(8260 7464 9174)
3(8180 6586 8260)
3(8180 8260 9174)
3(9174 6955 6709)
3(9174 6709 7378)
3(9174 7464 6768)
3(9174 6768 8665)
3(9174 8665 6769)
3(9174 6769 6955)
3(7631 5647 7243)
3(7631 7243 9175)
3(7558 5648 7631)
3(7558 7631 9175)
3(9175 7933 5649)
3(9175 5649 7558)
3(9175 7771 5957)
3(9175 5957 7933)
3(7243 5982 8199)
3(7243 8199 9175)
3(9175 8199 5983)
3(9175 5983 7771)
3(7562 5707 8574)
3(7562 8574 9176)
3(9176 8281 5927)
3(9176 5927 7562)
3(9176 6916 5929)
3(9176 5929 8281)
3(9176 6908 6150)
3(9176 6150 6916)
3(8574 6153 8428)
3(8574 8428 9176)
3(8428 6154 6908)
3(8428 6908 9176)
3(8205 5881 8066)
3(8205 8066 9177)
3(7189 6085 8205)
3(7189 8205 9177)
3(9177 7548 6314)
3(9177 6314 7564)
3(8066 6316 7548)
3(8066 7548 9177)
3(9177 7564 6319)
3(9177 6319 7259)
3(9177 7259 6320)
3(9177 6320 7189)
3(7938 6184 8517)
3(7938 8517 9178)
3(7192 6186 7938)
3(7192 7938 9178)
3(8517 6189 8510)
3(8517 8510 9178)
3(9178 8510 6192)
3(9178 6192 8072)
3(9178 8072 6581)
3(9178 6581 8210)
3(9178 8210 6582)
3(9178 6582 7192)
3(6861 5652 7861)
3(6861 7861 9179)
3(9179 8424 5653)
3(9179 5653 8369)
3(9179 8369 5654)
3(9179 5654 6861)
3(9179 7186 6066)
3(9179 6066 8424)
3(8165 6309 7186)
3(8165 7186 9179)
3(7861 6310 8165)
3(7861 8165 9179)
3(9180 8312 5924)
3(9180 5924 7966)
3(9180 8171 5925)
3(9180 5925 8312)
3(7966 5928 7520)
3(7966 7520 9180)
3(7520 5930 7404)
3(7520 7404 9180)
3(9180 8600 6151)
3(9180 6151 8171)
3(7404 6152 8600)
3(7404 8600 9180)
3(8487 6500 8065)
3(8487 8065 9181)
3(6954 6501 8487)
3(6954 8487 9181)
3(9181 7284 6502)
3(9181 6502 6877)
3(8065 6503 7284)
3(8065 7284 9181)
3(9181 6877 6504)
3(9181 6504 7976)
3(9181 7976 6505)
3(9181 6505 6954)
3(9182 7154 6412)
3(9182 6412 7610)
3(9182 7710 6413)
3(9182 6413 7154)
3(8474 6414 6946)
3(8474 6946 9182)
3(9182 6946 6415)
3(9182 6415 7710)
3(7610 6620 8610)
3(7610 8610 9182)
3(8610 6622 8474)
3(8610 8474 9182)
3(8316 5805 7659)
3(8316 7659 9183)
3(7659 5806 8137)
3(7659 8137 9183)
3(9183 8137 5807)
3(9183 5807 8391)
3(7382 5808 8316)
3(7382 8316 9183)
3(9183 6910 5809)
3(9183 5809 7382)
3(9183 8391 5810)
3(9183 5810 6910)
3(9184 7275 6336)
3(9184 6336 7286)
3(9184 7286 6429)
3(9184 6429 7774)
3(9184 7774 6535)
3(9184 6535 7479)
3(8504 6539 7275)
3(8504 7275 9184)
3(7479 6667 8302)
3(7479 8302 9184)
3(8302 6668 8504)
3(8302 8504 9184)
3(8508 5628 8253)
3(8508 8253 9185)
3(9185 8253 5675)
3(9185 5675 7288)
3(7485 5796 8683)
3(7485 8683 9185)
3(8683 5797 8508)
3(8683 8508 9185)
3(9185 7288 6048)
3(9185 6048 8431)
3(9185 8431 6050)
3(9185 6050 7485)
3(7114 6706 8073)
3(7114 8073 9186)
3(9186 8341 6707)
3(9186 6707 7114)
3(9186 8133 6708)
3(9186 6708 8341)
3(8073 6709 6955)
3(8073 6955 9186)
3(6955 6769 6944)
3(6955 6944 9186)
3(9186 6944 6771)
3(9186 6771 8133)
3(8535 5829 8118)
3(8535 8118 9187)
3(8118 5830 8136)
3(8118 8136 9187)
3(9187 8136 6065)
3(9187 6065 7936)
3(9187 8079 6302)
3(9187 6302 8535)
3(9187 7936 6307)
3(9187 6307 8079)
3(7165 5794 8235)
3(7165 8235 9188)
3(9188 7385 5795)
3(9188 5795 7224)
3(9188 8683 5796)
3(9188 5796 7165)
3(9188 7224 5797)
3(9188 5797 8683)
3(8235 5809 6910)
3(8235 6910 9188)
3(6910 5810 7385)
3(6910 7385 9188)
3(9189 8302 6667)
3(9189 6667 6935)
3(9189 6859 6668)
3(9189 6668 8302)
3(9189 6935 6669)
3(9189 6669 7171)
3(6897 6670 6859)
3(6897 6859 9189)
3(7171 6707 8341)
3(7171 8341 9189)
3(8341 6708 6897)
3(8341 6897 9189)
3(9190 8211 6178)
3(9190 6178 6885)
3(8019 6179 7549)
3(8019 7549 9190)
3(9190 7549 6180)
3(9190 6180 8211)
3(6885 6419 8379)
3(6885 8379 9190)
3(8379 6421 8019)
3(8379 8019 9190)
3(9191 8262 5497)
3(9191 5497 8044)
3(9191 7879 5498)
3(9191 5498 8262)
3(8044 5534 7019)
3(8044 7019 9191)
3(7019 5649 7933)
3(7019 7933 9191)
3(9191 7179 5956)
3(9191 5956 7879)
3(7933 5957 7179)
3(7933 7179 9191)
3(9192 8574 5707)
3(9192 5707 7478)
3(9192 7478 5934)
3(9192 5934 7187)
3(7187 5936 6782)
3(7187 6782 9192)
3(9192 7188 6153)
3(9192 6153 8574)
3(6782 6198 7889)
3(6782 7889 9192)
3(7889 6199 7188)
3(7889 7188 9192)
3(7526 5856 6846)
3(7526 6846 9193)
3(6847 5857 8357)
3(6847 8357 9193)
3(8357 5858 7526)
3(8357 7526 9193)
3(9193 6846 5881)
3(9193 5881 8205)
3(9193 8205 6085)
3(9193 6085 7107)
3(9193 7107 6087)
3(9193 6087 6847)
3(8210 6581 6851)
3(8210 6851 9194)
3(7113 6582 8210)
3(7113 8210 9194)
3(6852 6583 7113)
3(6852 7113 9194)
3(9194 8360 6584)
3(9194 6584 6852)
3(9194 7530 6587)
3(9194 6587 8360)
3(9194 6851 6590)
3(9194 6590 7530)
3(9195 7861 5652)
3(9195 5652 7781)
3(9195 7781 6062)
3(9195 6062 7483)
3(7483 6305 7576)
3(7483 7576 9195)
3(7576 6306 7633)
3(7576 7633 9195)
3(9195 6947 6310)
3(9195 6310 7861)
3(7633 6311 6947)
3(7633 6947 9195)
3(9196 7637 5923)
3(9196 5923 7667)
3(7220 5924 8312)
3(7220 8312 9196)
3(8312 5925 7598)
3(8312 7598 9196)
3(9196 7598 5926)
3(9196 5926 7637)
3(9196 7667 6213)
3(9196 6213 6949)
3(6949 6214 7220)
3(6949 7220 9196)
3(9197 7604 5882)
3(9197 5882 7260)
3(9197 7672 6417)
3(9197 6417 7605)
3(9197 7260 6420)
3(9197 6420 7672)
3(7605 6496 7896)
3(7605 7896 9197)
3(7976 6504 7604)
3(7976 7604 9197)
3(7896 6505 7976)
3(7896 7976 9197)
3(8559 6617 7297)
3(8559 7297 9198)
3(9198 7532 6618)
3(9198 6618 8559)
3(7297 6619 7939)
3(7297 7939 9198)
3(9198 8610 6620)
3(9198 6620 7532)
3(7939 6621 7219)
3(7939 7219 9198)
3(9198 7219 6622)
3(9198 6622 8610)
3(9199 8481 5535)
3(9199 5535 7191)
3(9199 7700 5647)
3(9199 5647 7631)
3(9199 7631 5648)
3(9199 5648 8481)
3(7191 5651 7018)
3(7191 7018 9199)
3(8369 5653 7700)
3(8369 7700 9199)
3(7018 5654 8369)
3(7018 8369 9199)
3(7944 5927 8281)
3(7944 8281 9200)
3(9200 7520 5928)
3(9200 5928 7102)
3(8281 5929 7329)
3(8281 7329 9200)
3(9200 7329 5930)
3(9200 5930 7520)
3(8611 5941 7944)
3(8611 7944 9200)
3(9200 7102 5942)
3(9200 5942 8611)
3(7287 6318 8578)
3(7287 8578 9201)
3(7259 6319 7336)
3(7259 7336 9201)
3(8578 6320 7259)
3(8578 7259 9201)
3(9201 7106 6497)
3(9201 6497 7287)
3(9201 7336 6500)
3(9201 6500 8487)
3(9201 8487 6501)
3(9201 6501 7106)
3(9202 6989 6184)
3(9202 6184 7938)
3(7291 6185 7773)
3(7291 7773 9202)
3(9202 7938 6186)
3(9202 6186 8584)
3(9202 8584 6187)
3(9202 6187 7291)
3(7773 6412 7154)
3(7773 7154 9202)
3(7154 6413 6989)
3(7154 6989 9202)
3(6794 5497 8262)
3(6794 8262 9203)
3(8262 5498 7435)
3(8262 7435 9203)
3(9203 7435 5523)
3(9203 5523 6943)
3(6993 5629 6794)
3(6993 6794 9203)
3(9203 6943 5632)
3(9203 5632 7495)
3(9203 7495 5633)
3(9203 5633 6993)
3(9204 7412 5935)
3(9204 5935 7641)
3(9204 6782 5936)
3(9204 5936 7412)
3(9204 8098 6198)
3(9204 6198 6782)
3(8550 6201 8098)
3(8550 8098 9204)
3(7502 6426 8550)
3(7502 8550 9204)
3(7641 6427 7502)
3(7641 7502 9204)
3(7213 5784 7747)
3(7213 7747 9205)
3(9205 6891 5785)
3(9205 5785 7080)
3(9205 8357 5857)
3(9205 5857 6891)
3(9205 7747 5858)
3(9205 5858 8357)
3(7080 6046 7613)
3(7080 7613 9205)
3(7613 6049 7213)
3(7613 7213 9205)
3(9206 8180 6355)
3(9206 6355 7616)
3(9206 7616 6577)
3(9206 6577 7751)
3(7751 6579 7529)
3(7751 7529 9206)
3(7529 6584 8360)
3(7529 8360 9206)
3(9206 7752 6586)
3(9206 6586 8180)
3(8360 6587 7752)
3(8360 7752 9206)
3(7495 5632 8096)
3(7495 8096 9207)
3(8191 5633 7495)
3(8191 7495 9207)
3(9207 7684 5799)
3(9207 5799 8191)
3(9207 7762 5802)
3(9207 5802 7684)
3(9207 8096 5805)
3(9207 5805 8316)
3(9207 8316 5808)
3(9207 5808 7762)
3(9208 7074 6426)
3(9208 6426 7502)
3(9208 7502 6427)
3(9208 6427 6898)
3(6898 6428 8322)
3(6898 8322 9208)
3(7774 6429 7074)
3(7774 7074 9208)
3(8410 6535 7774)
3(8410 7774 9208)
3(8322 6536 8410)
3(8322 8410 9208)
3(9209 7613 6046)
3(9209 6046 7335)
3(7335 6047 6845)
3(7335 6845 9209)
3(8431 6048 7746)
3(8431 7746 9209)
3(9209 7746 6049)
3(9209 6049 7613)
3(6920 6050 8431)
3(6920 8431 9209)
3(6845 6051 6920)
3(6845 6920 9209)
3(9210 8516 6351)
3(9210 6351 8437)
3(7616 6355 7378)
3(7616 7378 9210)
3(9210 8437 6576)
3(9210 6576 6987)
3(6987 6577 7616)
3(6987 7616 9210)
3(9210 8073 6706)
3(9210 6706 8516)
3(9210 7378 6709)
3(9210 6709 8073)
3(7964 6302 8079)
3(7964 8079 9211)
3(6991 6303 7964)
3(6991 7964 9211)
3(9211 7408 6304)
3(9211 6304 6991)
3(9211 7576 6305)
3(9211 6305 7408)
3(9211 8351 6306)
3(9211 6306 7576)
3(8079 6307 8351)
3(8079 8351 9211)
3(9212 7035 5829)
3(9212 5829 8535)
3(7667 5923 7035)
3(7667 7035 9212)
3(6841 6210 8374)
3(6841 8374 9212)
3(8374 6213 7667)
3(8374 7667 9212)
3(9212 8535 6302)
3(9212 6302 7964)
3(9212 7964 6303)
3(9212 6303 6841)
3(7278 6416 7525)
3(7278 7525 9213)
3(7525 6417 7672)
3(7525 7672 9213)
3(9213 8050 6418)
3(9213 6418 7278)
3(9213 8379 6419)
3(9213 6419 8050)
3(7672 6420 8003)
3(7672 8003 9213)
3(9213 8003 6421)
3(9213 6421 8379)
3(9214 8493 5921)
3(9214 5921 8450)
3(6885 6178 8633)
3(6885 8633 9214)
3(8450 6418 8050)
3(8450 8050 9214)
3(8050 6419 6885)
3(8050 6885 9214)
3(9214 7297 6617)
3(9214 6617 8493)
3(9214 8633 6619)
3(9214 6619 7297)
3(9215 8143 5630)
3(9215 5630 7643)
3(9215 8235 5794)
3(9215 5794 8143)
3(7159 5802 7762)
3(7159 7762 9215)
3(7643 5803 7159)
3(7643 7159 9215)
3(7762 5808 7382)
3(7762 7382 9215)
3(9215 7382 5809)
3(9215 5809 8235)
3(9216 7164 6534)
3(9216 6534 8292)
3(9216 7479 6535)
3(9216 6535 8410)
3(9216 8410 6536)
3(9216 6536 7164)
3(8292 6537 8149)
3(8292 8149 9216)
3(6935 6667 7479)
3(6935 7479 9216)
3(8149 6669 6935)
3(8149 6935 9216)
3(7486 5630 8143)
3(7486 8143 9217)
3(9217 7258 5787)
3(9217 5787 7486)
3(8143 5794 7165)
3(8143 7165 9217)
3(7165 5796 7485)
3(7165 7485 9217)
3(9217 7485 6050)
3(9217 6050 6920)
3(9217 6920 6051)
3(9217 6051 7258)
3(7269 6351 8516)
3(7269 8516 9218)
3(7494 6352 7269)
3(7494 7269 9218)
3(9218 8149 6537)
3(9218 6537 7494)
3(9218 7171 6669)
3(9218 6669 8149)
3(8516 6706 7114)
3(8516 7114 9218)
3(9218 7114 6707)
3(9218 6707 7171)
3(9219 7019 5534)
3(9219 5534 8646)
3(8323 5535 8481)
3(8323 8481 9219)
3(8481 5648 7558)
3(8481 7558 9219)
3(9219 7558 5649)
3(9219 5649 7019)
3(9219 8646 6296)
3(9219 6296 7123)
3(7123 6299 8323)
3(7123 8323 9219)
3(7478 5707 7562)
3(7478 7562 9220)
3(9220 7562 5927)
3(9220 5927 7944)
3(7788 5931 7347)
3(7788 7347 9220)
3(7347 5934 7478)
3(7347 7478 9220)
3(9220 8332 5940)
3(9220 5940 7788)
3(9220 7944 5941)
3(9220 5941 8332)
3(7107 6085 7189)
3(7107 7189 9221)
3(8259 6086 7825)
3(8259 7825 9221)
3(7825 6087 7107)
3(7825 7107 9221)
3(9221 7475 6088)
3(9221 6088 8259)
3(9221 8578 6318)
3(9221 6318 7475)
3(9221 7189 6320)
3(9221 6320 8578)
3(8584 6186 7192)
3(8584 7192 9222)
3(8448 6187 8584)
3(8448 8584 9222)
3(7906 6190 8448)
3(7906 8448 9222)
3(9222 7446 6574)
3(9222 6574 7906)
3(9222 7192 6582)
3(9222 6582 7113)
3(9222 7113 6583)
3(9222 6583 7446)
3(9223 8582 5650)
3(9223 5650 7913)
3(9223 7018 5651)
3(9223 5651 8582)
3(7781 5652 6861)
3(7781 6861 9223)
3(9223 6861 5654)
3(9223 5654 7018)
3(7913 6060 7451)
3(7913 7451 9223)
3(7451 6062 7781)
3(7451 7781 9223)
3(9224 7966 5924)
3(9224 5924 7220)
3(7102 5928 7966)
3(7102 7966 9224)
3(7587 5942 7102)
3(7587 7102 9224)
3(7544 5943 7587)
3(7544 7587 9224)
3(9224 7093 6212)
3(9224 6212 7544)
3(9224 7220 6214)
3(9224 6214 7093)
3(9225 7896 6496)
3(9225 6496 7760)
3(8222 6497 7106)
3(8222 7106 9225)
3(9225 7760 6498)
3(9225 6498 8186)
3(8186 6499 8222)
3(8186 8222 9225)
3(7106 6501 6954)
3(7106 6954 9225)
3(9225 6954 6505)
3(9225 6505 7896)
3(9226 7686 6172)
3(9226 6172 7646)
3(7646 6173 7200)
3(7646 7200 9226)
3(9226 7773 6185)
3(9226 6185 7686)
3(9226 7610 6412)
3(9226 6412 7773)
3(7200 6618 7532)
3(7200 7532 9226)
3(7532 6620 7610)
3(7532 7610 9226)
3(9227 8044 5497)
3(9227 5497 6794)
3(8646 5534 8044)
3(8646 8044 9227)
3(9227 6794 5629)
3(9227 5629 8366)
3(9227 8366 6052)
3(9227 6052 6858)
3(8591 6296 8646)
3(8591 8646 9227)
3(6858 6297 8591)
3(6858 8591 9227)
3(9228 7347 5931)
3(9228 5931 7265)
3(9228 7265 5932)
3(9228 5932 7491)
3(7491 5933 7049)
3(7491 7049 9228)
3(9228 7187 5934)
3(9228 5934 7347)
3(7049 5935 7412)
3(7049 7412 9228)
3(7412 5936 7187)
3(7412 7187 9228)
3(9229 8233 5494)
3(9229 5494 8462)
3(8462 5626 8020)
3(8462 8020 9229)
3(8020 5785 6891)
3(8020 6891 9229)
3(6891 5857 6847)
3(6891 6847 9229)
3(9229 7825 6086)
3(9229 6086 8233)
3(9229 6847 6087)
3(9229 6087 7825)
3(7609 6573 7376)
3(7609 7376 9230)
3(7376 6574 7446)
3(7376 7446 9230)
3(9230 7529 6579)
3(9230 6579 7153)
3(9230 7153 6580)
3(9230 6580 7609)
3(7446 6583 6852)
3(7446 6852 9230)
3(9230 6852 6584)
3(9230 6584 7529)
3(9231 7451 6060)
3(9231 6060 8335)
3(9231 8335 6061)
3(9231 6061 7536)
3(9231 7483 6062)
3(9231 6062 7451)
3(7536 6063 8120)
3(7536 8120 9231)
3(8120 6304 7408)
3(8120 7408 9231)
3(7408 6305 7483)
3(7408 7483 9231)
3(7542 6209 7022)
3(7542 7022 9232)
3(9232 8374 6210)
3(9232 6210 8314)
3(9232 8314 6211)
3(9232 6211 7542)
3(7022 6212 7093)
3(7022 7093 9232)
3(9232 6949 6213)
3(9232 6213 8374)
3(7093 6214 6949)
3(7093 6949 9232)
3(7176 5706 8623)
3(7176 8623 9233)
3(9233 7979 5922)
3(9233 5922 7176)
3(9233 7525 6416)
3(9233 6416 7979)
3(9233 7605 6417)
3(9233 6417 7525)
3(7760 6496 7605)
3(7760 7605 9233)
3(8623 6498 7760)
3(8623 7760 9233)
3(9234 7112 5917)
3(9234 5917 7644)
3(7644 5920 8615)
3(7644 8615 9234)
3(8615 5921 8493)
3(8615 8493 9234)
3(9234 7200 6173)
3(9234 6173 7112)
3(8493 6617 8559)
3(8493 8559 9234)
3(9234 8559 6618)
3(9234 6618 7200)
3(7859 5799 7684)
3(7859 7684 9235)
3(9235 6857 5800)
3(9235 5800 7346)
3(7346 5801 7859)
3(7346 7859 9235)
3(9235 7684 5802)
3(9235 5802 7159)
3(9235 7159 5803)
3(9235 5803 7827)
3(9235 7827 5804)
3(9235 5804 6857)
3(9236 7503 6205)
3(9236 6205 7001)
3(7001 6206 8456)
3(7001 8456 9236)
3(8456 6334 7452)
3(8456 7452 9236)
3(9236 8322 6428)
3(9236 6428 7503)
3(7452 6534 7164)
3(7452 7164 9236)
3(7164 6536 8322)
3(7164 8322 9236)
3(8461 5786 7206)
3(8461 7206 9237)
3(7206 5787 7258)
3(7206 7258 9237)
3(7650 5789 8461)
3(7650 8461 9237)
3(9237 7509 5790)
3(9237 5790 7650)
3(9237 6845 6047)
3(9237 6047 7509)
3(7258 6051 6845)
3(7258 6845 9237)
3(9238 8437 6351)
3(9238 6351 7269)
3(9238 7269 6352)
3(9238 6352 8621)
3(9238 8621 6353)
3(9238 6353 8558)
3(9238 8558 6354)
3(9238 6354 7086)
3(7086 6575 7617)
3(7086 7617 9238)
3(7617 6576 8437)
3(7617 8437 9238)
3(8366 5629 6993)
3(8366 6993 9239)
3(9239 6993 5633)
3(9239 5633 8191)
3(9239 8191 5799)
3(9239 5799 7859)
3(9239 7859 5801)
3(9239 5801 7226)
3(7535 6052 8366)
3(7535 8366 9239)
3(7226 6053 7535)
3(7226 7535 9239)
3(9240 7049 5933)
3(9240 5933 7540)
3(9240 7641 5935)
3(9240 5935 7049)
3(9240 7540 6204)
3(9240 6204 7228)
3(7228 6205 7503)
3(7228 7503 9240)
3(6898 6427 7641)
3(6898 7641 9240)
3(7503 6428 6898)
3(7503 6898 9240)
3(9241 8020 5626)
3(9241 5626 7175)
3(9241 7080 5785)
3(9241 5785 8020)
3(6904 5790 7509)
3(6904 7509 9241)
3(9241 7175 5791)
3(9241 5791 6904)
3(7335 6046 7080)
3(7335 7080 9241)
3(7509 6047 7335)
3(7509 7335 9241)
3(9242 7617 6575)
3(9242 6575 7343)
3(9242 6987 6576)
3(9242 6576 7617)
3(9242 7751 6577)
3(9242 6577 6987)
3(7343 6578 7642)
3(7343 7642 9242)
3(7153 6579 7751)
3(7153 7751 9242)
3(7642 6580 7153)
3(7642 7153 9242)
3(9243 8218 6059)
3(9243 6059 8032)
3(9243 8120 6063)
3(9243 6063 8218)
3(8314 6210 6841)
3(8314 6841 9243)
3(8032 6211 8314)
3(8032 8314 9243)
3(6841 6303 6991)
3(6841 6991 9243)
3(9243 6991 6304)
3(9243 6304 8120)
3(8501 5919 8666)
3(8501 8666 9244)
3(9244 8615 5920)
3(9244 5920 8501)
3(9244 8450 5921)
3(9244 5921 8615)
3(8666 5922 7979)
3(8666 7979 9244)
3(7979 6416 7278)
3(7979 7278 9244)
3(9244 7278 6418)
3(9244 6418 8450)
3(9245 7191 5535)
3(9245 5535 8323)
3(8342 5646 8427)
3(8342 8427 9245)
3(8427 5650 8582)
3(8427 8582 9245)
3(8582 5651 7191)
3(8582 7191 9245)
3(9245 8323 6299)
3(9245 6299 7925)
3(9245 7925 6300)
3(9245 6300 8342)
3(6862 5939 8367)
3(6862 8367 9246)
3(8367 5940 8332)
3(8367 8332 9246)
3(8332 5941 8611)
3(8332 8611 9246)
3(9246 8611 5942)
3(9246 5942 7587)
3(9246 7587 5943)
3(9246 5943 7577)
3(9246 7577 5946)
3(9246 5946 6862)
3(7493 5681 7048)
3(7493 7048 9247)
3(9247 7581 5682)
3(9247 5682 7493)
3(7048 6088 7475)
3(7048 7475 9247)
3(7475 6318 7287)
3(7475 7287 9247)
3(9247 7287 6497)
3(9247 6497 8222)
3(9247 8222 6499)
3(9247 6499 7581)
3(7207 6172 7686)
3(7207 7686 9248)
3(7686 6185 7291)
3(7686 7291 9248)
3(9248 7291 6187)
3(9248 6187 8448)
3(9248 8448 6190)
3(9248 6190 8644)
3(9248 8644 6193)
3(9248 6193 7120)
3(7120 6196 7207)
3(7120 7207 9248)
3(9249 7643 5630)
3(9249 5630 7486)
3(7172 5631 6936)
3(7172 6936 9249)
3(9249 7206 5786)
3(9249 5786 7172)
3(9249 7486 5787)
3(9249 5787 7206)
3(7827 5803 7643)
3(7827 7643 9249)
3(6936 5804 7827)
3(6936 7827 9249)
3(9250 7452 6334)
3(9250 6334 8540)
3(9250 8540 6335)
3(9250 6335 6836)
3(8621 6352 7494)
3(8621 7494 9250)
3(6836 6353 8621)
3(6836 8621 9250)
3(9250 8292 6534)
3(9250 6534 7452)
3(7494 6537 8292)
3(7494 8292 9250)
3(9251 7123 6296)
3(9251 6296 8591)
3(9251 8591 6297)
3(9251 6297 8217)
3(9251 8217 6298)
3(9251 6298 7499)
3(7925 6299 7123)
3(7925 7123 9251)
3(8447 6300 7925)
3(8447 7925 9251)
3(7499 6301 8447)
3(7499 8447 9251)
3(7265 5931 7788)
3(7265 7788 9252)
3(7870 5932 7265)
3(7870 7265 9252)
3(9252 8367 5939)
3(9252 5939 8087)
3(9252 7788 5940)
3(9252 5940 8367)
3(9252 8087 6202)
3(9252 6202 7128)
3(7128 6203 7870)
3(7128 7870 9252)
3(7875 5494 8233)
3(7875 8233 9253)
3(7797 5536 7875)
3(7797 7875 9253)
3(9253 8095 5539)
3(9253 5539 7797)
3(9253 7048 5681)
3(9253 5681 8095)
3(8233 6086 8259)
3(8233 8259 9253)
3(9253 8259 6088)
3(9253 6088 7048)
3(8644 6190 7906)
3(8644 7906 9254)
3(6801 6193 8644)
3(6801 8644 9254)
3(9254 7376 6573)
3(9254 6573 8529)
3(9254 7906 6574)
3(9254 6574 7376)
3(7808 6602 6801)
3(7808 6801 9254)
3(9254 8529 6603)
3(9254 6603 7808)
3(9255 7683 5645)
3(9255 5645 8189)
3(9255 8427 5646)
3(9255 5646 7683)
3(9255 7913 5650)
3(9255 5650 8427)
3(8189 5824 6958)
3(8189 6958 9255)
3(8335 6060 7913)
3(8335 7913 9255)
3(6958 6061 8335)
3(6958 8335 9255)
3(7577 5943 7544)
3(7577 7544 9256)
3(9256 6967 5944)
3(9256 5944 6896)
3(6896 5945 7690)
3(6896 7690 9256)
3(7690 5946 7577)
3(7690 7577 9256)
3(9256 7022 6209)
3(9256 6209 6967)
3(9256 7544 6212)
3(9256 6212 7022)
3(7851 5541 7319)
3(7851 7319 9257)
3(7319 5682 7581)
3(7319 7581 9257)
3(9257 8566 5705)
3(9257 5705 7851)
3(9257 8623 5706)
3(9257 5706 8566)
3(9257 8186 6498)
3(9257 6498 8623)
3(7581 6499 8186)
3(7581 8186 9257)
3(8507 5915 8571)
3(8507 8571 9258)
3(8571 5917 7112)
3(8571 7112 9258)
3(9258 7988 6167)
3(9258 6167 8507)
3(9258 7646 6172)
3(9258 6172 7207)
3(7112 6173 7646)
3(7112 7646 9258)
3(9258 7207 6196)
3(9258 6196 7988)
3(9259 6958 5824)
3(9259 5824 7421)
3(9259 7421 5825)
3(9259 5825 7122)
3(7122 5826 7974)
3(7122 7974 9259)
3(7974 6059 8218)
3(7974 8218 9259)
3(9259 7536 6061)
3(9259 6061 6958)
3(8218 6063 7536)
3(8218 7536 9259)
3(7330 5709 8085)
3(7330 8085 9260)
3(9260 7974 5826)
3(9260 5826 7330)
3(8085 5944 6967)
3(8085 6967 9260)
3(9260 8032 6059)
3(9260 6059 7974)
3(6967 6209 7542)
3(6967 7542 9260)
3(9260 7542 6211)
3(9260 6211 8032)
3(8093 5705 8566)
3(8093 8566 9261)
3(8566 5706 7176)
3(8566 7176 9261)
3(9261 8666 5919)
3(9261 5919 8612)
3(9261 7176 5922)
3(9261 5922 8666)
3(9261 8612 6161)
3(9261 6161 7611)
3(7611 6165 8093)
3(7611 8093 9261)
3(9262 8571 5915)
3(9262 5915 7741)
3(9262 7644 5917)
3(9262 5917 8571)
3(8612 5919 8501)
3(8612 8501 9262)
3(8501 5920 7644)
3(8501 7644 9262)
3(7427 6161 8612)
3(7427 8612 9262)
3(9262 7741 6163)
3(9262 6163 7427)
3(9263 6858 6052)
3(9263 6052 7535)
3(9263 7535 6053)
3(9263 6053 7982)
3(9263 7982 6054)
3(9263 6054 7914)
3(7914 6057 8187)
3(7914 8187 9263)
3(8217 6297 6858)
3(8217 6858 9263)
3(8187 6298 8217)
3(8187 8217 9263)
3(9264 7491 5932)
3(9264 5932 7870)
3(7540 5933 7491)
3(7540 7491 9264)
3(9264 7870 6203)
3(9264 6203 7841)
3(7625 6204 7540)
3(7625 7540 9264)
3(7545 6430 7625)
3(7545 7625 9264)
3(9264 7841 6431)
3(9264 6431 7545)
3(9265 8462 5494)
3(9265 5494 7875)
3(9265 7875 5536)
3(9265 5536 8500)
3(9265 8500 5537)
3(9265 5537 7553)
3(7175 5626 8462)
3(7175 8462 9265)
3(8272 5791 7175)
3(8272 7175 9265)
3(7553 5792 8272)
3(7553 8272 9265)
3(9266 8278 6159)
3(9266 6159 8194)
3(8529 6573 7609)
3(8529 7609 9266)
3(9266 7642 6578)
3(9266 6578 8278)
3(9266 7609 6580)
3(9266 6580 7642)
3(8506 6603 8529)
3(8506 8529 9266)
3(8194 6604 8506)
3(8194 8506 9266)
3(9267 6936 5631)
3(9267 5631 6969)
3(9267 6969 5663)
3(9267 5663 8393)
3(9267 8393 5664)
3(9267 5664 7651)
3(7651 5798 7208)
3(7651 7208 9267)
3(7208 5800 6857)
3(7208 6857 9267)
3(9267 6857 5804)
3(9267 5804 6936)
3(7070 5912 7619)
3(7070 7619 9268)
3(9268 8456 6206)
3(9268 6206 7866)
3(8540 6334 8456)
3(8540 8456 9268)
3(7619 6335 8540)
3(7619 8540 9268)
3(8296 6628 7070)
3(8296 7070 9268)
3(9268 7866 6629)
3(9268 6629 8296)
3(6969 5631 7172)
3(6969 7172 9269)
3(7784 5663 6969)
3(7784 6969 9269)
3(7959 5665 7784)
3(7959 7784 9269)
3(7172 5786 8461)
3(7172 8461 9269)
3(9269 7511 5788)
3(9269 5788 7959)
3(9269 8461 5789)
3(9269 5789 7511)
3(9270 8438 5911)
3(9270 5911 7965)
3(9270 7619 5912)
3(9270 5912 8438)
3(7965 6158 7517)
3(7965 7517 9270)
3(9270 6836 6335)
3(9270 6335 7619)
3(9270 8558 6353)
3(9270 6353 6836)
3(7517 6354 8558)
3(7517 8558 9270)
3(9271 7208 5798)
3(9271 5798 6905)
3(9271 7346 5800)
3(9271 5800 7208)
3(7226 5801 7346)
3(7226 7346 9271)
3(6905 5812 8334)
3(6905 8334 9271)
3(7982 6053 7226)
3(7982 7226 9271)
3(8334 6054 7982)
3(8334 7982 9271)
3(9272 7228 6204)
3(9272 6204 7625)
3(9272 7001 6205)
3(9272 6205 7228)
3(7866 6206 7001)
3(7866 7001 9272)
3(9272 7625 6430)
3(9272 6430 7023)
3(9272 7023 6627)
3(9272 6627 7543)
3(7543 6629 7866)
3(7543 7866 9272)
3(7552 5788 7511)
3(7552 7511 9273)
3(7511 5789 7650)
3(7511 7650 9273)
3(9273 7650 5790)
3(9273 5790 6904)
3(9273 6904 5791)
3(9273 5791 8272)
3(9273 8272 5792)
3(9273 5792 7030)
3(9273 7030 5793)
3(9273 5793 7552)
3(9274 7517 6158)
3(9274 6158 7183)
3(8629 6159 8278)
3(8629 8278 9274)
3(7183 6160 8629)
3(7183 8629 9274)
3(9274 7086 6354)
3(9274 6354 7517)
3(7343 6575 7086)
3(7343 7086 9274)
3(8278 6578 7343)
3(8278 7343 9274)
3(7847 5533 7929)
3(7847 7929 9275)
3(7929 5645 7683)
3(7929 7683 9275)
3(7683 5646 8342)
3(7683 8342 9275)
3(9275 8429 6058)
3(9275 6058 7847)
3(9275 8342 6300)
3(9275 6300 8447)
3(9275 8447 6301)
3(9275 6301 8429)
3(8087 5939 6862)
3(8087 6862 9276)
3(9276 7690 5945)
3(9276 5945 8013)
3(9276 6862 5946)
3(9276 5946 7690)
3(8531 6202 8087)
3(8531 8087 9276)
3(9276 8013 6691)
3(9276 6691 7280)
3(7280 6692 8531)
3(7280 8531 9276)
3(7958 5538 7205)
3(7958 7205 9277)
3(7205 5539 8095)
3(7205 8095 9277)
3(9277 8018 5540)
3(9277 5540 7958)
3(9277 7319 5541)
3(9277 5541 8018)
3(8095 5681 7493)
3(8095 7493 9277)
3(9277 7493 5682)
3(9277 5682 7319)
3(7663 6167 7988)
3(7663 7988 9278)
3(9278 7120 6193)
3(9278 6193 6801)
3(7988 6196 7120)
3(7988 7120 9278)
3(7592 6406 7663)
3(7592 7663 9278)
3(9278 8170 6601)
3(9278 6601 7592)
3(9278 6801 6602)
3(9278 6602 8170)
3(9279 7929 5533)
3(9279 5533 7067)
3(9279 8189 5645)
3(9279 5645 7929)
3(7421 5824 8189)
3(7421 8189 9279)
3(6875 5825 7421)
3(6875 7421 9279)
3(7602 5947 6875)
3(7602 6875 9279)
3(9279 7067 5950)
3(9279 5950 7602)
3(9280 8085 5709)
3(9280 5709 7521)
3(9280 7521 5710)
3(9280 5710 8049)
3(9280 6896 5944)
3(9280 5944 8085)
3(8013 5945 6896)
3(8013 6896 9280)
3(8049 6690 7541)
3(8049 7541 9280)
3(7541 6691 8013)
3(7541 8013 9280)
3(7174 5540 8018)
3(7174 8018 9281)
3(8018 5541 7851)
3(8018 7851 9281)
3(9281 7851 5705)
3(9281 5705 8093)
3(7696 5914 7174)
3(7696 7174 9281)
3(9281 8093 6165)
3(9281 6165 6791)
3(9281 6791 6166)
3(9281 6166 7696)
3(7741 5915 8507)
3(7741 8507 9282)
3(6980 6163 7741)
3(6980 7741 9282)
3(8338 6164 6980)
3(8338 6980 9282)
3(9282 8507 6167)
3(9282 6167 7663)
3(9282 7181 6405)
3(9282 6405 8338)
3(9282 7663 6406)
3(9282 6406 7181)
3(8249 6055 8283)
3(8249 8283 9283)
3(9283 8576 6056)
3(9283 6056 8249)
3(9283 8187 6057)
3(9283 6057 8576)
3(8283 6058 8429)
3(8283 8429 9283)
3(9283 7499 6298)
3(9283 6298 8187)
3(8429 6301 7499)
3(8429 7499 9283)
3(9284 7128 6202)
3(9284 6202 8531)
3(7841 6203 7128)
3(7841 7128 9284)
3(7062 6431 7841)
3(7062 7841 9284)
3(8684 6623 7062)
3(8684 7062 9284)
3(9284 6802 6687)
3(9284 6687 8684)
3(9284 8531 6692)
3(9284 6692 6802)
3(8500 5536 7797)
3(8500 7797 9285)
3(7732 5537 8500)
3(7732 8500 9285)
3(9285 7205 5538)
3(9285 5538 7416)
3(9285 7797 5539)
3(9285 5539 7205)
3(9285 7416 5657)
3(9285 5657 8688)
3(8688 5658 7732)
3(8688 7732 9285)
3(8387 6601 8170)
3(8387 8170 9286)
3(8170 6602 7808)
3(8170 7808 9286)
3(9286 7808 6603)
3(9286 6603 8506)
3(9286 8506 6604)
3(9286 6604 7364)
3(9286 7364 6607)
3(9286 6607 8347)
3(8347 6608 8387)
3(8347 8387 9286)
3(7521 5709 7330)
3(7521 7330 9287)
3(6900 5710 7521)
3(6900 7521 9287)
3(9287 7122 5825)
3(9287 5825 6875)
3(7330 5826 7122)
3(7330 7122 9287)
3(9287 6875 5947)
3(9287 5947 7065)
3(9287 7065 5948)
3(9287 5948 6900)
3(9288 8393 5663)
3(9288 5663 7784)
3(7015 5664 8393)
3(7015 8393 9288)
3(9288 7784 5665)
3(9288 5665 7263)
3(7221 5666 7015)
3(7221 7015 9288)
3(9288 7263 5667)
3(9288 5667 7221)
3(7898 5704 7941)
3(7898 7941 9289)
3(7941 5911 8438)
3(7941 8438 9289)
3(8438 5912 7070)
3(8438 7070 9289)
3(9289 7070 6628)
3(9289 6628 7673)
3(9289 7673 6631)
3(9289 6631 7898)
3(9290 7611 6161)
3(9290 6161 7427)
3(6835 6162 8327)
3(6835 8327 9290)
3(9290 7427 6163)
3(9290 6163 6980)
3(9290 6980 6164)
3(9290 6164 6835)
3(6791 6165 7611)
3(6791 7611 9290)
3(8327 6166 6791)
3(8327 6791 9290)
3(9291 8575 5811)
3(9291 5811 8246)
3(9291 8334 5812)
3(9291 5812 8575)
3(8246 5813 7073)
3(8246 7073 9291)
3(9291 7914 6054)
3(9291 6054 8334)
3(7073 6056 8576)
3(7073 8576 9291)
3(8576 6057 7914)
3(8576 7914 9291)
3(7023 6430 7545)
3(7023 7545 9292)
3(9292 7545 6431)
3(9292 6431 7062)
3(9292 7062 6623)
3(9292 6623 8185)
3(9292 8185 6624)
3(9292 6624 8681)
3(7724 6627 7023)
3(7724 7023 9292)
3(8681 6630 7724)
3(8681 7724 9292)
3(9293 7553 5537)
3(9293 5537 7732)
3(8340 5542 8661)
3(8340 8661 9293)
3(9293 7732 5658)
3(9293 5658 7184)
3(9293 7184 5659)
3(9293 5659 8340)
3(7030 5792 7553)
3(7030 7553 9293)
3(8661 5793 7030)
3(8661 7030 9293)
3(9294 8194 6159)
3(9294 6159 8629)
3(9294 8629 6160)
3(9294 6160 7362)
3(9294 7362 6407)
3(9294 6407 8346)
3(7364 6604 8194)
3(7364 8194 9294)
3(8346 6606 7848)
3(8346 7848 9294)
3(7848 6607 7364)
3(7848 7364 9294)
3(9295 8035 5532)
3(9295 5532 7472)
3(9295 7651 5664)
3(9295 5664 7015)
3(9295 7015 5666)
3(9295 5666 8035)
3(6905 5798 7651)
3(6905 7651 9295)
3(7472 5811 8575)
3(7472 8575 9295)
3(8575 5812 6905)
3(8575 6905 9295)
3(9296 7543 6627)
3(9296 6627 7724)
3(7673 6628 8296)
3(7673 8296 9296)
3(9296 8296 6629)
3(9296 6629 7543)
3(9296 7724 6630)
3(9296 6630 7481)
3(8667 6631 7673)
3(8667 7673 9296)
3(7481 6632 8667)
3(7481 8667 9296)
3(9297 8661 5542)
3(9297 5542 7594)
3(7594 5543 7886)
3(7594 7886 9297)
3(7263 5665 7959)
3(7263 7959 9297)
3(7886 5667 7263)
3(7886 7263 9297)
3(9297 7959 5788)
3(9297 5788 7552)
3(9297 7552 5793)
3(9297 5793 8661)
3(9298 7941 5704)
3(9298 5704 8536)
3(9298 7965 5911)
3(9298 5911 7941)
3(7183 6158 7965)
3(7183 7965 9298)
3(7362 6160 7183)
3(7362 7183 9298)
3(7603 6407 7362)
3(7603 7362 9298)
3(9298 8536 6408)
3(9298 6408 7603)
3(7067 5533 7847)
3(7067 7847 9299)
3(9299 8545 5636)
3(9299 5636 8243)
3(7767 5950 7067)
3(7767 7067 9299)
3(8243 5951 7767)
3(8243 7767 9299)
3(9299 8283 6055)
3(9299 6055 8545)
3(9299 7847 6058)
3(9299 6058 8283)
3(8175 6687 6802)
3(8175 6802 9300)
3(9300 7401 6688)
3(9300 6688 7892)
3(7892 6689 8175)
3(7892 8175 9300)
3(9300 7541 6690)
3(9300 6690 7401)
3(9300 7280 6691)
3(9300 6691 7541)
3(6802 6692 7280)
3(6802 7280 9300)
3(7416 5538 7958)
3(7416 7958 9301)
3(9301 7958 5540)
3(9301 5540 7174)
3(8628 5657 7416)
3(8628 7416 9301)
3(8339 5660 8628)
3(8339 8628 9301)
3(9301 7874 5913)
3(9301 5913 8339)
3(9301 7174 5914)
3(9301 5914 7874)
3(7519 6405 7181)
3(7519 7181 9302)
3(7181 6406 7592)
3(7181 7592 9302)
3(9302 7592 6601)
3(9302 6601 8387)
3(9302 8387 6608)
3(9302 6608 8284)
3(7994 6685 7519)
3(7994 7519 9302)
3(9302 8284 6686)
3(9302 6686 7994)
3(7065 5947 7602)
3(7065 7602 9303)
3(6827 5948 7065)
3(6827 7065 9303)
3(8255 5949 6827)
3(8255 6827 9303)
3(9303 7602 5950)
3(9303 5950 7767)
3(9303 7767 5951)
3(9303 5951 7470)
3(9303 7470 5952)
3(9303 5952 8255)
3(9304 8049 5710)
3(9304 5710 6900)
3(9304 6900 5948)
3(9304 5948 6827)
3(9304 6827 5949)
3(9304 5949 8089)
3(8089 6207 7104)
3(8089 7104 9304)
3(7104 6688 7401)
3(7104 7401 9304)
3(7401 6690 8049)
3(7401 8049 9304)
3(7591 5913 7874)
3(7591 7874 9305)
3(7874 5914 7696)
3(7874 7696 9305)
3(9305 8327 6162)
3(9305 6162 7572)
3(9305 7696 6166)
3(9305 6166 8327)
3(9305 7572 6168)
3(9305 6168 8552)
3(8552 6171 7591)
3(8552 7591 9305)
3(7572 6162 6835)
3(7572 6835 9306)
3(6835 6164 8338)
3(6835 8338 9306)
3(6807 6168 7572)
3(6807 7572 9306)
3(9306 8338 6405)
3(9306 6405 7519)
3(9306 8231 6683)
3(9306 6683 6807)
3(9306 7519 6685)
3(9306 6685 8231)
3(9307 8430 5500)
3(9307 5500 7217)
3(7217 5524 8168)
3(7217 8168 9307)
3(8168 5532 8035)
3(8168 8035 9307)
3(9307 7886 5543)
3(9307 5543 8430)
3(8035 5666 7221)
3(8035 7221 9307)
3(9307 7221 5667)
3(9307 5667 7886)
3(8536 5704 7898)
3(8536 7898 9308)
3(8434 6408 8536)
3(8434 8536 9308)
3(9308 8172 6409)
3(9308 6409 7891)
3(7891 6410 8434)
3(7891 8434 9308)
3(9308 7898 6631)
3(9308 6631 8667)
3(9308 8667 6632)
3(9308 6632 8172)
3(8539 5636 8545)
3(8539 8545 9309)
3(8234 5637 8539)
3(8234 8539 9309)
3(9309 8021 5638)
3(9309 5638 8234)
3(9309 7073 5813)
3(9309 5813 8021)
3(8545 6055 8249)
3(8545 8249 9309)
3(9309 8249 6056)
3(9309 6056 7073)
3(8185 6623 8684)
3(8185 8684 9310)
3(8026 6624 8185)
3(8026 8185 9310)
3(8248 6625 8026)
3(8248 8026 9310)
3(9310 8547 6626)
3(9310 6626 8248)
3(9310 8684 6687)
3(9310 6687 8175)
3(9310 8175 6689)
3(9310 6689 8547)
3(9311 8688 5657)
3(9311 5657 8628)
3(7184 5658 8688)
3(7184 8688 9311)
3(8658 5659 7184)
3(8658 7184 9311)
3(9311 8628 5660)
3(9311 5660 7211)
3(6939 5661 8658)
3(6939 8658 9311)
3(9311 7211 5662)
3(9311 5662 6939)
3(9312 7677 6605)
3(9312 6605 7903)
3(9312 7848 6606)
3(9312 6606 7677)
3(9312 8347 6607)
3(9312 6607 7848)
3(8284 6608 8347)
3(8284 8347 9312)
3(7903 6684 6881)
3(7903 6881 9312)
3(6881 6686 8284)
3(6881 8284 9312)
3(9313 8168 5524)
3(9313 5524 7316)
3(9313 7316 5530)
3(9313 5530 7849)
3(9313 7472 5532)
3(9313 5532 8168)
3(7849 5638 8021)
3(7849 8021 9313)
3(9313 8246 5811)
3(9313 5811 7472)
3(8021 5813 8246)
3(8021 8246 9313)
3(6983 6409 8172)
3(6983 8172 9314)
3(7473 6609 6983)
3(7473 6983 9314)
3(9314 8681 6624)
3(9314 6624 8026)
3(9314 8026 6625)
3(9314 6625 7473)
3(7481 6630 8681)
3(7481 8681 9314)
3(8172 6632 7481)
3(8172 7481 9314)
3(8668 5500 8430)
3(8668 8430 9315)
3(8128 5501 8668)
3(8128 8668 9315)
3(7594 5542 8340)
3(7594 8340 9315)
3(8430 5543 7594)
3(8430 7594 9315)
3(9315 8340 5659)
3(9315 5659 8658)
3(9315 8658 5661)
3(9315 5661 8128)
3(9316 8346 6407)
3(9316 6407 7603)
3(9316 7603 6408)
3(9316 6408 8434)
3(9316 8434 6410)
3(9316 6410 8315)
3(9316 8315 6411)
3(9316 6411 7110)
3(7110 6605 7677)
3(7110 7677 9316)
3(7677 6606 8346)
3(7677 8346 9316)
3(9317 7069 5531)
3(9317 5531 8232)
3(9317 8243 5636)
3(9317 5636 8539)
3(9317 8539 5637)
3(9317 5637 7069)
3(8232 5708 6834)
3(8232 6834 9317)
3(7470 5951 8243)
3(7470 8243 9317)
3(6834 5952 7470)
3(6834 7470 9317)
3(9318 7104 6207)
3(9318 6207 7020)
3(9318 7020 6208)
3(9318 6208 8245)
3(8245 6610 7739)
3(8245 7739 9318)
3(7739 6626 8547)
3(7739 8547 9318)
3(9318 7892 6688)
3(9318 6688 7104)
3(8547 6689 7892)
3(8547 7892 9318)
3(7893 5544 7370)
3(7893 7370 9319)
3(7211 5660 8339)
3(7211 8339 9319)
3(7370 5662 7211)
3(7370 7211 9319)
3(9319 8339 5913)
3(9319 5913 7591)
3(9319 8620 6170)
3(9319 6170 7893)
3(9319 7591 6171)
3(9319 6171 8620)
3(8544 6681 6878)
3(8544 6878 9320)
3(9320 7372 6682)
3(9320 6682 8544)
3(6878 6683 8231)
3(6878 8231 9320)
3(9320 6881 6684)
3(9320 6684 7372)
3(8231 6685 7994)
3(8231 7994 9320)
3(9320 7994 6686)
3(9320 6686 6881)
3(9321 6788 5499)
3(9321 5499 7533)
3(9321 7217 5500)
3(9321 5500 8668)
3(9321 8668 5501)
3(9321 5501 6788)
3(7316 5524 7217)
3(7316 7217 9321)
3(7533 5528 8478)
3(7533 8478 9321)
3(8478 5530 7316)
3(8478 7316 9321)
3(9322 7891 6409)
3(9322 6409 6983)
3(8315 6410 7891)
3(8315 7891 9322)
3(7212 6411 8315)
3(7212 8315 9322)
3(9322 6983 6609)
3(9322 6609 6981)
3(9322 6981 6614)
3(9322 6614 8627)
3(8627 6616 7212)
3(8627 7212 9322)
3(9323 6834 5708)
3(9323 5708 6883)
3(9323 6883 5938)
3(9323 5938 8626)
3(8089 5949 8255)
3(8089 8255 9323)
3(9323 8255 5952)
3(9323 5952 6834)
3(7020 6207 8089)
3(7020 8089 9323)
3(8626 6208 7020)
3(8626 7020 9323)
3(9324 8552 6168)
3(9324 6168 6807)
3(7772 6169 7310)
3(7772 7310 9324)
3(7310 6170 8620)
3(7310 8620 9324)
3(8620 6171 8552)
3(8620 8552 9324)
3(9324 6878 6681)
3(9324 6681 7772)
3(9324 6807 6683)
3(9324 6683 6878)
3(9325 8478 5528)
3(9325 5528 7775)
3(7775 5529 7250)
3(7775 7250 9325)
3(9325 7849 5530)
3(9325 5530 8478)
3(7250 5531 7069)
3(7250 7069 9325)
3(7069 5637 8234)
3(7069 8234 9325)
3(9325 8234 5638)
3(9325 5638 7849)
3(6981 6609 7473)
3(6981 7473 9326)
3(9326 7739 6610)
3(9326 6610 8670)
3(9326 8670 6613)
3(9326 6613 7885)
3(7885 6614 6981)
3(7885 6981 9326)
3(7473 6625 8248)
3(7473 8248 9326)
3(9326 8248 6626)
3(9326 6626 7739)
3(7634 5499 6788)
3(7634 6788 9327)
3(6788 5501 8128)
3(6788 8128 9327)
3(9327 7370 5544)
3(9327 5544 7369)
3(9327 7369 5546)
3(9327 5546 7634)
3(8128 5661 6939)
3(8128 6939 9327)
3(9327 6939 5662)
3(9327 5662 7370)
3(9328 7110 6411)
3(9328 6411 7212)
3(9328 7903 6605)
3(9328 6605 7110)
3(7254 6615 7011)
3(7254 7011 9328)
3(9328 7212 6616)
3(9328 6616 7254)
3(7011 6682 7372)
3(7011 7372 9328)
3(7372 6684 7903)
3(7372 7903 9328)
3(9329 7014 5503)
3(9329 5503 7262)
3(9329 7250 5529)
3(9329 5529 7014)
3(9329 8232 5531)
3(9329 5531 7250)
3(6883 5708 8232)
3(6883 8232 9329)
3(7262 5937 8280)
3(7262 8280 9329)
3(8280 5938 6883)
3(8280 6883 9329)
3(9330 8280 5937)
3(9330 5937 7946)
3(9330 8626 5938)
3(9330 5938 8280)
3(9330 8245 6208)
3(9330 6208 8626)
3(8670 6610 8245)
3(8670 8245 9330)
3(7946 6611 7469)
3(7946 7469 9330)
3(7469 6613 8670)
3(7469 8670 9330)
3(7369 5544 7893)
3(7369 7893 9331)
3(7103 5545 6882)
3(7103 6882 9331)
3(6882 5546 7369)
3(6882 7369 9331)
3(9331 8377 5916)
3(9331 5916 7103)
3(9331 7310 6169)
3(9331 6169 8377)
3(9331 7893 6170)
3(9331 6170 7310)
3(7309 5916 8377)
3(7309 8377 9332)
3(8377 6169 7772)
3(8377 7772 9332)
3(9332 7523 6612)
3(9332 6612 7309)
3(9332 7011 6615)
3(9332 6615 7523)
3(7772 6681 8544)
3(7772 8544 9332)
3(9332 8544 6682)
3(9332 6682 7011)
3(9333 7533 5499)
3(9333 5499 7634)
3(8488 5503 7014)
3(8488 7014 9333)
3(7775 5528 7533)
3(7775 7533 9333)
3(7014 5529 7775)
3(7014 7775 9333)
3(9333 6882 5545)
3(9333 5545 8488)
3(9333 7634 5546)
3(9333 5546 6882)
3(9334 7469 6611)
3(9334 6611 7160)
3(7160 6612 7523)
3(7160 7523 9334)
3(9334 7885 6613)
3(9334 6613 7469)
3(9334 8627 6614)
3(9334 6614 7885)
3(7523 6615 7254)
3(7523 7254 9334)
3(7254 6616 8627)
3(7254 8627 9334)
3(9335 7262 5503)
3(9335 5503 8488)
3(8488 5545 7103)
3(8488 7103 9335)
3(9335 7103 5916)
3(9335 5916 7309)
3(7946 5937 7262)
3(7946 7262 9335)
3(7160 6611 7946)
3(7160 7946 9335)
3(9335 7309 6612)
3(9335 6612 7160)
)

// ************************************************************************* //
