/*--------------------------------*- C++ -*----------------------------------*\
  =========                 |
  \\      /  F ield         | OpenFOAM: The Open Source CFD Toolbox
   \\    /   O peration     |
    \\  /    A nd           | Version: 13
     \\/     M anipulation  |
\*---------------------------------------------------------------------------*/
FoamFile
{
    version     2.0;
    format      ascii;
    class       labelList;
    location    "constant/polyMesh";
    object      neighbour;
}
// * * * * * * * * * * * * * * * * * * * * * * * * * * * * * * * * * * * * //
36224
(
1
1
1
2
2
2
3
3
3
4
4
4
5
5
5
6
6
6
646
3
3
3
5
5
5
7
7
7
9
9
9
13
13
13
646
4
4
4
6
6
6
8
8
8
10
10
10
14
14
14
646
4
4
4
7
7
7
11
11
11
15
15
15
646
8
8
8
11
11
11
16
16
16
646
6
6
6
9
9
9
12
12
12
17
17
17
646
10
10
10
12
12
12
18
18
18
646
13
13
13
15
15
15
19
19
19
23
23
23
646
14
14
14
16
16
16
20
20
20
24
24
24
646
13
13
13
17
17
17
21
21
21
25
25
25
646
14
14
14
18
18
18
22
22
22
26
26
26
646
15
15
15
16
16
16
29
29
29
30
30
30
646
17
17
17
18
18
18
31
31
31
32
32
32
646
19
19
19
21
21
21
27
27
27
646
20
20
20
22
22
22
28
28
28
646
23
23
23
29
29
29
33
33
33
646
24
24
24
30
30
30
34
34
34
646
25
25
25
31
31
31
35
35
35
646
26
26
26
32
32
32
36
36
36
646
23
23
23
27
27
27
27
37
37
37
41
41
41
41
645
645
646
24
24
24
28
28
28
28
38
38
38
42
42
42
42
646
647
647
25
25
25
27
27
27
27
39
39
39
39
43
43
43
645
646
26
26
26
28
28
28
28
40
40
40
44
44
44
44
646
647
647
33
33
33
41
41
41
49
49
49
646
34
34
34
42
42
42
50
50
50
646
35
35
35
43
43
43
51
51
51
646
36
36
36
44
44
44
52
52
52
646
37
37
37
39
39
39
46
46
46
645
646
646
38
38
38
40
40
40
47
47
47
646
646
647
30
30
30
30
33
33
33
33
45
45
45
53
53
53
643
646
34
34
34
34
45
45
45
54
54
54
643
646
32
32
32
32
35
35
35
48
48
48
55
55
55
55
646
649
649
36
36
36
36
48
48
48
56
56
56
646
649
49
49
49
49
53
53
53
57
57
57
643
646
50
50
50
50
54
54
54
58
58
58
643
646
51
51
51
55
55
55
55
59
59
59
59
646
649
52
52
52
52
56
56
56
60
60
60
60
60
646
649
649
650
41
41
41
46
46
46
61
61
61
65
65
65
645
42
42
42
47
47
47
62
62
62
66
66
66
647
43
43
43
43
46
46
46
63
63
63
67
67
67
645
646
44
44
44
47
47
47
64
64
64
68
68
68
647
49
49
49
49
61
61
61
69
69
69
645
646
646
50
50
50
50
62
62
62
70
70
70
646
646
647
51
51
51
51
63
63
63
71
71
71
71
645
646
648
648
52
52
52
52
64
64
64
72
72
72
72
646
647
650
650
53
53
53
54
54
54
73
73
73
74
74
74
643
65
65
65
67
67
67
645
66
66
66
68
68
68
647
55
55
55
56
56
56
75
75
75
76
76
76
649
57
57
57
57
69
69
69
69
81
81
81
642
643
643
645
645
646
58
58
58
58
70
70
70
70
82
82
82
643
643
644
646
647
647
59
59
59
59
71
71
71
83
83
83
646
648
60
60
60
72
72
72
84
84
84
646
646
650
57
57
57
73
73
73
77
77
77
643
58
58
58
74
74
74
78
78
78
643
59
59
59
75
75
75
79
79
79
646
649
60
60
60
76
76
76
80
80
80
649
77
77
77
81
81
81
87
87
87
87
642
642
643
78
78
78
82
82
82
88
88
88
88
643
644
644
79
79
79
79
83
83
83
89
89
89
646
646
648
649
80
80
80
80
84
84
84
90
90
90
646
649
650
65
65
65
69
69
69
93
93
93
97
97
97
645
66
66
66
70
70
70
94
94
94
98
98
98
647
67
67
67
71
71
71
95
95
95
99
99
99
645
68
68
68
72
72
72
96
96
96
100
100
100
647
67
67
67
85
85
85
97
97
97
645
68
68
68
86
86
86
98
98
98
647
85
85
85
99
99
99
645
86
86
86
100
100
100
647
81
81
81
93
93
93
93
105
105
105
642
645
82
82
82
94
94
94
94
106
106
106
644
647
83
83
83
95
95
95
95
107
107
107
645
645
648
84
84
84
96
96
96
96
108
108
108
647
647
650
74
74
74
77
77
77
91
91
91
101
101
101
643
78
78
78
91
91
91
102
102
102
643
76
76
76
79
79
79
92
92
92
103
103
103
649
80
80
80
92
92
92
104
104
104
649
87
87
87
101
101
101
109
109
109
643
88
88
88
102
102
102
110
110
110
643
89
89
89
89
103
103
103
111
111
111
648
649
90
90
90
90
104
104
104
112
112
112
649
650
87
87
87
105
105
105
113
113
113
642
88
88
88
106
106
106
114
114
114
644
89
89
89
107
107
107
115
115
115
648
90
90
90
108
108
108
116
116
116
650
97
97
97
99
99
99
117
117
117
119
119
119
645
98
98
98
100
100
100
118
118
118
120
120
120
647
109
109
109
109
113
113
113
133
133
133
642
643
643
110
110
110
110
114
114
114
134
134
134
643
643
644
111
111
111
111
115
115
115
135
135
135
648
649
112
112
112
112
116
116
116
136
136
136
649
650
101
101
101
102
102
102
121
121
121
122
122
122
643
103
103
103
104
104
104
123
123
123
124
124
124
649
97
97
97
105
105
105
125
125
125
129
129
129
129
642
642
645
98
98
98
106
106
106
126
126
126
130
130
130
130
644
644
647
99
99
99
107
107
107
127
127
127
131
131
131
131
645
648
648
100
100
100
108
108
108
128
128
128
132
132
132
132
647
650
650
117
117
117
125
125
125
645
118
118
118
126
126
126
647
119
119
119
127
127
127
645
120
120
120
128
128
128
647
109
109
109
121
121
121
137
137
137
643
110
110
110
122
122
122
138
138
138
643
111
111
111
123
123
123
139
139
139
649
112
112
112
124
124
124
140
140
140
649
113
113
113
129
129
129
141
141
141
642
114
114
114
130
130
130
142
142
142
644
115
115
115
131
131
131
143
143
143
648
116
116
116
132
132
132
144
144
144
650
133
133
133
137
137
137
153
153
153
153
642
642
643
134
134
134
138
138
138
154
154
154
154
643
644
644
135
135
135
139
139
139
155
155
155
155
648
648
649
136
136
136
140
140
140
156
156
156
156
649
650
650
133
133
133
141
141
141
157
157
157
642
134
134
134
142
142
142
158
158
158
644
135
135
135
143
143
143
159
159
159
648
136
136
136
144
144
144
160
160
160
650
119
119
119
125
125
125
146
146
146
149
149
149
645
120
120
120
126
126
126
147
147
147
150
150
150
647
127
127
127
146
146
146
151
151
151
645
128
128
128
147
147
147
152
152
152
647
122
122
122
137
137
137
145
145
145
165
165
165
643
138
138
138
145
145
145
166
166
166
643
124
124
124
139
139
139
148
148
148
167
167
167
649
140
140
140
148
148
148
168
168
168
649
129
129
129
149
149
149
161
161
161
645
130
130
130
150
150
150
162
162
162
647
131
131
131
151
151
151
163
163
163
645
132
132
132
132
152
152
152
164
164
164
164
647
650
141
141
141
161
161
161
161
169
169
169
642
645
645
142
142
142
162
162
162
162
170
170
170
644
647
647
143
143
143
163
163
163
163
171
171
171
645
645
648
144
144
144
164
164
164
172
172
172
647
650
153
153
153
157
157
157
173
173
173
642
154
154
154
158
158
158
174
174
174
644
155
155
155
159
159
159
175
175
175
648
156
156
156
160
160
160
176
176
176
650
153
153
153
165
165
165
177
177
177
643
154
154
154
166
166
166
178
178
178
643
155
155
155
167
167
167
179
179
179
649
156
156
156
168
168
168
180
180
180
649
157
157
157
169
169
169
181
181
181
642
158
158
158
170
170
170
182
182
182
644
159
159
159
171
171
171
183
183
183
648
160
160
160
172
172
172
184
184
184
650
165
165
165
166
166
166
185
185
185
643
149
149
149
151
151
151
187
187
187
189
189
189
645
150
150
150
152
152
152
188
188
188
190
190
190
647
167
167
167
168
168
168
186
186
186
649
161
161
161
187
187
187
191
191
191
645
162
162
162
188
188
188
192
192
192
647
163
163
163
189
189
189
193
193
193
645
164
164
164
190
190
190
194
194
194
647
173
173
173
177
177
177
177
199
199
199
642
643
643
174
174
174
178
178
178
200
200
200
200
643
644
175
175
175
179
179
179
179
201
201
201
648
649
649
176
176
176
180
180
180
180
202
202
202
649
649
650
173
173
173
181
181
181
203
203
203
642
174
174
174
182
182
182
204
204
204
644
175
175
175
183
183
183
205
205
205
648
176
176
176
184
184
184
206
206
206
650
169
169
169
191
191
191
195
195
195
195
642
642
645
170
170
170
192
192
192
196
196
196
196
644
644
647
171
171
171
193
193
193
197
197
197
197
645
648
648
172
172
172
194
194
194
194
198
198
198
647
647
650
177
177
177
185
185
185
207
207
207
643
178
178
178
185
185
185
208
208
208
643
179
179
179
186
186
186
209
209
209
649
180
180
180
186
186
186
210
210
210
649
181
181
181
195
195
195
211
211
211
642
182
182
182
196
196
196
212
212
212
644
183
183
183
197
197
197
213
213
213
648
184
184
184
198
198
198
214
214
214
650
199
199
199
203
203
203
215
215
215
642
200
200
200
204
204
204
216
216
216
644
201
201
201
205
205
205
217
217
217
648
202
202
202
206
206
206
218
218
218
650
199
199
199
199
199
207
207
207
207
219
219
219
642
643
652
652
200
200
200
200
208
208
208
208
220
220
220
643
652
652
201
201
201
201
209
209
209
209
221
221
221
648
648
649
658
202
202
202
202
210
210
210
210
222
222
222
649
650
650
658
203
203
203
211
211
211
223
223
223
642
204
204
204
212
212
212
224
224
224
644
205
205
205
213
213
213
225
225
225
648
206
206
206
214
214
214
226
226
226
650
207
207
207
207
208
208
208
208
227
227
227
643
652
652
209
209
209
209
210
210
210
210
228
228
228
649
658
658
189
189
189
189
191
191
191
191
229
229
229
235
235
235
645
654
190
190
190
190
192
192
192
192
230
230
230
236
236
236
647
656
193
193
193
193
229
229
229
237
237
237
645
654
194
194
194
194
230
230
230
238
238
238
647
656
195
195
195
195
231
231
231
235
235
235
645
654
196
196
196
196
232
232
232
236
236
236
647
656
197
197
197
197
233
233
233
237
237
237
645
654
198
198
198
198
234
234
234
238
238
238
647
650
650
656
211
211
211
211
231
231
231
239
239
239
239
642
645
645
651
651
654
212
212
212
232
232
232
240
240
240
240
644
647
647
656
213
213
213
213
233
233
233
241
241
241
241
645
645
648
654
657
657
214
214
214
234
234
234
242
242
242
242
242
650
656
659
215
215
215
215
219
219
219
243
243
243
243
642
643
651
651
652
216
216
216
216
220
220
220
244
244
244
643
643
644
652
217
217
217
217
221
221
221
245
245
245
245
648
657
657
658
218
218
218
218
222
222
222
246
246
246
246
650
658
659
659
215
215
215
215
223
223
223
223
247
247
247
642
651
651
216
216
216
224
224
224
224
248
248
248
248
644
653
217
217
217
217
225
225
225
225
249
249
249
648
657
657
218
218
218
226
226
226
226
250
250
250
250
650
659
219
219
219
227
227
227
251
251
251
643
643
652
220
220
220
227
227
227
252
252
252
643
643
652
221
221
221
228
228
228
253
253
253
649
649
658
222
222
222
228
228
228
254
254
254
649
649
658
223
223
223
223
239
239
239
255
255
255
642
651
224
224
224
224
240
240
240
240
256
256
256
644
653
653
225
225
225
225
241
241
241
257
257
257
648
657
226
226
226
226
242
242
242
242
258
258
258
650
659
659
243
243
243
247
247
247
267
267
267
642
642
651
244
244
244
244
248
248
248
248
268
268
268
644
652
652
653
245
245
245
249
249
249
269
269
269
648
648
657
246
246
246
250
250
250
250
270
270
270
650
659
243
243
243
251
251
251
259
259
259
652
244
244
244
252
252
252
260
260
260
652
245
245
245
253
253
253
261
261
261
658
246
246
246
254
254
254
262
262
262
658
247
247
247
255
255
255
263
263
263
642
642
651
248
248
248
256
256
256
264
264
264
644
644
653
249
249
249
257
257
257
265
265
265
648
648
657
250
250
250
258
258
258
266
266
266
650
650
659
251
251
251
252
252
252
271
271
271
652
253
253
253
254
254
254
272
272
272
658
235
235
235
237
237
237
273
273
273
275
275
275
654
236
236
236
238
238
238
274
274
274
276
276
276
656
235
235
235
239
239
239
277
277
277
281
281
281
654
236
236
236
240
240
240
278
278
278
282
282
282
656
237
237
237
241
241
241
279
279
279
283
283
283
654
238
238
238
242
242
242
280
280
280
284
284
284
656
273
273
273
277
277
277
654
274
274
274
278
278
278
656
275
275
275
279
279
279
654
276
276
276
280
280
280
656
255
255
255
281
281
281
281
285
285
285
651
654
654
256
256
256
282
282
282
282
286
286
286
644
644
653
656
257
257
257
283
283
283
283
287
287
287
654
654
657
258
258
258
284
284
284
284
288
288
288
650
656
656
659
259
259
259
267
267
267
289
289
289
289
651
652
260
260
260
268
268
268
268
290
290
290
652
653
261
261
261
269
269
269
291
291
291
291
657
658
262
262
262
270
270
270
292
292
292
292
658
659
263
263
263
267
267
267
297
297
297
651
264
264
264
268
268
268
298
298
298
644
653
265
265
265
269
269
269
299
299
299
657
266
266
266
270
270
270
300
300
300
650
659
259
259
259
271
271
271
293
293
293
652
260
260
260
271
271
271
294
294
294
652
261
261
261
272
272
272
295
295
295
658
262
262
262
272
272
272
296
296
296
658
263
263
263
285
285
285
301
301
301
651
264
264
264
286
286
286
302
302
302
653
265
265
265
287
287
287
303
303
303
657
266
266
266
288
288
288
304
304
304
659
289
289
289
293
293
293
306
306
306
652
290
290
290
294
294
294
307
307
307
652
291
291
291
295
295
295
334
334
334
658
292
292
292
296
296
296
335
335
335
658
297
297
297
301
301
301
310
310
310
651
298
298
298
302
302
302
311
311
311
653
299
299
299
303
303
303
330
330
330
657
300
300
300
304
304
304
331
331
331
659
289
289
289
297
297
297
308
308
308
651
290
290
290
290
298
298
298
309
309
309
652
653
291
291
291
299
299
299
332
332
332
657
292
292
292
300
300
300
333
333
333
659
293
293
293
294
294
294
305
305
305
652
295
295
295
296
296
296
336
336
336
658
275
275
275
277
277
277
318
318
318
320
320
320
654
276
276
276
278
278
278
319
319
319
321
321
321
656
279
279
279
320
320
320
322
322
322
654
280
280
280
321
321
321
323
323
323
656
281
281
281
316
316
316
318
318
318
654
282
282
282
317
317
317
319
319
319
656
283
283
283
322
322
322
324
324
324
654
284
284
284
323
323
323
325
325
325
656
285
285
285
314
314
314
314
316
316
316
651
651
654
286
286
286
315
315
315
315
317
317
317
653
653
656
287
287
287
324
324
324
326
326
326
326
654
657
657
288
288
288
325
325
325
327
327
327
327
656
659
659
301
301
301
312
312
312
314
314
314
651
302
302
302
313
313
313
315
315
315
653
303
303
303
326
326
326
328
328
328
657
304
304
304
327
327
327
329
329
329
659
306
306
306
308
308
308
349
349
349
349
651
652
307
307
307
309
309
309
350
350
350
350
652
653
653
332
332
332
334
334
334
351
351
351
351
657
658
333
333
333
335
335
335
352
352
352
352
658
659
305
305
305
306
306
306
345
345
345
652
305
305
305
307
307
307
346
346
346
652
334
334
334
336
336
336
347
347
347
658
335
335
335
336
336
336
348
348
348
658
308
308
308
310
310
310
341
341
341
651
309
309
309
311
311
311
342
342
342
653
330
330
330
332
332
332
343
343
343
657
331
331
331
333
333
333
344
344
344
659
310
310
310
312
312
312
337
337
337
651
311
311
311
313
313
313
338
338
338
653
328
328
328
330
330
330
339
339
339
657
329
329
329
331
331
331
340
340
340
659
345
345
345
346
346
346
369
369
369
652
345
345
345
349
349
349
379
379
379
652
346
346
346
350
350
350
380
380
380
652
341
341
341
349
349
349
371
371
371
651
342
342
342
350
350
350
372
372
372
653
337
337
337
341
341
341
375
375
375
651
338
338
338
342
342
342
376
376
376
653
314
314
314
337
337
337
353
353
353
651
315
315
315
338
338
338
354
354
354
653
316
316
316
353
353
353
357
357
357
357
651
654
654
317
317
317
354
354
354
358
358
358
358
653
656
656
318
318
318
357
357
357
361
361
361
654
319
319
319
358
358
358
362
362
362
656
320
320
320
361
361
361
365
365
365
654
321
321
321
362
362
362
366
366
366
656
322
322
322
365
365
365
367
367
367
654
323
323
323
366
366
366
368
368
368
656
324
324
324
363
363
363
367
367
367
654
325
325
325
364
364
364
368
368
368
656
326
326
326
359
359
359
363
363
363
654
327
327
327
360
360
360
364
364
364
656
328
328
328
355
355
355
359
359
359
359
654
654
657
329
329
329
356
356
356
360
360
360
360
656
656
659
339
339
339
355
355
355
657
340
340
340
356
356
356
659
339
339
339
343
343
343
377
377
377
657
340
340
340
344
344
344
378
378
378
659
343
343
343
351
351
351
373
373
373
657
344
344
344
352
352
352
374
374
374
659
347
347
347
351
351
351
381
381
381
658
348
348
348
352
352
352
382
382
382
658
347
347
347
348
348
348
370
370
370
658
353
353
353
375
375
375
383
383
383
651
354
354
354
376
376
376
384
384
384
653
355
355
355
377
377
377
385
385
385
657
356
356
356
378
378
378
386
386
386
659
371
371
371
375
375
375
391
391
391
651
372
372
372
376
376
376
392
392
392
653
373
373
373
377
377
377
393
393
393
657
374
374
374
378
378
378
394
394
394
659
369
369
369
379
379
379
387
387
387
652
369
369
369
380
380
380
388
388
388
652
370
370
370
381
381
381
389
389
389
658
370
370
370
382
382
382
390
390
390
658
371
371
371
379
379
379
395
395
395
395
651
652
372
372
372
380
380
380
396
396
396
396
652
653
373
373
373
381
381
381
397
397
397
397
657
658
374
374
374
382
382
382
398
398
398
398
658
659
357
357
357
383
383
383
399
399
399
651
358
358
358
384
384
384
400
400
400
653
359
359
359
385
385
385
401
401
401
657
360
360
360
386
386
386
402
402
402
659
361
361
361
399
399
399
399
407
407
407
651
651
654
362
362
362
400
400
400
400
408
408
408
653
653
656
363
363
363
401
401
401
401
409
409
409
654
657
657
364
364
364
402
402
402
402
410
410
410
656
659
659
365
365
365
403
403
403
407
407
407
654
366
366
366
404
404
404
408
408
408
656
367
367
367
405
405
405
409
409
409
654
368
368
368
406
406
406
410
410
410
656
367
367
367
403
403
403
411
411
411
654
368
368
368
404
404
404
412
412
412
656
405
405
405
411
411
411
654
406
406
406
412
412
412
656
387
387
387
388
388
388
413
413
413
652
389
389
389
390
390
390
414
414
414
658
391
391
391
395
395
395
423
423
423
651
392
392
392
396
396
396
424
424
424
653
393
393
393
397
397
397
425
425
425
657
394
394
394
398
398
398
426
426
426
659
383
383
383
391
391
391
415
415
415
651
384
384
384
392
392
392
416
416
416
653
385
385
385
393
393
393
417
417
417
657
386
386
386
394
394
394
418
418
418
659
387
387
387
395
395
395
419
419
419
652
388
388
388
396
396
396
420
420
420
652
389
389
389
397
397
397
421
421
421
658
390
390
390
398
398
398
422
422
422
658
399
399
399
415
415
415
427
427
427
651
400
400
400
416
416
416
428
428
428
653
401
401
401
417
417
417
429
429
429
657
402
402
402
418
418
418
430
430
430
659
413
413
413
419
419
419
431
431
431
652
413
413
413
420
420
420
432
432
432
652
414
414
414
421
421
421
433
433
433
658
414
414
414
422
422
422
434
434
434
658
415
415
415
423
423
423
435
435
435
651
416
416
416
424
424
424
424
436
436
436
436
653
662
417
417
417
425
425
425
425
437
437
437
437
657
666
418
418
418
426
426
426
426
438
438
438
438
659
668
419
419
419
423
423
423
439
439
439
439
651
652
420
420
420
424
424
424
424
440
440
440
652
653
653
421
421
421
425
425
425
441
441
441
441
657
658
422
422
422
426
426
426
442
442
442
442
658
659
407
407
407
427
427
427
443
443
443
443
651
654
654
408
408
408
428
428
428
428
444
444
444
444
653
656
662
662
409
409
409
429
429
429
429
445
445
445
445
654
657
666
666
410
410
410
430
430
430
430
446
446
446
446
446
656
656
659
668
407
407
407
411
411
411
447
447
447
451
451
451
654
408
408
408
412
412
412
448
448
448
452
452
452
656
409
409
409
411
411
411
449
449
449
453
453
453
654
410
410
410
412
412
412
450
450
450
454
454
454
656
443
443
443
447
447
447
654
444
444
444
448
448
448
656
445
445
445
449
449
449
654
446
446
446
450
450
450
656
451
451
451
453
453
453
654
452
452
452
454
454
454
656
431
431
431
432
432
432
455
455
455
652
433
433
433
434
434
434
456
456
456
658
427
427
427
427
435
435
435
435
457
457
457
651
660
660
428
428
428
428
436
436
436
436
458
458
458
653
662
662
429
429
429
429
437
437
437
437
459
459
459
657
666
666
430
430
430
430
438
438
438
438
460
460
460
659
668
668
431
431
431
439
439
439
461
461
461
652
432
432
432
440
440
440
462
462
462
652
433
433
433
441
441
441
463
463
463
658
434
434
434
442
442
442
464
464
464
658
435
435
435
435
439
439
439
439
465
465
465
651
660
660
436
436
436
440
440
440
440
466
466
466
652
652
653
662
437
437
437
441
441
441
441
467
467
467
657
666
438
438
438
442
442
442
442
468
468
468
659
668
443
443
443
443
457
457
457
469
469
469
651
660
444
444
444
458
458
458
470
470
470
653
653
662
445
445
445
459
459
459
471
471
471
657
657
666
446
446
446
460
460
460
472
472
472
659
659
668
455
455
455
455
461
461
461
461
473
473
473
652
661
661
455
455
455
455
462
462
462
462
474
474
474
652
661
661
456
456
456
456
463
463
463
463
475
475
475
658
667
667
456
456
456
456
464
464
464
464
476
476
476
658
667
667
457
457
457
465
465
465
481
481
481
651
651
660
458
458
458
466
466
466
482
482
482
653
662
459
459
459
467
467
467
483
483
483
657
666
460
460
460
468
468
468
484
484
484
659
668
461
461
461
461
465
465
465
485
485
485
485
651
652
660
661
462
462
462
462
462
466
466
466
486
486
486
652
661
662
463
463
463
463
467
467
467
487
487
487
657
657
658
666
464
464
464
464
468
468
468
488
488
488
658
659
659
668
447
447
447
447
469
469
469
477
477
477
477
651
651
654
660
663
663
448
448
448
470
470
470
478
478
478
478
478
656
662
665
449
449
449
449
471
471
471
479
479
479
654
654
666
450
450
450
450
472
472
472
480
480
480
480
656
659
665
665
668
451
451
451
451
477
477
477
489
489
489
654
663
452
452
452
452
478
478
478
478
490
490
490
656
665
665
453
453
453
453
479
479
479
479
491
491
491
654
663
666
666
454
454
454
454
480
480
480
492
492
492
656
665
453
453
453
453
489
489
489
494
494
494
654
663
454
454
454
454
490
490
490
495
495
495
656
665
491
491
491
494
494
494
654
663
492
492
492
495
495
495
656
665
473
473
473
474
474
474
493
493
493
652
652
661
475
475
475
476
476
476
496
496
496
658
658
667
469
469
469
481
481
481
497
497
497
660
470
470
470
482
482
482
498
498
498
662
471
471
471
483
483
483
499
499
499
666
472
472
472
484
484
484
500
500
500
668
473
473
473
485
485
485
501
501
501
652
652
661
474
474
474
486
486
486
486
502
502
502
652
652
661
662
475
475
475
487
487
487
487
503
503
503
658
666
666
667
476
476
476
488
488
488
488
504
504
504
658
667
668
668
481
481
481
485
485
485
505
505
505
660
482
482
482
486
486
486
506
506
506
662
483
483
483
487
487
487
507
507
507
666
484
484
484
488
488
488
508
508
508
668
477
477
477
497
497
497
509
509
509
660
478
478
478
498
498
498
510
510
510
662
479
479
479
499
499
499
511
511
511
666
480
480
480
500
500
500
512
512
512
668
493
493
493
501
501
501
517
517
517
661
493
493
493
502
502
502
518
518
518
661
496
496
496
503
503
503
519
519
519
667
496
496
496
504
504
504
520
520
520
667
489
489
489
509
509
509
509
513
513
513
660
660
663
490
490
490
510
510
510
510
514
514
514
656
662
662
665
491
491
491
511
511
511
515
515
515
515
663
663
666
492
492
492
512
512
512
516
516
516
516
665
668
497
497
497
505
505
505
525
525
525
660
498
498
498
506
506
506
526
526
526
662
499
499
499
507
507
507
527
527
527
666
500
500
500
508
508
508
528
528
528
668
501
501
501
505
505
505
529
529
529
529
660
661
502
502
502
506
506
506
530
530
530
530
661
661
662
503
503
503
507
507
507
531
531
531
531
666
667
667
504
504
504
508
508
508
532
532
532
532
667
667
668
494
494
494
513
513
513
521
521
521
663
495
495
495
514
514
514
522
522
522
665
494
494
494
515
515
515
523
523
523
663
495
495
495
516
516
516
524
524
524
665
517
517
517
518
518
518
661
521
521
521
523
523
523
663
522
522
522
524
524
524
665
519
519
519
520
520
520
667
509
509
509
525
525
525
533
533
533
660
510
510
510
526
526
526
534
534
534
662
511
511
511
527
527
527
535
535
535
666
512
512
512
528
528
528
536
536
536
668
517
517
517
529
529
529
537
537
537
661
518
518
518
530
530
530
538
538
538
661
519
519
519
531
531
531
539
539
539
667
520
520
520
532
532
532
540
540
540
667
525
525
525
529
529
529
551
551
551
660
526
526
526
530
530
530
552
552
552
662
527
527
527
531
531
531
553
553
553
666
528
528
528
532
532
532
554
554
554
668
513
513
513
533
533
533
545
545
545
545
660
663
663
514
514
514
534
534
534
546
546
546
546
662
665
665
515
515
515
515
535
535
535
547
547
547
547
663
666
516
516
516
516
536
536
536
548
548
548
548
665
668
521
521
521
541
541
541
545
545
545
663
522
522
522
542
542
542
546
546
546
665
523
523
523
543
543
543
547
547
547
663
666
524
524
524
544
544
544
548
548
548
665
668
518
518
518
537
537
537
549
549
549
661
538
538
538
549
549
549
661
520
520
520
539
539
539
550
550
550
667
540
540
540
550
550
550
667
523
523
523
541
541
541
555
555
555
663
524
524
524
542
542
542
556
556
556
665
543
543
543
555
555
555
663
544
544
544
556
556
556
665
533
533
533
551
551
551
557
557
557
660
534
534
534
552
552
552
558
558
558
662
535
535
535
553
553
553
559
559
559
666
536
536
536
554
554
554
560
560
560
668
537
537
537
551
551
551
551
561
561
561
660
660
661
538
538
538
552
552
552
552
562
562
562
661
662
662
539
539
539
553
553
553
553
563
563
563
666
666
667
540
540
540
554
554
554
554
564
564
564
667
668
668
545
545
545
557
557
557
569
569
569
660
546
546
546
558
558
558
570
570
570
662
547
547
547
559
559
559
571
571
571
666
548
548
548
560
560
560
572
572
572
668
549
549
549
561
561
561
565
565
565
661
549
549
549
562
562
562
566
566
566
661
550
550
550
563
563
563
567
567
567
667
550
550
550
564
564
564
568
568
568
667
545
545
545
555
555
555
573
573
573
577
577
577
663
546
546
546
556
556
556
574
574
574
578
578
578
665
547
547
547
555
555
555
575
575
575
579
579
579
663
548
548
548
556
556
556
576
576
576
580
580
580
665
569
569
569
569
577
577
577
660
660
663
570
570
570
570
578
578
578
662
662
665
571
571
571
571
579
579
579
663
666
666
572
572
572
572
580
580
580
665
668
668
565
565
565
566
566
566
661
567
567
567
568
568
568
667
557
557
557
561
561
561
581
581
581
581
660
661
661
558
558
558
562
562
562
582
582
582
582
661
661
662
559
559
559
563
563
563
563
583
583
583
666
667
560
560
560
564
564
564
564
584
584
584
667
668
573
573
573
575
575
575
663
574
574
574
576
576
576
665
569
569
569
581
581
581
589
589
589
660
570
570
570
582
582
582
590
590
590
662
571
571
571
583
583
583
591
591
591
666
572
572
572
584
584
584
592
592
592
668
565
565
565
581
581
581
585
585
585
661
566
566
566
582
582
582
586
586
586
661
567
567
567
583
583
583
583
587
587
587
666
667
568
568
568
584
584
584
584
588
588
588
667
668
566
566
566
585
585
585
593
593
593
661
586
586
586
593
593
593
661
568
568
568
587
587
587
596
596
596
667
588
588
588
596
596
596
667
577
577
577
589
589
589
589
597
597
597
660
663
578
578
578
590
590
590
598
598
598
598
662
665
665
579
579
579
591
591
591
599
599
599
599
663
663
666
580
580
580
592
592
592
600
600
600
600
665
665
668
575
575
575
577
577
577
594
594
594
601
601
601
663
576
576
576
578
578
578
595
595
595
602
602
602
665
579
579
579
594
594
594
603
603
603
663
580
580
580
595
595
595
604
604
604
665
597
597
597
601
601
601
663
598
598
598
602
602
602
665
599
599
599
603
603
603
663
600
600
600
604
604
604
665
585
585
585
589
589
589
589
605
605
605
660
660
661
586
586
586
590
590
590
590
606
606
606
661
662
662
587
587
587
591
591
591
607
607
607
607
666
667
667
588
588
588
592
592
592
608
608
608
608
608
664
667
668
593
593
593
605
605
605
609
609
609
661
593
593
593
606
606
606
610
610
610
661
596
596
596
607
607
607
611
611
611
667
596
596
596
608
608
608
612
612
612
667
597
597
597
597
605
605
605
605
615
615
615
660
661
661
663
663
664
598
598
598
598
606
606
606
606
616
616
616
661
661
662
664
599
599
599
599
607
607
607
607
617
617
617
664
664
666
600
600
600
600
608
608
608
608
618
618
618
664
664
668
609
609
609
610
610
610
661
601
601
601
603
603
603
613
613
613
663
602
602
602
604
604
604
614
614
614
665
611
611
611
612
612
612
667
601
601
601
615
615
615
619
619
619
619
663
664
664
602
602
602
616
616
616
620
620
620
620
662
662
664
665
603
603
603
617
617
617
621
621
621
621
663
664
666
666
604
604
604
618
618
618
622
622
622
622
664
665
668
668
613
613
613
619
619
619
663
614
614
614
620
620
620
665
613
613
613
621
621
621
663
614
614
614
622
622
622
665
609
609
609
609
615
615
615
623
623
623
661
664
610
610
610
610
616
616
616
624
624
624
661
664
611
611
611
611
617
617
617
625
625
625
664
666
666
667
612
612
612
612
618
618
618
626
626
626
664
667
667
668
610
610
610
610
623
623
623
629
629
629
661
664
624
624
624
629
629
629
661
664
612
612
612
612
625
625
625
630
630
630
664
667
626
626
626
630
630
630
664
667
619
619
619
619
621
621
621
621
627
627
627
663
664
664
620
620
620
620
622
622
622
622
628
628
628
664
664
665
619
619
619
623
623
623
631
631
631
664
620
620
620
624
624
624
632
632
632
664
621
621
621
625
625
625
633
633
633
664
622
622
622
626
626
626
634
634
634
664
627
627
627
631
631
631
663
663
664
628
628
628
632
632
632
664
665
665
627
627
627
633
633
633
663
663
664
628
628
628
634
634
634
664
665
665
629
629
629
631
631
631
635
635
635
664
629
629
629
632
632
632
636
636
636
664
630
630
630
633
633
633
637
637
637
664
630
630
630
634
634
634
638
638
638
664
631
631
631
633
633
633
639
639
639
664
632
632
632
634
634
634
640
640
640
664
635
635
635
636
636
636
664
637
637
637
638
638
638
664
635
635
635
639
639
639
664
636
636
636
640
640
640
664
637
637
637
639
639
639
664
638
638
638
640
640
640
664
636
636
636
639
639
639
641
641
641
664
640
640
640
641
641
641
664
638
638
638
639
639
639
641
641
641
664
640
640
640
641
641
641
664
641
641
641
664
641
641
641
664
664
643
645
646
646
651
652
652
654
654
655
644
646
652
655
646
646
647
652
653
655
656
646
648
654
655
647
648
649
650
655
650
655
656
649
654
654
655
657
658
650
655
658
655
656
658
659
652
654
655
660
661
661
663
653
655
661
662
655
656
662
655
657
660
663
666
656
657
658
659
660
661
662
663
664
665
666
667
668
659
662
665
668
668
658
666
659
666
667
668
668
661
663
664
662
663
664
664
665
664
666
665
666
667
668
668
667
668
669
741
741
729
729
670
670
676
676
672
672
671
680
693
693
672
672
672
745
745
673
676
681
681
674
674
674
705
705
677
677
675
733
733
683
683
676
676
676
677
715
715
678
678
721
721
680
680
679
723
723
699
699
680
680
680
681
706
706
682
682
682
683
686
686
683
684
684
684
733
733
689
689
685
753
753
707
707
686
686
688
688
687
827
827
759
759
688
688
688
692
689
739
739
690
690
690
781
781
691
691
691
783
783
692
692
692
835
835
693
746
746
694
694
694
699
704
704
695
698
698
765
765
696
696
696
837
837
702
697
700
700
717
717
698
698
698
767
767
699
700
700
700
723
723
701
839
839
789
789
702
702
702
704
704
703
791
791
747
747
704
704
705
716
716
706
706
706
707
707
707
708
708
708
753
753
709
709
709
757
757
710
710
710
857
857
712
712
711
859
859
803
803
712
712
712
714
714
713
805
805
719
714
714
716
716
715
722
716
716
716
717
768
768
718
718
724
724
726
726
719
722
722
720
720
720
805
805
727
727
721
724
724
722
722
722
723
724
724
724
725
861
861
771
771
726
726
726
728
728
727
807
807
728
728
728
863
863
729
734
734
730
730
730
741
731
731
731
743
732
732
732
813
813
735
735
733
734
734
734
740
740
735
817
817
736
736
736
873
873
738
738
737
879
879
779
779
738
738
738
740
740
739
782
782
740
740
741
742
742
742
745
745
744
744
743
814
814
744
744
750
750
745
746
746
746
747
747
747
748
748
748
791
791
751
751
749
885
885
821
821
750
750
750
752
752
751
797
797
752
752
752
887
887
753
754
754
754
759
759
758
758
755
949
849
849
756
756
756
758
758
762
762
757
858
858
758
758
758
759
760
760
760
827
827
763
763
761
764
903
903
762
762
762
955
763
829
829
764
764
764
905
905
765
838
838
766
766
766
767
767
770
770
767
768
768
768
771
771
769
909
909
845
845
770
770
770
774
771
772
772
772
861
861
775
775
773
965
919
919
774
774
774
776
776
775
871
871
776
776
776
967
777
927
927
833
833
778
778
778
784
784
786
779
782
782
780
780
780
879
879
787
787
781
784
784
782
782
782
783
836
836
784
784
784
785
971
929
929
786
786
786
788
788
787
883
883
788
788
788
973
789
792
792
790
790
790
839
839
795
795
791
792
792
792
798
798
793
796
935
935
794
794
794
983
800
800
795
843
843
796
796
796
939
939
797
888
888
798
798
798
800
800
799
985
891
891
800
800
800
801
804
804
851
851
802
802
802
1021
811
811
803
806
806
804
804
804
859
859
805
806
806
808
808
807
864
864
808
808
808
810
810
809
1031
867
867
810
810
810
812
812
811
1025
812
812
1033
813
818
818
814
814
821
821
815
1053
1041
816
816
820
820
824
824
817
874
874
818
818
818
820
820
819
1043
875
875
820
820
820
821
822
822
822
885
885
823
823
823
889
889
824
824
824
1057
825
834
834
925
925
826
826
826
995
995
832
827
828
828
828
835
830
830
829
906
906
830
830
830
832
832
831
999
999
907
907
832
832
832
833
836
836
834
834
834
927
927
835
836
836
836
837
840
838
838
838
845
845
839
840
840
840
844
844
841
1005
1005
937
937
842
842
842
844
844
848
843
940
940
844
844
844
845
846
846
846
909
909
847
847
847
911
911
848
848
848
1007
1007
849
858
858
850
850
949
949
855
855
851
1022
1022
852
852
860
860
854
854
853
1073
1073
1023
1023
854
854
854
856
856
855
951
951
856
856
856
1075
1075
857
860
860
858
858
858
859
860
860
860
861
862
862
862
863
863
872
872
863
864
864
864
867
867
865
868
868
1029
1029
866
866
866
1081
1081
870
870
867
868
868
1031
1031
869
1087
1087
963
963
870
870
870
872
872
871
968
968
872
872
873
880
880
874
874
874
875
875
875
876
876
1043
1043
877
877
877
1047
1047
878
878
878
1095
1095
882
882
879
880
880
880
884
884
881
1097
1097
969
969
882
882
882
884
884
883
974
974
884
884
885
886
886
886
887
887
890
890
887
888
888
888
891
891
889
1058
1058
890
890
894
894
891
892
892
985
985
895
895
893
1103
1103
1059
1059
894
894
894
896
896
895
987
987
896
896
896
1105
1105
897
900
900
1115
1115
898
898
898
1169
1169
902
902
899
908
908
997
997
900
900
1117
1117
901
1171
1171
953
953
902
902
902
904
904
903
956
956
904
904
905
905
905
906
906
906
907
907
907
908
908
908
999
999
909
910
910
910
919
919
912
912
911
1008
1008
912
912
912
914
914
913
1129
1129
1009
1009
914
914
916
916
915
1175
1175
1131
1131
916
916
916
918
918
917
920
920
961
961
918
918
918
1183
1183
919
920
920
965
965
921
1185
1185
1137
1137
922
922
922
924
924
932
932
923
1141
1141
993
993
924
924
926
926
925
996
996
926
926
926
928
928
927
928
928
928
929
929
929
930
930
971
971
931
931
931
975
975
932
932
932
1193
1193
933
1197
1197
981
981
934
934
934
936
936
944
944
935
984
984
936
936
939
939
937
940
940
938
938
938
1005
1005
941
941
939
940
940
940
941
1011
1011
942
942
1151
1151
943
943
943
1155
1155
944
944
944
1203
1203
945
1255
1255
1065
1065
946
946
946
952
952
948
948
947
954
954
1165
1165
948
948
948
1257
1257
949
950
950
950
955
955
952
952
951
1076
1076
952
952
952
953
956
954
954
954
1171
1171
955
956
956
956
957
1273
1273
1181
1181
958
958
958
962
962
960
960
959
964
964
1085
1085
960
960
960
1275
1275
961
1184
1184
962
962
962
966
963
968
968
964
964
964
1087
1087
965
966
966
966
967
967
967
968
968
968
969
974
974
970
970
970
1097
1097
979
979
971
972
972
972
973
973
976
973
974
974
974
975
1194
1194
976
976
976
978
978
977
1285
1285
1195
1195
978
978
978
980
980
979
1099
1099
980
980
980
1287
1287
981
984
982
982
982
1197
1197
989
989
983
986
986
984
984
984
985
986
986
986
988
988
987
1106
1106
988
988
988
992
992
989
1207
1207
990
990
990
1297
1297
992
992
991
1299
1299
1111
1111
992
992
992
993
996
996
994
994
994
1141
1003
1003
995
1000
996
996
996
997
1118
998
998
998
1000
1000
1002
1002
999
1000
1000
1000
1001
1221
1221
1121
1002
1002
1002
1004
1003
1145
1004
1004
1004
1223
1223
1005
1006
1006
1006
1007
1012
1012
1007
1008
1008
1008
1009
1009
1009
1010
1010
1010
1129
1013
1013
1011
1152
1012
1012
1012
1016
1016
1013
1133
1014
1014
1014
1231
1231
1016
1015
1233
1233
1157
1016
1016
1016
1017
1303
1303
1211
1211
1018
1018
1018
1028
1028
1020
1020
1019
1024
1024
1067
1067
1020
1020
1305
1305
1021
1026
1026
1022
1022
1022
1023
1023
1023
1024
1024
1024
1073
1073
1025
1034
1026
1026
1028
1028
1027
1217
1217
1037
1028
1028
1028
1029
1082
1082
1030
1030
1030
1032
1032
1036
1036
1031
1032
1032
1032
1033
1033
1033
1034
1034
1037
1037
1035
1321
1321
1083
1083
1036
1036
1040
1040
1037
1038
1038
1038
1217
1217
1039
1039
1039
1219
1219
1040
1040
1040
1323
1323
1041
1044
1044
1042
1042
1053
1049
1049
1043
1044
1044
1044
1048
1048
1045
1325
1325
1091
1091
1046
1046
1048
1048
1052
1052
1047
1096
1096
1048
1048
1048
1049
1063
1050
1050
1050
1243
1243
1051
1051
1051
1245
1245
1052
1052
1052
1333
1333
1053
1054
1054
1057
1057
1064
1064
1055
1060
1060
1101
1101
1056
1056
1337
1337
1062
1062
1057
1058
1058
1058
1059
1059
1059
1060
1060
1060
1103
1103
1061
1343
1343
1241
1241
1062
1062
1062
1064
1064
1063
1244
1244
1064
1064
1064
1065
1076
1076
1066
1066
1066
1255
1255
1071
1071
1067
1306
1068
1068
1074
1074
1070
1070
1069
1349
1349
1307
1070
1070
1070
1072
1072
1071
1259
1259
1072
1072
1072
1351
1351
1073
1074
1074
1074
1075
1075
1075
1076
1076
1076
1077
1369
1369
1267
1267
1078
1078
1078
1086
1086
1080
1080
1079
1084
1084
1319
1080
1080
1080
1371
1371
1081
1088
1088
1082
1082
1082
1083
1083
1083
1084
1084
1084
1321
1085
1276
1276
1086
1086
1088
1088
1087
1088
1088
1088
1089
1377
1377
1279
1279
1090
1090
1090
1100
1100
1094
1094
1091
1096
1096
1092
1092
1092
1325
1093
1093
1093
1327
1094
1094
1094
1379
1379
1095
1098
1098
1096
1096
1096
1097
1098
1098
1098
1100
1100
1099
1288
1288
1100
1100
1101
1338
1102
1102
1104
1104
1108
1108
1103
1104
1104
1104
1105
1105
1105
1106
1106
1106
1111
1111
1107
1387
1387
1341
1108
1108
1108
1110
1110
1109
1112
1112
1295
1295
1110
1110
1110
1395
1395
1111
1112
1112
1112
1299
1299
1113
1401
1401
1167
1167
1114
1114
1114
1116
1120
1120
1115
1170
1170
1116
1116
1116
1117
1117
1117
1118
1118
1118
1121
1121
1119
1445
1403
1403
1120
1120
1120
1124
1124
1121
1122
1122
1122
1221
1221
1123
1123
1229
1229
1124
1124
1124
1449
1125
1128
1128
1413
1413
1126
1126
1126
1463
1136
1136
1127
1132
1173
1173
1128
1128
1128
1415
1415
1129
1130
1130
1130
1131
1131
1134
1134
1131
1132
1132
1132
1175
1175
1133
1232
1232
1134
1134
1134
1136
1135
1467
1239
1239
1136
1136
1136
1137
1142
1142
1138
1138
1138
1185
1185
1139
1139
1187
1187
1140
1140
1140
1425
1425
1143
1143
1141
1142
1142
1142
1146
1146
1143
1427
1427
1144
1144
1144
1471
1148
1148
1145
1224
1224
1146
1146
1146
1148
1147
1475
1227
1227
1148
1148
1148
1149
1487
1435
1435
1150
1150
1150
1154
1154
1160
1160
1151
1156
1156
1152
1152
1152
1157
1157
1153
1439
1439
1199
1199
1154
1154
1154
1156
1155
1204
1204
1156
1156
1156
1157
1158
1158
1158
1233
1233
1159
1159
1235
1235
1160
1160
1160
1489
1161
1493
1493
1253
1253
1162
1162
1162
1166
1164
1164
1163
1168
1168
1397
1397
1164
1164
1164
1495
1495
1165
1258
1258
1166
1166
1166
1172
1172
1167
1170
1168
1168
1168
1401
1401
1169
1172
1172
1170
1170
1170
1171
1172
1172
1172
1173
1416
1416
1174
1174
1174
1176
1180
1180
1175
1176
1176
1176
1183
1183
1177
1182
1271
1271
1178
1178
1178
1507
1507
1180
1180
1179
1509
1509
1417
1417
1180
1180
1180
1181
1184
1184
1182
1182
1182
1273
1273
1183
1184
1184
1184
1185
1186
1186
1186
1193
1193
1188
1187
1426
1426
1188
1188
1188
1190
1190
1189
1519
1519
1431
1431
1190
1190
1190
1192
1192
1191
1196
1283
1283
1192
1192
1192
1523
1523
1193
1194
1194
1194
1195
1195
1195
1196
1196
1196
1285
1285
1197
1198
1198
1198
1203
1203
1208
1208
1199
1204
1200
1200
1200
1439
1439
1201
1201
1201
1441
1441
1202
1202
1202
1533
1533
1206
1206
1203
1204
1204
1204
1205
1537
1537
1291
1291
1206
1206
1206
1208
1207
1298
1298
1208
1208
1208
1209
1212
1212
1301
1301
1210
1210
1210
1543
1543
1213
1213
1211
1218
1218
1212
1212
1212
1303
1303
1213
1551
1551
1214
1214
1555
1555
1216
1216
1215
1557
1557
1313
1313
1216
1216
1216
1220
1220
1217
1218
1218
1220
1220
1219
1324
1324
1220
1220
1220
1221
1222
1222
1223
1230
1223
1224
1224
1227
1225
1473
1473
1447
1447
1226
1226
1230
1228
1227
1228
1228
1475
1475
1229
1450
1450
1230
1230
1231
1234
1232
1232
1239
1233
1234
1234
1236
1235
1490
1490
1236
1236
1238
1237
1240
1465
1465
1238
1238
1491
1491
1239
1240
1240
1467
1467
1241
1244
1244
1242
1242
1242
1343
1343
1249
1249
1243
1246
1246
1244
1244
1245
1334
1334
1246
1246
1246
1248
1248
1247
1571
1571
1335
1335
1248
1248
1248
1252
1252
1249
1345
1345
1250
1250
1250
1579
1579
1252
1252
1251
1587
1587
1575
1575
1252
1252
1253
1258
1254
1254
1254
1493
1493
1261
1261
1255
1256
1256
1257
1257
1260
1260
1257
1258
1258
1258
1259
1352
1352
1260
1260
1260
1264
1261
1501
1501
1262
1262
1262
1637
1637
1264
1264
1263
1645
1645
1353
1353
1264
1264
1264
1265
1268
1367
1367
1266
1266
1266
1655
1655
1270
1270
1267
1276
1276
1268
1268
1268
1369
1369
1269
1657
1657
1505
1505
1270
1270
1272
1272
1271
1508
1508
1272
1272
1272
1274
1273
1274
1274
1274
1275
1275
1275
1276
1276
1276
1277
1280
1373
1373
1278
1278
1278
1661
1661
1282
1282
1279
1288
1288
1280
1280
1280
1377
1377
1281
1665
1665
1521
1521
1282
1282
1284
1284
1283
1524
1524
1284
1284
1284
1286
1285
1286
1286
1286
1287
1287
1287
1288
1288
1288
1289
1681
1681
1393
1393
1290
1290
1290
1296
1294
1294
1291
1298
1292
1292
1292
1537
1537
1293
1293
1293
1539
1539
1294
1294
1294
1683
1683
1295
1396
1396
1296
1296
1296
1300
1300
1297
1300
1300
1298
1298
1298
1299
1300
1300
1301
1544
1544
1302
1302
1302
1304
1304
1312
1312
1303
1304
1304
1304
1305
1305
1305
1306
1306
1306
1307
1307
1307
1308
1308
1308
1349
1349
1309
1309
1309
1357
1357
1310
1310
1310
1589
1589
1312
1312
1311
1593
1593
1547
1547
1312
1312
1313
1324
1324
1314
1314
1314
1557
1557
1315
1315
1315
1559
1559
1316
1316
1316
1601
1601
1318
1318
1317
1605
1605
1361
1361
1318
1318
1318
1320
1320
1319
1372
1372
1320
1320
1320
1322
1322
1321
1322
1322
1323
1323
1323
1324
1324
1324
1325
1326
1326
1333
1333
1328
1328
1327
1380
1380
1328
1328
1328
1330
1330
1329
1613
1613
1381
1381
1330
1330
1330
1332
1332
1331
1336
1336
1565
1565
1332
1332
1332
1615
1615
1333
1334
1334
1334
1335
1335
1335
1336
1336
1336
1571
1571
1337
1344
1344
1338
1338
1338
1341
1341
1339
1342
1342
1385
1385
1340
1340
1340
1627
1627
1348
1348
1341
1342
1342
1342
1387
1387
1343
1344
1344
1344
1346
1346
1345
1580
1580
1346
1346
1346
1348
1348
1347
1633
1633
1581
1581
1348
1348
1349
1350
1350
1351
1351
1358
1358
1351
1352
1352
1352
1353
1353
1354
1354
1354
1645
1645
1355
1355
1355
1647
1647
1356
1356
1711
1711
1360
1360
1357
1590
1590
1358
1358
1358
1360
1359
1713
1713
1595
1595
1360
1360
1360
1361
1372
1372
1362
1362
1362
1605
1605
1363
1363
1607
1607
1364
1364
1364
1725
1725
1366
1366
1365
1727
1727
1653
1653
1366
1366
1368
1368
1367
1656
1656
1368
1368
1368
1370
1369
1370
1370
1370
1371
1371
1371
1372
1372
1373
1662
1662
1374
1374
1374
1378
1376
1376
1375
1733
1733
1663
1663
1376
1376
1384
1384
1377
1378
1378
1378
1379
1379
1379
1380
1380
1381
1381
1381
1382
1382
1382
1613
1613
1383
1383
1619
1619
1384
1384
1384
1735
1735
1385
1628
1628
1386
1386
1386
1388
1388
1392
1387
1388
1388
1395
1395
1389
1394
1394
1677
1677
1390
1390
1749
1749
1392
1392
1391
1751
1751
1629
1629
1392
1392
1392
1393
1396
1394
1394
1394
1681
1681
1395
1396
1396
1396
1397
1496
1496
1398
1398
1398
1402
1402
1400
1400
1399
1781
1781
1497
1497
1400
1400
1406
1406
1401
1402
1402
1402
1403
1403
1403
1404
1404
1445
1445
1407
1407
1405
1829
1829
1789
1789
1406
1406
1406
1408
1408
1407
1453
1453
1408
1408
1408
1831
1831
1409
1849
1849
1461
1461
1410
1410
1410
1414
1414
1412
1412
1411
1420
1420
1799
1799
1412
1412
1412
1851
1851
1413
1464
1464
1414
1414
1415
1415
1415
1416
1416
1416
1417
1417
1417
1418
1418
1418
1509
1509
1419
1419
1419
1513
1513
1420
1420
1801
1801
1421
1855
1855
1469
1469
1422
1422
1422
1428
1428
1424
1424
1423
1430
1430
1807
1807
1424
1424
1424
1857
1857
1425
1428
1428
1426
1426
1426
1431
1431
1427
1472
1472
1428
1428
1429
1432
1432
1517
1517
1430
1430
1809
1809
1431
1432
1432
1432
1519
1519
1433
1436
1436
1485
1485
1434
1434
1434
1869
1869
1438
1438
1435
1440
1440
1436
1436
1487
1487
1437
1871
1871
1819
1819
1438
1438
1438
1444
1444
1439
1440
1440
1440
1442
1442
1441
1534
1534
1442
1442
1442
1444
1444
1443
1821
1821
1535
1535
1444
1444
1445
1446
1446
1446
1449
1449
1454
1454
1447
1450
1448
1448
1448
1473
1451
1451
1449
1450
1450
1450
1451
1479
1452
1452
1452
1691
1691
1455
1455
1453
1832
1832
1454
1454
1454
1456
1455
1695
1695
1456
1456
1456
1839
1839
1457
1843
1843
1701
1701
1458
1458
1458
1460
1460
1462
1459
1705
1705
1481
1460
1460
1460
1466
1466
1461
1464
1464
1462
1462
1462
1849
1849
1463
1468
1468
1464
1464
1464
1465
1492
1466
1466
1466
1468
1467
1468
1468
1468
1469
1472
1472
1470
1470
1470
1855
1855
1478
1471
1476
1476
1472
1472
1472
1473
1474
1474
1474
1476
1480
1480
1475
1476
1476
1476
1477
1861
1861
1685
1685
1478
1478
1478
1480
1480
1479
1692
1692
1480
1480
1480
1481
1492
1492
1482
1482
1482
1705
1705
1483
1483
1483
1707
1707
1484
1484
1484
1867
1867
1486
1485
1870
1870
1486
1486
1486
1488
1488
1487
1488
1488
1488
1489
1489
1489
1490
1490
1490
1491
1491
1492
1492
1492
1493
1494
1494
1494
1495
1495
1502
1502
1495
1496
1496
1496
1497
1497
1498
1498
1498
1781
1499
1499
1499
1783
1500
1500
1500
1925
1925
1504
1504
1501
1638
1638
1502
1502
1502
1504
1504
1503
1929
1929
1641
1641
1504
1504
1504
1505
1508
1508
1506
1506
1506
1657
1657
1511
1511
1507
1510
1510
1508
1508
1508
1509
1510
1510
1510
1514
1511
1659
1659
1512
1512
1512
1941
1941
1516
1516
1513
1802
1514
1514
1514
1516
1516
1515
1943
1943
1803
1516
1516
1516
1517
1810
1518
1518
1518
1520
1526
1526
1519
1520
1520
1520
1523
1523
1521
1524
1524
1522
1522
1522
1665
1665
1527
1527
1523
1524
1524
1524
1525
1949
1949
1813
1526
1526
1526
1528
1528
1527
1669
1669
1528
1528
1528
1957
1957
1529
1963
1963
1679
1679
1530
1530
1530
1540
1540
1532
1532
1531
1536
1536
1817
1532
1532
1532
1965
1965
1533
1538
1538
1534
1534
1534
1535
1535
1536
1536
1536
1821
1537
1538
1538
1538
1540
1540
1539
1684
1684
1540
1540
1540
1541
1877
1877
1757
1757
1542
1542
1542
1550
1546
1546
1543
1552
1552
1544
1544
1544
1547
1547
1545
1548
1548
1591
1591
1546
1546
1546
1881
1881
1547
1548
1548
1548
1593
1593
1549
1763
1763
1553
1550
1550
1550
1552
1552
1551
1556
1552
1552
1552
1553
1556
1556
1554
1554
1554
1763
1763
1563
1555
1558
1558
1556
1556
1556
1557
1558
1558
1558
1560
1560
1559
1602
1602
1560
1560
1560
1562
1562
1561
1889
1889
1603
1603
1562
1562
1562
1564
1564
1563
1767
1767
1564
1564
1564
1895
1895
1565
1616
1616
1566
1566
1566
1572
1572
1568
1568
1567
1901
1901
1617
1617
1568
1568
1568
1570
1570
1569
1574
1773
1773
1570
1570
1570
1907
1907
1571
1572
1572
1572
1575
1575
1573
1576
1576
1585
1574
1574
1574
1779
1779
1575
1576
1576
1576
1587
1577
1917
1917
1777
1777
1578
1578
1578
1586
1584
1584
1579
1588
1588
1580
1580
1580
1581
1581
1581
1582
1582
1582
1633
1633
1583
1583
1583
1635
1635
1584
1584
1584
1919
1919
1585
1780
1780
1586
1586
1586
1588
1588
1587
1588
1588
1588
1589
1594
1594
1590
1590
1590
1595
1591
1882
1882
1592
1592
1592
1594
1594
1600
1593
1594
1594
1595
1596
1596
1596
1713
1713
1597
1597
1597
1715
1715
1598
1598
1598
1973
1973
1600
1600
1599
1975
1975
1883
1883
1600
1600
1600
1601
1606
1606
1602
1602
1602
1603
1603
1603
1604
1604
1604
1889
1889
1611
1605
1606
1606
1606
1608
1607
1726
1726
1608
1608
1608
1610
1610
1609
1987
1987
1729
1729
1610
1610
1612
1612
1611
1899
1899
1612
1612
1612
1989
1989
1613
1614
1614
1614
1615
1615
1620
1615
1616
1616
1616
1617
1617
1617
1618
1618
1618
1901
1901
1623
1619
1736
1736
1620
1620
1620
1622
1622
1621
1999
1999
1739
1739
1622
1622
1624
1624
1623
1903
1903
1624
1624
1624
2001
2001
1625
1630
1630
1745
1745
1626
1626
1626
2009
2009
1632
1632
1627
1634
1634
1628
1628
1628
1629
1629
1630
1630
1630
1751
1751
1631
2011
2011
1915
1915
1632
1632
1632
1636
1633
1634
1634
1636
1636
1635
1920
1920
1636
1636
1636
1637
1646
1646
1638
1638
1638
1641
1641
1639
2023
2023
1709
1640
1640
1648
1648
1644
1644
1641
1642
1642
1642
1929
1929
1643
1643
1643
1931
1931
1644
1644
1644
2025
2025
1645
1646
1646
1646
1648
1648
1647
1712
1648
1648
1648
1649
1654
1654
1723
1650
1650
1650
2037
2037
1652
1652
1651
2039
2039
1939
1939
1652
1652
1652
1660
1660
1653
1656
1656
1654
1654
1654
1727
1655
1658
1658
1656
1656
1656
1657
1658
1658
1660
1660
1659
1942
1942
1660
1660
1660
1661
1666
1666
1662
1662
1662
1663
1663
1663
1664
1664
1664
1733
1667
1667
1665
1666
1666
1670
1670
1667
1741
1668
1668
1668
2047
2047
1672
1672
1669
1958
1958
1670
1670
1670
1672
1672
1671
2055
2055
1959
1959
1672
1672
1672
1673
1680
1680
1961
1961
1674
1674
1674
2057
2057
1676
1676
1675
2059
2059
1747
1676
1676
1678
1678
1677
1750
1678
1678
1678
1682
1682
1679
1684
1684
1680
1680
1680
1963
1963
1681
1682
1682
1682
1683
1683
1683
1684
1684
1684
1685
1692
1692
1686
1686
1686
1861
1861
1687
1687
1687
1863
1863
1688
1688
1688
2101
2101
1690
1690
1689
2103
2103
2071
2071
1690
1690
1694
1694
1691
1696
1696
1692
1692
1693
2079
2079
1837
1837
1694
1694
1694
1696
1696
1695
1840
1840
1696
1696
1696
1697
1702
1702
1841
1841
1698
1698
1698
2081
2081
1699
1699
1699
2083
2083
1700
1700
2105
2105
1704
1704
1701
1706
1706
1702
1702
1702
1843
1843
1703
2107
2107
1865
1865
1704
1704
1704
1708
1708
1705
1706
1706
1708
1708
1707
1868
1868
1708
1708
1708
1709
1712
1712
1710
1710
1710
2023
2023
1717
1717
1711
1714
1714
1712
1712
1712
1713
1714
1714
1714
1716
1716
1715
1974
1974
1716
1716
1720
1720
1717
2027
2027
1718
1718
1718
2263
2263
1720
1720
1719
2265
2265
1979
1979
1720
1720
1720
1721
2277
2277
2033
2033
1722
1722
1722
1724
1724
1732
1732
1723
2038
2038
1724
1724
1728
1728
1725
1728
1728
1726
1726
1726
1729
1729
1727
1728
1728
1728
1729
1730
1730
1730
1987
1987
1731
1731
1731
1991
1991
1732
1732
1732
2281
2281
1733
1734
1734
1734
1735
1735
1742
1742
1735
1736
1736
1736
1739
1739
1737
1740
1740
1997
1997
1738
1738
1738
2289
2289
1744
1744
1739
1740
1740
1740
1999
1999
1741
2048
2048
1742
1742
1744
1744
1743
2293
2293
2049
2049
1744
1744
1744
1745
2010
2010
1746
1746
1752
1752
1756
1756
1747
1750
1750
1748
1748
1748
2059
2059
1753
1753
1749
1752
1752
1750
1750
1750
1751
1752
1752
1752
1753
2063
2063
1754
1754
1754
2301
2301
1756
1756
1755
2303
2303
2013
2013
1756
1756
1756
1757
1764
1764
1758
1758
1758
1877
1877
1759
1759
1759
1879
1879
1760
1760
1760
2117
2117
1761
1761
1761
2121
2121
1762
1762
2131
2131
1766
1766
1763
1764
1764
1768
1768
1765
2139
2139
1893
1893
1766
1766
1766
1768
1768
1767
1896
1896
1768
1768
1768
1769
2157
2157
2145
2145
1770
1770
1772
1772
1776
1776
1771
2147
2147
1905
1905
1772
1772
1772
1774
1774
1773
1908
1908
1774
1774
1774
1779
1779
1775
1778
1778
1913
1913
1776
1776
1776
2159
2159
1777
1780
1780
1778
1778
1778
1917
1917
1779
1780
1780
1781
1782
1782
1782
1789
1784
1784
1783
1926
1926
1784
1784
1784
1788
1788
1785
1792
1792
2165
2165
1786
1786
1786
2213
2213
1788
1788
1787
2217
2217
1933
1933
1788
1788
1788
1789
1790
1790
1790
1829
1829
1791
1791
1791
1833
1833
1792
1792
1792
2173
2173
1793
1804
1804
1937
1937
1794
1794
1794
2225
2225
1798
1798
1795
2181
2181
1847
1847
1796
1796
1796
1800
1800
1798
1798
1797
2227
2227
2183
2183
1798
1798
1798
1799
1852
1852
1800
1800
1800
1801
1801
1802
1802
1802
1803
1803
1803
1804
1804
1804
1943
1943
1805
2191
2191
1853
1853
1806
1806
1806
1808
1808
1812
1812
1807
1858
1858
1808
1808
1808
1809
1809
1810
1810
1810
1813
1813
1811
2237
2237
2197
2197
1812
1812
1812
1816
1816
1813
1814
1814
1814
1949
1949
1815
1815
1815
1951
1951
1816
1816
1816
2245
2245
1817
1966
1966
1818
1818
1818
1822
1822
1824
1824
1819
1822
1820
1820
1820
1871
1871
1825
1825
1821
1822
1822
1822
1823
2249
2249
1967
1967
1824
1824
1824
1828
1828
1825
1873
1873
1826
1826
1826
2201
2201
1827
1827
1827
2203
2203
1828
1828
1828
2257
2257
1829
1830
1830
1830
1831
1831
1834
1834
1831
1832
1832
1832
1839
1833
2174
2174
1834
1834
1834
1836
1835
1838
1838
2077
2077
1836
1836
1836
2175
2175
1837
1840
1840
1838
1838
1838
2079
2079
1839
1840
1840
1840
1841
2082
2082
1842
1842
1842
1844
1844
1846
1846
1843
1844
1844
1844
1850
1845
2177
2177
2085
2085
1846
1846
1846
1848
1847
1852
1852
1848
1848
1848
2181
2181
1849
1850
1850
1850
1851
1851
1851
1852
1852
1852
1853
1858
1858
1854
1854
1854
2191
2191
1860
1855
1856
1856
1856
1857
1857
1862
1857
1858
1858
1858
1859
2195
2195
2095
2095
1860
1860
1860
1864
1864
1861
1862
1862
1862
1864
1864
1863
2102
2102
1864
1864
1864
1865
1868
1868
1866
1866
1866
2107
2107
1875
1875
1867
1870
1868
1868
1868
1869
1872
1872
1870
1870
1870
1871
1872
1872
1872
1874
1874
1873
2202
2202
1874
1874
1874
1876
1875
2113
2113
1876
1876
1876
2209
2209
1877
1878
1878
1878
1881
1881
1880
1880
1879
2118
2118
1880
1880
1880
1886
1881
1882
1882
1882
1883
1883
1884
1884
1884
1975
1975
1887
1887
1885
2317
2317
2127
2127
1886
1886
1886
1888
1888
1887
1983
1983
1888
1888
1888
2319
2319
1889
1890
1890
1890
1895
1895
1900
1891
1894
2137
2137
1892
1892
1892
2327
2327
1898
1898
1893
1896
1896
1894
1894
1894
2139
2139
1895
1896
1896
1896
1897
2329
2329
1985
1985
1898
1898
1898
1900
1900
1899
1990
1990
1900
1900
1900
1901
1902
1902
1902
1907
1907
1904
1903
2002
2002
1904
1904
1904
1912
1912
1905
1908
1908
1906
1906
1906
2147
2147
1909
1907
1908
1908
1908
1909
2151
2151
1910
1910
1910
2341
2341
1912
1912
1911
2343
2343
2007
2007
1912
1912
1912
1913
2160
2160
1914
1914
1914
1918
1918
1922
1915
1920
1916
1916
1916
2011
2011
1923
1923
1917
1918
1918
1918
1919
1919
1919
1920
1920
1920
1921
2345
2345
2161
2161
1922
1922
1922
1924
1924
1923
2017
2017
1924
1924
1924
2347
2347
1925
1930
1930
1926
1926
1933
1933
1927
2357
2357
2021
2021
1928
1928
1932
1932
1936
1936
1929
1930
1930
1930
1932
1932
1931
2026
2026
1932
1932
1932
1933
1934
1934
1934
2217
2217
1935
1935
1935
2219
2219
1936
1936
1936
2367
2367
1937
2226
2226
1938
1938
1938
1944
1944
1946
1946
1939
1942
1942
1940
1940
1940
2039
2039
1947
1947
1941
1944
1944
1942
1942
1942
1943
1944
1944
1945
2369
2369
2233
2233
1946
1946
1946
1948
1948
1947
2041
2041
1948
1948
2371
2371
1949
1950
1950
1957
1957
1952
1952
1951
2246
2246
1952
1952
1952
1954
1954
1953
2389
2389
2247
2247
1954
1954
1954
1956
1956
1955
1960
1960
2053
2053
1956
1956
2391
2391
1957
1958
1958
1958
1959
1959
1959
1960
1960
1960
2055
2055
1961
2058
2058
1962
1962
1962
1964
1964
1970
1970
1963
1964
1964
1964
1965
1965
1965
1966
1966
1967
1967
1967
1968
1968
1968
2249
2249
1971
1971
1969
2393
2393
2065
2065
1970
1970
1972
1972
1971
2251
2251
1972
1972
1972
2395
2395
1973
1976
1976
1974
1974
1974
1979
1979
1975
1976
1976
1976
1984
1984
1977
1980
1980
2261
2261
1978
1978
1978
2501
1982
1982
1979
1980
1980
1980
2265
2265
1981
2505
2309
2309
1982
1982
1982
1984
1983
2320
2320
1984
1984
1984
1985
1990
1990
1986
1986
1986
2329
2329
1993
1987
1988
1988
1988
1989
1989
1992
1992
1989
1990
1990
1990
1991
2282
2282
1992
1992
1992
1996
1996
1993
2331
2331
1994
1994
1994
2517
1996
1996
1995
2519
2283
2283
1996
1996
1996
1997
2290
2290
1998
1998
1998
2000
2000
2004
2004
1999
2000
2000
2000
2001
2001
2001
2002
2002
2002
2007
2007
2003
2527
2291
2291
2004
2004
2004
2006
2006
2005
2008
2333
2333
2006
2006
2006
2529
2007
2008
2008
2008
2343
2343
2009
2012
2012
2010
2010
2010
2013
2013
2011
2012
2012
2012
2018
2018
2013
2014
2014
2014
2303
2303
2015
2015
2015
2307
2307
2016
2016
2016
2539
2020
2020
2017
2348
2348
2018
2018
2018
2020
2019
2541
2351
2351
2020
2020
2020
2021
2026
2026
2022
2022
2022
2357
2031
2031
2023
2024
2024
2025
2025
2028
2028
2025
2026
2026
2026
2027
2264
2264
2028
2028
2028
2030
2030
2029
2545
2269
2269
2030
2030
2030
2032
2032
2031
2361
2032
2032
2549
2033
2038
2038
2034
2034
2034
2277
2277
2035
2035
2035
2279
2279
2036
2036
2036
2559
2044
2044
2037
2040
2040
2038
2038
2039
2040
2040
2040
2042
2042
2041
2372
2042
2042
2042
2044
2044
2043
2565
2375
2044
2044
2045
2577
2387
2046
2046
2054
2054
2052
2052
2047
2056
2056
2048
2048
2049
2049
2049
2050
2050
2050
2293
2293
2051
2051
2051
2295
2295
2052
2052
2052
2579
2053
2392
2054
2054
2054
2056
2056
2055
2056
2056
2056
2057
2060
2060
2058
2058
2058
2065
2065
2059
2060
2060
2064
2064
2061
2585
2299
2299
2062
2062
2062
2064
2064
2068
2068
2063
2302
2302
2064
2064
2064
2065
2066
2066
2066
2393
2067
2067
2067
2399
2068
2068
2589
2069
2072
2072
2099
2070
2070
2070
2419
2419
2075
2075
2071
2080
2072
2072
2072
2103
2073
2455
2455
2171
2171
2074
2074
2074
2078
2078
2076
2076
2075
2423
2423
2076
2076
2076
2457
2457
2077
2176
2176
2078
2078
2078
2080
2080
2079
2080
2080
2080
2081
2084
2082
2082
2082
2085
2085
2083
2106
2084
2084
2084
2090
2090
2085
2086
2086
2086
2177
2177
2087
2087
2087
2179
2179
2088
2088
2088
2461
2461
2092
2092
2089
2427
2427
2109
2090
2090
2090
2092
2092
2091
2465
2465
2433
2433
2092
2092
2092
2093
2096
2096
2193
2193
2094
2094
2094
2475
2475
2098
2098
2095
2102
2102
2096
2096
2096
2195
2195
2097
2483
2483
2417
2417
2098
2098
2098
2100
2100
2099
2420
2420
2100
2100
2100
2104
2104
2101
2104
2102
2102
2102
2103
2104
2104
2104
2105
2108
2106
2106
2106
2109
2109
2107
2108
2108
2108
2114
2114
2109
2110
2110
2110
2427
2427
2111
2111
2111
2435
2435
2112
2112
2112
2487
2487
2116
2116
2113
2210
2210
2114
2114
2114
2116
2116
2115
2495
2495
2211
2211
2116
2116
2116
2117
2122
2122
2118
2118
2118
2127
2119
2641
2407
2407
2120
2120
2120
2124
2126
2126
2121
2132
2122
2122
2122
2124
2124
2123
2413
2413
2133
2124
2124
2124
2125
2128
2128
2311
2311
2126
2126
2126
2649
2127
2128
2128
2128
2317
2317
2129
2134
2411
2411
2130
2130
2130
2655
2136
2136
2131
2140
2140
2132
2132
2132
2133
2133
2133
2134
2134
2134
2413
2413
2135
2663
2323
2323
2136
2136
2136
2138
2138
2137
2328
2328
2138
2138
2138
2140
2139
2140
2140
2140
2141
2146
2146
2153
2142
2142
2142
2439
2439
2143
2143
2441
2441
2144
2144
2144
2669
2150
2150
2145
2148
2148
2146
2146
2146
2157
2147
2148
2148
2148
2152
2149
2675
2339
2339
2150
2150
2150
2152
2152
2151
2342
2342
2152
2152
2152
2153
2440
2440
2154
2154
2154
2158
2158
2156
2155
2677
2445
2445
2156
2156
2156
2164
2164
2157
2158
2158
2158
2159
2159
2159
2160
2160
2160
2161
2161
2162
2162
2162
2345
2345
2163
2163
2163
2349
2349
2164
2164
2164
2685
2165
2214
2214
2166
2166
2173
2173
2168
2168
2167
2595
2595
2221
2221
2168
2168
2168
2170
2169
2172
2172
2453
2453
2170
2170
2170
2603
2603
2171
2176
2176
2172
2172
2172
2455
2455
2173
2174
2174
2174
2175
2175
2176
2176
2176
2177
2178
2178
2178
2182
2180
2180
2179
2462
2462
2180
2180
2186
2186
2181
2182
2182
2182
2183
2183
2183
2184
2184
2184
2227
2227
2187
2187
2185
2605
2605
2469
2469
2186
2186
2186
2188
2187
2229
2229
2188
2188
2188
2611
2611
2189
2617
2617
2473
2473
2190
2190
2190
2194
2194
2200
2191
2192
2192
2192
2197
2197
2196
2193
2476
2476
2194
2194
2196
2196
2195
2196
2196
2196
2197
2198
2198
2198
2237
2237
2199
2199
2199
2241
2241
2200
2200
2200
2625
2625
2201
2204
2204
2202
2202
2202
2209
2203
2258
2258
2204
2204
2208
2208
2205
2212
2212
2493
2493
2206
2206
2206
2637
2637
2208
2207
2639
2639
2259
2259
2208
2208
2208
2209
2210
2210
2210
2211
2211
2211
2212
2212
2212
2495
2495
2213
2218
2218
2214
2214
2214
2221
2221
2215
2695
2365
2365
2216
2216
2220
2220
2224
2224
2217
2218
2218
2218
2220
2220
2219
2368
2368
2220
2220
2220
2221
2222
2222
2222
2595
2595
2223
2223
2223
2599
2599
2224
2224
2224
2699
2225
2228
2228
2226
2226
2226
2233
2233
2227
2228
2228
2230
2230
2229
2612
2612
2230
2230
2230
2232
2232
2231
2701
2613
2613
2232
2232
2232
2236
2236
2233
2234
2234
2234
2369
2369
2235
2235
2235
2373
2373
2236
2236
2236
2709
2237
2238
2238
2245
2245
2242
2242
2239
2248
2248
2385
2385
2240
2240
2240
2721
2244
2244
2241
2626
2626
2242
2242
2242
2244
2244
2243
2723
2627
2627
2244
2244
2244
2245
2246
2246
2246
2247
2247
2247
2248
2248
2248
2389
2389
2249
2250
2250
2250
2257
2257
2252
2252
2251
2396
2396
2252
2252
2252
2254
2254
2253
2729
2397
2397
2254
2254
2256
2256
2255
2260
2260
2629
2629
2256
2256
2256
2733
2257
2258
2258
2258
2259
2259
2259
2260
2260
2260
2639
2639
2261
2502
2502
2262
2262
2266
2266
2268
2268
2263
2266
2266
2264
2264
2264
2269
2269
2265
2266
2266
2266
2267
2743
2743
2503
2503
2268
2268
2268
2272
2272
2269
2270
2270
2545
2545
2271
2271
2271
2547
2547
2272
2272
2272
2745
2745
2273
2284
2284
2515
2515
2274
2274
2274
2753
2753
2276
2276
2275
2755
2755
2557
2557
2276
2276
2276
2280
2280
2277
2278
2278
2278
2281
2281
2280
2280
2279
2560
2560
2280
2280
2281
2282
2282
2282
2283
2283
2283
2284
2284
2519
2519
2285
2292
2292
2521
2521
2286
2286
2286
2765
2765
2288
2288
2287
2771
2771
2571
2571
2288
2288
2288
2296
2296
2289
2294
2294
2290
2290
2290
2291
2291
2291
2292
2292
2527
2527
2293
2294
2294
2294
2296
2296
2295
2580
2580
2296
2296
2297
2300
2300
2583
2583
2298
2298
2298
2779
2779
2306
2306
2299
2302
2302
2300
2300
2585
2585
2301
2304
2304
2302
2302
2302
2303
2304
2304
2304
2308
2308
2305
2783
2783
2537
2537
2306
2306
2306
2308
2308
2307
2540
2540
2308
2308
2309
2320
2320
2310
2310
2505
2505
2315
2315
2311
2650
2650
2312
2312
2318
2318
2314
2314
2313
2793
2793
2651
2651
2314
2314
2314
2316
2316
2315
2507
2507
2316
2316
2316
2795
2795
2317
2318
2318
2318
2319
2319
2319
2320
2320
2320
2321
2324
2324
2661
2661
2322
2322
2322
2803
2803
2326
2326
2323
2328
2328
2324
2324
2663
2663
2325
2807
2807
2511
2511
2326
2326
2326
2332
2332
2327
2330
2330
2328
2328
2328
2329
2330
2330
2330
2332
2332
2331
2518
2518
2332
2332
2333
2530
2530
2334
2334
2344
2344
2336
2336
2335
2817
2817
2531
2531
2336
2336
2336
2338
2338
2337
2340
2340
2673
2673
2338
2338
2338
2819
2819
2339
2342
2342
2340
2340
2675
2675
2341
2344
2344
2342
2342
2342
2343
2344
2344
2344
2345
2346
2346
2346
2347
2347
2350
2350
2347
2348
2348
2348
2351
2351
2349
2686
2686
2350
2350
2354
2354
2351
2352
2352
2541
2541
2355
2355
2353
2829
2829
2687
2687
2354
2354
2354
2356
2356
2355
2543
2543
2356
2356
2356
2831
2831
2357
2358
2358
2358
2367
2367
2362
2362
2359
2366
2366
2693
2693
2360
2360
2360
2839
2839
2364
2364
2361
2550
2362
2362
2364
2364
2363
2843
2843
2555
2364
2364
2364
2365
2368
2368
2366
2366
2695
2695
2367
2368
2368
2368
2369
2370
2370
2370
2371
2371
2374
2374
2371
2372
2372
2372
2375
2375
2373
2710
2710
2374
2374
2378
2378
2375
2376
2376
2565
2379
2379
2377
2853
2853
2711
2711
2378
2378
2378
2380
2380
2379
2567
2380
2380
2380
2855
2855
2381
2388
2388
2575
2382
2382
2382
2863
2863
2384
2384
2383
2867
2867
2719
2719
2384
2384
2384
2386
2386
2385
2722
2722
2386
2386
2390
2390
2387
2392
2392
2388
2388
2577
2389
2390
2390
2390
2391
2391
2391
2392
2392
2392
2393
2394
2394
2394
2395
2395
2400
2400
2395
2396
2396
2396
2397
2397
2397
2398
2398
2729
2729
2403
2403
2399
2590
2400
2400
2402
2402
2401
2877
2877
2591
2402
2402
2402
2404
2404
2403
2731
2731
2404
2404
2404
2879
2879
2405
2883
2883
2653
2653
2406
2406
2412
2410
2407
2414
2408
2408
2641
2641
2409
2409
2643
2643
2410
2410
2885
2885
2411
2656
2656
2412
2412
2414
2413
2414
2414
2415
2418
2418
2481
2481
2416
2416
2416
2937
2937
2422
2422
2417
2420
2420
2418
2418
2418
2483
2483
2419
2424
2424
2420
2420
2421
2939
2939
2911
2911
2422
2422
2426
2426
2423
2458
2458
2424
2424
2424
2426
2426
2425
2915
2915
2459
2459
2426
2426
2426
2427
2428
2428
2433
2433
2436
2436
2429
2432
2432
2917
2917
2430
2430
2943
2943
2438
2438
2431
2434
2434
2463
2463
2432
2432
2432
2919
2919
2433
2434
2434
2434
2465
2465
2435
2488
2488
2436
2436
2436
2438
2438
2437
2945
2945
2489
2489
2438
2438
2438
2439
2442
2440
2440
2445
2441
2670
2670
2442
2442
2444
2443
2899
2899
2671
2671
2444
2444
2448
2445
2446
2446
2677
2677
2447
2447
2681
2681
2448
2448
2903
2903
2449
2460
2460
2913
2913
2450
2450
2450
2961
2452
2452
2451
2963
2601
2601
2452
2452
2452
2454
2454
2453
2604
2604
2454
2454
2454
2456
2456
2455
2456
2456
2457
2457
2457
2458
2458
2458
2459
2459
2459
2460
2460
2460
2915
2915
2461
2466
2466
2462
2462
2462
2469
2469
2463
2920
2920
2464
2464
2464
2466
2466
2468
2468
2465
2466
2466
2466
2467
2965
2921
2921
2468
2468
2472
2472
2469
2470
2470
2470
2605
2605
2471
2471
2471
2607
2607
2472
2472
2472
2969
2473
2476
2476
2474
2474
2474
2617
2617
2477
2477
2475
2484
2484
2476
2476
2476
2477
2623
2623
2478
2478
2478
2979
2480
2480
2479
2981
2929
2929
2480
2480
2482
2482
2481
2938
2938
2482
2482
2482
2484
2484
2483
2484
2484
2484
2485
2490
2490
2941
2941
2486
2486
2486
2989
2492
2492
2487
2496
2496
2488
2488
2488
2489
2489
2489
2490
2490
2490
2945
2945
2491
2997
2633
2633
2492
2492
2492
2494
2494
2493
2638
2638
2494
2494
2494
2496
2496
2495
2496
2496
2497
3051
3051
2791
2791
2498
2498
2498
2508
2508
2500
2500
2499
2504
2504
2737
2737
2500
2500
2500
3053
3053
2501
2506
2506
2502
2502
2502
2503
2503
2503
2504
2504
2504
2743
2743
2505
2506
2506
2506
2508
2507
2796
2796
2508
2508
2508
2509
2512
2512
2805
2805
2510
2510
2510
3069
3069
2514
2514
2511
2518
2512
2512
2512
2807
2807
2513
3071
3071
2751
2751
2514
2514
2514
2516
2516
2515
2754
2754
2516
2516
2516
2520
2520
2517
2520
2520
2518
2518
2518
2519
2520
2520
2520
2521
2766
2766
2522
2522
2522
2528
2528
2524
2524
2523
3075
3075
2767
2767
2524
2524
2524
2526
2526
2525
2532
2532
2809
2809
2526
2526
2526
3077
3077
2527
2528
2528
2528
2529
2529
2529
2530
2530
2530
2531
2531
2532
2532
2532
2817
2817
2533
3093
3093
2827
2827
2534
2534
2534
2544
2544
2536
2536
2535
2538
2538
2781
2781
2536
2536
2536
3095
3095
2537
2540
2540
2538
2538
2538
2783
2783
2539
2542
2542
2540
2540
2540
2541
2542
2542
2542
2544
2543
2832
2832
2544
2544
2544
2545
2546
2546
2546
2549
2549
2548
2548
2547
2746
2746
2548
2548
2548
2552
2552
2549
2550
2550
2555
2555
2551
3101
3101
2747
2747
2552
2552
2554
2554
2553
2556
2556
2841
2841
2554
2554
2554
3103
3103
2555
2556
2556
2556
2843
2843
2557
2560
2560
2558
2558
2558
2755
2755
2561
2561
2559
2566
2566
2560
2560
2560
2561
2757
2757
2562
2562
3109
3109
2564
2564
2563
3113
3113
2851
2851
2564
2564
2564
2568
2568
2565
2566
2566
2568
2568
2567
2856
2856
2568
2568
2568
2569
2572
2572
2769
2769
2570
2570
3123
3123
2574
2574
2571
2580
2580
2572
2572
2572
2771
2771
2573
3131
3131
2861
2861
2574
2574
2574
2576
2576
2575
2864
2864
2576
2576
2576
2578
2578
2577
2578
2578
2579
2579
2579
2580
2580
2580
2581
3135
3135
2773
2773
2582
2582
2584
2584
2588
2588
2583
2780
2780
2584
2584
2584
2586
2586
2585
2586
2586
2586
2589
2589
2587
2592
2592
2875
2875
2588
2588
2588
3143
3143
2589
2590
2590
2591
2591
2591
2592
2592
2592
2877
2877
2593
2602
2602
2959
2959
2594
2594
2594
3009
3009
2598
2595
2596
2596
2596
2603
2600
2600
2597
3011
3011
2697
2697
2598
2598
2598
2600
2600
2599
2700
2700
2600
2600
2601
2604
2604
2602
2602
2963
2963
2603
2604
2604
2604
2605
2606
2606
2606
2611
2608
2608
2607
2970
2970
2608
2608
2610
2610
2609
3013
3013
2971
2971
2610
2610
2610
2616
2611
2612
2612
2612
2613
2613
2613
2614
2614
2701
2701
2615
2615
2615
2703
2703
2616
2616
2616
3015
3015
2617
2618
2618
2618
2625
2624
2624
2619
2628
2628
2713
2713
2620
2620
2620
3025
3025
2622
2621
3033
3033
2977
2977
2622
2622
2622
2624
2624
2623
2980
2980
2624
2624
2625
2626
2626
2626
2627
2627
2627
2628
2628
2723
2723
2629
2734
2734
2630
2630
2640
2640
2632
2632
2631
3045
3045
2735
2735
2632
2632
2632
2636
2633
2638
2638
2634
2634
2997
2997
2635
2635
2635
2999
2999
2636
2636
2636
3047
3047
2637
2640
2638
2638
2638
2639
2640
2640
2640
2641
2642
2642
2642
2649
2649
2644
2643
2886
2644
2644
2644
2646
2646
2645
3153
3153
2887
2646
2646
2646
2648
2648
2647
2652
2789
2789
2648
2648
2648
3155
3155
2649
2650
2650
2650
2651
2651
2651
2652
2652
2652
2793
2793
2653
2656
2654
2654
2654
2883
2659
2659
2655
2664
2664
2656
2656
2656
2657
3165
3165
2801
2801
2658
2658
2658
2662
2660
2660
2659
2891
2660
2660
2660
3167
3167
2661
2804
2804
2662
2662
2662
2664
2664
2663
2664
2664
2664
2665
3177
3177
2815
2815
2666
2666
2666
2674
2668
2668
2667
2672
2672
2895
2668
2668
2668
3179
3179
2669
2676
2676
2670
2670
2670
2671
2671
2672
2672
2672
2899
2673
2820
2820
2674
2674
2674
2676
2676
2675
2676
2676
2676
2677
2678
2678
2678
2685
2685
2682
2679
3185
3185
2901
2680
2680
2680
2682
2682
2684
2684
2681
2904
2682
2682
2682
2683
2688
2821
2821
2684
2684
2684
3187
3187
2685
2686
2686
2686
2687
2687
2687
2688
2688
2688
2829
2829
2689
2698
2698
3001
3001
2690
2690
2690
3193
3193
2692
2692
2691
3197
3197
2837
2837
2692
2692
2692
2694
2694
2693
2840
2840
2694
2694
2694
2696
2696
2695
2696
2696
2699
2699
2697
2700
2700
2698
2698
2698
3011
3011
2699
2700
2700
2700
2701
2702
2702
2702
2709
2709
2704
2704
2703
3016
3016
2704
2704
2704
2708
2708
2705
2712
2712
2845
2845
2706
2706
2706
3205
3205
2708
2708
2707
3209
3209
3019
3019
2708
2708
2709
2710
2710
2710
2711
2711
2711
2712
2712
2712
2853
2853
2713
3026
3026
2714
2714
2714
2724
2724
2716
2716
2715
3219
3219
3029
3029
2716
2716
2718
2718
2717
2720
2720
2865
2865
2718
2718
2718
3227
3227
2719
2722
2722
2720
2720
2720
2867
2867
2721
2724
2724
2722
2722
2722
2723
2724
2724
2724
2725
3233
3233
2869
2869
2726
2726
2726
2732
2732
2728
2728
2727
2736
2736
3039
3039
2728
2728
2728
3239
3239
2729
2730
2730
2733
2733
2732
2732
2731
2880
2880
2732
2732
2732
2733
2734
2734
2734
2735
2735
2735
2736
2736
2736
3045
3045
2737
3054
3054
2738
2738
2744
2744
2742
2742
2739
2748
2748
3099
2740
2740
2740
3241
3241
2742
2742
2741
3243
3243
3055
3055
2742
2742
2742
2743
2744
2744
2744
2745
2745
2745
2746
2746
2746
2747
2747
2747
2748
2748
2748
3101
2749
2752
2752
3065
3065
2750
2750
2750
3253
3253
2760
2760
2751
2754
2754
2752
2752
2752
3071
3071
2753
2756
2756
2754
2754
2754
2755
2756
2756
2756
2758
2758
2757
3110
2758
2758
2760
2760
2759
3257
3257
3115
2760
2760
2760
2761
3265
3265
3121
2762
2762
2762
2770
2770
2764
2764
2763
2768
2768
3073
3073
2764
2764
2764
3267
3267
2765
2772
2772
2766
2766
2766
2767
2767
2767
2768
2768
2768
3075
3075
2769
3124
2770
2770
2772
2772
2771
2772
2772
2772
2773
2780
2780
2774
2774
2774
3135
2777
2777
2775
3281
3281
3087
3087
2776
2776
2776
2782
2782
2778
2778
2777
3139
2778
2778
2778
3283
3283
2779
2784
2784
2780
2780
2780
2781
3096
3096
2782
2782
2784
2784
2783
2784
2784
2784
2785
3291
3291
3151
3151
2786
2786
2786
2790
2790
2788
2788
2787
2792
3049
3049
2788
2788
2788
3293
3293
2789
3156
3156
2790
2790
2790
2794
2791
2796
2796
2792
2792
2792
3051
3051
2793
2794
2794
2794
2795
2795
2795
2796
2796
2796
2797
3303
3303
3061
3061
2798
2798
2798
2806
2800
2800
2799
2802
2802
3157
3157
2800
2800
2800
3309
3309
2801
2804
2802
2802
2802
3165
3165
2803
2808
2808
2804
2804
2804
2805
3070
3070
2806
2806
2806
2808
2808
2807
2808
2808
2808
2809
3078
3078
2810
2810
2810
2818
2818
2812
2811
3313
3313
3079
3079
2812
2812
2812
2814
2814
2813
2816
2816
3169
3169
2814
2814
2814
3317
3317
2815
2820
2816
2816
2816
3177
3177
2817
2818
2818
2818
2819
2819
2819
2820
2820
2820
2821
3188
3188
2822
2822
2822
2830
2824
2824
2823
3327
3327
3191
3191
2824
2824
2824
2826
2826
2825
2828
3085
3085
2826
2826
2826
3329
3329
2827
2832
2832
2828
2828
2828
3093
3093
2829
2830
2830
2830
2831
2831
2831
2832
2832
2832
2833
2838
2838
3195
3195
2834
2834
3337
3337
2836
2836
2835
3339
3339
3097
3097
2836
2836
2836
2842
2842
2837
2840
2840
2838
2838
2838
3197
3197
2839
2844
2844
2840
2840
2840
2841
3104
3104
2842
2842
2842
2844
2844
2843
2844
2844
2845
3206
3206
2846
2846
2846
2854
2854
2848
2848
2847
3349
3349
3211
3211
2848
2848
2850
2850
2849
2852
2852
3111
3111
2850
2850
2850
3351
3351
2851
2856
2856
2852
2852
2852
3113
3113
2853
2854
2854
2854
2855
2855
2855
2856
2856
2857
3365
3365
3225
3225
2858
2858
2866
2866
2860
2860
2859
2862
2862
3129
3129
2860
2860
2860
3367
3367
2861
2864
2864
2862
2862
2862
3131
3131
2863
2868
2868
2864
2864
2865
3228
3228
2866
2866
2866
2868
2868
2867
2868
2868
2868
2869
2880
2880
2870
2870
2870
3233
3233
2871
2871
2871
3235
3235
2872
2872
3381
3381
2874
2874
2873
3383
3383
3141
3141
2874
2874
2874
2876
2876
2875
3144
3144
2876
2876
2876
2878
2878
2877
2878
2878
2879
2879
2879
2880
2880
2880
2881
2888
2888
3145
3145
2882
2882
2882
3387
3387
2890
2883
2884
2884
2884
2885
2892
2892
2885
2886
2886
2886
2887
2887
2887
2888
2888
2888
3153
3153
2889
3393
3393
3161
3161
2890
2890
2890
2892
2892
2891
3168
3168
2892
2892
2892
2893
3401
3401
3175
3175
2894
2894
2894
2896
2896
2898
2895
3180
3180
2896
2896
2896
2900
2900
2897
2902
2902
3181
3181
2898
2898
2898
3403
3403
2899
2900
2900
2900
2903
2901
2904
2904
2902
2902
2902
3185
3185
2903
2904
2904
2904
2905
2912
2912
2935
2906
2906
3417
2907
2907
2907
3419
2908
2908
2908
3489
3489
2910
2910
2909
3491
3491
2957
2957
2910
2910
2910
2914
2914
2911
2916
2916
2912
2912
2912
2939
2913
2962
2962
2914
2914
2916
2916
2915
2916
2916
2916
2917
2944
2918
2918
2918
2919
2919
2924
2924
2919
2920
2920
2920
2921
2921
2921
2922
2922
2965
2965
2927
2927
2923
3421
2947
2924
2924
2926
2926
2925
3493
3493
3423
2926
2926
2926
2928
2928
2927
2967
2967
2928
2928
2928
3495
3495
2929
2938
2938
2930
2930
2981
2981
2933
2933
2931
3507
3507
3413
2932
2932
2932
2936
2936
2934
2934
2933
2987
2987
2934
2934
2934
3511
3511
2935
3418
2936
2936
2940
2940
2937
2940
2940
2938
2938
2938
2939
2940
2940
2940
2941
2990
2990
2942
2942
2946
2946
2952
2952
2943
2946
2946
2944
2944
2944
2947
2947
2945
2946
2946
2946
2947
2948
2948
3421
2949
2949
2949
3425
2950
2950
2950
3517
3517
2952
2952
2951
3521
3521
2991
2991
2952
2952
2952
2953
3435
3435
3007
3007
2954
2954
2960
2960
2956
2956
2955
3481
3481
3441
3441
2956
2956
2956
2958
2958
2957
2962
2962
2958
2958
2958
3491
3491
2959
3010
3010
2960
2960
2960
2964
2964
2961
2964
2964
2962
2962
2962
2963
2964
2964
2964
2965
2966
2966
2969
2969
2968
2968
2967
3496
3496
2968
2968
2968
2974
2974
2969
2970
2970
2970
2971
2971
2971
2972
2972
2972
3013
3013
2975
2975
2973
2976
2976
3445
3445
2974
2974
2974
3501
3501
2975
3023
3023
2976
2976
2976
3455
3455
2977
2980
2980
2978
2978
2978
3033
3033
2983
2983
2979
2982
2982
2980
2980
2980
2981
2982
2982
2988
2988
2983
3035
3035
2984
2984
2984
3463
3463
2985
2985
2985
3467
3467
2986
2986
2986
3509
3509
2988
2988
2987
3512
3512
2988
2988
2988
2989
2998
2998
2990
2990
2990
2991
2991
2991
2992
2992
2992
3521
3521
2994
2994
2993
3523
3523
3469
3469
2994
2994
2994
2996
2996
2995
3477
3477
3041
3041
2996
2996
3000
3000
2997
2998
2998
2998
3000
3000
2999
3048
3048
3000
3000
3000
3001
3194
3194
3002
3002
3012
3012
3004
3004
3003
3529
3529
3199
3199
3004
3004
3004
3006
3005
3008
3008
3433
3433
3006
3006
3006
3531
3531
3007
3010
3010
3008
3008
3008
3435
3435
3009
3012
3010
3010
3010
3011
3012
3012
3012
3013
3014
3014
3014
3015
3024
3024
3015
3016
3016
3016
3019
3019
3017
3020
3020
3207
3207
3018
3018
3018
3541
3541
3022
3019
3020
3020
3020
3209
3209
3021
3545
3545
3453
3453
3022
3022
3022
3024
3024
3023
3456
3456
3024
3024
3025
3034
3026
3026
3026
3029
3029
3027
3555
3555
3457
3457
3028
3028
3028
3036
3036
3032
3029
3030
3030
3030
3219
3219
3031
3031
3031
3221
3221
3032
3032
3032
3559
3559
3033
3034
3034
3034
3036
3036
3035
3464
3464
3036
3036
3037
3573
3573
3237
3237
3038
3038
3038
3040
3040
3044
3039
3240
3240
3040
3040
3046
3046
3041
3048
3048
3042
3042
3042
3477
3477
3043
3043
3043
3479
3479
3044
3044
3044
3575
3575
3045
3046
3046
3046
3047
3047
3048
3048
3048
3049
3294
3294
3050
3050
3050
3052
3060
3060
3051
3052
3052
3052
3053
3053
3053
3054
3054
3054
3055
3055
3055
3056
3056
3056
3243
3243
3057
3057
3245
3245
3058
3058
3058
3577
3577
3060
3060
3059
3579
3579
3295
3295
3060
3060
3061
3070
3062
3062
3062
3303
3303
3063
3063
3063
3305
3305
3064
3064
3064
3591
3591
3068
3068
3065
3254
3254
3066
3066
3066
3072
3072
3068
3067
3595
3595
3255
3255
3068
3068
3068
3069
3072
3072
3070
3070
3070
3071
3072
3072
3073
3268
3268
3074
3074
3074
3076
3076
3084
3075
3076
3076
3077
3077
3077
3078
3078
3078
3079
3079
3080
3080
3080
3313
3313
3081
3081
3081
3315
3315
3082
3082
3082
3601
3601
3084
3084
3083
3603
3603
3271
3271
3084
3084
3084
3085
3330
3330
3086
3086
3086
3094
3090
3090
3087
3096
3096
3088
3088
3088
3281
3281
3091
3089
3613
3613
3333
3333
3090
3090
3092
3092
3091
3285
3285
3092
3092
3092
3621
3621
3093
3094
3094
3094
3095
3095
3095
3096
3096
3096
3097
3104
3104
3098
3098
3098
3339
3339
3105
3105
3099
3242
3242
3100
3100
3100
3102
3102
3108
3108
3101
3102
3102
3103
3103
3103
3104
3104
3104
3105
3343
3343
3106
3106
3106
3625
3625
3108
3108
3107
3627
3627
3247
3247
3108
3108
3108
3109
3114
3114
3110
3110
3110
3115
3115
3111
3352
3352
3112
3112
3112
3114
3114
3120
3120
3113
3114
3114
3114
3115
3116
3116
3116
3257
3257
3117
3117
3117
3259
3259
3118
3118
3118
3637
3637
3120
3120
3119
3645
3645
3359
3359
3120
3120
3121
3124
3124
3122
3122
3122
3265
3265
3127
3127
3123
3132
3132
3124
3124
3124
3125
3649
3649
3363
3363
3126
3126
3130
3130
3128
3128
3127
3269
3269
3128
3128
3128
3651
3651
3129
3368
3368
3130
3130
3130
3132
3132
3131
3132
3132
3132
3133
3142
3142
3379
3379
3134
3134
3134
3667
3667
3138
3138
3135
3136
3136
3143
3143
3140
3140
3137
3671
3671
3279
3279
3138
3138
3138
3140
3140
3139
3284
3284
3140
3140
3140
3141
3144
3144
3142
3142
3142
3383
3383
3143
3144
3144
3144
3145
3388
3388
3146
3146
3146
3154
3154
3148
3148
3147
3675
3675
3389
3389
3148
3148
3148
3150
3150
3149
3152
3152
3289
3289
3150
3150
3677
3677
3151
3156
3156
3152
3152
3152
3291
3291
3153
3154
3154
3155
3155
3155
3156
3156
3156
3157
3310
3310
3158
3158
3158
3166
3166
3160
3160
3159
3693
3693
3311
3311
3160
3160
3164
3164
3161
3168
3168
3162
3162
3162
3393
3393
3163
3163
3163
3395
3395
3164
3164
3164
3695
3695
3165
3166
3166
3166
3167
3167
3167
3168
3168
3169
3318
3318
3170
3170
3170
3178
3178
3172
3172
3171
3701
3701
3319
3319
3172
3172
3174
3174
3173
3176
3176
3399
3399
3174
3174
3174
3703
3703
3175
3180
3180
3176
3176
3176
3401
3401
3177
3178
3178
3178
3179
3179
3179
3180
3180
3181
3404
3404
3182
3182
3182
3186
3186
3184
3184
3183
3711
3711
3407
3407
3184
3184
3184
3190
3190
3185
3186
3186
3187
3187
3187
3188
3188
3188
3191
3191
3189
3192
3192
3325
3325
3190
3190
3715
3715
3191
3192
3192
3192
3327
3327
3193
3198
3198
3194
3194
3194
3199
3199
3195
3338
3196
3196
3196
3198
3198
3202
3202
3197
3198
3198
3198
3199
3200
3200
3200
3529
3529
3203
3203
3201
3721
3721
3341
3202
3202
3202
3204
3203
3533
3533
3204
3204
3204
3723
3723
3205
3210
3210
3206
3206
3206
3211
3211
3207
3542
3542
3208
3208
3208
3210
3210
3216
3216
3209
3210
3210
3210
3211
3212
3212
3212
3349
3213
3213
3213
3357
3214
3214
3214
3741
3741
3216
3215
3743
3743
3549
3549
3216
3216
3216
3217
3747
3747
3557
3557
3218
3218
3218
3222
3222
3224
3219
3220
3220
3220
3227
3227
3222
3222
3221
3560
3560
3222
3222
3222
3223
3226
3226
3361
3224
3224
3224
3749
3749
3225
3228
3228
3226
3226
3226
3365
3227
3228
3228
3228
3229
3761
3761
3377
3230
3230
3230
3236
3236
3232
3231
3238
3238
3567
3567
3232
3232
3232
3763
3763
3233
3234
3234
3234
3239
3239
3236
3236
3235
3382
3236
3236
3236
3237
3240
3240
3238
3238
3238
3573
3573
3239
3240
3240
3240
3241
3244
3244
3242
3242
3247
3247
3243
3244
3244
3244
3246
3245
3578
3578
3246
3246
3246
3250
3250
3247
3248
3248
3248
3627
3627
3251
3249
3873
3873
3587
3587
3250
3250
3252
3252
3251
3635
3635
3252
3252
3252
3875
3875
3253
3258
3258
3254
3254
3254
3255
3255
3256
3256
3256
3595
3595
3263
3263
3257
3258
3258
3260
3260
3259
3638
3638
3260
3260
3260
3262
3261
3883
3883
3647
3647
3262
3262
3262
3264
3264
3263
3599
3599
3264
3264
3887
3887
3265
3266
3266
3267
3267
3270
3270
3267
3268
3268
3268
3271
3269
3652
3652
3270
3270
3270
3274
3271
3272
3272
3272
3603
3603
3275
3275
3273
3889
3889
3657
3657
3274
3274
3274
3276
3276
3275
3609
3609
3276
3276
3891
3891
3277
3280
3669
3669
3278
3278
3278
3907
3907
3288
3288
3279
3284
3284
3280
3280
3280
3671
3671
3281
3282
3282
3282
3283
3283
3286
3283
3284
3284
3285
3622
3622
3286
3286
3286
3288
3288
3287
3911
3911
3623
3623
3288
3288
3289
3678
3290
3290
3290
3292
3298
3298
3291
3292
3292
3292
3293
3293
3293
3294
3294
3294
3295
3295
3295
3296
3296
3296
3579
3579
3299
3299
3297
3769
3769
3681
3298
3298
3298
3300
3300
3299
3581
3581
3300
3300
3300
3771
3771
3301
3781
3781
3589
3589
3302
3302
3302
3306
3306
3308
3308
3303
3304
3304
3304
3309
3309
3306
3306
3305
3592
3592
3306
3306
3306
3307
3312
3312
3685
3308
3308
3308
3785
3785
3309
3310
3310
3310
3311
3311
3312
3312
3312
3693
3313
3314
3314
3314
3317
3317
3316
3316
3315
3602
3602
3316
3316
3316
3322
3322
3317
3318
3318
3318
3319
3319
3320
3320
3320
3701
3323
3323
3321
3793
3793
3605
3605
3322
3322
3322
3324
3324
3323
3705
3324
3324
3324
3795
3795
3325
3716
3326
3326
3326
3328
3332
3332
3327
3328
3328
3328
3329
3329
3329
3330
3330
3330
3333
3333
3331
3811
3811
3719
3332
3332
3332
3336
3336
3333
3334
3334
3334
3613
3613
3335
3335
3335
3617
3617
3336
3336
3336
3815
3815
3337
3340
3340
3338
3338
3338
3341
3341
3339
3340
3340
3340
3344
3344
3341
3342
3342
3342
3721
3721
3345
3343
3626
3626
3344
3344
3344
3348
3348
3345
3729
3729
3346
3346
3346
3817
3817
3348
3348
3347
3821
3821
3629
3629
3348
3348
3348
3349
3350
3350
3350
3351
3351
3358
3358
3351
3352
3352
3352
3359
3359
3353
3835
3835
3737
3737
3354
3354
3354
3358
3356
3356
3355
3360
3360
3641
3641
3356
3356
3356
3839
3839
3357
3742
3742
3358
3358
3358
3359
3360
3360
3360
3645
3645
3361
3750
3750
3362
3362
3362
3366
3366
3372
3363
3368
3368
3364
3364
3364
3649
3649
3369
3369
3365
3366
3366
3366
3367
3367
3367
3368
3368
3368
3369
3655
3655
3370
3370
3370
3847
3847
3372
3372
3371
3849
3849
3753
3753
3372
3372
3372
3373
3855
3855
3661
3661
3374
3374
3374
3380
3380
3376
3376
3375
3378
3759
3759
3376
3376
3376
3859
3859
3377
3382
3382
3378
3378
3378
3761
3761
3379
3668
3668
3380
3380
3380
3384
3384
3381
3384
3384
3382
3382
3382
3383
3384
3384
3384
3385
3390
3390
3673
3673
3386
3386
3386
3913
3913
3392
3387
3394
3388
3388
3388
3389
3389
3389
3390
3390
3390
3675
3675
3391
3921
3921
3689
3689
3392
3392
3392
3396
3396
3393
3394
3394
3394
3396
3396
3395
3696
3696
3396
3396
3396
3397
3929
3929
3699
3699
3398
3398
3398
3400
3400
3406
3399
3704
3704
3400
3400
3400
3402
3402
3401
3402
3402
3402
3403
3403
3404
3404
3404
3407
3407
3405
3408
3408
3709
3709
3406
3406
3406
3931
3931
3407
3408
3408
3408
3711
3711
3409
3963
3963
3941
3941
3410
3410
3412
3412
3416
3416
3411
3947
3947
3487
3487
3412
3412
3412
3420
3420
3413
3418
3418
3414
3414
3414
3507
3507
3415
3415
3415
3515
3515
3416
3416
3416
3971
3971
3417
3420
3420
3418
3418
3419
3490
3490
3420
3420
3420
3421
3422
3422
3423
3423
3426
3426
3423
3424
3424
3424
3493
3493
3427
3427
3425
3518
3518
3426
3426
3426
3430
3430
3427
3497
3497
3428
3428
3428
3949
3949
3431
3431
3429
3973
3973
3519
3519
3430
3430
3430
3432
3432
3431
3951
3951
3432
3432
3975
3975
3433
3532
3532
3434
3434
3434
3436
3436
3440
3440
3435
3436
3436
3436
3441
3441
3437
3444
3444
3987
3438
3438
3438
4033
4033
3440
3439
4035
4035
3535
3535
3440
3440
3440
3441
3442
3442
3442
3481
3481
3443
3443
3443
3483
3483
3444
3444
3444
3989
3445
3502
3502
3446
3446
3446
3455
3455
3448
3448
3447
4005
3503
3503
3448
3448
3448
3450
3450
3449
4049
4049
4007
3450
3450
3450
3452
3451
3454
3454
3543
3543
3452
3452
3452
4051
4051
3453
3456
3456
3454
3454
3454
3545
3545
3455
3456
3456
3456
3457
3464
3464
3458
3458
3458
3555
3555
3461
3461
3459
4057
4057
4013
3460
3460
3460
3466
3466
3462
3461
3561
3561
3462
3462
3462
4059
4059
3463
3468
3468
3464
3464
3464
3465
4017
3505
3505
3466
3466
3466
3468
3468
3467
3510
3510
3468
3468
3468
3469
3478
3478
3470
3470
3470
3523
3523
3471
3471
3471
3527
3527
3472
3472
3472
4025
3473
3473
3473
4027
3474
3474
3474
4073
4073
3476
3475
4075
4075
3571
3571
3476
3476
3476
3480
3480
3477
3478
3478
3478
3480
3480
3479
3576
3576
3480
3480
3480
3481
3482
3482
3482
3492
3492
3484
3484
3483
3990
3990
3484
3484
3486
3486
3485
3488
3488
3945
3945
3486
3486
3486
3991
3991
3487
3490
3490
3488
3488
3488
3947
3947
3489
3492
3492
3490
3490
3491
3492
3492
3492
3493
3494
3494
3495
3495
3498
3498
3495
3496
3496
3496
3501
3501
3497
3950
3950
3498
3498
3498
3500
3500
3499
4003
4003
3959
3959
3500
3500
3500
3504
3504
3501
3502
3502
3502
3503
3503
3503
3504
3504
4005
4005
3505
3510
3510
3506
3506
4017
4017
3514
3514
3507
3508
3508
3511
3511
3516
3516
3509
3512
3512
3510
3510
3510
3511
3512
3512
3512
3513
4019
4019
3969
3969
3514
3514
3514
3516
3516
3515
3972
3972
3516
3516
3516
3517
3522
3522
3518
3518
3519
3519
3519
3520
3520
3520
3973
3973
3525
3525
3521
3522
3522
3522
3524
3524
3523
3524
3524
3524
3528
3528
3525
3977
3977
3526
3526
3526
4021
4021
3528
3528
3527
4026
4026
3528
3528
3529
3530
3530
3530
3531
3534
3534
3531
3532
3532
3532
3535
3535
3533
3724
3724
3534
3534
3534
3540
3540
3535
3536
3536
3536
4035
4035
3537
3537
3537
4037
4037
3538
3538
3538
4081
4081
3540
3539
4083
4083
3725
3725
3540
3540
3540
3541
3546
3542
3542
3542
3549
3549
3543
4052
4052
3544
3544
3544
3546
3546
3552
3552
3545
3546
3546
3546
3547
3550
3550
3739
3739
3548
3548
3548
4095
4095
3552
3549
3550
3550
3550
3743
3743
3551
4099
4099
4053
4053
3552
3552
3552
3553
3558
3558
3745
3745
3554
3554
3554
4105
4105
3564
3555
3556
3556
3556
3559
3562
3562
3557
3560
3560
3558
3558
3558
3747
3747
3559
3560
3560
3560
3561
4060
4060
3562
3562
3562
3564
3564
3563
4111
4111
4067
4067
3564
3564
3564
3565
4117
4117
3757
3757
3566
3566
3566
3568
3568
3570
3567
3764
3764
3568
3568
3568
3574
3574
3569
3572
3572
4069
4069
3570
3570
3570
4119
4119
3571
3576
3576
3572
3572
3572
4075
4075
3573
3574
3574
3574
3575
3575
3576
3576
3576
3577
3580
3580
3578
3578
3578
3587
3587
3579
3580
3580
3582
3582
3581
3772
3772
3582
3582
3582
3584
3584
3583
4133
4133
3773
3773
3584
3584
3584
3586
3586
3585
3588
3588
3871
3586
3586
3586
4139
4139
3587
3588
3588
3588
3873
3589
3592
3592
3590
3590
3590
3781
3781
3593
3593
3591
3596
3596
3592
3592
3592
3593
3783
3783
3594
3594
3594
4141
4141
3598
3598
3595
3596
3596
3596
3600
3600
3597
4145
4145
3877
3598
3598
3600
3600
3599
3888
3600
3600
3600
3601
3604
3604
3602
3602
3602
3605
3605
3603
3604
3604
3604
3610
3610
3605
3606
3606
3606
3793
3793
3607
3607
3607
3803
3803
3608
3608
3608
4157
4157
3612
3612
3609
3892
3610
3610
3610
3612
3612
3611
4159
4159
3893
3612
3612
3613
3614
3614
3621
3621
3618
3618
3615
4173
4173
3813
3813
3616
3616
3616
3618
3618
3620
3620
3617
3816
3816
3618
3618
3618
3619
3624
3624
3909
3620
3620
3620
4175
4175
3621
3622
3622
3622
3623
3623
3623
3624
3624
3624
3911
3625
3628
3628
3626
3626
3626
3629
3629
3627
3628
3628
3628
3636
3629
3630
3630
3630
3821
3821
3631
3631
3823
3823
3632
3632
3632
4229
4229
3634
3634
3633
4233
4233
3865
3865
3634
3634
3636
3636
3635
3876
3876
3636
3636
3636
3637
3646
3646
3638
3638
3638
3647
3639
4241
4241
3837
3837
3640
3640
3640
3642
3644
3644
3641
3840
3840
3642
3642
3642
3646
3646
3643
3648
3648
3879
3879
3644
3644
3644
4245
4245
3645
3646
3646
3647
3648
3648
3648
3883
3883
3649
3650
3650
3651
3651
3656
3656
3651
3652
3652
3652
3657
3653
4253
4253
3845
3845
3654
3654
3654
3656
3660
3660
3655
3848
3848
3656
3656
3656
3657
3658
3658
3658
3889
3889
3659
3659
3659
3895
3895
3660
3660
3660
4255
4255
3661
3668
3668
3662
3662
3662
3855
3855
3663
3663
3857
3857
3664
3664
3664
4263
4263
3666
3666
3665
4267
4267
3901
3901
3666
3666
3670
3670
3667
3672
3672
3668
3668
3668
3669
3908
3908
3670
3670
3670
3672
3671
3672
3672
3672
3673
3914
3914
3674
3674
3674
3676
3676
3680
3680
3675
3676
3676
3676
3677
3677
3678
3678
3678
3681
3681
3679
4179
4179
3917
3917
3680
3680
3680
3684
3684
3681
3682
3682
3682
3769
3769
3683
3683
3683
3777
3777
3684
3684
3684
4185
4185
3685
3786
3786
3686
3686
3686
3694
3694
3688
3688
3687
4193
4193
3787
3787
3688
3688
3688
3692
3692
3689
3696
3696
3690
3690
3690
3921
3921
3691
3691
3691
3923
3923
3692
3692
3692
4195
4195
3693
3694
3694
3694
3695
3695
3696
3696
3696
3697
3700
3700
3927
3927
3698
3698
3698
4207
4207
3708
3708
3699
3704
3704
3700
3700
3700
3929
3929
3701
3702
3702
3702
3703
3706
3706
3703
3704
3704
3704
3705
3796
3796
3706
3706
3706
3708
3708
3707
4209
4209
3797
3797
3708
3708
3708
3709
3932
3932
3710
3710
3710
3712
3712
3714
3714
3711
3712
3712
3712
3715
3713
4213
4213
3933
3933
3714
3714
3714
3718
3718
3715
3716
3716
3716
3719
3719
3717
3720
3720
3805
3805
3718
3718
3718
4221
4221
3719
3720
3720
3720
3811
3811
3721
3722
3722
3723
3723
3730
3730
3723
3724
3724
3724
3725
3725
3725
3726
3726
3726
4083
4083
3727
3727
3727
4087
4087
3728
3728
4279
4279
3732
3732
3729
3818
3818
3730
3730
3730
3732
3732
3731
4281
4281
3819
3819
3732
3732
3732
3733
3738
3738
3831
3831
3734
3734
3734
4287
4287
3736
3736
3735
4291
4291
4093
4093
3736
3736
3740
3740
3737
3742
3742
3738
3738
3738
3835
3835
3739
4096
4096
3740
3740
3740
3744
3744
3741
3744
3744
3742
3742
3743
3744
3744
3744
3745
4106
4106
3746
3746
3746
3748
3748
3752
3752
3747
3748
3748
3748
3749
3749
3749
3750
3750
3753
3753
3751
4297
4297
4107
4107
3752
3752
3756
3756
3753
3754
3754
3754
3849
3849
3755
3755
3755
3851
3851
3756
3756
3756
4303
4303
3757
3764
3764
3758
3758
3758
4117
4117
3767
3767
3759
3860
3860
3760
3760
3760
3762
3762
3766
3766
3761
3762
3762
3763
3763
3763
3764
3764
3764
3765
4315
4315
3863
3863
3766
3766
3766
3768
3768
3767
4121
4121
3768
3768
4317
4317
3769
3770
3770
3771
3771
3778
3778
3771
3772
3772
3772
3773
3773
3773
3774
3774
3774
4133
4133
3775
3775
3775
4135
4135
3776
3776
4341
4341
3780
3780
3777
4186
4186
3778
3778
3778
3780
3780
3779
4343
4343
4187
4187
3780
3780
3780
3781
3782
3782
3782
3785
3785
3784
3784
3783
4142
4142
3784
3784
3784
3792
3792
3785
3786
3786
3787
3787
3787
3788
3788
3788
4193
4193
3789
3789
3789
4199
4199
3790
3790
3790
4347
4347
3792
3792
3791
4349
4349
4143
4143
3792
3792
3793
3794
3794
3794
3795
3795
3804
3804
3795
3796
3796
3797
3797
3797
3798
3798
3798
4209
4209
3799
3799
3799
4211
4211
3800
3800
3800
4667
4667
3802
3802
3801
4671
4671
4155
4155
3802
3802
3804
3804
3803
4158
4158
3804
3804
3804
3805
4222
4222
3806
3806
3806
3812
3812
3808
3808
3807
4681
4681
4223
4223
3808
3808
3808
3810
3810
3809
3814
3814
4171
4171
3810
3810
4683
4683
3811
3812
3812
3815
3815
3813
3816
3816
3814
3814
3814
4173
4173
3815
3816
3816
3816
3817
3822
3822
3818
3818
3818
3819
3819
3819
3820
3820
3820
4281
4281
3827
3821
3822
3822
3822
3824
3823
4230
4230
3824
3824
3824
3826
3826
3825
4385
4385
4231
4231
3826
3826
3826
3828
3828
3827
4283
4283
3828
3828
3828
4387
4387
3829
4393
4393
4285
4285
3830
3830
3830
3832
3834
3834
3831
4288
4288
3832
3832
3832
3836
3836
3833
3838
3838
4237
4237
3834
3834
3834
4397
4397
3835
3836
3836
3836
3839
3839
3837
3840
3838
3838
3838
4241
4241
3839
3840
3840
3840
3841
3846
3846
4251
4251
3842
3842
3842
4621
4621
3844
3844
3843
4623
4623
4301
4301
3844
3844
3844
3852
3845
3848
3846
3846
3846
4253
4253
3847
3850
3850
3848
3848
3848
3849
3850
3850
3850
3852
3852
3851
4304
4304
3852
3852
3852
3853
4625
4625
4261
4261
3854
3854
3854
3858
3858
3862
3862
3855
3856
3856
3856
3859
3859
3858
3857
4264
4264
3858
3858
3858
3859
3860
3860
3860
3863
3863
3861
3864
4309
4309
3862
3862
3862
4633
4633
3863
3864
3864
3864
4315
4315
3865
3876
3876
3866
3866
3866
4233
4233
3867
3867
3867
4235
4235
3868
3868
3868
4361
4361
3870
3870
3869
4363
4363
4137
4137
3870
3870
3870
3872
3872
3871
4140
4140
3872
3872
3874
3874
3873
3874
3874
3874
3875
3875
3875
3876
3876
3876
3877
3888
3888
3878
3878
3878
4145
4145
3885
3885
3879
4246
4246
3880
3880
3884
3884
3882
3882
3881
4373
4373
4247
4247
3882
3882
3882
3886
3886
3883
3884
3884
3884
3887
3887
3885
4149
4149
3886
3886
3886
4377
4377
3887
3888
3888
3888
3889
3890
3890
3890
3891
3891
3896
3896
3891
3892
3892
3892
3893
3893
3893
3894
3894
3894
4159
4159
3899
3899
3895
4256
4256
3896
3896
3898
3898
3897
4645
4645
4259
4259
3898
3898
3898
3900
3900
3899
4163
4163
3900
3900
3900
4647
4647
3901
3908
3908
3902
3902
3902
4267
4267
3903
3903
3903
4271
4271
3904
3904
3904
4653
4653
3906
3906
3905
4655
4655
4165
4165
3906
3906
3906
3910
3910
3907
3912
3912
3908
3908
3908
3909
4176
4176
3910
3910
3912
3912
3911
3912
3912
3912
3913
3922
3914
3914
3914
3917
3917
3915
3918
3918
4177
4177
3916
3916
3916
4321
4321
3920
3917
3918
3918
3918
4179
4179
3919
4323
4323
4189
4189
3920
3920
3920
3924
3924
3921
3922
3922
3922
3924
3924
3923
4196
4196
3924
3924
3925
4687
4687
4201
4201
3926
3926
3926
3928
3928
3936
3927
4208
4208
3928
3928
3930
3930
3929
3930
3930
3930
3931
3931
3932
3932
3932
3933
3933
3933
3934
3934
3934
4213
4213
3935
3935
3935
4215
4215
3936
3936
3936
4693
4693
3937
4497
4497
4473
4473
3938
3938
3938
3940
3940
3944
3944
3939
4475
4475
3985
3985
3940
3940
3946
3946
3941
3948
3948
3942
3942
3942
3963
3943
3943
3943
3967
3944
3944
3944
4501
4501
3945
3992
3992
3946
3946
3946
3948
3948
3947
3948
3948
3948
3949
3952
3952
3950
3950
3950
3959
3959
3951
3976
3952
3952
3954
3954
3953
4509
4509
3979
3954
3954
3954
3956
3956
3955
3958
3958
4487
4487
3956
3956
3956
4515
4515
3957
3960
3960
4001
4001
3958
3958
3958
4495
4495
3959
3960
3960
3960
4003
4003
3961
3970
3970
4011
4011
3962
3962
3962
4525
4525
3966
3966
3963
3964
3964
3971
3971
3968
3968
3965
4527
4527
4499
4499
3966
3966
3966
3968
3968
3967
4502
4502
3968
3968
3968
3969
3972
3972
3970
3970
3970
4019
4019
3971
3972
3972
3972
3973
3974
3974
3974
3975
3975
3978
3978
3975
3976
3976
3976
3979
3979
3977
4022
4022
3978
3978
3978
3982
3982
3979
3980
3980
3980
4509
4509
3983
3983
3981
4533
4533
4023
4023
3982
3982
3984
3984
3983
4511
4511
3984
3984
3984
4535
4535
3985
3992
3992
3986
3986
3986
4475
4475
3994
3994
3987
4034
4034
3988
3988
3988
3989
3989
3996
3989
3990
3990
3990
3991
3991
3991
3992
3992
3992
3993
4479
4479
4451
4451
3994
3994
3994
3996
3996
3995
4453
4453
4041
4041
3996
3996
3996
3997
4008
4047
4047
3998
3998
3998
4469
4469
3999
3999
3999
4471
4471
4000
4000
4000
4493
4493
4002
4002
4001
4496
4496
4002
4002
4002
4004
4004
4003
4004
4004
4004
4006
4006
4005
4006
4006
4006
4007
4007
4007
4008
4008
4008
4049
4049
4009
4545
4545
4521
4521
4010
4010
4010
4012
4012
4016
4016
4011
4526
4526
4012
4012
4012
4020
4020
4013
4018
4018
4014
4014
4014
4057
4057
4015
4015
4063
4063
4016
4016
4016
4551
4551
4017
4018
4018
4018
4020
4020
4019
4020
4020
4020
4021
4026
4026
4022
4022
4022
4023
4023
4023
4024
4024
4024
4533
4533
4029
4029
4025
4028
4028
4026
4026
4026
4027
4074
4074
4028
4028
4028
4032
4029
4543
4543
4030
4030
4030
4563
4563
4032
4032
4031
4565
4565
4077
4077
4032
4032
4032
4033
4036
4036
4034
4034
4041
4041
4035
4036
4036
4036
4038
4038
4037
4082
4082
4038
4038
4038
4040
4040
4039
4429
4429
4091
4091
4040
4040
4044
4044
4041
4042
4042
4042
4453
4453
4044
4044
4043
4455
4455
4435
4435
4044
4044
4044
4045
4056
4056
4439
4439
4046
4046
4046
4465
4465
4048
4048
4047
4470
4470
4048
4048
4048
4050
4050
4049
4050
4050
4051
4051
4051
4052
4052
4052
4053
4053
4053
4054
4054
4054
4099
4099
4055
4055
4055
4103
4103
4056
4056
4445
4445
4057
4058
4058
4059
4059
4064
4064
4059
4060
4060
4060
4067
4067
4061
4569
4569
4549
4549
4062
4062
4062
4064
4064
4066
4066
4063
4552
4552
4064
4064
4064
4065
4068
4068
4109
4109
4066
4066
4571
4571
4067
4068
4068
4068
4111
4111
4069
4120
4120
4070
4070
4070
4076
4076
4072
4072
4071
4587
4587
4127
4127
4072
4072
4080
4080
4073
4076
4076
4074
4074
4077
4077
4075
4076
4076
4076
4077
4078
4078
4078
4565
4565
4079
4079
4079
4567
4567
4080
4080
4080
4591
4591
4081
4084
4082
4082
4082
4091
4091
4083
4084
4084
4084
4088
4088
4085
4409
4409
4277
4086
4086
4086
4088
4088
4090
4087
4280
4088
4088
4088
4089
4427
4413
4413
4090
4090
4090
4092
4092
4091
4092
4092
4092
4429
4093
4096
4096
4094
4094
4094
4291
4097
4097
4095
4100
4096
4096
4096
4097
4295
4098
4098
4098
4417
4417
4101
4099
4100
4100
4100
4104
4104
4101
4421
4421
4102
4102
4102
4441
4104
4104
4103
4446
4104
4104
4104
4105
4112
4106
4106
4106
4107
4107
4107
4108
4108
4108
4297
4115
4115
4109
4572
4110
4110
4110
4112
4112
4114
4114
4111
4112
4112
4112
4113
4593
4593
4577
4114
4114
4114
4116
4115
4305
4116
4116
4116
4597
4597
4117
4118
4118
4118
4119
4122
4122
4119
4120
4120
4120
4127
4127
4121
4318
4122
4122
4122
4124
4124
4123
4607
4607
4319
4124
4124
4124
4126
4125
4128
4128
4585
4126
4126
4126
4611
4611
4127
4128
4128
4128
4587
4129
4138
4138
4357
4357
4130
4130
4130
4841
4132
4132
4131
4843
4337
4132
4132
4136
4136
4133
4134
4134
4134
4139
4139
4136
4136
4135
4342
4136
4136
4136
4137
4140
4140
4138
4138
4138
4363
4363
4139
4140
4140
4141
4146
4146
4142
4142
4142
4143
4143
4143
4144
4144
4144
4349
4147
4147
4145
4146
4146
4150
4150
4147
4353
4148
4148
4853
4152
4152
4149
4378
4378
4150
4150
4150
4152
4152
4151
4863
4379
4379
4152
4152
4152
4153
4156
4156
4669
4154
4154
4867
4162
4162
4155
4158
4158
4156
4156
4156
4671
4157
4160
4160
4158
4158
4158
4159
4160
4160
4164
4164
4161
4873
4639
4639
4162
4162
4162
4164
4164
4163
4648
4648
4164
4164
4164
4165
4176
4176
4166
4166
4166
4655
4655
4169
4169
4167
4881
4679
4168
4168
4172
4172
4170
4170
4169
4659
4659
4170
4170
4170
4887
4171
4684
4172
4172
4172
4174
4174
4173
4174
4174
4174
4175
4175
4175
4176
4176
4177
4322
4322
4178
4178
4178
4180
4180
4182
4182
4179
4180
4180
4185
4185
4181
4797
4327
4327
4182
4182
4182
4184
4184
4183
4188
4188
4333
4333
4184
4184
4184
4799
4185
4186
4186
4186
4187
4187
4187
4188
4188
4188
4343
4343
4189
4196
4196
4190
4190
4190
4323
4323
4191
4191
4191
4331
4331
4192
4192
4192
4807
4198
4198
4193
4194
4194
4194
4195
4195
4200
4200
4195
4196
4196
4196
4197
4811
4345
4345
4198
4198
4200
4200
4199
4348
4348
4200
4200
4200
4201
4208
4208
4202
4202
4202
4687
4687
4203
4203
4203
4689
4689
4204
4204
4204
4819
4206
4206
4205
4821
4661
4661
4206
4206
4212
4212
4207
4210
4210
4208
4208
4208
4209
4210
4210
4210
4212
4212
4211
4668
4668
4212
4212
4212
4213
4214
4214
4221
4221
4216
4216
4215
4694
4694
4216
4216
4216
4218
4218
4217
4835
4695
4695
4218
4218
4218
4220
4220
4219
4224
4224
4675
4675
4220
4220
4220
4839
4221
4222
4222
4222
4223
4223
4223
4224
4224
4224
4681
4681
4225
4745
4359
4359
4226
4226
4226
4236
4236
4228
4228
4227
4232
4383
4383
4228
4228
4228
4747
4229
4234
4234
4230
4230
4230
4231
4231
4231
4232
4232
4232
4385
4385
4233
4234
4234
4234
4236
4236
4235
4362
4362
4236
4236
4236
4237
4398
4398
4238
4238
4238
4242
4242
4240
4239
4757
4401
4401
4240
4240
4240
4244
4244
4241
4242
4242
4242
4245
4245
4243
4248
4248
4369
4369
4244
4244
4244
4761
4245
4246
4246
4246
4247
4247
4247
4248
4248
4248
4373
4373
4249
4775
4615
4615
4250
4250
4250
4252
4258
4258
4251
4622
4622
4252
4252
4252
4254
4254
4253
4254
4254
4254
4255
4255
4255
4256
4256
4256
4259
4259
4257
4260
4260
4637
4637
4258
4258
4258
4777
4259
4260
4260
4260
4645
4645
4261
4264
4264
4262
4262
4262
4625
4625
4265
4263
4268
4268
4264
4264
4264
4265
4627
4627
4266
4266
4266
4781
4270
4270
4267
4268
4268
4268
4272
4272
4269
4791
4651
4651
4270
4270
4270
4272
4272
4271
4654
4654
4272
4272
4272
4273
4278
4407
4407
4274
4274
4274
4701
4276
4276
4275
4703
4381
4381
4276
4276
4276
4284
4284
4277
4280
4280
4278
4278
4278
4409
4409
4279
4282
4282
4280
4280
4280
4281
4282
4282
4282
4284
4283
4388
4388
4284
4284
4284
4285
4288
4286
4286
4286
4393
4393
4289
4289
4287
4292
4292
4288
4288
4288
4289
4395
4395
4290
4290
4290
4709
4294
4294
4291
4292
4292
4292
4296
4296
4293
4713
4415
4415
4294
4294
4294
4296
4295
4418
4418
4296
4296
4296
4297
4298
4298
4298
4303
4303
4306
4306
4299
4302
4302
4619
4619
4300
4300
4300
4727
4308
4308
4301
4304
4302
4302
4302
4623
4623
4303
4304
4304
4304
4305
4598
4598
4306
4306
4306
4308
4307
4729
4599
4599
4308
4308
4308
4309
4634
4634
4310
4310
4310
4316
4312
4312
4311
4737
4635
4635
4312
4312
4312
4314
4314
4313
4320
4605
4605
4314
4314
4314
4739
4315
4316
4316
4316
4317
4317
4317
4318
4318
4318
4319
4319
4319
4320
4320
4320
4607
4607
4321
4324
4322
4322
4322
4327
4327
4323
4324
4324
4324
4332
4332
4325
4328
4328
4795
4795
4326
4326
4326
5085
5085
4330
4327
4328
4328
4797
4797
4329
5087
5087
4805
4805
4330
4330
4330
4332
4332
4331
4808
4808
4332
4332
4333
4800
4800
4334
4334
4344
4344
4336
4336
4335
5203
5203
4803
4803
4336
4336
4336
4340
4340
4337
4342
4342
4338
4338
4843
4339
4339
4339
4845
4340
4340
4340
5205
5205
4341
4344
4344
4342
4342
4342
4343
4344
4344
4344
4345
4348
4348
4346
4346
4811
4811
4351
4351
4347
4350
4350
4348
4348
4348
4349
4350
4350
4350
4354
4354
4351
4815
4815
4352
4352
4352
5215
5215
4356
4356
4353
4854
4354
4354
4356
4356
4355
5219
5219
4855
4356
4356
4356
4357
4842
4842
4358
4358
4364
4364
4366
4366
4359
4362
4362
4360
4360
4745
4745
4367
4367
4361
4364
4364
4362
4362
4362
4363
4364
4364
4364
4365
5113
5113
4851
4851
4366
4366
4366
4368
4368
4367
4755
4755
4368
4368
4368
5115
5115
4369
4762
4762
4370
4370
4374
4374
4372
4372
4371
5117
5117
4763
4763
4372
4372
4372
4376
4376
4373
4374
4374
4374
4377
4377
4375
4380
4380
4859
4859
4376
4376
4376
5121
5121
4377
4378
4378
4378
4379
4379
4379
4380
4380
4863
4863
4381
4388
4388
4382
4382
4703
4703
4389
4389
4383
4748
4748
4384
4384
4386
4386
4392
4392
4385
4386
4386
4386
4387
4387
4387
4388
4388
4388
4389
4707
4707
4390
4390
4390
5157
5157
4392
4392
4391
5159
5159
4749
4749
4392
4392
4392
4393
4394
4394
4394
4397
4397
4396
4396
4395
4710
4710
4396
4396
4400
4400
4397
4398
4398
4398
4401
4401
4399
5165
5165
4711
4711
4400
4400
4400
4404
4404
4401
4402
4402
4757
4757
4403
4403
4403
4759
4759
4404
4404
4404
5167
5167
4405
4891
4891
4697
4697
4406
4406
4408
4412
4407
4702
4702
4408
4408
4410
4409
4410
4410
4413
4411
4414
4425
4425
4412
4412
4895
4895
4413
4414
4414
4427
4427
4415
4418
4416
4416
4713
4713
4419
4417
4422
4418
4418
4419
4715
4715
4420
4420
4901
4901
4424
4421
4442
4442
4422
4422
4424
4423
4903
4903
4443
4443
4424
4424
4425
4896
4426
4426
4426
4428
4432
4432
4427
4428
4428
4428
4430
4430
4429
4430
4430
4430
4435
4435
4431
4941
4941
4899
4432
4432
4432
4434
4434
4433
4436
4449
4449
4434
4434
4434
4943
4943
4435
4436
4436
4436
4455
4455
4437
4949
4949
4461
4461
4438
4438
4438
4440
4448
4448
4439
4466
4466
4440
4440
4440
4445
4445
4441
4446
4446
4442
4442
4442
4443
4443
4444
4444
4444
4903
4447
4447
4445
4446
4446
4446
4447
4907
4448
4448
4448
4957
4957
4449
4944
4944
4450
4450
4450
4456
4458
4458
4451
4454
4454
4452
4452
4452
4479
4479
4459
4453
4454
4454
4454
4456
4456
4455
4456
4456
4456
4457
4991
4991
4947
4947
4458
4458
4458
4460
4460
4459
4483
4483
4460
4460
4460
4995
4995
4461
4466
4462
4462
4462
4949
4949
4463
4463
4463
4951
4951
4464
4464
4464
4997
4997
4468
4468
4465
4470
4470
4466
4466
4466
4467
5003
5003
4485
4485
4468
4468
4468
4472
4469
4472
4472
4470
4470
4470
4471
4494
4494
4472
4472
4472
4473
4476
4476
4474
4474
4474
4497
4497
4477
4475
4476
4476
4480
4480
4477
4505
4505
4478
4478
4478
5037
5037
4482
4482
4479
4480
4480
4480
4484
4481
5043
5043
4993
4993
4482
4482
4484
4484
4483
4996
4996
4484
4484
4484
4485
4494
4486
4486
4486
5003
5003
4489
4489
4487
4516
4516
4488
4488
4488
4495
4495
4492
4489
5007
5007
4490
4490
4490
5047
5047
4492
4492
4491
5051
5051
4519
4519
4492
4492
4492
4493
4496
4496
4494
4494
4494
4495
4496
4496
4496
4497
4498
4498
4498
4501
4501
4506
4499
4502
4502
4500
4500
4500
4527
4527
4503
4501
4502
4502
4503
4531
4531
4504
4504
4504
5059
5059
4508
4508
4505
5038
5038
4506
4506
4506
4508
4508
4507
5063
5063
5039
5039
4508
4508
4509
4510
4510
4515
4515
4512
4512
4511
4536
4536
4512
4512
4512
4514
4513
5069
5069
4537
4537
4514
4514
4514
4518
4518
4515
4516
4516
4516
4519
4517
4520
4520
5049
5049
4518
4518
5075
5075
4519
4520
4520
4520
5051
5051
4521
4526
4526
4522
4522
4522
4545
4545
4523
4523
4547
4547
4524
4524
4524
5009
5009
4529
4529
4525
4528
4528
4526
4526
4526
4527
4528
4528
4528
4532
4529
5011
5011
4530
4530
4530
5057
5057
4532
4532
4531
5060
5060
4532
4532
4532
4533
4534
4534
4535
4535
4544
4544
4535
4536
4536
4536
4537
4537
4538
4538
4538
5069
5069
4540
4540
4539
5071
5071
5021
5021
4540
4540
4542
4542
4541
5031
5031
4561
4561
4542
4542
4542
4544
4543
4564
4564
4544
4544
4544
4545
4546
4546
4546
4551
4551
4548
4547
5010
5010
4548
4548
4548
4556
4556
4549
4552
4552
4550
4550
4550
4569
4569
4553
4551
4552
4552
4552
4553
4575
4575
4554
4554
4554
4969
4969
4555
4555
4555
4971
4971
4556
4556
4556
5015
5015
4557
5029
5029
4981
4981
4558
4558
4558
4560
4560
4562
4562
4559
4983
4983
4589
4589
4560
4560
4560
4568
4561
4564
4562
4562
4562
5031
5031
4563
4566
4566
4564
4564
4564
4565
4566
4566
4566
4568
4568
4567
4592
4592
4568
4568
4568
4569
4570
4570
4570
4571
4571
4576
4571
4572
4572
4572
4577
4577
4573
4580
4580
4919
4574
4574
4574
4967
4967
4576
4576
4575
4970
4970
4576
4576
4576
4577
4578
4578
4578
4593
4593
4579
4579
4595
4595
4580
4580
4580
4921
4581
4929
4609
4609
4582
4582
4582
4586
4584
4584
4583
4975
4975
4931
4584
4584
4584
4590
4590
4585
4612
4612
4586
4586
4586
4588
4588
4587
4588
4588
4588
4591
4591
4589
4592
4590
4590
4590
4983
4983
4591
4592
4592
4592
4593
4594
4594
4597
4596
4595
4922
4922
4596
4596
4602
4597
4598
4598
4599
4599
4600
4600
4729
4729
4601
4601
4731
4731
4602
4602
4923
4923
4603
4927
4927
4735
4735
4604
4604
4606
4610
4605
4740
4740
4606
4606
4608
4607
4608
4608
4611
4609
4612
4610
4610
4929
4929
4611
4612
4612
4613
4616
4616
4773
4773
4614
4614
4614
5183
5183
4618
4618
4615
4622
4622
4616
4616
4775
4775
4617
5187
5187
4723
4723
4618
4618
4618
4620
4620
4619
4728
4728
4620
4620
4624
4624
4621
4624
4624
4622
4622
4622
4623
4624
4624
4624
4625
4626
4626
4626
4633
4633
4628
4628
4627
4782
4782
4628
4628
4630
4630
4629
5191
5191
4783
4783
4630
4630
4630
4632
4632
4631
4636
4636
4733
4733
4632
4632
4632
5195
5195
4633
4634
4634
4634
4635
4635
4635
4636
4636
4737
4737
4637
4778
4778
4638
4638
4646
4646
4644
4644
4639
4648
4648
4640
4640
4873
4873
4641
4641
4641
4875
4875
4642
4642
4642
5137
5137
4644
4644
4643
5139
5139
4779
4779
4644
4644
4644
4645
4646
4646
4646
4647
4647
4647
4648
4648
4648
4649
4652
4652
4789
4789
4650
4650
4650
5147
5147
4658
4658
4651
4654
4654
4652
4652
4791
4791
4653
4656
4656
4654
4654
4654
4655
4656
4656
4656
4660
4660
4657
5151
5151
4885
4885
4658
4658
4658
4660
4660
4659
4888
4888
4660
4660
4661
4668
4668
4662
4662
4821
4821
4665
4665
4663
5225
5225
4865
4664
4664
4664
4670
4670
4666
4666
4665
4825
4825
4666
4666
4666
5227
5227
4667
4672
4672
4668
4668
4668
4669
4868
4670
4670
4672
4672
4671
4672
4672
4672
4673
5243
5243
4837
4837
4674
4674
4674
4676
4676
4678
4678
4675
4840
4840
4676
4676
4682
4682
4677
4680
4680
4879
4678
4678
4678
5247
5247
4679
4684
4684
4680
4680
4881
4681
4682
4682
4682
4683
4683
4683
4684
4684
4684
4685
5093
5093
4817
4817
4686
4686
4686
4690
4690
4692
4687
4688
4688
4688
4693
4690
4690
4689
4820
4820
4690
4690
4691
4696
4696
4831
4831
4692
4692
4692
5101
5101
4693
4694
4694
4694
4695
4695
4695
4696
4696
4835
4835
4697
4702
4698
4698
4698
4891
4699
4699
4699
4893
4700
4700
4700
5253
5253
4706
4706
4701
4704
4704
4702
4702
4702
4703
4704
4704
4704
4708
4708
4705
5257
5257
5153
5153
4706
4706
4706
4708
4707
5158
5158
4708
4708
4708
4709
4714
4714
4710
4710
4710
4711
4711
4711
4712
4712
4712
5165
5165
4717
4713
4714
4714
4714
4716
4715
4902
4716
4716
4716
4720
4720
4717
5169
5169
4718
4718
4718
5261
5261
4720
4720
4719
5263
5263
4905
4720
4720
4720
4721
4724
5185
5185
4722
4722
4722
5281
5281
4726
4726
4723
4728
4728
4724
4724
4724
5187
5187
4725
5283
5283
4915
4726
4726
4726
4732
4732
4727
4730
4730
4728
4728
4728
4729
4730
4730
4730
4732
4731
4924
4732
4732
4732
4733
5196
5196
4734
4734
4734
4738
4738
4744
4735
4740
4736
4736
4736
4927
4741
4741
4737
4738
4738
4738
4739
4739
4739
4740
4740
4740
4741
4935
4742
4742
4742
5291
5291
4744
4744
4743
5295
5295
5199
5199
4744
4744
4744
4745
4746
4746
4746
4747
4747
4756
4756
4747
4748
4748
4748
4749
4749
4750
4750
4750
5159
5159
4751
4751
4751
5163
5163
4752
4752
4752
5351
5351
4754
4754
4753
5355
5355
5111
5111
4754
4754
4754
4756
4756
4755
5116
5116
4756
4756
4756
4757
4758
4758
4758
4761
4761
4760
4759
5168
5168
4760
4760
4760
4766
4766
4761
4762
4762
4762
4763
4763
4763
4764
4764
4764
5117
5117
4767
4767
4765
5359
5359
5171
5171
4766
4766
4766
4768
4768
4767
5119
5119
4768
4768
4768
5361
5361
4769
4780
4780
5131
5131
4770
4770
4770
5373
5373
4772
4772
4771
5375
5375
5181
5181
4772
4772
4772
4774
4774
4773
5184
5184
4774
4774
4774
4776
4775
4776
4776
4776
4777
4777
4777
4778
4778
4778
4779
4779
4779
4780
4780
4780
5139
5139
4781
4792
4792
4782
4782
4782
4783
4783
4784
4784
4784
5191
5191
4785
4785
4785
5193
5193
4786
4786
4786
5387
5387
4788
4788
4787
5389
5389
5145
5145
4788
4788
4788
4790
4790
4789
5148
5148
4790
4790
4790
4792
4792
4791
4792
4792
4792
4793
5299
5299
5083
5083
4794
4794
4796
4796
4802
4802
4795
5086
5086
4796
4796
4796
4798
4798
4797
4798
4798
4798
4799
4799
4799
4800
4800
4800
4803
4803
4801
4804
4804
5201
5201
4802
4802
4802
5303
5303
4803
4804
4804
4804
5203
5203
4805
4808
4808
4806
4806
4806
5087
5087
4809
4809
4807
4812
4812
4808
4808
4808
4809
5091
5091
4810
4810
4810
5311
5311
4814
4814
4811
4812
4812
4816
4816
4813
5315
5315
5213
5213
4814
4814
4814
4816
4816
4815
5216
5216
4816
4816
4816
4817
4820
4820
4818
4818
4818
5093
5093
4823
4823
4819
4822
4822
4820
4820
4820
4821
4822
4822
4826
4826
4823
5099
5099
4824
4824
4824
5323
5323
4828
4828
4825
5228
5228
4826
4826
4826
4828
4828
4827
5325
5325
5229
5229
4828
4828
4828
4829
4838
4838
5241
5241
4830
4830
4830
5341
5341
4834
4834
4831
5102
5102
4832
4832
4832
4836
4836
4834
4834
4833
5343
5343
5103
5103
4834
4834
4835
4836
4836
4836
4839
4839
4837
4840
4840
4838
4838
4838
5243
5243
4839
4840
4840
4840
4841
4844
4844
4842
4842
4842
4851
4851
4843
4844
4844
4846
4846
4845
5206
5206
4846
4846
4846
4848
4848
4847
5393
5393
5207
5207
4848
4848
4848
4850
4850
4849
4852
4852
5109
5109
4850
4850
5403
5403
4851
4852
4852
4852
5113
5113
4853
4864
4864
4854
4854
4855
4855
4855
4856
4856
4856
5219
5219
4857
4857
4857
5223
5223
4858
4858
4858
5411
5411
4862
4862
4859
5122
5122
4860
4860
4860
4864
4864
4862
4862
4861
5413
5413
5123
5123
4862
4862
4863
4864
4864
4864
4865
4868
4868
4866
4866
4866
5225
5225
4869
4869
4867
4874
4874
4868
4868
4869
5231
5231
4870
4870
4870
5421
5421
4872
4872
4871
5423
5423
5135
5135
4872
4872
4876
4876
4873
4874
4874
4874
4876
4876
4875
5138
5138
4876
4876
4876
4877
5437
5437
5245
5245
4878
4878
4878
4880
4880
4884
4884
4879
5248
5248
4880
4880
4880
4882
4882
4881
4882
4882
4887
4887
4883
4886
4886
5149
5149
4884
4884
5439
5439
4885
4888
4888
4886
4886
4886
5151
5151
4887
4888
4888
4888
4889
5441
5441
5249
5249
4890
4890
4890
4894
4894
4898
4891
4892
4892
4892
4895
4894
4894
4893
5254
5254
4894
4894
4894
4895
4896
4896
4896
4899
4899
4897
4900
4900
4939
4939
4898
4898
4898
5451
5451
4899
4900
4900
4900
4941
4941
4901
4904
4902
4902
4902
4905
4905
4903
4904
4904
4904
4908
4908
4905
4906
4906
4906
5263
5263
4909
4909
4907
4958
4958
4908
4908
4908
4912
4912
4909
5267
5267
4910
4910
4910
5459
5459
4912
4911
5463
5463
4959
4959
4912
4912
4912
4913
4916
4916
5273
5273
4914
4914
4914
5465
5465
4918
4915
4924
4924
4916
4916
4916
5283
5283
4917
5475
5475
4963
4963
4918
4918
4918
4920
4920
4919
4968
4968
4920
4920
4920
4921
4921
4921
4922
4922
4922
4923
4923
4924
4924
4924
4925
4932
4932
4973
4973
4926
4926
4926
5477
5477
4934
4927
4928
4928
4928
4930
4936
4936
4929
4930
4930
4930
4931
4931
4931
4932
4932
4932
4975
4975
4933
5487
5487
5287
5287
4934
4934
4934
4936
4936
4935
5292
5292
4936
4936
4936
4937
5543
5543
5449
5449
4938
4938
4938
4940
4940
4946
4946
4939
5452
5452
4940
4940
4940
4942
4942
4941
4942
4942
4943
4943
4943
4944
4944
4944
4947
4947
4945
4948
4948
4987
4987
4946
4946
5547
5547
4947
4948
4948
4948
4991
4991
4949
4950
4950
4950
4957
4957
4952
4952
4951
4998
4998
4952
4952
4952
4954
4954
4953
5551
5551
4999
4999
4954
4954
4956
4956
4955
4960
4960
5455
5455
4956
4956
4956
5555
5555
4957
4958
4958
4959
4959
4959
4960
4960
4960
5463
5463
4961
4964
4964
5473
5473
4962
4962
4962
5565
5565
4966
4966
4963
4968
4968
4964
4964
4964
5475
5475
4965
5567
5567
5013
5013
4966
4966
4972
4972
4967
4970
4970
4968
4968
4969
4972
4972
4970
4970
4970
4971
5016
5016
4972
4972
4972
4973
5478
5478
4974
4974
4974
4976
4976
4980
4980
4975
4976
4976
4984
4984
4977
4982
4982
5027
5027
4978
4978
5575
5575
4980
4980
4979
5577
5577
5481
5481
4980
4980
4980
4981
4984
4984
4982
4982
4982
5029
5029
4983
4984
4984
4984
4985
4990
4990
5497
5497
4986
4986
4986
5545
4988
4988
4987
5548
4988
4988
4988
4992
4989
4994
4994
5041
5041
4990
4990
4990
5499
5499
4991
4992
4992
4992
4995
4995
4993
4996
4996
4994
4994
4994
5043
5043
4995
4996
4996
4996
4997
5004
5004
4998
4998
4998
4999
4999
5000
5000
5000
5551
5002
5002
5001
5553
5505
5505
5002
5002
5002
5006
5006
5003
5004
5004
5004
5008
5008
5005
5507
5507
5045
5045
5006
5006
5006
5008
5008
5007
5048
5048
5008
5008
5008
5009
5012
5012
5010
5010
5010
5015
5015
5011
5058
5058
5012
5012
5012
5020
5020
5013
5016
5014
5014
5014
5567
5018
5018
5015
5016
5016
5016
5017
5569
5515
5515
5018
5018
5018
5020
5020
5019
5517
5517
5065
5065
5020
5020
5020
5021
5032
5032
5022
5022
5022
5071
5071
5023
5023
5023
5073
5073
5024
5024
5024
5525
5525
5025
5025
5025
5527
5527
5026
5026
5026
5573
5028
5028
5027
5576
5028
5028
5028
5030
5029
5030
5030
5030
5032
5032
5031
5032
5032
5032
5033
5589
5589
5493
5493
5034
5034
5034
5042
5042
5036
5036
5035
5040
5040
5061
5036
5036
5036
5591
5591
5037
5044
5044
5038
5038
5038
5039
5039
5039
5040
5040
5040
5063
5041
5500
5500
5042
5042
5042
5044
5044
5043
5044
5044
5045
5048
5048
5046
5046
5046
5507
5507
5055
5055
5047
5052
5052
5048
5048
5048
5049
5076
5050
5050
5050
5052
5052
5054
5054
5051
5052
5052
5052
5053
5597
5597
5077
5054
5054
5056
5056
5055
5511
5511
5056
5056
5056
5603
5603
5057
5060
5060
5058
5058
5058
5065
5065
5059
5064
5064
5060
5060
5060
5061
5592
5592
5062
5062
5064
5064
5068
5068
5063
5064
5064
5064
5065
5066
5066
5066
5517
5517
5067
5067
5067
5519
5519
5068
5068
5068
5595
5595
5069
5070
5070
5070
5075
5075
5072
5072
5071
5072
5072
5074
5074
5073
5526
5526
5074
5074
5074
5080
5080
5075
5076
5076
5076
5077
5077
5077
5078
5078
5078
5597
5597
5080
5080
5079
5605
5605
5529
5529
5080
5080
5080
5081
5084
5084
5297
5297
5082
5082
5082
5609
5609
5090
5083
5086
5086
5084
5084
5084
5299
5299
5085
5088
5086
5086
5086
5087
5088
5088
5088
5092
5092
5089
5617
5617
5309
5309
5090
5090
5090
5092
5092
5091
5312
5312
5092
5092
5093
5094
5094
5094
5101
5100
5100
5095
5104
5104
5333
5333
5096
5096
5096
5621
5621
5098
5097
5623
5623
5321
5321
5098
5098
5098
5100
5100
5099
5324
5324
5100
5100
5101
5102
5102
5102
5103
5103
5103
5104
5104
5104
5343
5343
5105
5737
5737
5401
5106
5106
5106
5110
5110
5108
5108
5107
5112
5112
5353
5353
5108
5108
5108
5739
5739
5109
5404
5110
5110
5114
5114
5111
5116
5116
5112
5112
5112
5355
5355
5113
5114
5114
5114
5115
5115
5115
5116
5116
5116
5117
5118
5118
5118
5121
5121
5120
5120
5119
5362
5362
5120
5120
5126
5126
5121
5122
5122
5122
5123
5123
5123
5124
5124
5124
5413
5127
5127
5125
5749
5749
5365
5365
5126
5126
5126
5128
5128
5127
5415
5128
5128
5128
5751
5751
5129
5753
5753
5371
5371
5130
5130
5130
5132
5132
5134
5134
5131
5374
5374
5132
5132
5140
5140
5133
5136
5136
5417
5134
5134
5134
5755
5755
5135
5138
5138
5136
5136
5136
5423
5137
5140
5140
5138
5138
5138
5139
5140
5140
5140
5141
5765
5765
5431
5142
5142
5142
5150
5150
5144
5144
5143
5146
5146
5381
5381
5144
5144
5144
5767
5767
5145
5148
5148
5146
5146
5146
5389
5389
5147
5152
5152
5148
5148
5148
5149
5440
5150
5150
5152
5152
5151
5152
5152
5152
5153
5158
5154
5154
5154
5257
5257
5155
5155
5155
5259
5259
5156
5156
5156
5639
5639
5162
5162
5157
5160
5160
5158
5158
5158
5159
5160
5160
5160
5164
5164
5161
5643
5643
5347
5347
5162
5162
5162
5164
5163
5352
5352
5164
5164
5164
5165
5166
5166
5166
5167
5167
5170
5167
5168
5168
5168
5171
5171
5169
5262
5262
5170
5170
5170
5174
5174
5171
5172
5172
5172
5359
5359
5175
5173
5649
5649
5265
5265
5174
5174
5174
5176
5176
5175
5363
5363
5176
5176
5176
5651
5651
5177
5182
5369
5369
5178
5178
5178
5657
5657
5180
5180
5179
5659
5659
5275
5275
5180
5180
5180
5186
5186
5181
5184
5184
5182
5182
5182
5375
5375
5183
5188
5188
5184
5184
5184
5185
5282
5282
5186
5186
5186
5188
5187
5188
5188
5188
5189
5671
5671
5385
5385
5190
5190
5190
5194
5198
5198
5191
5192
5192
5192
5195
5195
5194
5194
5193
5388
5388
5194
5194
5194
5195
5196
5196
5196
5199
5197
5200
5200
5293
5293
5198
5198
5198
5679
5679
5199
5200
5200
5200
5295
5295
5201
5304
5304
5202
5202
5202
5204
5204
5212
5212
5203
5204
5204
5204
5205
5205
5205
5206
5206
5207
5207
5207
5208
5208
5208
5393
5393
5209
5209
5209
5397
5397
5210
5210
5210
5683
5683
5212
5212
5211
5691
5691
5307
5307
5212
5212
5213
5216
5216
5214
5214
5214
5315
5315
5217
5217
5215
5220
5220
5216
5216
5216
5217
5319
5319
5218
5218
5695
5695
5222
5222
5219
5220
5220
5224
5224
5221
5703
5703
5409
5409
5222
5222
5222
5224
5224
5223
5412
5412
5224
5224
5224
5225
5226
5226
5227
5227
5232
5232
5227
5228
5228
5228
5229
5229
5229
5230
5230
5230
5325
5325
5235
5235
5231
5422
5422
5232
5232
5232
5234
5234
5233
5705
5705
5425
5425
5234
5234
5234
5236
5236
5235
5329
5329
5236
5236
5707
5707
5237
5721
5721
5339
5339
5238
5238
5242
5242
5240
5240
5239
5246
5246
5429
5429
5240
5240
5240
5723
5723
5241
5342
5342
5242
5242
5242
5244
5244
5243
5244
5244
5244
5247
5247
5245
5248
5248
5246
5246
5246
5437
5437
5247
5248
5248
5249
5254
5254
5250
5250
5250
5441
5441
5251
5251
5251
5443
5443
5252
5252
5252
5777
5777
5256
5256
5253
5258
5258
5254
5254
5255
5785
5785
5633
5633
5256
5256
5260
5260
5257
5258
5258
5258
5260
5260
5259
5640
5640
5260
5260
5260
5261
5264
5264
5262
5262
5262
5265
5265
5263
5264
5264
5268
5268
5265
5266
5266
5266
5649
5649
5269
5269
5267
5460
5460
5268
5268
5268
5272
5272
5269
5653
5653
5270
5270
5797
5797
5272
5272
5271
5799
5799
5461
5461
5272
5272
5272
5273
5466
5466
5274
5274
5274
5284
5284
5278
5278
5275
5282
5282
5276
5276
5276
5659
5659
5279
5279
5277
5803
5803
5467
5467
5278
5278
5278
5280
5280
5279
5663
5663
5280
5280
5807
5807
5281
5284
5284
5282
5282
5282
5283
5284
5284
5285
5288
5288
5485
5485
5286
5286
5286
5817
5817
5290
5290
5287
5292
5292
5288
5288
5288
5487
5487
5289
5819
5819
5677
5677
5290
5290
5294
5294
5291
5296
5296
5292
5292
5293
5680
5680
5294
5294
5294
5296
5296
5295
5296
5296
5296
5297
5610
5610
5298
5298
5298
5300
5300
5302
5302
5299
5300
5300
5300
5303
5303
5301
5825
5825
5613
5613
5302
5302
5302
5306
5303
5304
5304
5304
5307
5307
5305
5308
5308
5689
5306
5306
5306
5835
5835
5307
5308
5308
5308
5691
5309
5312
5312
5310
5310
5310
5617
5617
5313
5313
5311
5316
5316
5312
5312
5312
5313
5619
5619
5314
5314
5314
5843
5843
5318
5315
5316
5316
5316
5320
5320
5317
5845
5845
5693
5318
5318
5318
5320
5320
5319
5696
5320
5320
5320
5321
5324
5324
5322
5322
5322
5623
5623
5327
5327
5323
5326
5326
5324
5324
5324
5325
5326
5326
5326
5330
5330
5327
5627
5627
5328
5328
5328
5849
5849
5332
5329
5708
5330
5330
5330
5332
5332
5331
5853
5853
5709
5332
5332
5332
5333
5622
5622
5334
5334
5334
5344
5344
5336
5336
5335
5861
5861
5625
5625
5336
5336
5336
5338
5337
5340
5340
5717
5338
5338
5338
5863
5863
5339
5342
5342
5340
5340
5340
5721
5341
5344
5344
5342
5342
5342
5343
5344
5344
5344
5345
5348
5348
5641
5641
5346
5346
5346
5881
5881
5350
5350
5347
5352
5348
5348
5348
5643
5643
5349
5883
5883
5735
5735
5350
5350
5350
5354
5351
5356
5356
5352
5352
5352
5353
5740
5740
5354
5354
5354
5356
5356
5355
5356
5356
5357
5366
5741
5741
5358
5358
5358
5891
5891
5368
5368
5359
5360
5360
5360
5361
5361
5364
5361
5362
5362
5362
5365
5365
5363
5652
5652
5364
5364
5364
5368
5368
5365
5366
5366
5366
5749
5749
5367
5895
5895
5655
5655
5368
5368
5369
5658
5658
5370
5370
5370
5376
5380
5380
5371
5374
5374
5372
5372
5372
5753
5753
5377
5373
5376
5376
5374
5374
5374
5375
5376
5376
5376
5377
5761
5761
5378
5378
5378
5897
5897
5380
5380
5379
5907
5907
5667
5667
5380
5380
5381
5768
5768
5382
5382
5382
5390
5390
5392
5383
5386
5386
5669
5669
5384
5384
5384
5909
5909
5392
5392
5385
5388
5386
5386
5386
5671
5671
5387
5390
5390
5388
5388
5388
5389
5390
5390
5391
5917
5917
5775
5775
5392
5392
5392
5393
5394
5394
5394
5403
5403
5398
5398
5395
5402
5402
5729
5729
5396
5396
5396
5925
5925
5400
5400
5397
5684
5684
5398
5398
5398
5400
5400
5399
5929
5929
5685
5685
5400
5400
5401
5404
5404
5402
5402
5402
5737
5737
5403
5404
5404
5404
5405
5410
5410
5701
5701
5406
5406
5406
5941
5941
5408
5408
5407
5943
5943
5747
5747
5408
5408
5408
5416
5416
5409
5412
5412
5410
5410
5410
5703
5703
5411
5414
5414
5412
5412
5412
5413
5414
5414
5416
5416
5415
5752
5752
5416
5416
5416
5417
5756
5756
5418
5418
5418
5424
5424
5420
5420
5419
5945
5945
5757
5757
5420
5420
5420
5428
5428
5421
5424
5424
5422
5422
5422
5425
5425
5423
5424
5424
5425
5426
5426
5426
5705
5705
5427
5427
5427
5715
5715
5428
5428
5428
5949
5949
5429
5724
5724
5430
5430
5430
5438
5438
5434
5434
5431
5440
5440
5432
5432
5432
5765
5765
5435
5435
5433
5959
5959
5727
5727
5434
5434
5436
5436
5435
5769
5769
5436
5436
5436
5961
5961
5437
5438
5438
5438
5439
5439
5439
5440
5440
5440
5441
5442
5442
5442
5451
5444
5444
5443
5778
5778
5444
5444
5444
5446
5446
5445
5973
5973
5779
5779
5446
5446
5446
5448
5447
5450
5450
5541
5541
5448
5448
5448
5979
5979
5449
5452
5452
5450
5450
5450
5543
5543
5451
5452
5452
5452
5453
5462
5462
5793
5793
5454
5454
5454
5985
5985
5458
5455
5556
5556
5456
5456
5456
5464
5464
5458
5458
5457
5989
5989
5557
5557
5458
5458
5458
5459
5464
5460
5460
5460
5461
5461
5461
5462
5462
5462
5799
5799
5463
5464
5464
5464
5465
5476
5466
5466
5466
5467
5467
5467
5468
5468
5468
5803
5803
5469
5469
5469
5811
5811
5470
5470
5470
5997
5997
5472
5471
6003
6003
5563
5563
5472
5472
5472
5474
5474
5473
5566
5566
5474
5474
5474
5476
5476
5475
5476
5476
5476
5477
5488
5478
5478
5478
5481
5481
5479
6005
6005
5815
5815
5480
5480
5480
5486
5486
5484
5481
5482
5482
5482
5577
5577
5483
5483
5483
5579
5579
5484
5484
5484
6007
6007
5485
5818
5818
5486
5486
5486
5488
5488
5487
5488
5488
5488
5489
5494
5494
5585
5585
5490
5490
6065
6065
5492
5492
5491
6069
6069
6017
6017
5492
5492
5492
5496
5496
5493
5500
5500
5494
5494
5494
5589
5589
5495
6025
6025
5537
5537
5496
5496
5496
5498
5498
5497
5546
5546
5498
5498
5499
5499
5499
5500
5500
5500
5501
5504
5504
6033
6033
5502
5502
5502
6077
6077
5510
5510
5503
5506
5506
5549
5549
5504
5504
5504
6037
6037
5505
5508
5508
5506
5506
5553
5553
5507
5508
5508
5508
5512
5512
5509
6087
6087
5601
5601
5510
5510
5512
5512
5511
5604
5604
5512
5512
5512
5513
6097
6097
5593
5593
5514
5514
5520
5520
5522
5522
5515
5518
5518
5516
5516
5569
5569
5523
5523
5517
5518
5518
5518
5520
5520
5519
5596
5596
5520
5520
5520
5521
5524
5524
6049
6049
5522
5522
5522
6099
6099
5523
5571
5571
5524
5524
5524
6051
6051
5525
5528
5528
5526
5526
5526
5529
5529
5527
5574
5574
5528
5528
5534
5534
5529
5530
5530
5530
5605
5605
5531
5531
5531
5607
5607
5532
5532
6107
6107
5536
5536
5533
6061
6061
5583
5583
5534
5534
5534
5536
5536
5535
6111
6111
6063
6063
5536
5536
5536
5537
5546
5546
5538
5538
5538
6025
6025
5540
5540
5539
6027
6027
5977
5977
5540
5540
5540
5542
5542
5541
5980
5980
5542
5542
5542
5544
5544
5543
5544
5544
5544
5547
5545
5548
5548
5546
5546
5546
5547
5548
5548
5548
5549
6038
6038
5550
5550
5550
5554
5554
5560
5560
5551
5552
5552
5552
5555
5554
5554
5553
5554
5554
5554
5555
5556
5556
5556
5557
5557
5557
5558
5558
5558
5989
5989
5559
5559
5559
5991
5991
5560
5560
5560
6039
6039
5561
5564
5564
6001
6001
5562
5562
5562
6047
6047
5572
5572
5563
5566
5566
5564
5564
5564
6003
6003
5565
5568
5566
5566
5566
5567
5568
5568
5568
5570
5570
5569
5570
5570
5570
5572
5572
5571
6052
6052
5572
5572
5572
5573
5576
5576
5574
5574
5574
5583
5583
5575
5578
5576
5576
5576
5577
5578
5578
5578
5580
5580
5579
6008
6008
5580
5580
5580
5582
5582
5581
6057
6057
6015
6015
5582
5582
5582
5584
5584
5583
5584
5584
5584
6061
6061
5585
6066
5586
5586
5586
5590
5590
5588
5588
5587
6089
6067
5588
5588
5594
5594
5589
5590
5590
5590
5591
5591
5591
5592
5592
5595
5595
5593
5596
5596
5594
5594
5594
6097
5595
5596
5596
5596
5597
5598
5598
5603
5603
5606
5606
5599
5602
5602
6085
5600
5600
6105
5608
5608
5601
5604
5604
5602
5602
5602
6087
5603
5604
5604
5604
5605
5606
5606
5606
5608
5608
5607
6108
5608
5608
5608
5609
5618
5610
5610
5610
5613
5613
5611
6115
6115
5841
5841
5612
5612
5612
5620
5620
5616
5613
5614
5614
5614
5825
5825
5615
5615
5615
5827
5827
5616
5616
5616
6117
6117
5617
5618
5618
5618
5620
5620
5619
5844
5844
5620
5620
5620
5621
5624
5622
5622
5622
5625
5625
5623
5624
5624
5624
5628
5628
5625
5626
5626
5626
5861
5861
5629
5629
5627
5850
5850
5628
5628
5628
5632
5632
5629
5871
5871
5630
5630
5630
6129
6129
5632
5631
6131
6131
5859
5859
5632
5632
5632
5633
5640
5634
5634
5634
5785
5637
5637
5635
6145
6145
5877
5877
5636
5636
5636
5642
5642
5638
5638
5637
5787
5638
5638
5638
6147
6147
5639
5644
5644
5640
5640
5640
5641
5882
5882
5642
5642
5642
5644
5644
5643
5644
5644
5644
5645
5656
5656
5889
5889
5646
5646
5646
6155
6155
5648
5648
5647
6159
6159
5791
5648
5648
5648
5654
5654
5649
5650
5650
5650
5651
5651
5654
5651
5652
5652
5652
5655
5655
5653
5798
5654
5654
5654
5655
5656
5656
5656
5895
5895
5657
5660
5660
5658
5658
5658
5667
5667
5659
5660
5660
5660
5664
5661
6163
6163
5805
5662
5662
5662
5664
5664
5666
5666
5663
5808
5664
5664
5664
5665
5668
5668
5903
5903
5666
5666
5666
6169
6169
5667
5668
5668
5668
5907
5907
5669
5910
5910
5670
5670
5670
5672
5672
5674
5674
5671
5672
5672
5672
5679
5679
5673
6175
6175
5919
5919
5674
5674
5674
5676
5676
5675
5678
5678
5813
5676
5676
5676
6177
6177
5677
5680
5678
5678
5678
5819
5679
5680
5680
5680
5681
6193
6193
5833
5833
5682
5682
5682
5690
5688
5688
5683
5692
5692
5684
5684
5684
5685
5685
5685
5686
5686
5686
5929
5929
5687
5687
5687
5931
5931
5688
5688
5688
6195
6195
5689
5836
5836
5690
5690
5690
5692
5692
5691
5692
5692
5692
5693
5696
5696
5694
5694
5694
5845
5845
5697
5695
5704
5704
5696
5696
5696
5697
5847
5847
5698
5698
5698
6205
6205
5700
5700
5699
6207
6207
5937
5937
5700
5700
5700
5702
5702
5701
5942
5942
5702
5702
5702
5704
5704
5703
5704
5704
5704
5705
5706
5706
5706
5707
5707
5716
5716
5707
5708
5708
5708
5709
5709
5709
5710
5710
5710
5853
5853
5711
5711
5855
5855
5712
5712
5712
6213
6213
5714
5714
5713
6215
6215
5947
5947
5714
5714
5714
5716
5716
5715
5950
5950
5716
5716
5716
5717
5864
5864
5718
5718
5718
5722
5722
5720
5719
6221
6221
5865
5865
5720
5720
5720
5726
5726
5721
5722
5722
5722
5723
5723
5723
5724
5724
5724
5727
5727
5725
5728
5728
5957
5957
5726
5726
5726
6225
6225
5727
5728
5728
5728
5959
5959
5729
5926
5926
5730
5730
5730
5738
5738
5734
5731
5736
5736
5879
5879
5732
5732
6241
6241
5734
5734
5733
6243
6243
5927
5927
5734
5734
5734
5735
5740
5736
5736
5736
5883
5883
5737
5738
5738
5739
5739
5739
5740
5740
5740
5741
5892
5892
5742
5742
5742
5750
5744
5744
5743
6253
6253
5893
5893
5744
5744
5746
5746
5745
5748
5939
5939
5746
5746
5746
6255
6255
5747
5752
5752
5748
5748
5748
5943
5943
5749
5750
5750
5750
5751
5751
5751
5752
5752
5753
5754
5754
5754
5755
5755
5762
5755
5756
5756
5757
5757
5757
5758
5758
5758
5945
5945
5759
5759
5951
5951
5760
5760
5760
6257
6257
5764
5764
5761
5898
5898
5762
5762
5762
5764
5764
5763
6259
6259
5899
5899
5764
5764
5765
5766
5766
5767
5767
5770
5770
5767
5768
5768
5768
5775
5769
5962
5962
5770
5770
5770
5772
5771
6271
6271
5963
5963
5772
5772
5772
5774
5774
5773
5776
5776
5913
5913
5774
5774
6275
6275
5775
5776
5776
5776
5917
5917
5777
5786
5778
5778
5778
5779
5779
5779
5780
5780
5780
5973
5973
5783
5783
5781
6289
6289
6141
6141
5782
5782
5782
5788
5788
5784
5784
5783
5975
5975
5784
5784
5784
6291
6291
5785
5786
5786
5786
5788
5788
5787
6148
6148
5788
5788
5788
5789
5792
5792
6157
6157
5790
5790
5790
6301
6301
5796
5796
5791
5798
5798
5792
5792
5792
6159
6159
5793
5986
5986
5794
5794
5794
5800
5800
5796
5796
5795
6303
6303
5987
5987
5796
5796
5796
5797
5800
5798
5798
5798
5799
5800
5800
5800
5801
5806
5806
6161
6161
5802
5802
5802
6305
6305
5810
5810
5803
5804
5804
5804
5807
5812
5812
5805
5808
5808
5806
5806
5806
6163
6163
5807
5808
5808
5808
5809
6315
6315
5995
5995
5810
5810
5810
5812
5812
5811
5998
5998
5812
5812
5812
5813
6178
6178
5814
5814
5814
5820
5820
5824
5824
5815
5818
5818
5816
5816
5816
6005
6005
5821
5821
5817
5820
5818
5818
5818
5819
5820
5820
5820
5821
6011
6011
5822
5822
5822
6323
6323
5824
5824
5823
6325
6325
6181
6181
5824
5824
5824
5825
5826
5826
5826
5835
5835
5828
5828
5827
6118
6118
5828
5828
5828
5830
5830
5829
6329
6329
6121
6121
5830
5830
5832
5832
5831
5834
5834
6185
6185
5832
5832
5832
6337
6337
5833
5836
5836
5834
5834
5834
6193
6193
5835
5836
5836
5837
6341
6341
6197
6197
5838
5838
5838
5848
5848
5840
5840
5839
5842
5842
6113
6113
5840
5840
6343
6343
5841
5844
5844
5842
5842
5842
6115
6115
5843
5846
5846
5844
5844
5844
5845
5846
5846
5848
5848
5847
6206
6206
5848
5848
5848
5849
5854
5854
5850
5850
5850
5859
5859
5851
6353
6353
6209
6209
5852
5852
5852
5856
5856
5858
5858
5853
5854
5854
5856
5856
5855
6214
6214
5856
5856
5856
5857
5860
5860
6125
6125
5858
5858
6357
6357
5859
5860
5860
5860
6131
6131
5861
5862
5862
5862
5863
5863
5872
5872
5863
5864
5864
5865
5865
5865
5866
5866
5866
6221
6221
5867
5867
5867
6223
6223
5868
5868
5868
6365
6365
5870
5870
5869
6367
6367
6127
6127
5870
5870
5872
5872
5871
6130
6130
5872
5872
5872
5873
6433
6433
6237
5874
5874
5880
5880
5876
5876
5875
5878
5878
6143
6143
5876
5876
5876
6435
6435
5877
5882
5882
5878
5878
5878
6145
6145
5879
6242
5880
5880
5880
5884
5884
5881
5884
5884
5882
5882
5882
5883
5884
5884
5884
5885
5894
5894
6249
5886
5886
5886
6443
6443
5888
5888
5887
6447
6447
6151
6151
5888
5888
5888
5890
5890
5889
6156
6156
5890
5890
5890
5896
5896
5891
5896
5896
5892
5892
5892
5893
5893
5893
5894
5894
5894
6253
5895
5896
5896
5897
5908
5908
5898
5898
5898
5899
5899
5899
5900
5900
5900
6259
5901
5901
5901
6261
5902
5902
5902
6453
6453
5906
5906
5903
6170
6170
5904
5904
5904
5908
5908
5906
5906
5905
6455
6455
6171
6171
5906
5906
5906
5907
5908
5908
5909
5918
5918
5910
5910
5910
5919
5919
5911
6465
6465
6273
5912
5912
5914
5914
5916
5916
5913
6276
5914
5914
5914
5918
5918
5915
5920
5920
6173
6173
5916
5916
5916
6467
6467
5917
5918
5918
5918
5919
5920
5920
5920
6175
6175
5921
5928
5928
6239
6239
5922
5922
5922
6479
6479
5924
5924
5923
6481
6481
6187
6187
5924
5924
5924
5932
5925
5930
5930
5926
5926
5926
5927
5927
5928
5928
5928
6243
6243
5929
5930
5930
5932
5932
5931
6196
6196
5932
5932
5932
5933
5938
6203
6203
5934
5934
5934
6493
6493
5936
5936
5935
6495
6495
6251
6251
5936
5936
5940
5940
5937
5942
5942
5938
5938
5938
6207
6207
5939
6256
6256
5940
5940
5940
5944
5941
5944
5944
5942
5942
5942
5943
5944
5944
5944
5945
5946
5946
5946
5949
5949
5952
5947
5950
5950
5948
5948
5948
6215
6215
5953
5949
5950
5950
5950
5951
6258
6258
5952
5952
5952
5956
5956
5953
6217
6217
5954
5954
5954
6501
6501
5956
5956
5955
6503
6503
6267
6267
5956
5956
5957
6226
6226
5958
5958
5958
5960
5960
5966
5959
5960
5960
5961
5961
5961
5962
5962
5962
5963
5963
5964
5964
5964
6271
6271
5967
5967
5965
6513
6513
6227
6227
5966
5966
5966
5968
5968
5967
6279
6279
5968
5968
5968
6515
6515
5969
6377
6377
6283
6283
5970
5970
5970
5976
5976
5972
5971
5978
5978
6019
6019
5972
5972
5972
6383
6383
5973
5974
5974
5974
5979
5976
5976
5975
6292
6292
5976
5976
5977
5980
5980
5978
5978
5978
6027
6027
5979
5980
5980
5980
5981
5988
5988
6297
6297
5982
5982
5982
6389
6389
5984
5983
6395
6395
6031
6031
5984
5984
5984
5992
5992
5985
5990
5986
5986
5986
5987
5987
5987
5988
5988
5988
6303
6303
5989
5990
5990
5990
5992
5992
5991
6040
6040
5992
5992
5993
5996
5996
6313
6313
5994
5994
5994
6405
6405
6000
5995
5998
5998
5996
5996
5996
6315
6315
5997
6004
5998
5998
5998
5999
6407
6407
6045
6045
6000
6000
6000
6002
6002
6001
6048
6048
6002
6002
6004
6004
6003
6004
6004
6004
6005
6006
6006
6006
6007
6012
6012
6007
6008
6008
6008
6015
6015
6009
6415
6415
6317
6317
6010
6010
6010
6012
6012
6014
6011
6324
6324
6012
6012
6013
6016
6016
6053
6053
6014
6014
6014
6421
6421
6015
6016
6016
6016
6057
6057
6017
6026
6026
6018
6018
6018
6069
6069
6023
6023
6019
6384
6384
6020
6020
6020
6028
6028
6022
6022
6021
6523
6387
6387
6022
6022
6022
6024
6024
6023
6073
6073
6024
6024
6024
6525
6025
6026
6026
6026
6028
6028
6027
6028
6028
6029
6032
6032
6393
6393
6030
6030
6030
6533
6036
6036
6031
6040
6040
6032
6032
6032
6395
6395
6033
6078
6078
6034
6034
6034
6037
6037
6036
6036
6035
6539
6079
6079
6036
6036
6037
6038
6038
6038
6039
6039
6039
6040
6040
6040
6041
6545
6091
6091
6042
6042
6050
6050
6044
6044
6043
6046
6046
6401
6401
6044
6044
6044
6547
6045
6048
6048
6046
6046
6046
6407
6407
6047
6052
6052
6048
6048
6048
6049
6100
6100
6050
6050
6050
6051
6051
6051
6052
6052
6052
6053
6422
6422
6054
6054
6054
6058
6058
6056
6056
6055
6565
6423
6423
6056
6056
6056
6060
6060
6057
6058
6058
6062
6062
6059
6064
6064
6109
6109
6060
6060
6060
6567
6061
6062
6062
6062
6063
6063
6063
6064
6064
6064
6111
6111
6065
6070
6070
6066
6066
6066
6067
6067
6067
6068
6068
6089
6071
6071
6069
6070
6070
6070
6074
6074
6071
6093
6072
6072
6072
6581
6581
6076
6076
6073
6526
6526
6074
6074
6076
6076
6075
6589
6589
6531
6531
6076
6076
6076
6077
6088
6088
6078
6078
6078
6079
6079
6079
6080
6080
6539
6539
6081
6081
6081
6543
6543
6082
6082
6082
6593
6593
6084
6084
6083
6597
6597
6101
6084
6084
6084
6086
6086
6085
6106
6086
6086
6088
6088
6087
6088
6088
6088
6089
6090
6090
6098
6098
6094
6094
6091
6100
6100
6092
6092
6545
6545
6095
6095
6093
6582
6582
6094
6094
6094
6096
6096
6095
6551
6551
6096
6096
6096
6585
6585
6097
6098
6098
6098
6099
6099
6099
6100
6100
6100
6101
6106
6106
6102
6102
6102
6597
6597
6104
6104
6103
6601
6601
6561
6561
6104
6104
6104
6110
6110
6105
6108
6108
6106
6106
6107
6112
6112
6108
6108
6108
6109
6568
6568
6110
6110
6112
6112
6111
6112
6112
6112
6113
6344
6114
6114
6114
6116
6116
6120
6120
6115
6116
6116
6116
6117
6117
6118
6118
6118
6121
6121
6119
6571
6571
6347
6120
6120
6120
6124
6121
6122
6122
6122
6329
6123
6123
6123
6331
6124
6124
6124
6573
6573
6125
6358
6126
6126
6126
6132
6132
6134
6134
6127
6130
6130
6128
6128
6128
6367
6135
6135
6129
6132
6130
6130
6130
6131
6132
6132
6132
6133
6605
6605
6359
6134
6134
6134
6136
6135
6371
6136
6136
6136
6607
6607
6137
6142
6142
6287
6287
6138
6138
6138
6621
6621
6140
6140
6139
6623
6623
6431
6431
6140
6140
6144
6144
6141
6148
6148
6142
6142
6142
6289
6289
6143
6436
6436
6144
6144
6144
6146
6146
6145
6146
6146
6146
6147
6147
6147
6148
6148
6149
6152
6152
6445
6445
6150
6150
6631
6631
6154
6154
6151
6156
6156
6152
6152
6152
6447
6447
6153
6635
6635
6295
6295
6154
6154
6154
6158
6158
6155
6160
6160
6156
6156
6156
6157
6302
6302
6158
6158
6158
6160
6160
6159
6160
6160
6161
6306
6306
6162
6162
6162
6164
6164
6166
6166
6163
6164
6164
6169
6169
6165
6637
6637
6309
6309
6166
6166
6166
6168
6168
6167
6172
6172
6449
6449
6168
6168
6643
6643
6169
6170
6170
6170
6171
6171
6171
6172
6172
6172
6455
6455
6173
6468
6468
6174
6174
6174
6176
6176
6180
6180
6175
6176
6176
6176
6177
6177
6177
6178
6178
6181
6181
6179
6649
6649
6469
6469
6180
6180
6184
6184
6181
6182
6182
6182
6325
6325
6183
6183
6183
6327
6327
6184
6184
6184
6659
6659
6185
6338
6338
6186
6186
6186
6194
6194
6192
6187
6196
6188
6188
6188
6481
6481
6189
6189
6189
6483
6483
6190
6190
6190
6669
6669
6192
6192
6191
6671
6671
6339
6339
6192
6192
6192
6193
6194
6194
6194
6195
6195
6195
6196
6196
6196
6197
6206
6206
6198
6198
6198
6341
6341
6201
6199
6677
6677
6487
6487
6200
6200
6200
6204
6204
6202
6202
6201
6351
6351
6202
6202
6202
6679
6679
6203
6494
6494
6204
6204
6204
6208
6205
6208
6208
6206
6206
6206
6207
6208
6208
6208
6209
6214
6214
6210
6210
6210
6353
6353
6211
6211
6355
6355
6212
6212
6212
6685
6685
6220
6220
6213
6216
6216
6214
6214
6214
6215
6216
6216
6216
6218
6217
6502
6502
6218
6218
6218
6220
6220
6219
6693
6693
6505
6505
6220
6220
6220
6221
6222
6222
6222
6225
6225
6224
6224
6223
6366
6366
6224
6224
6224
6230
6225
6226
6226
6226
6227
6227
6228
6228
6228
6513
6513
6231
6231
6229
6705
6705
6375
6375
6230
6230
6230
6232
6232
6231
6519
6519
6232
6232
6232
6707
6707
6233
6238
6238
6425
6425
6234
6234
6234
6711
6711
6236
6236
6235
6717
6717
6475
6475
6236
6236
6236
6240
6240
6237
6242
6242
6238
6238
6238
6433
6433
6239
6480
6480
6240
6240
6244
6244
6241
6244
6244
6242
6242
6242
6243
6244
6244
6244
6245
6725
6725
6441
6441
6246
6246
6246
6250
6250
6248
6248
6247
6252
6252
6491
6491
6248
6248
6248
6727
6727
6249
6444
6444
6250
6250
6254
6254
6251
6256
6256
6252
6252
6252
6495
6495
6253
6254
6254
6254
6255
6255
6255
6256
6256
6256
6257
6260
6260
6258
6258
6258
6267
6267
6259
6260
6260
6260
6262
6262
6261
6454
6454
6262
6262
6264
6264
6263
6735
6735
6457
6457
6264
6264
6264
6266
6266
6265
6268
6268
6497
6497
6266
6266
6266
6741
6741
6267
6268
6268
6268
6503
6503
6269
6274
6274
6461
6461
6270
6270
6270
6745
6745
6278
6278
6271
6272
6272
6272
6275
6275
6280
6280
6273
6276
6276
6274
6274
6274
6465
6465
6275
6276
6276
6276
6277
6755
6755
6511
6511
6278
6278
6278
6280
6280
6279
6516
6516
6280
6280
6281
6759
6615
6615
6282
6282
6288
6288
6286
6286
6283
6292
6292
6284
6284
6284
6377
6377
6285
6285
6285
6379
6379
6286
6286
6286
6761
6287
6622
6622
6288
6288
6288
6290
6290
6289
6290
6290
6290
6291
6291
6291
6292
6292
6292
6293
6296
6296
6633
6633
6294
6294
6294
6773
6300
6300
6295
6302
6302
6296
6296
6296
6635
6635
6297
6390
6390
6298
6298
6298
6304
6304
6300
6300
6299
6775
6391
6391
6300
6300
6300
6301
6304
6304
6302
6302
6302
6303
6304
6304
6305
6316
6316
6306
6306
6306
6309
6309
6307
6781
6403
6403
6308
6308
6308
6314
6314
6312
6312
6309
6310
6310
6310
6637
6637
6311
6311
6311
6641
6641
6312
6312
6312
6787
6313
6406
6406
6314
6314
6314
6316
6316
6315
6316
6316
6317
6324
6324
6318
6318
6318
6415
6415
6319
6319
6319
6417
6417
6320
6320
6320
6801
6322
6322
6321
6803
6657
6657
6322
6322
6328
6328
6323
6326
6326
6324
6324
6324
6325
6326
6326
6326
6328
6328
6327
6660
6660
6328
6328
6328
6329
6330
6330
6330
6337
6337
6332
6332
6331
6574
6574
6332
6332
6332
6336
6333
6340
6340
6667
6667
6334
6334
6334
6861
6336
6336
6335
6863
6577
6577
6336
6336
6336
6337
6338
6338
6338
6339
6339
6340
6340
6340
6671
6671
6341
6342
6342
6342
6343
6343
6352
6343
6344
6344
6344
6347
6347
6345
6348
6569
6569
6346
6346
6346
6865
6350
6350
6347
6348
6348
6348
6571
6571
6349
6867
6673
6673
6350
6350
6350
6352
6352
6351
6680
6680
6352
6352
6352
6353
6354
6354
6354
6357
6357
6356
6355
6686
6686
6356
6356
6356
6362
6362
6357
6358
6358
6358
6359
6359
6359
6360
6360
6360
6605
6605
6363
6361
6885
6689
6689
6362
6362
6362
6364
6364
6363
6611
6611
6364
6364
6364
6887
6365
6368
6368
6366
6366
6366
6375
6367
6368
6368
6368
6372
6372
6369
6891
6603
6603
6370
6370
6370
6372
6374
6374
6371
6608
6608
6372
6372
6372
6373
6376
6376
6701
6701
6374
6374
6374
6899
6375
6376
6376
6376
6705
6705
6377
6378
6378
6378
6383
6380
6380
6379
6762
6762
6380
6380
6382
6382
6381
6805
6805
6765
6765
6382
6382
6382
6386
6383
6384
6384
6384
6387
6387
6385
6388
6388
6521
6521
6386
6386
6386
6813
6813
6387
6388
6388
6523
6523
6389
6396
6390
6390
6390
6391
6391
6391
6392
6392
6775
6775
6397
6397
6393
6534
6534
6394
6394
6396
6396
6400
6400
6395
6396
6396
6396
6397
6777
6777
6398
6398
6398
6817
6817
6400
6399
6823
6823
6535
6535
6400
6400
6400
6401
6548
6548
6402
6402
6408
6408
6410
6410
6403
6406
6406
6404
6404
6781
6781
6411
6411
6405
6408
6406
6406
6406
6407
6408
6408
6408
6409
6833
6833
6553
6553
6410
6410
6410
6412
6411
6791
6791
6412
6412
6412
6835
6835
6413
6843
6843
6793
6793
6414
6414
6414
6418
6418
6420
6415
6416
6416
6416
6421
6418
6418
6417
6802
6802
6418
6418
6419
6424
6424
6563
6563
6420
6420
6420
6851
6851
6421
6422
6422
6422
6423
6423
6423
6424
6424
6565
6565
6425
6712
6712
6426
6426
6426
6434
6434
6428
6428
6427
6953
6713
6713
6428
6428
6428
6430
6430
6429
6432
6432
6619
6430
6430
6955
6431
6436
6436
6432
6432
6432
6623
6433
6434
6434
6435
6435
6435
6436
6436
6436
6437
6961
6625
6438
6438
6446
6446
6440
6440
6439
6442
6442
6721
6721
6440
6440
6440
6963
6441
6444
6444
6442
6442
6442
6725
6725
6443
6448
6448
6444
6444
6445
6632
6446
6446
6446
6448
6448
6447
6448
6448
6448
6449
6644
6450
6450
6450
6456
6456
6452
6452
6451
6973
6645
6452
6452
6460
6460
6453
6456
6456
6454
6454
6457
6457
6455
6456
6456
6456
6457
6458
6458
6458
6735
6735
6459
6459
6459
6737
6737
6460
6460
6460
6983
6461
6746
6746
6462
6462
6462
6466
6466
6464
6464
6463
6985
6749
6749
6464
6464
6464
6472
6472
6465
6466
6466
6467
6467
6467
6468
6468
6468
6469
6469
6469
6470
6470
6470
6649
6471
6471
6471
6651
6472
6472
6993
6473
7001
6661
6661
6474
6474
6474
6484
6478
6478
6475
6480
6480
6476
6476
6476
6717
6717
6477
6477
6477
6719
6719
6478
6478
6478
7003
6479
6482
6482
6480
6480
6480
6481
6482
6482
6482
6484
6484
6483
6670
6670
6484
6484
6484
6485
6488
6675
6675
6486
6486
6486
7009
6490
6490
6487
6494
6494
6488
6488
6488
6677
6677
6489
7011
6723
6723
6490
6490
6490
6492
6492
6491
6728
6728
6492
6492
6492
6496
6496
6493
6496
6496
6494
6494
6494
6495
6496
6496
6496
6497
6742
6742
6498
6498
6498
6504
6504
6500
6500
6499
7029
6743
6743
6500
6500
6500
6508
6508
6501
6504
6504
6502
6502
6502
6505
6505
6503
6504
6504
6504
6505
6506
6506
6506
6693
6693
6507
6507
6695
6695
6508
6508
6508
7031
6509
6512
6512
6753
6753
6510
6510
6510
7039
6518
6518
6511
6516
6516
6512
6512
6512
6755
6755
6513
6514
6514
6514
6515
6515
6520
6520
6515
6516
6516
6516
6517
7043
6703
6703
6518
6518
6518
6520
6519
6708
6708
6520
6520
6520
6521
6814
6814
6522
6522
6522
6524
6524
6528
6528
6523
6524
6524
6524
6525
6525
6525
6526
6526
6526
6531
6531
6527
6909
6909
6815
6815
6528
6528
6530
6530
6529
6532
6532
6587
6587
6530
6530
6530
6911
6911
6531
6532
6532
6532
6589
6589
6533
6540
6540
6534
6534
6534
6535
6535
6535
6536
6536
6536
6823
6823
6537
6537
6537
6825
6825
6538
6538
6538
6915
6915
6542
6542
6539
6540
6540
6544
6544
6541
6921
6921
6591
6591
6542
6542
6542
6544
6544
6543
6594
6594
6544
6544
6544
6545
6546
6546
6547
6547
6552
6552
6547
6548
6548
6548
6553
6553
6549
6931
6931
6583
6583
6550
6550
6550
6552
6552
6556
6556
6551
6586
6586
6552
6552
6552
6553
6554
6554
6554
6833
6833
6555
6555
6555
6837
6837
6556
6556
6556
6933
6933
6557
6945
6945
6849
6849
6558
6558
6564
6564
6560
6560
6559
6562
6562
6599
6599
6560
6560
6560
6947
6947
6561
6568
6568
6562
6562
6562
6601
6601
6563
6852
6852
6564
6564
6564
6566
6566
6565
6566
6566
6566
6567
6567
6567
6568
6568
6568
6569
6866
6866
6570
6570
6572
6576
6571
6572
6572
6573
6573
6574
6574
6577
6575
6578
6853
6853
6576
6576
6873
6873
6577
6578
6578
6863
6863
6579
6929
6929
6903
6903
6580
6580
6588
6588
6584
6584
6581
6590
6590
6582
6582
6585
6585
6583
6586
6586
6584
6584
6584
6931
6931
6585
6586
6586
6586
6587
6912
6912
6588
6588
6588
6590
6590
6589
6590
6590
6590
6591
6594
6594
6592
6592
6592
6921
6921
6595
6595
6593
6598
6598
6594
6594
6594
6595
6923
6923
6596
6596
6943
6943
6600
6600
6597
6598
6598
6602
6602
6599
6948
6948
6600
6600
6600
6602
6602
6601
6602
6602
6602
6603
6608
6604
6604
6891
6891
6610
6605
6606
6606
6607
6612
6607
6608
6608
6609
6895
6895
6883
6883
6610
6610
6612
6611
6888
6888
6612
6612
6613
6616
6616
6757
6757
6614
6614
6614
7045
7045
6618
6618
6615
6622
6622
6616
6616
6759
6759
6617
7047
7047
6949
6618
6618
6618
6620
6620
6619
6956
6620
6620
6624
6624
6621
6624
6624
6622
6622
6622
6623
6624
6624
6624
6625
6632
6632
6626
6626
6961
6627
6627
6627
6967
6628
6628
6628
7063
7063
6630
6630
6629
7067
7067
6771
6771
6630
6630
6630
6634
6634
6631
6636
6636
6632
6632
6632
6633
6774
6774
6634
6634
6636
6636
6635
6636
6636
6636
6637
6638
6638
6638
6643
6643
6642
6642
6639
7075
7075
6785
6785
6640
6640
6640
6642
6642
6648
6648
6641
6788
6788
6642
6642
6643
6644
6644
6644
6645
6645
6645
6646
6646
6973
6647
6647
6647
6977
6648
6648
6648
7079
7079
6649
6650
6650
6650
6659
6659
6652
6652
6651
6994
6652
6652
6654
6654
6653
7089
7089
6995
6654
6654
6654
6656
6656
6655
6658
6658
6799
6799
6656
6656
6656
7091
7091
6657
6660
6660
6658
6658
6803
6803
6659
6660
6660
6660
6661
6670
6670
6662
6662
7001
7001
6663
6663
6663
7007
7007
6664
6664
6664
7097
7097
6666
6666
6665
7103
7103
6859
6859
6666
6666
6666
6668
6668
6667
6862
6862
6668
6668
6672
6672
6669
6672
6672
6670
6670
6670
6671
6672
6672
6672
6673
6680
6680
6674
6674
6867
6867
6681
6681
6675
7010
7010
6676
6676
6678
6678
6684
6684
6677
6678
6678
6678
6679
6679
6679
6680
6680
6680
6681
6871
6871
6682
6682
6682
7113
7113
6684
6684
6683
7115
7115
7019
7019
6684
6684
6684
6685
6694
6694
6686
6686
6686
6689
6689
6687
6690
6690
6879
6879
6688
6688
6688
7123
7123
6692
6692
6689
6690
6690
6885
6885
6691
7125
7125
7021
7021
6692
6692
6692
6696
6696
6693
6694
6694
6694
6696
6696
6695
7032
7032
6696
6696
6697
7137
7137
6897
6897
6698
6698
6698
6702
6702
6700
6700
6699
6704
6704
7041
7041
6700
6700
6700
7139
7139
6701
6900
6900
6702
6702
6706
6706
6703
6708
6708
6704
6704
7043
7043
6705
6706
6706
6706
6707
6707
6707
6708
6708
6708
6709
6714
6714
6951
6951
6710
6710
6710
7261
7261
6716
6716
6711
6718
6718
6712
6712
6712
6713
6713
6713
6714
6714
6953
6953
6715
7267
7267
6999
6999
6716
6716
6716
6720
6720
6717
6718
6718
6718
6720
6720
6719
7004
7004
6720
6720
6721
6964
6964
6722
6722
6726
6726
6730
6730
6723
6728
6728
6724
6724
7011
7011
6731
6731
6725
6726
6726
6726
6727
6727
6727
6728
6728
6728
6729
7277
7277
6971
6971
6730
6730
6730
6732
6732
6731
7013
7013
6732
6732
6732
7279
7279
6733
7291
7291
6981
6981
6734
6734
6734
6738
6738
6740
6740
6735
6736
6736
6736
6741
6741
6738
6738
6737
6984
6984
6738
6738
6739
6744
6744
7023
7023
6740
6740
6740
7293
7293
6741
6742
6742
6742
6743
6743
6743
6744
6744
7029
7029
6745
6756
6756
6746
6746
6746
6749
6749
6747
7299
7299
7037
7037
6748
6748
6748
6754
6754
6752
6752
6749
6750
6750
6985
6985
6751
6751
6751
6987
6987
6752
6752
6752
7301
7301
6753
7040
7040
6754
6754
6756
6756
6755
6756
6756
6756
6757
7046
7046
6758
6758
6758
6760
6760
6764
6764
6759
6760
6760
6761
6761
6761
6762
6762
6762
6765
6765
6763
7189
7189
7049
7049
6764
6764
6764
6768
6768
6765
6766
6766
6766
6805
6805
6767
6767
6767
6807
6807
6768
6768
6768
7191
7191
6769
6772
6772
7065
7065
6770
6770
6770
7203
7203
6780
6780
6771
6774
6774
6772
6772
6772
7067
7067
6773
6776
6776
6774
6774
6774
6775
6776
6776
6776
6778
6778
6777
6818
6818
6778
6778
6778
6780
6780
6779
7209
7209
6819
6819
6780
6780
6781
6782
6782
6782
6787
6787
6792
6792
6783
6786
6786
7073
7073
6784
6784
6784
7215
7215
6790
6790
6785
6788
6788
6786
6786
6786
7075
7075
6787
6788
6788
6788
6789
7221
7221
6829
6829
6790
6790
6792
6792
6791
6836
6836
6792
6792
6792
6793
6802
6802
6794
6794
6794
6843
6843
6795
6795
6795
6847
6847
6796
6796
6796
7229
7229
6798
6798
6797
7233
7233
7085
7085
6798
6798
6798
6800
6800
6799
7092
7092
6800
6800
6800
6804
6804
6801
6804
6804
6802
6802
6802
6803
6804
6804
6805
6806
6806
6806
6813
6808
6808
6807
7192
7192
6808
6808
6810
6810
6809
6812
7141
7141
6810
6810
6810
7193
7193
6811
6816
6816
6905
6905
6812
6812
6812
7147
7147
6813
6814
6814
6814
6815
6815
6815
6816
6816
6816
6909
6909
6817
6824
6818
6818
6818
6819
6819
6819
6820
6820
6820
7209
7209
6822
6822
6821
7211
7211
7159
7159
6822
6822
6822
6828
6823
6824
6824
6824
6826
6826
6825
6916
6916
6826
6826
6828
6828
6827
7163
7163
6917
6917
6828
6828
6828
6829
6836
6836
6830
6830
6830
7221
7221
6832
6832
6831
7223
7223
7173
7173
6832
6832
6832
6840
6833
6834
6834
6834
6835
6838
6838
6835
6836
6836
6836
6837
6934
6934
6838
6838
6840
6840
6839
7175
7175
6935
6935
6840
6840
6840
6841
6850
6850
6937
6937
6842
6842
6842
7177
7177
6845
6843
6844
6844
6844
6851
6848
6848
6845
7187
7187
6846
6846
6846
7227
7227
6848
6848
6847
7230
7230
6848
6848
6849
6852
6852
6850
6850
6850
6945
6945
6851
6852
6852
6852
6853
6874
6854
6854
6854
6864
6856
6856
6855
7245
7245
6875
6856
6856
6856
6858
6858
6857
6860
7101
7101
6858
6858
6858
7247
7247
6859
6862
6862
6860
6860
6860
7103
7103
6861
6864
6864
6862
6862
6862
6863
6864
6864
6864
6865
6868
6868
6866
6866
6866
6873
6867
6868
6868
6868
6872
6872
6869
7241
7241
7107
7107
6870
6870
6870
6872
6876
6876
6871
7114
7114
6872
6872
6872
6873
6874
6874
6874
6875
6875
6875
6876
6876
6876
7245
7245
6877
7257
7257
7121
7121
6878
6878
6878
6880
6882
6882
6879
7124
7124
6880
6880
6880
6886
6886
6881
6884
6884
6893
6882
6882
6882
7259
7259
6883
6888
6884
6884
6884
6895
6885
6886
6886
6886
6887
6887
6887
6888
6888
6888
6889
6898
7133
7133
6890
6890
6890
7253
7253
6894
6894
6891
6892
6892
6892
6899
6899
6896
6893
7260
7260
6894
6894
6894
6896
6896
6895
6896
6896
6896
6897
6900
6900
6898
6898
6898
7137
7137
6899
6900
6900
6900
6901
6904
6904
6925
6902
6902
6902
7309
7309
6908
6903
6912
6912
6904
6904
6904
6929
6905
7148
7148
6906
6906
6906
6910
6910
6908
6908
6907
7317
7317
7149
7149
6908
6908
6908
6909
6910
6910
6910
6911
6911
6911
6912
6912
6912
6913
6918
6918
7161
7161
6914
6914
6914
7329
7329
6920
6915
6922
6922
6916
6916
6916
6917
6917
6917
6918
6918
6918
7163
7163
6919
7331
7331
6941
6920
6920
6920
6924
6924
6921
6922
6922
6922
6924
6924
6923
6944
6924
6924
6924
6925
7310
7310
6926
6926
6926
6930
6930
6928
6927
6936
6936
7167
7167
6928
6928
6928
7315
7315
6929
6930
6930
6930
6932
6932
6931
6932
6932
6932
6933
6933
6933
6934
6934
6934
6935
6935
6935
6936
6936
6936
7175
7175
6937
7178
7178
6938
6938
6938
6946
6946
6940
6940
6939
7325
7325
7179
7179
6940
6940
6940
6942
6941
6944
6944
6942
6942
6942
7331
7331
6943
6948
6948
6944
6944
6944
6945
6946
6946
6946
6947
6947
6947
6948
6948
6948
6949
6956
6956
6950
6950
6950
7047
7047
6957
6957
6951
7262
7262
6952
6952
6952
6954
6954
6960
6960
6953
6954
6954
6954
6955
6955
6955
6956
6956
6957
7053
7053
6958
6958
6958
7333
7333
6960
6960
6959
7339
7339
7269
7269
6960
6960
6961
6962
6962
6963
6963
6968
6968
6963
6964
6964
6964
6971
6971
6965
7345
7345
7057
7057
6966
6966
6966
6968
6968
6970
6970
6967
7064
7064
6968
6968
6968
6969
6972
6972
7275
7275
6970
6970
7351
7351
6971
6972
6972
6972
7277
7277
6973
6974
6974
6983
6983
6978
6978
6975
7365
7365
7077
7077
6976
6976
6976
6978
6978
6980
6980
6977
7080
7080
6978
6978
6978
6979
6982
6982
7289
7289
6980
6980
7367
7367
6981
6984
6984
6982
6982
6982
7291
7291
6983
6984
6984
6984
6985
6986
6986
6986
6993
6993
6988
6988
6987
7302
7302
6988
6988
6988
6990
6990
6989
7369
7369
7303
7303
6990
6990
6992
6992
6991
6996
6996
7083
7083
6992
6992
6992
7375
7375
6993
6994
6994
6995
6995
6995
6996
6996
6996
7089
7089
6997
7000
7000
7265
7265
6998
6998
6998
7385
7385
7006
7006
6999
7004
7004
7000
7000
7000
7267
7267
7001
7002
7002
7002
7003
7003
7008
7003
7004
7004
7004
7005
7389
7389
7093
7093
7006
7006
7006
7008
7008
7007
7098
7098
7008
7008
7008
7009
7012
7012
7010
7010
7010
7019
7011
7012
7012
7012
7014
7014
7013
7280
7280
7014
7014
7014
7016
7016
7015
7393
7393
7281
7281
7016
7016
7016
7018
7018
7017
7020
7020
7111
7111
7018
7018
7018
7403
7403
7019
7020
7020
7020
7115
7115
7021
7032
7022
7022
7022
7125
7125
7025
7025
7023
7294
7294
7024
7024
7024
7030
7030
7028
7028
7025
7127
7127
7026
7026
7026
7413
7413
7028
7028
7027
7415
7415
7295
7295
7028
7028
7028
7029
7030
7030
7030
7031
7031
7031
7032
7032
7032
7033
7038
7038
7297
7297
7034
7034
7034
7423
7423
7036
7036
7035
7425
7425
7135
7135
7036
7036
7036
7042
7042
7037
7040
7040
7038
7038
7038
7299
7299
7039
7044
7044
7040
7040
7040
7041
7140
7140
7042
7042
7042
7044
7043
7044
7044
7044
7045
7048
7048
7046
7046
7046
7049
7049
7047
7048
7048
7054
7054
7049
7050
7050
7050
7189
7189
7051
7051
7051
7197
7197
7052
7052
7477
7477
7056
7056
7053
7334
7334
7054
7054
7054
7056
7056
7055
7485
7485
7335
7335
7056
7056
7056
7057
7064
7064
7058
7058
7058
7345
7345
7059
7059
7059
7347
7347
7060
7060
7060
7489
7489
7062
7062
7061
7491
7491
7201
7201
7062
7062
7066
7066
7063
7068
7068
7064
7064
7065
7204
7204
7066
7066
7066
7068
7068
7067
7068
7068
7068
7069
7078
7078
7357
7357
7070
7070
7070
7501
7501
7072
7072
7071
7507
7507
7213
7213
7072
7072
7074
7074
7073
7216
7216
7074
7074
7074
7076
7076
7075
7076
7076
7076
7079
7079
7077
7080
7080
7078
7078
7078
7365
7365
7079
7080
7080
7081
7515
7515
7373
7373
7082
7082
7082
7084
7084
7088
7088
7083
7376
7376
7084
7084
7084
7090
7090
7085
7092
7092
7086
7086
7086
7233
7233
7087
7087
7087
7235
7235
7088
7088
7519
7519
7089
7090
7090
7091
7091
7091
7092
7092
7092
7093
7098
7098
7094
7094
7094
7389
7389
7095
7095
7391
7391
7096
7096
7096
7437
7437
7100
7100
7097
7104
7104
7098
7098
7098
7099
7439
7439
7239
7239
7100
7100
7100
7102
7102
7101
7248
7248
7102
7102
7102
7104
7103
7104
7104
7104
7105
7449
7449
7401
7401
7106
7106
7106
7112
7110
7110
7107
7114
7108
7108
7108
7241
7241
7109
7109
7109
7243
7243
7110
7110
7110
7451
7451
7111
7404
7404
7112
7112
7112
7116
7116
7113
7116
7116
7114
7114
7114
7115
7116
7116
7116
7117
7455
7455
7411
7411
7118
7118
7118
7128
7120
7120
7119
7122
7122
7255
7255
7120
7120
7120
7459
7459
7121
7124
7122
7122
7122
7257
7257
7123
7126
7126
7124
7124
7124
7125
7126
7126
7126
7128
7128
7127
7414
7414
7128
7128
7128
7129
7136
7419
7419
7130
7130
7130
7467
7467
7132
7132
7131
7471
7471
7251
7251
7132
7132
7132
7134
7134
7133
7254
7254
7134
7134
7134
7138
7135
7140
7140
7136
7136
7136
7425
7425
7137
7138
7138
7138
7139
7139
7139
7140
7140
7140
7141
7194
7194
7142
7142
7142
7147
7146
7146
7143
7152
7533
7533
7144
7144
7144
7575
7575
7146
7146
7145
7577
7577
7195
7195
7146
7146
7146
7147
7148
7148
7148
7149
7149
7149
7150
7150
7150
7317
7317
7151
7151
7151
7319
7319
7152
7152
7152
7535
7535
7153
7160
7160
7207
7207
7154
7154
7154
7587
7587
7156
7156
7155
7589
7589
7539
7539
7156
7156
7156
7158
7157
7541
7541
7321
7321
7158
7158
7158
7162
7162
7159
7164
7160
7160
7160
7211
7211
7161
7330
7330
7162
7162
7162
7164
7164
7163
7164
7164
7164
7165
7555
7555
7313
7313
7166
7166
7166
7168
7168
7170
7167
7316
7316
7168
7168
7168
7176
7176
7169
7599
7599
7559
7559
7170
7170
7170
7172
7172
7171
7174
7174
7217
7217
7172
7172
7172
7601
7601
7173
7176
7174
7174
7174
7223
7223
7175
7176
7176
7176
7177
7188
7178
7178
7178
7179
7179
7179
7180
7180
7180
7325
7325
7181
7181
7181
7327
7327
7182
7182
7182
7569
7569
7183
7183
7571
7571
7184
7184
7184
7615
7615
7186
7186
7185
7617
7617
7225
7225
7186
7186
7186
7188
7188
7187
7228
7228
7188
7188
7188
7189
7190
7190
7190
7191
7191
7198
7198
7191
7192
7192
7192
7193
7193
7193
7194
7194
7194
7195
7195
7195
7196
7196
7196
7577
7577
7200
7197
7478
7198
7198
7198
7200
7200
7199
7581
7581
7479
7200
7200
7200
7201
7204
7204
7202
7202
7202
7491
7205
7205
7203
7210
7210
7204
7204
7204
7205
7495
7206
7206
7206
7585
7585
7208
7207
7588
7588
7208
7208
7208
7212
7212
7209
7210
7210
7210
7212
7212
7211
7212
7212
7212
7213
7216
7216
7214
7214
7214
7507
7219
7219
7215
7222
7222
7216
7216
7216
7217
7602
7602
7218
7218
7218
7224
7224
7220
7219
7509
7220
7220
7220
7603
7603
7221
7222
7222
7222
7224
7224
7223
7224
7224
7224
7225
7228
7228
7226
7226
7226
7617
7617
7232
7227
7230
7230
7228
7228
7228
7229
7234
7234
7230
7230
7230
7231
7619
7619
7517
7232
7232
7232
7236
7236
7233
7234
7234
7234
7236
7236
7235
7520
7236
7236
7236
7237
7240
7240
7435
7435
7238
7238
7447
7447
7244
7244
7239
7248
7248
7240
7240
7240
7439
7439
7241
7242
7242
7242
7246
7246
7244
7244
7243
7452
7452
7244
7244
7244
7245
7246
7246
7247
7247
7247
7248
7248
7248
7249
7469
7469
7457
7457
7250
7250
7256
7256
7252
7252
7251
7254
7254
7252
7252
7252
7471
7471
7253
7260
7260
7254
7254
7254
7255
7460
7460
7256
7256
7256
7258
7258
7257
7258
7258
7258
7259
7259
7259
7260
7260
7261
7268
7268
7262
7262
7262
7269
7269
7263
7625
7625
7383
7383
7264
7264
7264
7266
7266
7272
7272
7265
7386
7386
7266
7266
7268
7268
7267
7268
7268
7268
7269
7270
7270
7270
7339
7271
7271
7271
7341
7272
7272
7272
7629
7629
7273
7633
7633
7349
7274
7274
7274
7276
7276
7284
7284
7275
7352
7276
7276
7278
7278
7277
7278
7278
7278
7279
7279
7279
7280
7280
7280
7281
7281
7281
7282
7282
7282
7393
7393
7283
7283
7283
7399
7399
7284
7284
7284
7637
7637
7285
7653
7653
7363
7286
7286
7286
7290
7290
7288
7288
7287
7296
7296
7407
7407
7288
7288
7288
7655
7655
7289
7368
7290
7290
7292
7292
7291
7292
7292
7292
7293
7293
7293
7294
7294
7294
7295
7295
7295
7296
7296
7296
7415
7415
7297
7424
7424
7298
7298
7300
7300
7308
7308
7299
7300
7300
7300
7301
7301
7301
7302
7302
7302
7303
7303
7303
7304
7304
7304
7369
7305
7305
7305
7371
7306
7306
7306
7659
7659
7308
7308
7307
7661
7661
7427
7427
7308
7308
7308
7309
7318
7318
7310
7310
7315
7315
7311
7549
7549
7525
7525
7312
7312
7320
7320
7314
7314
7313
7316
7316
7314
7314
7314
7555
7555
7315
7316
7316
7316
7317
7318
7318
7318
7320
7320
7319
7536
7536
7320
7320
7320
7321
7330
7330
7322
7322
7322
7541
7541
7323
7323
7323
7543
7543
7324
7324
7567
7567
7328
7328
7325
7326
7326
7326
7332
7332
7328
7328
7327
7570
7570
7328
7328
7328
7329
7332
7332
7330
7330
7330
7331
7332
7332
7333
7340
7340
7334
7334
7334
7335
7335
7335
7336
7336
7336
7485
7485
7337
7337
7337
7487
7487
7338
7338
7338
7725
7725
7344
7344
7339
7340
7340
7342
7342
7341
7630
7630
7342
7342
7342
7344
7344
7343
7727
7727
7631
7631
7344
7344
7344
7345
7346
7346
7346
7351
7351
7348
7348
7347
7490
7490
7348
7348
7348
7356
7356
7349
7352
7352
7350
7350
7350
7633
7633
7353
7353
7351
7352
7352
7352
7353
7639
7639
7354
7354
7354
7729
7729
7356
7356
7355
7731
7731
7493
7493
7356
7356
7357
7502
7502
7358
7358
7358
7366
7366
7360
7360
7359
7741
7741
7503
7503
7360
7360
7362
7362
7361
7364
7364
7647
7647
7362
7362
7362
7747
7747
7363
7368
7368
7364
7364
7364
7653
7653
7365
7366
7366
7366
7367
7367
7367
7368
7368
7368
7369
7370
7370
7375
7375
7372
7372
7371
7660
7660
7372
7372
7372
7378
7378
7373
7376
7376
7374
7374
7374
7515
7515
7379
7379
7375
7376
7376
7376
7377
7755
7755
7667
7667
7378
7378
7378
7380
7380
7379
7521
7521
7380
7380
7380
7757
7757
7381
7384
7623
7623
7382
7382
7382
7671
7671
7388
7388
7383
7386
7386
7384
7384
7384
7625
7625
7385
7390
7390
7386
7386
7386
7387
7673
7673
7429
7429
7388
7388
7392
7392
7389
7390
7390
7390
7392
7391
7438
7438
7392
7392
7392
7393
7394
7394
7403
7403
7400
7400
7395
7402
7402
7445
7445
7396
7396
7396
7685
7685
7398
7398
7397
7687
7687
7635
7635
7398
7398
7398
7400
7399
7638
7638
7400
7400
7400
7401
7404
7402
7402
7402
7449
7449
7403
7404
7404
7404
7405
7695
7695
7651
7651
7406
7406
7406
7408
7410
7410
7407
7656
7656
7408
7408
7408
7416
7416
7409
7412
7412
7453
7453
7410
7410
7410
7697
7697
7411
7414
7412
7412
7412
7455
7455
7413
7416
7416
7414
7414
7414
7415
7416
7416
7417
7705
7705
7465
7465
7418
7418
7420
7420
7422
7422
7419
7468
7468
7420
7420
7420
7426
7421
7428
7657
7657
7422
7422
7422
7711
7711
7423
7426
7426
7424
7424
7424
7427
7427
7425
7426
7426
7426
7427
7428
7428
7428
7661
7661
7429
7438
7438
7430
7430
7430
7673
7673
7431
7431
7431
7675
7675
7432
7432
7432
7769
7769
7434
7434
7433
7771
7771
7443
7434
7434
7434
7436
7436
7435
7448
7436
7436
7436
7440
7437
7440
7440
7438
7438
7438
7439
7440
7440
7440
7441
7765
7765
7681
7681
7442
7442
7442
7446
7446
7444
7444
7443
7448
7448
7444
7444
7444
7771
7771
7445
7686
7686
7446
7446
7446
7450
7450
7447
7452
7448
7448
7448
7449
7450
7450
7450
7451
7451
7451
7452
7452
7452
7453
7698
7698
7454
7454
7454
7456
7456
7464
7464
7455
7456
7456
7456
7459
7459
7457
7460
7458
7458
7458
7469
7461
7461
7459
7460
7460
7460
7461
7473
7462
7462
7462
7797
7797
7464
7464
7463
7805
7805
7701
7701
7464
7464
7464
7465
7468
7468
7466
7466
7466
7705
7705
7475
7475
7467
7472
7472
7468
7468
7468
7469
7470
7470
7470
7472
7474
7474
7471
7472
7472
7472
7473
7798
7798
7474
7474
7474
7476
7476
7475
7707
7707
7476
7476
7476
7801
7801
7477
7486
7486
7478
7478
7478
7479
7479
7479
7480
7480
7480
7581
7581
7481
7481
7583
7583
7482
7482
7482
7815
7815
7484
7484
7483
7819
7819
7721
7721
7484
7484
7484
7488
7488
7485
7486
7486
7486
7488
7488
7487
7726
7726
7488
7488
7488
7489
7492
7492
7490
7490
7490
7493
7493
7491
7492
7492
7492
7496
7496
7493
7494
7494
7494
7731
7731
7499
7499
7495
7586
7586
7496
7496
7496
7498
7497
7821
7821
7591
7591
7498
7498
7498
7500
7500
7499
7733
7733
7500
7500
7500
7823
7823
7501
7508
7508
7502
7502
7502
7503
7503
7503
7504
7504
7504
7741
7741
7505
7505
7505
7743
7743
7506
7506
7506
7833
7833
7512
7512
7507
7508
7508
7508
7510
7510
7509
7604
7604
7510
7510
7510
7512
7511
7841
7841
7605
7605
7512
7512
7512
7513
7518
7611
7611
7514
7514
7514
7845
7845
7524
7524
7515
7516
7516
7516
7519
7519
7522
7522
7517
7520
7520
7518
7518
7518
7619
7619
7519
7520
7520
7520
7521
7758
7758
7522
7522
7522
7524
7524
7523
7851
7851
7759
7759
7524
7524
7524
7525
7536
7536
7526
7526
7526
7549
7527
7527
7527
7551
7528
7528
7528
7777
7777
7529
7529
7779
7779
7530
7530
7530
7859
7532
7532
7531
7863
7573
7573
7532
7532
7532
7534
7534
7533
7576
7576
7534
7534
7534
7535
7535
7536
7536
7536
7537
7791
7791
7563
7538
7538
7538
7544
7544
7546
7539
7542
7540
7540
7540
7589
7589
7547
7547
7541
7542
7542
7542
7544
7544
7543
7568
7544
7544
7544
7545
7871
7793
7793
7546
7546
7546
7548
7548
7547
7595
7595
7548
7548
7548
7873
7549
7550
7550
7550
7556
7556
7552
7552
7551
7778
7778
7552
7552
7552
7554
7553
7885
7781
7781
7554
7554
7554
7558
7558
7555
7556
7556
7556
7559
7557
7560
7560
7597
7597
7558
7558
7558
7889
7559
7560
7560
7560
7599
7599
7561
7564
7789
7789
7562
7562
7562
7895
7566
7566
7563
7568
7568
7564
7564
7564
7791
7791
7565
7897
7609
7609
7566
7566
7566
7572
7572
7567
7570
7570
7568
7568
7568
7569
7572
7570
7570
7570
7571
7616
7616
7572
7572
7572
7573
7576
7576
7574
7574
7863
7863
7580
7580
7575
7578
7578
7576
7576
7576
7577
7578
7578
7578
7582
7582
7579
7867
7867
7811
7811
7580
7580
7580
7584
7584
7581
7582
7582
7584
7584
7583
7816
7816
7584
7584
7584
7585
7588
7588
7586
7586
7591
7591
7587
7590
7590
7588
7588
7588
7589
7590
7590
7590
7596
7596
7591
7592
7592
7592
7821
7821
7593
7593
7593
7829
7829
7594
7594
7594
7869
7869
7596
7596
7595
7874
7874
7596
7596
7597
7890
7890
7598
7598
7600
7600
7608
7608
7599
7600
7600
7600
7601
7601
7601
7602
7602
7602
7603
7603
7603
7604
7604
7605
7605
7605
7606
7606
7606
7841
7841
7607
7607
7607
7843
7843
7608
7608
7608
7891
7891
7609
7616
7616
7610
7610
7897
7897
7614
7614
7611
7846
7846
7612
7612
7612
7620
7620
7614
7614
7613
7899
7899
7847
7847
7614
7614
7614
7615
7618
7618
7616
7616
7616
7617
7618
7618
7618
7620
7620
7619
7620
7620
7621
7905
7905
7669
7669
7622
7622
7624
7624
7628
7628
7623
7672
7672
7624
7624
7624
7626
7625
7626
7626
7626
7629
7629
7627
7632
7723
7723
7628
7628
7628
7915
7915
7629
7630
7630
7631
7631
7631
7632
7632
7632
7727
7727
7633
7634
7634
7637
7637
7640
7640
7635
7638
7636
7636
7636
7687
7687
7641
7641
7637
7638
7638
7638
7639
7730
7730
7640
7640
7640
7644
7641
7691
7691
7642
7642
7925
7925
7644
7644
7643
7927
7927
7739
7739
7644
7644
7644
7645
7929
7929
7745
7745
7646
7646
7646
7648
7650
7650
7647
7748
7748
7648
7648
7648
7654
7654
7649
7652
7652
7693
7693
7650
7650
7931
7931
7651
7656
7652
7652
7652
7695
7695
7653
7654
7654
7655
7655
7655
7656
7656
7656
7657
7712
7712
7658
7658
7658
7662
7664
7664
7659
7662
7662
7660
7660
7667
7667
7661
7662
7662
7662
7663
7943
7943
7715
7715
7664
7664
7666
7666
7665
7668
7753
7753
7666
7666
7666
7945
7945
7667
7668
7668
7668
7755
7755
7669
7672
7672
7670
7670
7670
7905
7679
7679
7671
7674
7674
7672
7672
7672
7673
7674
7674
7676
7676
7675
7770
7770
7676
7676
7676
7678
7678
7677
7953
7953
7773
7773
7678
7678
7678
7680
7680
7679
7909
7680
7680
7680
7959
7959
7681
7686
7686
7682
7682
7682
7765
7765
7683
7683
7683
7767
7767
7684
7684
7684
7965
7965
7690
7690
7685
7688
7688
7686
7686
7686
7687
7688
7688
7688
7692
7692
7689
7975
7975
7923
7690
7690
7692
7692
7691
7926
7692
7692
7692
7693
7932
7694
7694
7694
7696
7696
7700
7700
7695
7696
7696
7696
7697
7697
7697
7698
7698
7698
7701
7701
7699
7979
7979
7939
7700
7700
7704
7704
7701
7702
7702
7702
7805
7805
7703
7703
7703
7807
7807
7704
7704
7704
7983
7983
7705
7706
7706
7711
7711
7708
7708
7707
7802
7802
7708
7708
7708
7710
7710
7709
7991
7991
7803
7803
7710
7710
7710
7714
7714
7711
7712
7712
7712
7715
7715
7713
7716
7716
7941
7714
7714
7714
7995
7995
7715
7716
7716
7716
7943
7717
8033
8033
7913
7913
7718
7718
7724
7724
7720
7720
7719
7722
7817
7817
7720
7720
7720
8035
8035
7721
7726
7726
7722
7722
7722
7819
7819
7723
7916
7916
7724
7724
7724
7728
7725
7728
7728
7726
7726
7726
7727
7728
7728
7728
7729
7732
7732
7730
7730
7730
7739
7731
7732
7732
7734
7734
7733
7824
7824
7734
7734
7734
7736
7735
8037
8037
7825
7825
7736
7736
7736
7738
7738
7737
7740
7740
7917
7917
7738
7738
7738
8045
8045
7739
7740
7740
7740
7927
7927
7741
7742
7742
7747
7747
7744
7744
7743
7834
7834
7744
7744
7744
7752
7745
7748
7746
7746
7746
7929
7929
7749
7749
7747
7748
7748
7748
7749
7933
7933
7750
7750
7750
8049
8049
7752
7752
7751
8051
8051
7837
7837
7752
7752
7752
7753
7946
7946
7754
7754
7754
7756
7764
7764
7755
7756
7756
7756
7757
7757
7757
7758
7758
7758
7759
7759
7759
7760
7760
7760
7851
7851
7761
7761
7855
7855
7762
7762
7762
8065
8065
7764
7764
7763
8067
8067
7947
7947
7764
7764
7765
7766
7766
7766
7772
7772
7768
7768
7767
7966
7966
7768
7768
7768
7776
7776
7769
7772
7772
7770
7770
7770
7773
7773
7771
7772
7772
7773
7774
7774
7774
7953
7953
7775
7775
7775
7955
7955
7776
7776
7967
7967
7777
7780
7778
7778
7781
7779
7860
7860
7780
7780
7784
7781
7782
7782
7885
7885
7785
7783
8009
8009
7861
7861
7784
7784
7786
7785
7887
7887
7786
7786
8011
8011
7787
8013
8013
7893
7893
7788
7788
7790
7796
7789
7896
7896
7790
7790
7792
7791
7792
7792
7793
7793
7794
7794
7871
7871
7795
7795
7877
7877
7796
7796
8021
8021
7797
7806
7806
7798
7798
7801
7801
7799
7989
7989
7981
7981
7800
7800
7808
7808
7804
7804
7801
7802
7802
7802
7803
7803
7803
7804
7804
7804
7991
7991
7805
7806
7806
7806
7808
7808
7807
7984
7984
7808
7808
7808
7809
7812
7865
7865
7810
7810
7810
8081
8081
7814
7814
7811
7816
7816
7812
7812
7812
7867
7867
7813
8083
8083
8031
8031
7814
7814
7814
7818
7818
7815
7820
7820
7816
7816
7816
7817
8036
8036
7818
7818
7818
7820
7819
7820
7820
7820
7821
7822
7822
7822
7823
7823
7830
7830
7823
7824
7824
7824
7825
7825
7826
7826
7826
8037
8037
7827
7827
7827
8039
8039
7828
7828
7828
8089
8089
7832
7832
7829
7870
7870
7830
7830
7830
7832
7831
8093
8093
7875
7875
7832
7832
7832
7833
7842
7842
7834
7834
7834
7837
7835
8101
8101
7881
7881
7836
7836
7836
7844
7840
7840
7837
7838
7838
7838
8051
8051
7839
7839
7839
8053
8053
7840
7840
7840
8105
8105
7841
7842
7842
7842
7844
7844
7843
7892
7892
7844
7844
7844
7845
7852
7852
7846
7846
7846
7847
7847
7847
7848
7848
7848
7899
7899
7849
7849
7901
7901
7850
7850
7850
8109
8109
7854
7854
7851
7852
7852
7852
7856
7853
8119
8119
8063
8063
7854
7854
7854
7856
7856
7855
8066
8066
7856
7856
7856
7857
7862
7862
8005
7858
7858
7858
8077
8077
7866
7866
7859
7864
7864
7860
7860
7860
7861
7861
7862
7862
7862
8009
7863
7864
7864
7864
7868
7868
7865
8082
8082
7866
7866
7866
7868
7867
7868
7868
7868
7869
7874
7874
7870
7870
7870
7875
7871
7872
7872
7872
7873
7873
7878
7873
7874
7874
7874
7875
7876
7876
7876
8093
8093
7880
7880
7877
8022
7878
7878
7878
7880
7880
7879
8095
8095
8023
7880
7880
7880
7881
7892
7882
7882
7882
8101
8101
7884
7884
7883
8103
8103
8007
7884
7884
7884
7888
7888
7885
7886
7886
7886
7889
7889
7888
7887
8012
7888
7888
7888
7889
7890
7890
7890
7891
7891
7891
7892
7892
7892
7893
7896
7894
7894
7894
8013
7903
7903
7895
7898
7898
7896
7896
7896
7897
7898
7898
7898
7900
7900
7899
7900
7900
7900
7902
7901
8110
8110
7902
7902
7902
7904
7904
7903
8015
7904
7904
7904
8111
8111
7905
7906
7906
7906
7915
7915
7910
7910
7907
7914
7914
8025
8025
7908
7908
7908
8123
8123
7912
7912
7909
7960
7960
7910
7910
7912
7912
7911
8129
8129
7961
7961
7912
7912
7912
7913
7916
7916
7914
7914
7914
8033
8033
7915
7916
7916
7916
7917
8046
8046
7918
7918
7928
7928
7922
7922
7919
7924
7924
7973
7973
7920
7920
7920
8141
8141
7922
7922
7921
8143
8143
8047
8047
7922
7922
7922
7923
7926
7926
7924
7924
7924
7975
7975
7925
7928
7928
7926
7926
7926
7927
7928
7928
7928
7929
7930
7930
7930
7931
7931
7934
7934
7931
7932
7932
7932
7939
7939
7933
8050
8050
7934
7934
7936
7936
7935
8147
8147
8055
8055
7936
7936
7936
7938
7938
7937
7940
7940
7977
7977
7938
7938
7938
8151
8151
7939
7940
7940
7940
7979
7979
7941
7996
7996
7942
7942
7944
7944
7950
7950
7943
7944
7944
7944
7945
7945
7945
7946
7946
7946
7947
7947
7947
7948
7948
7948
8067
8067
7951
7951
7949
8165
8165
7999
7999
7950
7950
7950
7952
7952
7951
8071
8071
7952
7952
7952
8167
8167
7953
7954
7954
7954
7959
7959
7956
7956
7955
7968
7956
7956
7956
7958
7958
7957
8197
7969
7958
7958
7964
7964
7959
7960
7960
7961
7961
7961
7962
7962
7962
8129
8129
7963
7963
7963
8131
8131
7964
7964
7964
8199
7965
7976
7976
7966
7966
7966
7967
7967
7967
7968
7968
7968
7969
7969
7969
7970
7970
8197
7972
7972
7971
8201
8133
8133
7972
7972
7972
7974
7974
7973
8142
8142
7974
7974
7974
7976
7976
7975
7976
7976
7977
8152
8152
7978
7978
7978
7980
7980
7988
7988
7979
7980
7980
7983
7983
7981
7984
7984
7982
7982
7982
7989
7985
7985
7983
7984
7984
7984
7985
7993
7986
7986
8205
7988
7988
7987
8211
8155
8155
7988
7988
7988
7989
7990
7990
7990
7992
7992
7994
7994
7991
7992
7992
7992
7995
7995
7993
8206
7994
7994
7998
7998
7995
7996
7996
7999
7999
7997
8000
8000
8161
8161
7998
7998
7998
8215
7999
8000
8000
8000
8165
8165
8001
8008
8008
8097
8097
8002
8002
8002
8171
8171
8004
8003
8175
8175
8073
8073
8004
8004
8004
8006
8006
8005
8078
8078
8006
8006
8006
8010
8010
8007
8012
8012
8008
8008
8008
8103
8103
8009
8010
8010
8010
8011
8011
8012
8012
8012
8013
8014
8014
8014
8021
8016
8016
8015
8112
8112
8016
8016
8016
8020
8020
8017
8024
8024
8085
8085
8018
8018
8018
8181
8181
8020
8019
8183
8183
8113
8113
8020
8020
8020
8021
8022
8022
8022
8023
8023
8023
8024
8024
8024
8095
8095
8025
8124
8124
8026
8026
8026
8034
8034
8028
8028
8027
8225
8125
8125
8028
8028
8028
8030
8030
8029
8032
8079
8079
8030
8030
8030
8227
8031
8036
8036
8032
8032
8032
8083
8083
8033
8034
8034
8034
8035
8035
8035
8036
8036
8036
8037
8038
8038
8038
8045
8045
8040
8040
8039
8090
8090
8040
8040
8040
8042
8041
8237
8091
8091
8042
8042
8042
8044
8044
8043
8048
8048
8139
8139
8044
8044
8044
8239
8045
8046
8046
8046
8047
8047
8047
8048
8048
8048
8143
8143
8049
8052
8052
8050
8050
8050
8055
8055
8051
8052
8052
8052
8054
8054
8053
8106
8106
8054
8054
8054
8058
8055
8056
8056
8056
8147
8147
8059
8059
8057
8249
8107
8107
8058
8058
8058
8060
8060
8059
8149
8149
8060
8060
8060
8251
8061
8064
8117
8117
8062
8062
8062
8255
8070
8070
8063
8066
8066
8064
8064
8064
8119
8119
8065
8068
8068
8066
8066
8066
8067
8068
8068
8068
8072
8072
8069
8263
8163
8163
8070
8070
8070
8072
8072
8071
8168
8168
8072
8072
8072
8073
8078
8078
8074
8074
8074
8175
8175
8075
8075
8075
8179
8179
8076
8076
8076
8221
8221
8080
8080
8077
8082
8082
8078
8078
8079
8228
8228
8080
8080
8084
8084
8081
8084
8084
8082
8082
8082
8083
8084
8084
8084
8085
8182
8182
8086
8086
8086
8096
8096
8088
8088
8087
8229
8229
8187
8187
8088
8088
8088
8092
8092
8089
8094
8094
8090
8090
8090
8091
8091
8091
8092
8092
8237
8237
8093
8094
8094
8094
8096
8096
8095
8096
8096
8097
8172
8172
8098
8098
8098
8104
8104
8100
8100
8099
8243
8243
8173
8173
8100
8100
8100
8108
8108
8101
8102
8102
8102
8105
8105
8104
8104
8103
8104
8104
8105
8106
8106
8106
8107
8107
8107
8108
8108
8249
8249
8109
8120
8120
8110
8110
8110
8111
8111
8111
8112
8112
8113
8113
8113
8114
8114
8114
8183
8183
8115
8115
8115
8185
8185
8116
8116
8116
8253
8253
8118
8118
8117
8256
8256
8118
8118
8120
8120
8119
8120
8120
8120
8121
8126
8126
8223
8223
8122
8122
8122
8269
8269
8128
8128
8123
8130
8130
8124
8124
8124
8125
8125
8125
8126
8126
8225
8225
8127
8271
8271
8193
8193
8128
8128
8128
8132
8132
8129
8130
8130
8130
8132
8132
8131
8200
8200
8132
8132
8133
8142
8142
8134
8134
8201
8201
8135
8135
8135
8203
8203
8136
8136
8136
8281
8281
8138
8138
8137
8283
8283
8231
8231
8138
8138
8138
8140
8140
8139
8240
8240
8140
8140
8144
8144
8141
8144
8144
8142
8142
8142
8143
8144
8144
8144
8145
8289
8289
8245
8245
8146
8146
8146
8150
8150
8154
8154
8147
8148
8148
8148
8151
8151
8150
8150
8149
8252
8252
8150
8150
8151
8152
8152
8152
8155
8155
8153
8156
8156
8209
8209
8154
8154
8154
8299
8299
8155
8156
8156
8211
8211
8157
8309
8309
8213
8213
8158
8158
8158
8162
8162
8160
8160
8159
8164
8164
8261
8261
8160
8160
8160
8311
8311
8161
8216
8216
8162
8162
8166
8166
8163
8168
8168
8164
8164
8263
8263
8165
8166
8166
8166
8167
8167
8167
8168
8168
8168
8169
8174
8174
8241
8241
8170
8170
8170
8313
8313
8178
8171
8176
8172
8172
8172
8173
8173
8173
8174
8174
8174
8243
8243
8175
8176
8176
8176
8180
8180
8177
8317
8317
8217
8217
8178
8178
8178
8180
8180
8179
8222
8222
8180
8180
8180
8181
8184
8182
8182
8182
8187
8187
8183
8184
8184
8184
8186
8186
8185
8254
8254
8186
8186
8186
8192
8192
8187
8188
8188
8188
8229
8229
8189
8189
8189
8235
8235
8190
8190
8190
8331
8331
8192
8191
8335
8335
8259
8259
8192
8192
8192
8193
8200
8200
8194
8194
8194
8271
8271
8195
8195
8195
8275
8275
8196
8196
8279
8279
8204
8204
8197
8198
8198
8199
8199
8202
8202
8199
8200
8200
8200
8201
8202
8202
8202
8204
8204
8203
8282
8282
8204
8204
8204
8205
8212
8212
8206
8206
8215
8215
8207
8303
8303
8297
8297
8208
8208
8210
8210
8214
8214
8209
8300
8300
8210
8210
8210
8212
8212
8211
8212
8212
8212
8213
8216
8216
8214
8214
8214
8309
8309
8215
8216
8216
8216
8217
8222
8222
8218
8218
8218
8317
8317
8220
8220
8219
8319
8319
8267
8267
8220
8220
8220
8224
8224
8221
8228
8222
8222
8222
8223
8270
8270
8224
8224
8224
8226
8226
8225
8226
8226
8226
8227
8227
8227
8228
8228
8228
8229
8230
8230
8230
8238
8236
8236
8231
8240
8240
8232
8232
8232
8283
8283
8233
8233
8233
8287
8287
8234
8234
8234
8329
8329
8236
8236
8235
8332
8332
8236
8236
8236
8237
8238
8238
8238
8239
8239
8239
8240
8240
8240
8241
8314
8314
8242
8242
8242
8244
8244
8248
8248
8243
8244
8244
8244
8250
8245
8252
8252
8246
8246
8246
8289
8289
8247
8247
8247
8293
8293
8248
8248
8248
8323
8323
8249
8250
8250
8250
8251
8251
8251
8252
8252
8252
8253
8256
8254
8254
8254
8259
8259
8255
8264
8264
8256
8256
8256
8257
8333
8333
8307
8307
8258
8258
8258
8262
8262
8260
8260
8259
8260
8260
8260
8335
8335
8261
8312
8312
8262
8262
8262
8264
8264
8263
8264
8264
8264
8265
8268
8268
8315
8315
8266
8266
8266
8337
8337
8274
8274
8267
8270
8270
8268
8268
8268
8319
8319
8269
8272
8272
8270
8270
8270
8271
8272
8272
8272
8276
8276
8273
8343
8343
8277
8274
8274
8274
8276
8276
8275
8280
8276
8276
8277
8280
8280
8278
8278
8278
8343
8343
8286
8286
8279
8282
8282
8280
8280
8280
8281
8284
8284
8282
8282
8282
8283
8284
8284
8284
8288
8288
8285
8345
8345
8325
8325
8286
8286
8286
8288
8288
8287
8330
8330
8288
8288
8289
8290
8290
8290
8299
8299
8294
8294
8291
8339
8339
8321
8321
8292
8292
8292
8294
8294
8296
8296
8293
8324
8324
8294
8294
8295
8298
8298
8301
8296
8296
8296
8341
8341
8297
8300
8300
8298
8298
8298
8303
8299
8300
8300
8300
8301
8342
8342
8302
8302
8302
8304
8304
8306
8306
8303
8304
8304
8310
8310
8305
8308
8308
8327
8327
8306
8306
8306
8347
8347
8307
8312
8312
8308
8308
8308
8333
8333
8309
8310
8310
8310
8311
8311
8311
8312
8312
8312
8313
8318
8314
8314
8314
8323
8323
8315
8338
8338
8316
8316
8316
8320
8320
8322
8317
8318
8318
8318
8320
8320
8319
8320
8320
8321
8324
8324
8322
8322
8322
8339
8339
8323
8324
8324
8324
8325
8330
8330
8326
8326
8326
8345
8345
8328
8327
8348
8348
8328
8328
8328
8334
8334
8329
8332
8332
8330
8330
8330
8331
8336
8332
8332
8332
8333
8334
8334
8336
8336
8335
8336
8336
8336
8337
8344
8344
8338
8338
8338
8340
8339
8340
8340
8340
8341
8341
8341
8342
8342
8347
8347
8343
8344
8344
8346
8346
8345
8346
8346
8346
8348
8347
8348
8348
8348
)

// ************************************************************************* //
