solid __cutting.stl
facet normal 0 0 0
outer loop
vertex 2.500000e-01 0.000000e+00 9.375000e-01
vertex 3.125000e-01 0.000000e+00 9.375000e-01
vertex 2.500000e-01 0.000000e+00 8.750000e-01
endloop
endfacet
facet normal 0 0 0
outer loop
vertex 0.000000e+00 1.875000e-01 7.500000e-01
vertex 0.000000e+00 2.500000e-01 8.125000e-01
vertex 0.000000e+00 1.875000e-01 8.125000e-01
endloop
endfacet
facet normal 0 0 0
outer loop
vertex 0.000000e+00 3.125000e-01 0.000000e+00
vertex 0.000000e+00 3.750000e-01 0.000000e+00
vertex 0.000000e+00 3.750000e-01 6.250000e-02
endloop
endfacet
facet normal 0 0 0
outer loop
vertex 6.250000e-02 3.750000e-01 0.000000e+00
vertex 0.000000e+00 3.750000e-01 0.000000e+00
vertex 0.000000e+00 3.125000e-01 0.000000e+00
endloop
endfacet
facet normal 0 0 0
outer loop
vertex 1.000000e+00 7.500000e-01 1.000000e+00
vertex 1.000000e+00 8.125000e-01 1.000000e+00
vertex 1.000000e+00 7.500000e-01 9.375000e-01
endloop
endfacet
facet normal 0 0 0
outer loop
vertex 9.375000e-01 7.500000e-01 1.000000e+00
vertex 1.000000e+00 8.125000e-01 1.000000e+00
vertex 1.000000e+00 7.500000e-01 1.000000e+00
endloop
endfacet
facet normal 0 0 0
outer loop
vertex 1.000000e+00 5.625000e-01 6.250000e-01
vertex 1.000000e+00 6.250000e-01 6.875000e-01
vertex 1.000000e+00 6.250000e-01 6.250000e-01
endloop
endfacet
facet normal 0 0 0
outer loop
vertex 1.000000e+00 6.250000e-01 9.375000e-01
vertex 1.000000e+00 6.875000e-01 9.375000e-01
vertex 1.000000e+00 6.250000e-01 8.750000e-01
endloop
endfacet
facet normal 0 0 0
outer loop
vertex 6.250000e-02 2.500000e-01 1.000000e+00
vertex 1.250000e-01 3.125000e-01 1.000000e+00
vertex 1.250000e-01 2.500000e-01 1.000000e+00
endloop
endfacet
facet normal 0 0 0
outer loop
vertex 6.250000e-02 6.875000e-01 1.000000e+00
vertex 1.250000e-01 6.875000e-01 1.000000e+00
vertex 6.250000e-02 6.250000e-01 1.000000e+00
endloop
endfacet
facet normal 0 0 0
outer loop
vertex 7.500000e-01 9.375000e-01 0.000000e+00
vertex 8.125000e-01 9.375000e-01 0.000000e+00
vertex 8.125000e-01 1.000000e+00 0.000000e+00
endloop
endfacet
facet normal 0 0 0
outer loop
vertex 9.375000e-01 6.875000e-01 0.000000e+00
vertex 9.375000e-01 6.250000e-01 0.000000e+00
vertex 1.000000e+00 6.875000e-01 0.000000e+00
endloop
endfacet
facet normal 0 0 0
outer loop
vertex 2.500000e-01 0.000000e+00 3.125000e-01
vertex 2.500000e-01 0.000000e+00 2.500000e-01
vertex 1.875000e-01 0.000000e+00 2.500000e-01
endloop
endfacet
facet normal 0 0 0
outer loop
vertex 1.000000e+00 1.000000e+00 5.000000e-01
vertex 1.000000e+00 9.375000e-01 5.000000e-01
vertex 1.000000e+00 1.000000e+00 5.625000e-01
endloop
endfacet
facet normal 0 0 0
outer loop
vertex 1.000000e+00 1.000000e+00 5.625000e-01
vertex 9.375000e-01 1.000000e+00 5.000000e-01
vertex 1.000000e+00 1.000000e+00 5.000000e-01
endloop
endfacet
facet normal 0 0 0
outer loop
vertex 5.625000e-01 1.000000e+00 6.250000e-01
vertex 5.000000e-01 1.000000e+00 6.250000e-01
vertex 5.000000e-01 1.000000e+00 5.625000e-01
endloop
endfacet
facet normal 0 0 0
outer loop
vertex 8.750000e-01 1.000000e+00 2.500000e-01
vertex 8.125000e-01 1.000000e+00 2.500000e-01
vertex 8.125000e-01 1.000000e+00 1.875000e-01
endloop
endfacet
facet normal 0 0 0
outer loop
vertex 5.000000e-01 0.000000e+00 3.125000e-01
vertex 4.375000e-01 0.000000e+00 2.500000e-01
vertex 4.375000e-01 0.000000e+00 3.125000e-01
endloop
endfacet
facet normal 0 0 0
outer loop
vertex 6.250000e-01 0.000000e+00 1.250000e-01
vertex 6.250000e-01 0.000000e+00 6.250000e-02
vertex 5.625000e-01 0.000000e+00 6.250000e-02
endloop
endfacet
facet normal 0 0 0
outer loop
vertex 6.875000e-01 8.125000e-01 1.000000e+00
vertex 7.500000e-01 8.125000e-01 1.000000e+00
vertex 6.875000e-01 7.500000e-01 1.000000e+00
endloop
endfacet
facet normal 0 0 0
outer loop
vertex 6.250000e-01 8.750000e-01 0.000000e+00
vertex 6.875000e-01 9.375000e-01 0.000000e+00
vertex 6.250000e-01 9.375000e-01 0.000000e+00
endloop
endfacet
facet normal 0 0 0
outer loop
vertex 6.250000e-01 5.000000e-01 0.000000e+00
vertex 5.625000e-01 5.000000e-01 0.000000e+00
vertex 5.625000e-01 4.375000e-01 0.000000e+00
endloop
endfacet
facet normal 0 0 0
outer loop
vertex 9.375000e-01 8.750000e-01 0.000000e+00
vertex 9.375000e-01 8.125000e-01 0.000000e+00
vertex 1.000000e+00 8.750000e-01 0.000000e+00
endloop
endfacet
facet normal 0 0 0
outer loop
vertex 1.000000e+00 5.625000e-01 1.250000e-01
vertex 1.000000e+00 5.000000e-01 6.250000e-02
vertex 1.000000e+00 5.000000e-01 1.250000e-01
endloop
endfacet
facet normal 0 0 0
outer loop
vertex 5.000000e-01 1.000000e+00 5.000000e-01
vertex 4.375000e-01 1.000000e+00 4.375000e-01
vertex 5.000000e-01 1.000000e+00 4.375000e-01
endloop
endfacet
facet normal 0 0 0
outer loop
vertex 7.500000e-01 0.000000e+00 4.375000e-01
vertex 7.500000e-01 0.000000e+00 3.750000e-01
vertex 6.875000e-01 0.000000e+00 3.750000e-01
endloop
endfacet
facet normal 0 0 0
outer loop
vertex 1.000000e+00 5.625000e-01 2.500000e-01
vertex 1.000000e+00 6.250000e-01 2.500000e-01
vertex 1.000000e+00 5.625000e-01 1.875000e-01
endloop
endfacet
facet normal 0 0 0
outer loop
vertex 7.500000e-01 6.875000e-01 1.000000e+00
vertex 8.125000e-01 7.500000e-01 1.000000e+00
vertex 8.125000e-01 6.875000e-01 1.000000e+00
endloop
endfacet
facet normal 0 0 0
outer loop
vertex 1.250000e-01 1.000000e+00 6.250000e-01
vertex 1.250000e-01 1.000000e+00 6.875000e-01
vertex 6.250000e-02 1.000000e+00 6.250000e-01
endloop
endfacet
facet normal 0 0 0
outer loop
vertex 1.000000e+00 3.125000e-01 8.125000e-01
vertex 1.000000e+00 3.750000e-01 8.750000e-01
vertex 1.000000e+00 3.750000e-01 8.125000e-01
endloop
endfacet
facet normal 0 0 0
outer loop
vertex 8.750000e-01 9.375000e-01 0.000000e+00
vertex 9.375000e-01 9.375000e-01 0.000000e+00
vertex 9.375000e-01 1.000000e+00 0.000000e+00
endloop
endfacet
facet normal 0 0 0
outer loop
vertex 9.375000e-01 8.750000e-01 1.000000e+00
vertex 8.750000e-01 8.125000e-01 1.000000e+00
vertex 8.750000e-01 8.750000e-01 1.000000e+00
endloop
endfacet
facet normal 0 0 0
outer loop
vertex 1.000000e+00 4.375000e-01 1.875000e-01
vertex 1.000000e+00 5.000000e-01 1.875000e-01
vertex 1.000000e+00 4.375000e-01 1.250000e-01
endloop
endfacet
facet normal 0 0 0
outer loop
vertex 2.500000e-01 0.000000e+00 6.250000e-02
vertex 2.500000e-01 0.000000e+00 0.000000e+00
vertex 1.875000e-01 0.000000e+00 0.000000e+00
endloop
endfacet
facet normal 0 0 0
outer loop
vertex 2.500000e-01 0.000000e+00 0.000000e+00
vertex 2.500000e-01 6.250000e-02 0.000000e+00
vertex 1.875000e-01 0.000000e+00 0.000000e+00
endloop
endfacet
facet normal 0 0 0
outer loop
vertex 3.125000e-01 0.000000e+00 6.250000e-02
vertex 2.500000e-01 0.000000e+00 6.250000e-02
vertex 3.125000e-01 0.000000e+00 1.250000e-01
endloop
endfacet
facet normal 0 0 0
outer loop
vertex 1.000000e+00 1.250000e-01 3.125000e-01
vertex 1.000000e+00 6.250000e-02 3.125000e-01
vertex 1.000000e+00 1.250000e-01 3.750000e-01
endloop
endfacet
facet normal 0 0 0
outer loop
vertex 1.000000e+00 5.625000e-01 1.000000e+00
vertex 1.000000e+00 6.250000e-01 1.000000e+00
vertex 1.000000e+00 5.625000e-01 9.375000e-01
endloop
endfacet
facet normal 0 0 0
outer loop
vertex 1.000000e+00 6.250000e-01 1.000000e+00
vertex 1.000000e+00 5.625000e-01 1.000000e+00
vertex 9.375000e-01 5.625000e-01 1.000000e+00
endloop
endfacet
facet normal 0 0 0
outer loop
vertex 7.500000e-01 1.000000e+00 5.625000e-01
vertex 8.125000e-01 1.000000e+00 5.625000e-01
vertex 8.125000e-01 1.000000e+00 6.250000e-01
endloop
endfacet
facet normal 0 0 0
outer loop
vertex 1.000000e+00 4.375000e-01 1.875000e-01
vertex 1.000000e+00 3.750000e-01 1.875000e-01
vertex 1.000000e+00 4.375000e-01 2.500000e-01
endloop
endfacet
facet normal 0 0 0
outer loop
vertex 0.000000e+00 1.875000e-01 3.125000e-01
vertex 0.000000e+00 2.500000e-01 3.750000e-01
vertex 0.000000e+00 1.875000e-01 3.750000e-01
endloop
endfacet
facet normal 0 0 0
outer loop
vertex 0.000000e+00 5.000000e-01 3.125000e-01
vertex 0.000000e+00 5.625000e-01 3.125000e-01
vertex 0.000000e+00 5.625000e-01 3.750000e-01
endloop
endfacet
facet normal 0 0 0
outer loop
vertex 8.125000e-01 5.625000e-01 1.000000e+00
vertex 8.125000e-01 5.000000e-01 1.000000e+00
vertex 7.500000e-01 5.000000e-01 1.000000e+00
endloop
endfacet
facet normal 0 0 0
outer loop
vertex 0.000000e+00 8.750000e-01 5.000000e-01
vertex 0.000000e+00 9.375000e-01 5.625000e-01
vertex 0.000000e+00 8.750000e-01 5.625000e-01
endloop
endfacet
facet normal 0 0 0
outer loop
vertex 6.250000e-02 1.000000e+00 4.375000e-01
vertex 0.000000e+00 1.000000e+00 4.375000e-01
vertex 0.000000e+00 1.000000e+00 3.750000e-01
endloop
endfacet
facet normal 0 0 0
outer loop
vertex 0.000000e+00 1.000000e+00 4.375000e-01
vertex 0.000000e+00 9.375000e-01 3.750000e-01
vertex 0.000000e+00 1.000000e+00 3.750000e-01
endloop
endfacet
facet normal 0 0 0
outer loop
vertex 7.500000e-01 3.750000e-01 0.000000e+00
vertex 8.125000e-01 3.750000e-01 0.000000e+00
vertex 8.125000e-01 4.375000e-01 0.000000e+00
endloop
endfacet
facet normal 0 0 0
outer loop
vertex 6.875000e-01 1.000000e+00 8.125000e-01
vertex 6.250000e-01 1.000000e+00 8.125000e-01
vertex 6.250000e-01 1.000000e+00 7.500000e-01
endloop
endfacet
facet normal 0 0 0
outer loop
vertex 5.000000e-01 3.750000e-01 1.000000e+00
vertex 5.000000e-01 4.375000e-01 1.000000e+00
vertex 5.625000e-01 4.375000e-01 1.000000e+00
endloop
endfacet
facet normal 0 0 0
outer loop
vertex 0.000000e+00 7.500000e-01 0.000000e+00
vertex 0.000000e+00 8.125000e-01 6.250000e-02
vertex 0.000000e+00 7.500000e-01 6.250000e-02
endloop
endfacet
facet normal 0 0 0
outer loop
vertex 1.000000e+00 6.875000e-01 6.875000e-01
vertex 1.000000e+00 6.875000e-01 6.250000e-01
vertex 1.000000e+00 6.250000e-01 6.250000e-01
endloop
endfacet
facet normal 0 0 0
outer loop
vertex 0.000000e+00 1.250000e-01 9.375000e-01
vertex 0.000000e+00 1.250000e-01 1.000000e+00
vertex 0.000000e+00 6.250000e-02 9.375000e-01
endloop
endfacet
facet normal 0 0 0
outer loop
vertex 1.000000e+00 9.375000e-01 1.250000e-01
vertex 1.000000e+00 9.375000e-01 6.250000e-02
vertex 1.000000e+00 8.750000e-01 6.250000e-02
endloop
endfacet
facet normal 0 0 0
outer loop
vertex 9.375000e-01 9.375000e-01 1.000000e+00
vertex 8.750000e-01 9.375000e-01 1.000000e+00
vertex 9.375000e-01 1.000000e+00 1.000000e+00
endloop
endfacet
facet normal 0 0 0
outer loop
vertex 9.375000e-01 6.875000e-01 0.000000e+00
vertex 8.750000e-01 6.250000e-01 0.000000e+00
vertex 9.375000e-01 6.250000e-01 0.000000e+00
endloop
endfacet
facet normal 0 0 0
outer loop
vertex 9.375000e-01 5.625000e-01 0.000000e+00
vertex 9.375000e-01 5.000000e-01 0.000000e+00
vertex 1.000000e+00 5.625000e-01 0.000000e+00
endloop
endfacet
facet normal 0 0 0
outer loop
vertex 1.000000e+00 6.250000e-01 6.250000e-02
vertex 1.000000e+00 6.875000e-01 6.250000e-02
vertex 1.000000e+00 6.250000e-01 0.000000e+00
endloop
endfacet
facet normal 0 0 0
outer loop
vertex 1.000000e+00 2.500000e-01 3.750000e-01
vertex 1.000000e+00 1.875000e-01 3.750000e-01
vertex 1.000000e+00 2.500000e-01 4.375000e-01
endloop
endfacet
facet normal 0 0 0
outer loop
vertex 5.000000e-01 1.000000e+00 8.750000e-01
vertex 4.375000e-01 1.000000e+00 8.125000e-01
vertex 5.000000e-01 1.000000e+00 8.125000e-01
endloop
endfacet
facet normal 0 0 0
outer loop
vertex 6.250000e-02 1.000000e+00 7.500000e-01
vertex 1.250000e-01 1.000000e+00 8.125000e-01
vertex 6.250000e-02 1.000000e+00 8.125000e-01
endloop
endfacet
facet normal 0 0 0
outer loop
vertex 3.750000e-01 0.000000e+00 5.000000e-01
vertex 3.125000e-01 0.000000e+00 5.000000e-01
vertex 3.750000e-01 0.000000e+00 5.625000e-01
endloop
endfacet
facet normal 0 0 0
outer loop
vertex 6.250000e-01 1.000000e+00 8.125000e-01
vertex 5.625000e-01 1.000000e+00 8.125000e-01
vertex 5.625000e-01 1.000000e+00 7.500000e-01
endloop
endfacet
facet normal 0 0 0
outer loop
vertex 7.500000e-01 1.000000e+00 7.500000e-01
vertex 8.125000e-01 1.000000e+00 8.125000e-01
vertex 7.500000e-01 1.000000e+00 8.125000e-01
endloop
endfacet
facet normal 0 0 0
outer loop
vertex 8.125000e-01 1.000000e+00 6.875000e-01
vertex 7.500000e-01 1.000000e+00 6.250000e-01
vertex 8.125000e-01 1.000000e+00 6.250000e-01
endloop
endfacet
facet normal 0 0 0
outer loop
vertex 8.750000e-01 7.500000e-01 1.000000e+00
vertex 8.750000e-01 8.125000e-01 1.000000e+00
vertex 9.375000e-01 8.125000e-01 1.000000e+00
endloop
endfacet
facet normal 0 0 0
outer loop
vertex 1.000000e+00 8.750000e-01 9.375000e-01
vertex 1.000000e+00 9.375000e-01 1.000000e+00
vertex 1.000000e+00 9.375000e-01 9.375000e-01
endloop
endfacet
facet normal 0 0 0
outer loop
vertex 5.625000e-01 1.000000e+00 5.625000e-01
vertex 5.000000e-01 1.000000e+00 5.000000e-01
vertex 5.625000e-01 1.000000e+00 5.000000e-01
endloop
endfacet
facet normal 0 0 0
outer loop
vertex 1.000000e+00 6.875000e-01 9.375000e-01
vertex 1.000000e+00 6.875000e-01 1.000000e+00
vertex 1.000000e+00 7.500000e-01 1.000000e+00
endloop
endfacet
facet normal 0 0 0
outer loop
vertex 1.000000e+00 6.875000e-01 1.000000e+00
vertex 9.375000e-01 6.875000e-01 1.000000e+00
vertex 1.000000e+00 7.500000e-01 1.000000e+00
endloop
endfacet
facet normal 0 0 0
outer loop
vertex 6.250000e-01 5.625000e-01 1.000000e+00
vertex 5.625000e-01 5.000000e-01 1.000000e+00
vertex 5.625000e-01 5.625000e-01 1.000000e+00
endloop
endfacet
facet normal 0 0 0
outer loop
vertex 1.000000e+00 9.375000e-01 8.125000e-01
vertex 1.000000e+00 1.000000e+00 8.125000e-01
vertex 1.000000e+00 9.375000e-01 7.500000e-01
endloop
endfacet
facet normal 0 0 0
outer loop
vertex 7.500000e-01 1.000000e+00 6.250000e-01
vertex 7.500000e-01 1.000000e+00 5.625000e-01
vertex 8.125000e-01 1.000000e+00 6.250000e-01
endloop
endfacet
facet normal 0 0 0
outer loop
vertex 9.375000e-01 1.000000e+00 6.250000e-01
vertex 8.750000e-01 1.000000e+00 6.250000e-01
vertex 8.750000e-01 1.000000e+00 5.625000e-01
endloop
endfacet
facet normal 0 0 0
outer loop
vertex 5.625000e-01 1.000000e+00 7.500000e-01
vertex 5.000000e-01 1.000000e+00 6.875000e-01
vertex 5.625000e-01 1.000000e+00 6.875000e-01
endloop
endfacet
facet normal 0 0 0
outer loop
vertex 5.625000e-01 6.875000e-01 1.000000e+00
vertex 6.250000e-01 6.875000e-01 1.000000e+00
vertex 5.625000e-01 6.250000e-01 1.000000e+00
endloop
endfacet
facet normal 0 0 0
outer loop
vertex 7.500000e-01 6.875000e-01 1.000000e+00
vertex 7.500000e-01 6.250000e-01 1.000000e+00
vertex 6.875000e-01 6.250000e-01 1.000000e+00
endloop
endfacet
facet normal 0 0 0
outer loop
vertex 1.000000e+00 1.875000e-01 6.875000e-01
vertex 1.000000e+00 2.500000e-01 6.875000e-01
vertex 1.000000e+00 1.875000e-01 6.250000e-01
endloop
endfacet
facet normal 0 0 0
outer loop
vertex 1.000000e+00 5.000000e-01 6.875000e-01
vertex 1.000000e+00 5.000000e-01 7.500000e-01
vertex 1.000000e+00 5.625000e-01 7.500000e-01
endloop
endfacet
facet normal 0 0 0
outer loop
vertex 8.750000e-01 5.000000e-01 1.000000e+00
vertex 8.125000e-01 5.000000e-01 1.000000e+00
vertex 8.750000e-01 5.625000e-01 1.000000e+00
endloop
endfacet
facet normal 0 0 0
outer loop
vertex 1.000000e+00 6.250000e-01 6.250000e-02
vertex 1.000000e+00 6.250000e-01 1.250000e-01
vertex 1.000000e+00 6.875000e-01 1.250000e-01
endloop
endfacet
facet normal 0 0 0
outer loop
vertex 7.500000e-01 8.750000e-01 1.000000e+00
vertex 6.875000e-01 8.125000e-01 1.000000e+00
vertex 6.875000e-01 8.750000e-01 1.000000e+00
endloop
endfacet
facet normal 0 0 0
outer loop
vertex 0.000000e+00 0.000000e+00 6.250000e-01
vertex 6.250000e-02 0.000000e+00 6.875000e-01
vertex 6.250000e-02 0.000000e+00 6.250000e-01
endloop
endfacet
facet normal 0 0 0
outer loop
vertex 1.000000e+00 0.000000e+00 6.250000e-01
vertex 1.000000e+00 6.250000e-02 6.875000e-01
vertex 1.000000e+00 6.250000e-02 6.250000e-01
endloop
endfacet
facet normal 0 0 0
outer loop
vertex 1.000000e+00 7.500000e-01 9.375000e-01
vertex 1.000000e+00 6.875000e-01 9.375000e-01
vertex 1.000000e+00 7.500000e-01 1.000000e+00
endloop
endfacet
facet normal 0 0 0
outer loop
vertex 1.000000e+00 3.125000e-01 5.625000e-01
vertex 1.000000e+00 3.750000e-01 5.625000e-01
vertex 1.000000e+00 3.125000e-01 5.000000e-01
endloop
endfacet
facet normal 0 0 0
outer loop
vertex 0.000000e+00 8.750000e-01 3.125000e-01
vertex 0.000000e+00 9.375000e-01 3.750000e-01
vertex 0.000000e+00 8.750000e-01 3.750000e-01
endloop
endfacet
facet normal 0 0 0
outer loop
vertex 1.000000e+00 9.375000e-01 9.375000e-01
vertex 1.000000e+00 9.375000e-01 1.000000e+00
vertex 1.000000e+00 1.000000e+00 1.000000e+00
endloop
endfacet
facet normal 0 0 0
outer loop
vertex 1.000000e+00 9.375000e-01 1.000000e+00
vertex 9.375000e-01 9.375000e-01 1.000000e+00
vertex 1.000000e+00 1.000000e+00 1.000000e+00
endloop
endfacet
facet normal 0 0 0
outer loop
vertex 9.375000e-01 6.250000e-01 1.000000e+00
vertex 1.000000e+00 6.250000e-01 1.000000e+00
vertex 9.375000e-01 5.625000e-01 1.000000e+00
endloop
endfacet
facet normal 0 0 0
outer loop
vertex 8.125000e-01 0.000000e+00 1.250000e-01
vertex 8.750000e-01 0.000000e+00 1.875000e-01
vertex 8.750000e-01 0.000000e+00 1.250000e-01
endloop
endfacet
facet normal 0 0 0
outer loop
vertex 6.250000e-01 1.000000e+00 2.500000e-01
vertex 6.875000e-01 1.000000e+00 3.125000e-01
vertex 6.250000e-01 1.000000e+00 3.125000e-01
endloop
endfacet
facet normal 0 0 0
outer loop
vertex 3.125000e-01 0.000000e+00 7.500000e-01
vertex 3.750000e-01 0.000000e+00 8.125000e-01
vertex 3.750000e-01 0.000000e+00 7.500000e-01
endloop
endfacet
facet normal 0 0 0
outer loop
vertex 4.375000e-01 0.000000e+00 3.125000e-01
vertex 4.375000e-01 0.000000e+00 3.750000e-01
vertex 5.000000e-01 0.000000e+00 3.750000e-01
endloop
endfacet
facet normal 0 0 0
outer loop
vertex 8.750000e-01 1.000000e+00 3.750000e-01
vertex 8.125000e-01 1.000000e+00 3.750000e-01
vertex 8.125000e-01 1.000000e+00 3.125000e-01
endloop
endfacet
facet normal 0 0 0
outer loop
vertex 0.000000e+00 8.125000e-01 2.500000e-01
vertex 0.000000e+00 8.125000e-01 3.125000e-01
vertex 0.000000e+00 7.500000e-01 2.500000e-01
endloop
endfacet
facet normal 0 0 0
outer loop
vertex 1.875000e-01 1.000000e+00 1.000000e+00
vertex 1.250000e-01 1.000000e+00 9.375000e-01
vertex 1.875000e-01 1.000000e+00 9.375000e-01
endloop
endfacet
facet normal 0 0 0
outer loop
vertex 1.000000e+00 7.500000e-01 7.500000e-01
vertex 1.000000e+00 7.500000e-01 8.125000e-01
vertex 1.000000e+00 8.125000e-01 8.125000e-01
endloop
endfacet
facet normal 0 0 0
outer loop
vertex 6.875000e-01 1.000000e+00 6.250000e-01
vertex 6.875000e-01 1.000000e+00 5.625000e-01
vertex 7.500000e-01 1.000000e+00 6.250000e-01
endloop
endfacet
facet normal 0 0 0
outer loop
vertex 1.000000e+00 6.875000e-01 7.500000e-01
vertex 1.000000e+00 6.875000e-01 8.125000e-01
vertex 1.000000e+00 7.500000e-01 8.125000e-01
endloop
endfacet
facet normal 0 0 0
outer loop
vertex 0.000000e+00 8.750000e-01 2.500000e-01
vertex 0.000000e+00 8.125000e-01 2.500000e-01
vertex 0.000000e+00 8.125000e-01 1.875000e-01
endloop
endfacet
facet normal 0 0 0
outer loop
vertex 6.875000e-01 1.000000e+00 3.125000e-01
vertex 6.250000e-01 1.000000e+00 2.500000e-01
vertex 6.875000e-01 1.000000e+00 2.500000e-01
endloop
endfacet
facet normal 0 0 0
outer loop
vertex 6.875000e-01 1.000000e+00 3.125000e-01
vertex 6.875000e-01 1.000000e+00 3.750000e-01
vertex 6.250000e-01 1.000000e+00 3.125000e-01
endloop
endfacet
facet normal 0 0 0
outer loop
vertex 8.125000e-01 1.000000e+00 3.750000e-01
vertex 7.500000e-01 1.000000e+00 3.125000e-01
vertex 8.125000e-01 1.000000e+00 3.125000e-01
endloop
endfacet
facet normal 0 0 0
outer loop
vertex 8.125000e-01 3.125000e-01 1.000000e+00
vertex 7.500000e-01 3.125000e-01 1.000000e+00
vertex 8.125000e-01 3.750000e-01 1.000000e+00
endloop
endfacet
facet normal 0 0 0
outer loop
vertex 9.375000e-01 3.125000e-01 0.000000e+00
vertex 1.000000e+00 3.750000e-01 0.000000e+00
vertex 9.375000e-01 3.750000e-01 0.000000e+00
endloop
endfacet
facet normal 0 0 0
outer loop
vertex 8.750000e-01 8.125000e-01 0.000000e+00
vertex 8.125000e-01 8.125000e-01 0.000000e+00
vertex 8.125000e-01 7.500000e-01 0.000000e+00
endloop
endfacet
facet normal 0 0 0
outer loop
vertex 7.500000e-01 1.000000e+00 1.250000e-01
vertex 6.875000e-01 1.000000e+00 1.250000e-01
vertex 6.875000e-01 1.000000e+00 6.250000e-02
endloop
endfacet
facet normal 0 0 0
outer loop
vertex 9.375000e-01 1.000000e+00 5.000000e-01
vertex 1.000000e+00 1.000000e+00 5.625000e-01
vertex 9.375000e-01 1.000000e+00 5.625000e-01
endloop
endfacet
facet normal 0 0 0
outer loop
vertex 1.000000e+00 1.000000e+00 1.875000e-01
vertex 1.000000e+00 9.375000e-01 1.250000e-01
vertex 1.000000e+00 9.375000e-01 1.875000e-01
endloop
endfacet
facet normal 0 0 0
outer loop
vertex 6.250000e-01 1.000000e+00 3.125000e-01
vertex 6.250000e-01 1.000000e+00 3.750000e-01
vertex 5.625000e-01 1.000000e+00 3.125000e-01
endloop
endfacet
facet normal 0 0 0
outer loop
vertex 5.625000e-01 1.000000e+00 2.500000e-01
vertex 5.625000e-01 1.000000e+00 1.875000e-01
vertex 6.250000e-01 1.000000e+00 2.500000e-01
endloop
endfacet
facet normal 0 0 0
outer loop
vertex 6.250000e-01 1.000000e+00 4.375000e-01
vertex 6.250000e-01 1.000000e+00 3.750000e-01
vertex 6.875000e-01 1.000000e+00 4.375000e-01
endloop
endfacet
facet normal 0 0 0
outer loop
vertex 4.375000e-01 8.750000e-01 0.000000e+00
vertex 4.375000e-01 9.375000e-01 0.000000e+00
vertex 3.750000e-01 8.750000e-01 0.000000e+00
endloop
endfacet
facet normal 0 0 0
outer loop
vertex 5.000000e-01 1.000000e+00 1.875000e-01
vertex 5.000000e-01 1.000000e+00 1.250000e-01
vertex 5.625000e-01 1.000000e+00 1.875000e-01
endloop
endfacet
facet normal 0 0 0
outer loop
vertex 1.000000e+00 6.250000e-01 5.625000e-01
vertex 1.000000e+00 5.625000e-01 5.000000e-01
vertex 1.000000e+00 5.625000e-01 5.625000e-01
endloop
endfacet
facet normal 0 0 0
outer loop
vertex 1.000000e+00 1.000000e+00 5.000000e-01
vertex 9.375000e-01 1.000000e+00 5.000000e-01
vertex 9.375000e-01 1.000000e+00 4.375000e-01
endloop
endfacet
facet normal 0 0 0
outer loop
vertex 7.500000e-01 1.000000e+00 0.000000e+00
vertex 8.125000e-01 1.000000e+00 6.250000e-02
vertex 7.500000e-01 1.000000e+00 6.250000e-02
endloop
endfacet
facet normal 0 0 0
outer loop
vertex 1.000000e+00 1.000000e+00 3.750000e-01
vertex 1.000000e+00 1.000000e+00 3.125000e-01
vertex 1.000000e+00 9.375000e-01 3.125000e-01
endloop
endfacet
facet normal 0 0 0
outer loop
vertex 1.000000e+00 1.000000e+00 3.125000e-01
vertex 1.000000e+00 1.000000e+00 3.750000e-01
vertex 9.375000e-01 1.000000e+00 3.125000e-01
endloop
endfacet
facet normal 0 0 0
outer loop
vertex 1.000000e+00 8.750000e-01 6.250000e-02
vertex 1.000000e+00 8.750000e-01 0.000000e+00
vertex 1.000000e+00 8.125000e-01 0.000000e+00
endloop
endfacet
facet normal 0 0 0
outer loop
vertex 1.000000e+00 8.750000e-01 0.000000e+00
vertex 9.375000e-01 8.125000e-01 0.000000e+00
vertex 1.000000e+00 8.125000e-01 0.000000e+00
endloop
endfacet
facet normal 0 0 0
outer loop
vertex 8.125000e-01 9.375000e-01 0.000000e+00
vertex 7.500000e-01 9.375000e-01 0.000000e+00
vertex 7.500000e-01 8.750000e-01 0.000000e+00
endloop
endfacet
facet normal 0 0 0
outer loop
vertex 7.500000e-01 9.375000e-01 0.000000e+00
vertex 7.500000e-01 1.000000e+00 0.000000e+00
vertex 6.875000e-01 9.375000e-01 0.000000e+00
endloop
endfacet
facet normal 0 0 0
outer loop
vertex 6.875000e-01 1.000000e+00 1.875000e-01
vertex 7.500000e-01 1.000000e+00 1.875000e-01
vertex 7.500000e-01 1.000000e+00 2.500000e-01
endloop
endfacet
facet normal 0 0 0
outer loop
vertex 8.750000e-01 1.000000e+00 1.875000e-01
vertex 9.375000e-01 1.000000e+00 1.875000e-01
vertex 9.375000e-01 1.000000e+00 2.500000e-01
endloop
endfacet
facet normal 0 0 0
outer loop
vertex 8.750000e-01 8.750000e-01 0.000000e+00
vertex 8.750000e-01 9.375000e-01 0.000000e+00
vertex 8.125000e-01 8.750000e-01 0.000000e+00
endloop
endfacet
facet normal 0 0 0
outer loop
vertex 1.000000e+00 8.125000e-01 4.375000e-01
vertex 1.000000e+00 8.750000e-01 5.000000e-01
vertex 1.000000e+00 8.750000e-01 4.375000e-01
endloop
endfacet
facet normal 0 0 0
outer loop
vertex 6.875000e-01 1.000000e+00 1.875000e-01
vertex 6.875000e-01 1.000000e+00 1.250000e-01
vertex 7.500000e-01 1.000000e+00 1.875000e-01
endloop
endfacet
facet normal 0 0 0
outer loop
vertex 9.375000e-01 1.000000e+00 1.250000e-01
vertex 1.000000e+00 1.000000e+00 1.875000e-01
vertex 9.375000e-01 1.000000e+00 1.875000e-01
endloop
endfacet
facet normal 0 0 0
outer loop
vertex 1.000000e+00 1.875000e-01 3.750000e-01
vertex 1.000000e+00 2.500000e-01 3.750000e-01
vertex 1.000000e+00 1.875000e-01 3.125000e-01
endloop
endfacet
facet normal 0 0 0
outer loop
vertex 6.250000e-01 2.500000e-01 0.000000e+00
vertex 6.875000e-01 3.125000e-01 0.000000e+00
vertex 6.250000e-01 3.125000e-01 0.000000e+00
endloop
endfacet
facet normal 0 0 0
outer loop
vertex 1.875000e-01 0.000000e+00 6.250000e-02
vertex 1.875000e-01 0.000000e+00 1.250000e-01
vertex 2.500000e-01 0.000000e+00 1.250000e-01
endloop
endfacet
facet normal 0 0 0
outer loop
vertex 6.875000e-01 1.000000e+00 3.750000e-01
vertex 6.250000e-01 1.000000e+00 3.750000e-01
vertex 6.250000e-01 1.000000e+00 3.125000e-01
endloop
endfacet
facet normal 0 0 0
outer loop
vertex 5.625000e-01 1.000000e+00 0.000000e+00
vertex 5.000000e-01 9.375000e-01 0.000000e+00
vertex 5.625000e-01 9.375000e-01 0.000000e+00
endloop
endfacet
facet normal 0 0 0
outer loop
vertex 0.000000e+00 6.250000e-01 1.875000e-01
vertex 0.000000e+00 6.875000e-01 2.500000e-01
vertex 0.000000e+00 6.250000e-01 2.500000e-01
endloop
endfacet
facet normal 0 0 0
outer loop
vertex 1.000000e+00 6.875000e-01 8.125000e-01
vertex 1.000000e+00 6.875000e-01 8.750000e-01
vertex 1.000000e+00 7.500000e-01 8.750000e-01
endloop
endfacet
facet normal 0 0 0
outer loop
vertex 8.750000e-01 8.125000e-01 0.000000e+00
vertex 9.375000e-01 8.125000e-01 0.000000e+00
vertex 9.375000e-01 8.750000e-01 0.000000e+00
endloop
endfacet
facet normal 0 0 0
outer loop
vertex 1.000000e+00 4.375000e-01 8.750000e-01
vertex 1.000000e+00 5.000000e-01 9.375000e-01
vertex 1.000000e+00 5.000000e-01 8.750000e-01
endloop
endfacet
facet normal 0 0 0
outer loop
vertex 1.000000e+00 5.000000e-01 2.500000e-01
vertex 1.000000e+00 5.625000e-01 3.125000e-01
vertex 1.000000e+00 5.625000e-01 2.500000e-01
endloop
endfacet
facet normal 0 0 0
outer loop
vertex 5.000000e-01 1.875000e-01 0.000000e+00
vertex 5.625000e-01 2.500000e-01 0.000000e+00
vertex 5.000000e-01 2.500000e-01 0.000000e+00
endloop
endfacet
facet normal 0 0 0
outer loop
vertex 4.375000e-01 0.000000e+00 2.500000e-01
vertex 3.750000e-01 0.000000e+00 1.875000e-01
vertex 3.750000e-01 0.000000e+00 2.500000e-01
endloop
endfacet
facet normal 0 0 0
outer loop
vertex 9.375000e-01 1.000000e+00 7.500000e-01
vertex 8.750000e-01 1.000000e+00 6.875000e-01
vertex 9.375000e-01 1.000000e+00 6.875000e-01
endloop
endfacet
facet normal 0 0 0
outer loop
vertex 7.500000e-01 8.125000e-01 1.000000e+00
vertex 6.875000e-01 8.125000e-01 1.000000e+00
vertex 7.500000e-01 8.750000e-01 1.000000e+00
endloop
endfacet
facet normal 0 0 0
outer loop
vertex 1.000000e+00 1.875000e-01 1.875000e-01
vertex 1.000000e+00 1.250000e-01 1.875000e-01
vertex 1.000000e+00 1.875000e-01 2.500000e-01
endloop
endfacet
facet normal 0 0 0
outer loop
vertex 1.000000e+00 6.875000e-01 6.250000e-02
vertex 1.000000e+00 6.250000e-01 6.250000e-02
vertex 1.000000e+00 6.875000e-01 1.250000e-01
endloop
endfacet
facet normal 0 0 0
outer loop
vertex 1.000000e+00 8.750000e-01 1.000000e+00
vertex 1.000000e+00 8.125000e-01 1.000000e+00
vertex 9.375000e-01 8.125000e-01 1.000000e+00
endloop
endfacet
facet normal 0 0 0
outer loop
vertex 1.000000e+00 8.125000e-01 9.375000e-01
vertex 1.000000e+00 8.125000e-01 1.000000e+00
vertex 1.000000e+00 8.750000e-01 1.000000e+00
endloop
endfacet
facet normal 0 0 0
outer loop
vertex 0.000000e+00 7.500000e-01 1.875000e-01
vertex 0.000000e+00 6.875000e-01 1.250000e-01
vertex 0.000000e+00 7.500000e-01 1.250000e-01
endloop
endfacet
facet normal 0 0 0
outer loop
vertex 5.625000e-01 3.750000e-01 0.000000e+00
vertex 5.000000e-01 3.125000e-01 0.000000e+00
vertex 5.625000e-01 3.125000e-01 0.000000e+00
endloop
endfacet
facet normal 0 0 0
outer loop
vertex 1.000000e+00 5.625000e-01 6.875000e-01
vertex 1.000000e+00 6.250000e-01 6.875000e-01
vertex 1.000000e+00 5.625000e-01 6.250000e-01
endloop
endfacet
facet normal 0 0 0
outer loop
vertex 8.125000e-01 1.250000e-01 0.000000e+00
vertex 8.750000e-01 1.875000e-01 0.000000e+00
vertex 8.125000e-01 1.875000e-01 0.000000e+00
endloop
endfacet
facet normal 0 0 0
outer loop
vertex 1.000000e+00 3.750000e-01 3.750000e-01
vertex 1.000000e+00 3.750000e-01 3.125000e-01
vertex 1.000000e+00 3.125000e-01 3.125000e-01
endloop
endfacet
facet normal 0 0 0
outer loop
vertex 1.000000e+00 3.750000e-01 1.250000e-01
vertex 1.000000e+00 3.125000e-01 1.250000e-01
vertex 1.000000e+00 3.750000e-01 1.875000e-01
endloop
endfacet
facet normal 0 0 0
outer loop
vertex 1.000000e+00 5.000000e-01 4.375000e-01
vertex 1.000000e+00 5.000000e-01 3.750000e-01
vertex 1.000000e+00 4.375000e-01 3.750000e-01
endloop
endfacet
facet normal 0 0 0
outer loop
vertex 0.000000e+00 0.000000e+00 5.625000e-01
vertex 0.000000e+00 0.000000e+00 5.000000e-01
vertex 0.000000e+00 6.250000e-02 5.625000e-01
endloop
endfacet
facet normal 0 0 0
outer loop
vertex 0.000000e+00 0.000000e+00 5.000000e-01
vertex 0.000000e+00 0.000000e+00 5.625000e-01
vertex 6.250000e-02 0.000000e+00 5.625000e-01
endloop
endfacet
facet normal 0 0 0
outer loop
vertex 6.875000e-01 5.000000e-01 0.000000e+00
vertex 6.875000e-01 4.375000e-01 0.000000e+00
vertex 7.500000e-01 5.000000e-01 0.000000e+00
endloop
endfacet
facet normal 0 0 0
outer loop
vertex 6.875000e-01 0.000000e+00 0.000000e+00
vertex 6.875000e-01 0.000000e+00 6.250000e-02
vertex 7.500000e-01 0.000000e+00 6.250000e-02
endloop
endfacet
facet normal 0 0 0
outer loop
vertex 1.000000e+00 4.375000e-01 5.625000e-01
vertex 1.000000e+00 4.375000e-01 6.250000e-01
vertex 1.000000e+00 5.000000e-01 6.250000e-01
endloop
endfacet
facet normal 0 0 0
outer loop
vertex 6.875000e-01 3.750000e-01 0.000000e+00
vertex 6.875000e-01 3.125000e-01 0.000000e+00
vertex 7.500000e-01 3.750000e-01 0.000000e+00
endloop
endfacet
facet normal 0 0 0
outer loop
vertex 8.750000e-01 2.500000e-01 0.000000e+00
vertex 9.375000e-01 3.125000e-01 0.000000e+00
vertex 8.750000e-01 3.125000e-01 0.000000e+00
endloop
endfacet
facet normal 0 0 0
outer loop
vertex 1.000000e+00 4.375000e-01 6.250000e-02
vertex 1.000000e+00 3.750000e-01 6.250000e-02
vertex 1.000000e+00 4.375000e-01 1.250000e-01
endloop
endfacet
facet normal 0 0 0
outer loop
vertex 9.375000e-01 8.125000e-01 1.000000e+00
vertex 9.375000e-01 8.750000e-01 1.000000e+00
vertex 1.000000e+00 8.750000e-01 1.000000e+00
endloop
endfacet
facet normal 0 0 0
outer loop
vertex 5.625000e-01 8.125000e-01 0.000000e+00
vertex 6.250000e-01 8.125000e-01 0.000000e+00
vertex 6.250000e-01 8.750000e-01 0.000000e+00
endloop
endfacet
facet normal 0 0 0
outer loop
vertex 1.000000e+00 5.000000e-01 5.625000e-01
vertex 1.000000e+00 4.375000e-01 5.625000e-01
vertex 1.000000e+00 5.000000e-01 6.250000e-01
endloop
endfacet
facet normal 0 0 0
outer loop
vertex 5.625000e-01 0.000000e+00 8.125000e-01
vertex 5.625000e-01 0.000000e+00 7.500000e-01
vertex 5.000000e-01 0.000000e+00 7.500000e-01
endloop
endfacet
facet normal 0 0 0
outer loop
vertex 1.000000e+00 6.250000e-02 1.250000e-01
vertex 1.000000e+00 0.000000e+00 1.250000e-01
vertex 1.000000e+00 6.250000e-02 1.875000e-01
endloop
endfacet
facet normal 0 0 0
outer loop
vertex 1.000000e+00 3.750000e-01 1.250000e-01
vertex 1.000000e+00 3.750000e-01 1.875000e-01
vertex 1.000000e+00 4.375000e-01 1.875000e-01
endloop
endfacet
facet normal 0 0 0
outer loop
vertex 3.750000e-01 0.000000e+00 6.250000e-01
vertex 3.750000e-01 0.000000e+00 5.625000e-01
vertex 3.125000e-01 0.000000e+00 5.625000e-01
endloop
endfacet
facet normal 0 0 0
outer loop
vertex 3.750000e-01 0.000000e+00 9.375000e-01
vertex 3.125000e-01 0.000000e+00 9.375000e-01
vertex 3.750000e-01 0.000000e+00 1.000000e+00
endloop
endfacet
facet normal 0 0 0
outer loop
vertex 1.000000e+00 6.250000e-02 2.500000e-01
vertex 1.000000e+00 6.250000e-02 3.125000e-01
vertex 1.000000e+00 1.250000e-01 3.125000e-01
endloop
endfacet
facet normal 0 0 0
outer loop
vertex 5.000000e-01 5.000000e-01 1.000000e+00
vertex 5.000000e-01 5.625000e-01 1.000000e+00
vertex 5.625000e-01 5.625000e-01 1.000000e+00
endloop
endfacet
facet normal 0 0 0
outer loop
vertex 8.125000e-01 1.875000e-01 1.000000e+00
vertex 8.750000e-01 1.875000e-01 1.000000e+00
vertex 8.125000e-01 1.250000e-01 1.000000e+00
endloop
endfacet
facet normal 0 0 0
outer loop
vertex 1.000000e+00 6.250000e-02 3.125000e-01
vertex 1.000000e+00 6.250000e-02 3.750000e-01
vertex 1.000000e+00 1.250000e-01 3.750000e-01
endloop
endfacet
facet normal 0 0 0
outer loop
vertex 9.375000e-01 0.000000e+00 3.750000e-01
vertex 8.750000e-01 0.000000e+00 3.125000e-01
vertex 8.750000e-01 0.000000e+00 3.750000e-01
endloop
endfacet
facet normal 0 0 0
outer loop
vertex 4.375000e-01 0.000000e+00 3.750000e-01
vertex 5.000000e-01 0.000000e+00 4.375000e-01
vertex 5.000000e-01 0.000000e+00 3.750000e-01
endloop
endfacet
facet normal 0 0 0
outer loop
vertex 7.500000e-01 0.000000e+00 6.250000e-01
vertex 6.875000e-01 0.000000e+00 6.250000e-01
vertex 7.500000e-01 0.000000e+00 6.875000e-01
endloop
endfacet
facet normal 0 0 0
outer loop
vertex 7.500000e-01 1.875000e-01 0.000000e+00
vertex 8.125000e-01 1.875000e-01 0.000000e+00
vertex 8.125000e-01 2.500000e-01 0.000000e+00
endloop
endfacet
facet normal 0 0 0
outer loop
vertex 7.500000e-01 8.125000e-01 1.000000e+00
vertex 7.500000e-01 8.750000e-01 1.000000e+00
vertex 8.125000e-01 8.750000e-01 1.000000e+00
endloop
endfacet
facet normal 0 0 0
outer loop
vertex 6.250000e-01 3.125000e-01 1.000000e+00
vertex 5.625000e-01 3.125000e-01 1.000000e+00
vertex 6.250000e-01 3.750000e-01 1.000000e+00
endloop
endfacet
facet normal 0 0 0
outer loop
vertex 6.875000e-01 0.000000e+00 7.500000e-01
vertex 6.875000e-01 0.000000e+00 8.125000e-01
vertex 7.500000e-01 0.000000e+00 8.125000e-01
endloop
endfacet
facet normal 0 0 0
outer loop
vertex 5.000000e-01 0.000000e+00 5.625000e-01
vertex 5.625000e-01 0.000000e+00 6.250000e-01
vertex 5.625000e-01 0.000000e+00 5.625000e-01
endloop
endfacet
facet normal 0 0 0
outer loop
vertex 8.125000e-01 0.000000e+00 8.125000e-01
vertex 8.125000e-01 0.000000e+00 7.500000e-01
vertex 7.500000e-01 0.000000e+00 7.500000e-01
endloop
endfacet
facet normal 0 0 0
outer loop
vertex 6.250000e-01 5.000000e-01 1.000000e+00
vertex 6.875000e-01 5.000000e-01 1.000000e+00
vertex 6.250000e-01 4.375000e-01 1.000000e+00
endloop
endfacet
facet normal 0 0 0
outer loop
vertex 1.000000e+00 0.000000e+00 6.250000e-01
vertex 1.000000e+00 0.000000e+00 6.875000e-01
vertex 1.000000e+00 6.250000e-02 6.875000e-01
endloop
endfacet
facet normal 0 0 0
outer loop
vertex 1.000000e+00 0.000000e+00 6.875000e-01
vertex 1.000000e+00 0.000000e+00 6.250000e-01
vertex 9.375000e-01 0.000000e+00 6.250000e-01
endloop
endfacet
facet normal 0 0 0
outer loop
vertex 6.250000e-01 6.875000e-01 1.000000e+00
vertex 6.875000e-01 7.500000e-01 1.000000e+00
vertex 6.875000e-01 6.875000e-01 1.000000e+00
endloop
endfacet
facet normal 0 0 0
outer loop
vertex 5.625000e-01 6.875000e-01 1.000000e+00
vertex 5.625000e-01 7.500000e-01 1.000000e+00
vertex 6.250000e-01 7.500000e-01 1.000000e+00
endloop
endfacet
facet normal 0 0 0
outer loop
vertex 9.375000e-01 0.000000e+00 6.250000e-01
vertex 1.000000e+00 0.000000e+00 6.250000e-01
vertex 9.375000e-01 0.000000e+00 5.625000e-01
endloop
endfacet
facet normal 0 0 0
outer loop
vertex 5.625000e-01 1.000000e+00 3.750000e-01
vertex 6.250000e-01 1.000000e+00 3.750000e-01
vertex 6.250000e-01 1.000000e+00 4.375000e-01
endloop
endfacet
facet normal 0 0 0
outer loop
vertex 6.875000e-01 0.000000e+00 9.375000e-01
vertex 7.500000e-01 0.000000e+00 9.375000e-01
vertex 6.875000e-01 0.000000e+00 8.750000e-01
endloop
endfacet
facet normal 0 0 0
outer loop
vertex 8.750000e-01 1.000000e+00 6.875000e-01
vertex 8.750000e-01 1.000000e+00 7.500000e-01
vertex 8.125000e-01 1.000000e+00 6.875000e-01
endloop
endfacet
facet normal 0 0 0
outer loop
vertex 1.000000e+00 6.250000e-01 8.125000e-01
vertex 1.000000e+00 5.625000e-01 7.500000e-01
vertex 1.000000e+00 5.625000e-01 8.125000e-01
endloop
endfacet
facet normal 0 0 0
outer loop
vertex 1.000000e+00 8.750000e-01 2.500000e-01
vertex 1.000000e+00 8.125000e-01 1.875000e-01
vertex 1.000000e+00 8.125000e-01 2.500000e-01
endloop
endfacet
facet normal 0 0 0
outer loop
vertex 1.000000e+00 5.625000e-01 6.875000e-01
vertex 1.000000e+00 5.625000e-01 7.500000e-01
vertex 1.000000e+00 6.250000e-01 7.500000e-01
endloop
endfacet
facet normal 0 0 0
outer loop
vertex 1.000000e+00 6.875000e-01 6.250000e-02
vertex 1.000000e+00 7.500000e-01 6.250000e-02
vertex 1.000000e+00 6.875000e-01 0.000000e+00
endloop
endfacet
facet normal 0 0 0
outer loop
vertex 1.000000e+00 3.125000e-01 4.375000e-01
vertex 1.000000e+00 2.500000e-01 4.375000e-01
vertex 1.000000e+00 3.125000e-01 5.000000e-01
endloop
endfacet
facet normal 0 0 0
outer loop
vertex 1.000000e+00 1.875000e-01 3.750000e-01
vertex 1.000000e+00 1.250000e-01 3.750000e-01
vertex 1.000000e+00 1.875000e-01 4.375000e-01
endloop
endfacet
facet normal 0 0 0
outer loop
vertex 1.000000e+00 1.875000e-01 5.625000e-01
vertex 1.000000e+00 1.250000e-01 5.000000e-01
vertex 1.000000e+00 1.250000e-01 5.625000e-01
endloop
endfacet
facet normal 0 0 0
outer loop
vertex 1.000000e+00 2.500000e-01 6.250000e-01
vertex 1.000000e+00 1.875000e-01 5.625000e-01
vertex 1.000000e+00 1.875000e-01 6.250000e-01
endloop
endfacet
facet normal 0 0 0
outer loop
vertex 8.125000e-01 9.375000e-01 1.000000e+00
vertex 8.125000e-01 8.750000e-01 1.000000e+00
vertex 7.500000e-01 8.750000e-01 1.000000e+00
endloop
endfacet
facet normal 0 0 0
outer loop
vertex 0.000000e+00 5.000000e-01 5.000000e-01
vertex 0.000000e+00 5.625000e-01 5.625000e-01
vertex 0.000000e+00 5.000000e-01 5.625000e-01
endloop
endfacet
facet normal 0 0 0
outer loop
vertex 7.500000e-01 5.000000e-01 1.000000e+00
vertex 7.500000e-01 5.625000e-01 1.000000e+00
vertex 8.125000e-01 5.625000e-01 1.000000e+00
endloop
endfacet
facet normal 0 0 0
outer loop
vertex 5.625000e-01 1.875000e-01 0.000000e+00
vertex 5.625000e-01 1.250000e-01 0.000000e+00
vertex 6.250000e-01 1.875000e-01 0.000000e+00
endloop
endfacet
facet normal 0 0 0
outer loop
vertex 1.000000e+00 6.250000e-02 6.250000e-01
vertex 1.000000e+00 6.250000e-02 5.625000e-01
vertex 1.000000e+00 0.000000e+00 5.625000e-01
endloop
endfacet
facet normal 0 0 0
outer loop
vertex 6.250000e-02 0.000000e+00 5.000000e-01
vertex 1.250000e-01 0.000000e+00 5.000000e-01
vertex 6.250000e-02 0.000000e+00 4.375000e-01
endloop
endfacet
facet normal 0 0 0
outer loop
vertex 8.750000e-01 0.000000e+00 6.875000e-01
vertex 9.375000e-01 0.000000e+00 6.875000e-01
vertex 8.750000e-01 0.000000e+00 6.250000e-01
endloop
endfacet
facet normal 0 0 0
outer loop
vertex 9.375000e-01 0.000000e+00 1.000000e+00
vertex 1.000000e+00 0.000000e+00 1.000000e+00
vertex 9.375000e-01 0.000000e+00 9.375000e-01
endloop
endfacet
facet normal 0 0 0
outer loop
vertex 1.000000e+00 0.000000e+00 1.000000e+00
vertex 9.375000e-01 0.000000e+00 1.000000e+00
vertex 1.000000e+00 6.250000e-02 1.000000e+00
endloop
endfacet
facet normal 0 0 0
outer loop
vertex 5.625000e-01 0.000000e+00 5.625000e-01
vertex 6.250000e-01 0.000000e+00 6.250000e-01
vertex 6.250000e-01 0.000000e+00 5.625000e-01
endloop
endfacet
facet normal 0 0 0
outer loop
vertex 5.000000e-01 4.375000e-01 1.000000e+00
vertex 4.375000e-01 3.750000e-01 1.000000e+00
vertex 4.375000e-01 4.375000e-01 1.000000e+00
endloop
endfacet
facet normal 0 0 0
outer loop
vertex 0.000000e+00 4.375000e-01 1.250000e-01
vertex 0.000000e+00 5.000000e-01 1.250000e-01
vertex 0.000000e+00 5.000000e-01 1.875000e-01
endloop
endfacet
facet normal 0 0 0
outer loop
vertex 9.375000e-01 6.875000e-01 1.000000e+00
vertex 9.375000e-01 7.500000e-01 1.000000e+00
vertex 1.000000e+00 7.500000e-01 1.000000e+00
endloop
endfacet
facet normal 0 0 0
outer loop
vertex 6.875000e-01 1.000000e+00 6.250000e-01
vertex 6.250000e-01 1.000000e+00 6.250000e-01
vertex 6.250000e-01 1.000000e+00 5.625000e-01
endloop
endfacet
facet normal 0 0 0
outer loop
vertex 8.125000e-01 0.000000e+00 5.000000e-01
vertex 8.125000e-01 0.000000e+00 5.625000e-01
vertex 8.750000e-01 0.000000e+00 5.625000e-01
endloop
endfacet
facet normal 0 0 0
outer loop
vertex 0.000000e+00 6.250000e-02 1.875000e-01
vertex 0.000000e+00 6.250000e-02 1.250000e-01
vertex 0.000000e+00 1.250000e-01 1.875000e-01
endloop
endfacet
facet normal 0 0 0
outer loop
vertex 1.000000e+00 6.250000e-02 1.000000e+00
vertex 1.000000e+00 6.250000e-02 9.375000e-01
vertex 1.000000e+00 0.000000e+00 9.375000e-01
endloop
endfacet
facet normal 0 0 0
outer loop
vertex 4.375000e-01 0.000000e+00 5.625000e-01
vertex 4.375000e-01 0.000000e+00 6.250000e-01
vertex 5.000000e-01 0.000000e+00 6.250000e-01
endloop
endfacet
facet normal 0 0 0
outer loop
vertex 9.375000e-01 0.000000e+00 9.375000e-01
vertex 8.750000e-01 0.000000e+00 9.375000e-01
vertex 9.375000e-01 0.000000e+00 1.000000e+00
endloop
endfacet
facet normal 0 0 0
outer loop
vertex 3.125000e-01 0.000000e+00 8.125000e-01
vertex 2.500000e-01 0.000000e+00 8.125000e-01
vertex 3.125000e-01 0.000000e+00 8.750000e-01
endloop
endfacet
facet normal 0 0 0
outer loop
vertex 0.000000e+00 6.250000e-02 8.750000e-01
vertex 0.000000e+00 6.250000e-02 8.125000e-01
vertex 0.000000e+00 1.250000e-01 8.750000e-01
endloop
endfacet
facet normal 0 0 0
outer loop
vertex 1.875000e-01 2.500000e-01 1.000000e+00
vertex 1.875000e-01 1.875000e-01 1.000000e+00
vertex 1.250000e-01 1.875000e-01 1.000000e+00
endloop
endfacet
facet normal 0 0 0
outer loop
vertex 1.875000e-01 0.000000e+00 5.625000e-01
vertex 1.875000e-01 0.000000e+00 6.250000e-01
vertex 2.500000e-01 0.000000e+00 6.250000e-01
endloop
endfacet
facet normal 0 0 0
outer loop
vertex 6.250000e-01 5.000000e-01 1.000000e+00
vertex 5.625000e-01 5.000000e-01 1.000000e+00
vertex 6.250000e-01 5.625000e-01 1.000000e+00
endloop
endfacet
facet normal 0 0 0
outer loop
vertex 6.875000e-01 0.000000e+00 7.500000e-01
vertex 6.250000e-01 0.000000e+00 6.875000e-01
vertex 6.250000e-01 0.000000e+00 7.500000e-01
endloop
endfacet
facet normal 0 0 0
outer loop
vertex 2.500000e-01 8.750000e-01 1.000000e+00
vertex 1.875000e-01 8.750000e-01 1.000000e+00
vertex 2.500000e-01 9.375000e-01 1.000000e+00
endloop
endfacet
facet normal 0 0 0
outer loop
vertex 5.625000e-01 0.000000e+00 8.750000e-01
vertex 6.250000e-01 0.000000e+00 8.750000e-01
vertex 5.625000e-01 0.000000e+00 8.125000e-01
endloop
endfacet
facet normal 0 0 0
outer loop
vertex 9.375000e-01 0.000000e+00 6.250000e-01
vertex 9.375000e-01 0.000000e+00 5.625000e-01
vertex 8.750000e-01 0.000000e+00 5.625000e-01
endloop
endfacet
facet normal 0 0 0
outer loop
vertex 9.375000e-01 0.000000e+00 0.000000e+00
vertex 8.750000e-01 0.000000e+00 0.000000e+00
vertex 9.375000e-01 0.000000e+00 6.250000e-02
endloop
endfacet
facet normal 0 0 0
outer loop
vertex 8.750000e-01 0.000000e+00 0.000000e+00
vertex 9.375000e-01 0.000000e+00 0.000000e+00
vertex 9.375000e-01 6.250000e-02 0.000000e+00
endloop
endfacet
facet normal 0 0 0
outer loop
vertex 5.625000e-01 0.000000e+00 6.875000e-01
vertex 6.250000e-01 0.000000e+00 6.875000e-01
vertex 5.625000e-01 0.000000e+00 6.250000e-01
endloop
endfacet
facet normal 0 0 0
outer loop
vertex 2.500000e-01 0.000000e+00 8.125000e-01
vertex 3.125000e-01 0.000000e+00 8.125000e-01
vertex 2.500000e-01 0.000000e+00 7.500000e-01
endloop
endfacet
facet normal 0 0 0
outer loop
vertex 2.500000e-01 0.000000e+00 5.000000e-01
vertex 3.125000e-01 0.000000e+00 5.625000e-01
vertex 3.125000e-01 0.000000e+00 5.000000e-01
endloop
endfacet
facet normal 0 0 0
outer loop
vertex 5.625000e-01 0.000000e+00 6.250000e-01
vertex 6.250000e-01 0.000000e+00 6.875000e-01
vertex 6.250000e-01 0.000000e+00 6.250000e-01
endloop
endfacet
facet normal 0 0 0
outer loop
vertex 0.000000e+00 4.375000e-01 8.125000e-01
vertex 0.000000e+00 4.375000e-01 7.500000e-01
vertex 0.000000e+00 5.000000e-01 8.125000e-01
endloop
endfacet
facet normal 0 0 0
outer loop
vertex 5.000000e-01 0.000000e+00 3.750000e-01
vertex 5.000000e-01 0.000000e+00 3.125000e-01
vertex 4.375000e-01 0.000000e+00 3.125000e-01
endloop
endfacet
facet normal 0 0 0
outer loop
vertex 5.625000e-01 3.750000e-01 1.000000e+00
vertex 5.000000e-01 3.750000e-01 1.000000e+00
vertex 5.625000e-01 4.375000e-01 1.000000e+00
endloop
endfacet
facet normal 0 0 0
outer loop
vertex 3.750000e-01 1.875000e-01 1.000000e+00
vertex 4.375000e-01 2.500000e-01 1.000000e+00
vertex 4.375000e-01 1.875000e-01 1.000000e+00
endloop
endfacet
facet normal 0 0 0
outer loop
vertex 0.000000e+00 1.250000e-01 7.500000e-01
vertex 0.000000e+00 6.250000e-02 7.500000e-01
vertex 0.000000e+00 6.250000e-02 6.875000e-01
endloop
endfacet
facet normal 0 0 0
outer loop
vertex 2.500000e-01 0.000000e+00 6.875000e-01
vertex 1.875000e-01 0.000000e+00 6.250000e-01
vertex 1.875000e-01 0.000000e+00 6.875000e-01
endloop
endfacet
facet normal 0 0 0
outer loop
vertex 0.000000e+00 3.125000e-01 8.750000e-01
vertex 0.000000e+00 2.500000e-01 8.750000e-01
vertex 0.000000e+00 2.500000e-01 8.125000e-01
endloop
endfacet
facet normal 0 0 0
outer loop
vertex 7.500000e-01 0.000000e+00 6.250000e-01
vertex 8.125000e-01 0.000000e+00 6.250000e-01
vertex 7.500000e-01 0.000000e+00 5.625000e-01
endloop
endfacet
facet normal 0 0 0
outer loop
vertex 9.375000e-01 0.000000e+00 8.750000e-01
vertex 1.000000e+00 0.000000e+00 9.375000e-01
vertex 1.000000e+00 0.000000e+00 8.750000e-01
endloop
endfacet
facet normal 0 0 0
outer loop
vertex 1.000000e+00 0.000000e+00 9.375000e-01
vertex 1.000000e+00 6.250000e-02 9.375000e-01
vertex 1.000000e+00 0.000000e+00 8.750000e-01
endloop
endfacet
facet normal 0 0 0
outer loop
vertex 3.125000e-01 0.000000e+00 6.875000e-01
vertex 2.500000e-01 0.000000e+00 6.875000e-01
vertex 3.125000e-01 0.000000e+00 7.500000e-01
endloop
endfacet
facet normal 0 0 0
outer loop
vertex 7.500000e-01 4.375000e-01 1.000000e+00
vertex 6.875000e-01 4.375000e-01 1.000000e+00
vertex 7.500000e-01 5.000000e-01 1.000000e+00
endloop
endfacet
facet normal 0 0 0
outer loop
vertex 2.500000e-01 7.500000e-01 0.000000e+00
vertex 2.500000e-01 8.125000e-01 0.000000e+00
vertex 1.875000e-01 7.500000e-01 0.000000e+00
endloop
endfacet
facet normal 0 0 0
outer loop
vertex 0.000000e+00 3.125000e-01 3.750000e-01
vertex 0.000000e+00 3.750000e-01 3.750000e-01
vertex 0.000000e+00 3.750000e-01 4.375000e-01
endloop
endfacet
facet normal 0 0 0
outer loop
vertex 0.000000e+00 6.250000e-02 5.000000e-01
vertex 0.000000e+00 0.000000e+00 4.375000e-01
vertex 0.000000e+00 6.250000e-02 4.375000e-01
endloop
endfacet
facet normal 0 0 0
outer loop
vertex 3.750000e-01 4.375000e-01 1.000000e+00
vertex 4.375000e-01 5.000000e-01 1.000000e+00
vertex 4.375000e-01 4.375000e-01 1.000000e+00
endloop
endfacet
facet normal 0 0 0
outer loop
vertex 3.125000e-01 0.000000e+00 6.875000e-01
vertex 3.750000e-01 0.000000e+00 6.875000e-01
vertex 3.125000e-01 0.000000e+00 6.250000e-01
endloop
endfacet
facet normal 0 0 0
outer loop
vertex 6.250000e-02 0.000000e+00 2.500000e-01
vertex 1.250000e-01 0.000000e+00 3.125000e-01
vertex 1.250000e-01 0.000000e+00 2.500000e-01
endloop
endfacet
facet normal 0 0 0
outer loop
vertex 2.500000e-01 0.000000e+00 1.000000e+00
vertex 3.125000e-01 0.000000e+00 1.000000e+00
vertex 2.500000e-01 0.000000e+00 9.375000e-01
endloop
endfacet
facet normal 0 0 0
outer loop
vertex 3.125000e-01 6.250000e-02 1.000000e+00
vertex 3.125000e-01 0.000000e+00 1.000000e+00
vertex 2.500000e-01 0.000000e+00 1.000000e+00
endloop
endfacet
facet normal 0 0 0
outer loop
vertex 0.000000e+00 5.625000e-01 8.125000e-01
vertex 0.000000e+00 5.000000e-01 8.125000e-01
vertex 0.000000e+00 5.000000e-01 7.500000e-01
endloop
endfacet
facet normal 0 0 0
outer loop
vertex 2.500000e-01 5.000000e-01 0.000000e+00
vertex 1.875000e-01 5.000000e-01 0.000000e+00
vertex 1.875000e-01 4.375000e-01 0.000000e+00
endloop
endfacet
facet normal 0 0 0
outer loop
vertex 0.000000e+00 3.125000e-01 1.875000e-01
vertex 0.000000e+00 2.500000e-01 1.875000e-01
vertex 0.000000e+00 2.500000e-01 1.250000e-01
endloop
endfacet
facet normal 0 0 0
outer loop
vertex 4.375000e-01 0.000000e+00 8.125000e-01
vertex 5.000000e-01 0.000000e+00 8.125000e-01
vertex 4.375000e-01 0.000000e+00 7.500000e-01
endloop
endfacet
facet normal 0 0 0
outer loop
vertex 5.000000e-01 0.000000e+00 7.500000e-01
vertex 4.375000e-01 0.000000e+00 6.875000e-01
vertex 4.375000e-01 0.000000e+00 7.500000e-01
endloop
endfacet
facet normal 0 0 0
outer loop
vertex 2.500000e-01 0.000000e+00 6.875000e-01
vertex 3.125000e-01 0.000000e+00 6.875000e-01
vertex 2.500000e-01 0.000000e+00 6.250000e-01
endloop
endfacet
facet normal 0 0 0
outer loop
vertex 0.000000e+00 4.375000e-01 5.000000e-01
vertex 0.000000e+00 3.750000e-01 4.375000e-01
vertex 0.000000e+00 4.375000e-01 4.375000e-01
endloop
endfacet
facet normal 0 0 0
outer loop
vertex 3.750000e-01 3.750000e-01 1.000000e+00
vertex 4.375000e-01 4.375000e-01 1.000000e+00
vertex 4.375000e-01 3.750000e-01 1.000000e+00
endloop
endfacet
facet normal 0 0 0
outer loop
vertex 6.250000e-01 1.000000e+00 6.875000e-01
vertex 6.875000e-01 1.000000e+00 7.500000e-01
vertex 6.250000e-01 1.000000e+00 7.500000e-01
endloop
endfacet
facet normal 0 0 0
outer loop
vertex 7.500000e-01 8.750000e-01 1.000000e+00
vertex 7.500000e-01 9.375000e-01 1.000000e+00
vertex 8.125000e-01 9.375000e-01 1.000000e+00
endloop
endfacet
facet normal 0 0 0
outer loop
vertex 0.000000e+00 2.500000e-01 9.375000e-01
vertex 0.000000e+00 3.125000e-01 9.375000e-01
vertex 0.000000e+00 3.125000e-01 1.000000e+00
endloop
endfacet
facet normal 0 0 0
outer loop
vertex 0.000000e+00 5.000000e-01 5.000000e-01
vertex 0.000000e+00 4.375000e-01 4.375000e-01
vertex 0.000000e+00 5.000000e-01 4.375000e-01
endloop
endfacet
facet normal 0 0 0
outer loop
vertex 0.000000e+00 2.500000e-01 6.875000e-01
vertex 0.000000e+00 3.125000e-01 6.875000e-01
vertex 0.000000e+00 3.125000e-01 7.500000e-01
endloop
endfacet
facet normal 0 0 0
outer loop
vertex 1.000000e+00 1.250000e-01 2.500000e-01
vertex 1.000000e+00 6.250000e-02 2.500000e-01
vertex 1.000000e+00 1.250000e-01 3.125000e-01
endloop
endfacet
facet normal 0 0 0
outer loop
vertex 6.875000e-01 0.000000e+00 6.875000e-01
vertex 7.500000e-01 0.000000e+00 7.500000e-01
vertex 7.500000e-01 0.000000e+00 6.875000e-01
endloop
endfacet
facet normal 0 0 0
outer loop
vertex 2.500000e-01 0.000000e+00 0.000000e+00
vertex 2.500000e-01 0.000000e+00 6.250000e-02
vertex 3.125000e-01 0.000000e+00 6.250000e-02
endloop
endfacet
facet normal 0 0 0
outer loop
vertex 0.000000e+00 2.500000e-01 6.250000e-01
vertex 0.000000e+00 2.500000e-01 6.875000e-01
vertex 0.000000e+00 1.875000e-01 6.250000e-01
endloop
endfacet
facet normal 0 0 0
outer loop
vertex 0.000000e+00 7.500000e-01 3.750000e-01
vertex 0.000000e+00 7.500000e-01 4.375000e-01
vertex 0.000000e+00 6.875000e-01 3.750000e-01
endloop
endfacet
facet normal 0 0 0
outer loop
vertex 0.000000e+00 1.250000e-01 8.750000e-01
vertex 0.000000e+00 1.250000e-01 9.375000e-01
vertex 0.000000e+00 6.250000e-02 8.750000e-01
endloop
endfacet
facet normal 0 0 0
outer loop
vertex 3.125000e-01 1.875000e-01 1.000000e+00
vertex 3.125000e-01 1.250000e-01 1.000000e+00
vertex 2.500000e-01 1.250000e-01 1.000000e+00
endloop
endfacet
facet normal 0 0 0
outer loop
vertex 1.000000e+00 7.500000e-01 4.375000e-01
vertex 1.000000e+00 7.500000e-01 5.000000e-01
vertex 1.000000e+00 8.125000e-01 5.000000e-01
endloop
endfacet
facet normal 0 0 0
outer loop
vertex 5.625000e-01 7.500000e-01 1.000000e+00
vertex 5.625000e-01 8.125000e-01 1.000000e+00
vertex 6.250000e-01 8.125000e-01 1.000000e+00
endloop
endfacet
facet normal 0 0 0
outer loop
vertex 5.625000e-01 1.000000e+00 6.250000e-02
vertex 6.250000e-01 1.000000e+00 6.250000e-02
vertex 6.250000e-01 1.000000e+00 1.250000e-01
endloop
endfacet
facet normal 0 0 0
outer loop
vertex 0.000000e+00 0.000000e+00 3.750000e-01
vertex 0.000000e+00 6.250000e-02 3.750000e-01
vertex 0.000000e+00 6.250000e-02 4.375000e-01
endloop
endfacet
facet normal 0 0 0
outer loop
vertex 0.000000e+00 1.875000e-01 6.875000e-01
vertex 0.000000e+00 1.250000e-01 6.250000e-01
vertex 0.000000e+00 1.875000e-01 6.250000e-01
endloop
endfacet
facet normal 0 0 0
outer loop
vertex 1.000000e+00 7.500000e-01 7.500000e-01
vertex 1.000000e+00 8.125000e-01 8.125000e-01
vertex 1.000000e+00 8.125000e-01 7.500000e-01
endloop
endfacet
facet normal 0 0 0
outer loop
vertex 6.250000e-02 1.250000e-01 1.000000e+00
vertex 0.000000e+00 1.250000e-01 1.000000e+00
vertex 6.250000e-02 1.875000e-01 1.000000e+00
endloop
endfacet
facet normal 0 0 0
outer loop
vertex 0.000000e+00 0.000000e+00 6.875000e-01
vertex 0.000000e+00 6.250000e-02 6.875000e-01
vertex 0.000000e+00 6.250000e-02 7.500000e-01
endloop
endfacet
facet normal 0 0 0
outer loop
vertex 6.250000e-02 0.000000e+00 1.250000e-01
vertex 1.250000e-01 0.000000e+00 1.250000e-01
vertex 6.250000e-02 0.000000e+00 6.250000e-02
endloop
endfacet
facet normal 0 0 0
outer loop
vertex 1.000000e+00 0.000000e+00 6.250000e-02
vertex 1.000000e+00 6.250000e-02 1.250000e-01
vertex 1.000000e+00 6.250000e-02 6.250000e-02
endloop
endfacet
facet normal 0 0 0
outer loop
vertex 1.875000e-01 0.000000e+00 6.250000e-01
vertex 2.500000e-01 0.000000e+00 6.875000e-01
vertex 2.500000e-01 0.000000e+00 6.250000e-01
endloop
endfacet
facet normal 0 0 0
outer loop
vertex 6.250000e-01 1.000000e+00 1.875000e-01
vertex 5.625000e-01 1.000000e+00 1.250000e-01
vertex 6.250000e-01 1.000000e+00 1.250000e-01
endloop
endfacet
facet normal 0 0 0
outer loop
vertex 0.000000e+00 1.250000e-01 1.250000e-01
vertex 0.000000e+00 1.875000e-01 1.875000e-01
vertex 0.000000e+00 1.250000e-01 1.875000e-01
endloop
endfacet
facet normal 0 0 0
outer loop
vertex 8.750000e-01 1.000000e+00 8.125000e-01
vertex 8.750000e-01 1.000000e+00 7.500000e-01
vertex 9.375000e-01 1.000000e+00 8.125000e-01
endloop
endfacet
facet normal 0 0 0
outer loop
vertex 2.500000e-01 1.000000e+00 0.000000e+00
vertex 2.500000e-01 9.375000e-01 0.000000e+00
vertex 3.125000e-01 1.000000e+00 0.000000e+00
endloop
endfacet
facet normal 0 0 0
outer loop
vertex 3.125000e-01 1.000000e+00 0.000000e+00
vertex 3.125000e-01 1.000000e+00 6.250000e-02
vertex 2.500000e-01 1.000000e+00 0.000000e+00
endloop
endfacet
facet normal 0 0 0
outer loop
vertex 4.375000e-01 0.000000e+00 6.250000e-01
vertex 4.375000e-01 0.000000e+00 6.875000e-01
vertex 5.000000e-01 0.000000e+00 6.875000e-01
endloop
endfacet
facet normal 0 0 0
outer loop
vertex 2.500000e-01 1.250000e-01 0.000000e+00
vertex 1.875000e-01 1.250000e-01 0.000000e+00
vertex 1.875000e-01 6.250000e-02 0.000000e+00
endloop
endfacet
facet normal 0 0 0
outer loop
vertex 0.000000e+00 1.250000e-01 6.875000e-01
vertex 0.000000e+00 1.250000e-01 7.500000e-01
vertex 0.000000e+00 6.250000e-02 6.875000e-01
endloop
endfacet
facet normal 0 0 0
outer loop
vertex 1.000000e+00 5.000000e-01 3.750000e-01
vertex 1.000000e+00 4.375000e-01 3.125000e-01
vertex 1.000000e+00 4.375000e-01 3.750000e-01
endloop
endfacet
facet normal 0 0 0
outer loop
vertex 0.000000e+00 0.000000e+00 1.875000e-01
vertex 0.000000e+00 6.250000e-02 1.875000e-01
vertex 0.000000e+00 6.250000e-02 2.500000e-01
endloop
endfacet
facet normal 0 0 0
outer loop
vertex 9.375000e-01 0.000000e+00 1.250000e-01
vertex 9.375000e-01 0.000000e+00 6.250000e-02
vertex 8.750000e-01 0.000000e+00 6.250000e-02
endloop
endfacet
facet normal 0 0 0
outer loop
vertex 0.000000e+00 0.000000e+00 3.125000e-01
vertex 0.000000e+00 0.000000e+00 2.500000e-01
vertex 0.000000e+00 6.250000e-02 3.125000e-01
endloop
endfacet
facet normal 0 0 0
outer loop
vertex 6.250000e-02 0.000000e+00 3.125000e-01
vertex 0.000000e+00 0.000000e+00 2.500000e-01
vertex 0.000000e+00 0.000000e+00 3.125000e-01
endloop
endfacet
facet normal 0 0 0
outer loop
vertex 5.625000e-01 6.250000e-01 1.000000e+00
vertex 6.250000e-01 6.875000e-01 1.000000e+00
vertex 6.250000e-01 6.250000e-01 1.000000e+00
endloop
endfacet
facet normal 0 0 0
outer loop
vertex 3.750000e-01 0.000000e+00 1.875000e-01
vertex 3.125000e-01 0.000000e+00 1.875000e-01
vertex 3.750000e-01 0.000000e+00 2.500000e-01
endloop
endfacet
facet normal 0 0 0
outer loop
vertex 1.250000e-01 0.000000e+00 4.375000e-01
vertex 6.250000e-02 0.000000e+00 3.750000e-01
vertex 6.250000e-02 0.000000e+00 4.375000e-01
endloop
endfacet
facet normal 0 0 0
outer loop
vertex 4.375000e-01 1.875000e-01 0.000000e+00
vertex 5.000000e-01 1.875000e-01 0.000000e+00
vertex 5.000000e-01 2.500000e-01 0.000000e+00
endloop
endfacet
facet normal 0 0 0
outer loop
vertex 5.000000e-01 3.750000e-01 0.000000e+00
vertex 5.625000e-01 3.750000e-01 0.000000e+00
vertex 5.625000e-01 4.375000e-01 0.000000e+00
endloop
endfacet
facet normal 0 0 0
outer loop
vertex 0.000000e+00 2.500000e-01 5.000000e-01
vertex 0.000000e+00 3.125000e-01 5.000000e-01
vertex 0.000000e+00 3.125000e-01 5.625000e-01
endloop
endfacet
facet normal 0 0 0
outer loop
vertex 7.500000e-01 1.000000e+00 6.250000e-02
vertex 6.875000e-01 1.000000e+00 6.250000e-02
vertex 6.875000e-01 1.000000e+00 0.000000e+00
endloop
endfacet
facet normal 0 0 0
outer loop
vertex 3.125000e-01 0.000000e+00 0.000000e+00
vertex 2.500000e-01 0.000000e+00 0.000000e+00
vertex 3.125000e-01 0.000000e+00 6.250000e-02
endloop
endfacet
facet normal 0 0 0
outer loop
vertex 2.500000e-01 0.000000e+00 0.000000e+00
vertex 3.125000e-01 0.000000e+00 0.000000e+00
vertex 3.125000e-01 6.250000e-02 0.000000e+00
endloop
endfacet
facet normal 0 0 0
outer loop
vertex 3.125000e-01 3.750000e-01 0.000000e+00
vertex 2.500000e-01 3.125000e-01 0.000000e+00
vertex 3.125000e-01 3.125000e-01 0.000000e+00
endloop
endfacet
facet normal 0 0 0
outer loop
vertex 2.500000e-01 0.000000e+00 2.500000e-01
vertex 2.500000e-01 0.000000e+00 1.875000e-01
vertex 1.875000e-01 0.000000e+00 1.875000e-01
endloop
endfacet
facet normal 0 0 0
outer loop
vertex 3.125000e-01 6.250000e-02 0.000000e+00
vertex 3.125000e-01 0.000000e+00 0.000000e+00
vertex 3.750000e-01 6.250000e-02 0.000000e+00
endloop
endfacet
facet normal 0 0 0
outer loop
vertex 0.000000e+00 5.625000e-01 9.375000e-01
vertex 0.000000e+00 5.625000e-01 1.000000e+00
vertex 0.000000e+00 5.000000e-01 9.375000e-01
endloop
endfacet
facet normal 0 0 0
outer loop
vertex 0.000000e+00 6.875000e-01 1.250000e-01
vertex 0.000000e+00 6.875000e-01 6.250000e-02
vertex 0.000000e+00 7.500000e-01 1.250000e-01
endloop
endfacet
facet normal 0 0 0
outer loop
vertex 0.000000e+00 0.000000e+00 3.750000e-01
vertex 0.000000e+00 6.250000e-02 4.375000e-01
vertex 0.000000e+00 0.000000e+00 4.375000e-01
endloop
endfacet
facet normal 0 0 0
outer loop
vertex 0.000000e+00 0.000000e+00 4.375000e-01
vertex 6.250000e-02 0.000000e+00 4.375000e-01
vertex 0.000000e+00 0.000000e+00 3.750000e-01
endloop
endfacet
facet normal 0 0 0
outer loop
vertex 6.250000e-02 0.000000e+00 2.500000e-01
vertex 1.250000e-01 0.000000e+00 2.500000e-01
vertex 6.250000e-02 0.000000e+00 1.875000e-01
endloop
endfacet
facet normal 0 0 0
outer loop
vertex 5.000000e-01 0.000000e+00 6.250000e-01
vertex 5.000000e-01 0.000000e+00 6.875000e-01
vertex 5.625000e-01 0.000000e+00 6.875000e-01
endloop
endfacet
facet normal 0 0 0
outer loop
vertex 5.625000e-01 5.000000e-01 1.000000e+00
vertex 6.250000e-01 5.000000e-01 1.000000e+00
vertex 5.625000e-01 4.375000e-01 1.000000e+00
endloop
endfacet
facet normal 0 0 0
outer loop
vertex 1.250000e-01 0.000000e+00 1.875000e-01
vertex 1.250000e-01 0.000000e+00 2.500000e-01
vertex 1.875000e-01 0.000000e+00 2.500000e-01
endloop
endfacet
facet normal 0 0 0
outer loop
vertex 5.625000e-01 1.000000e+00 5.000000e-01
vertex 5.625000e-01 1.000000e+00 4.375000e-01
vertex 6.250000e-01 1.000000e+00 5.000000e-01
endloop
endfacet
facet normal 0 0 0
outer loop
vertex 2.500000e-01 5.000000e-01 0.000000e+00
vertex 2.500000e-01 5.625000e-01 0.000000e+00
vertex 1.875000e-01 5.000000e-01 0.000000e+00
endloop
endfacet
facet normal 0 0 0
outer loop
vertex 1.000000e+00 1.875000e-01 3.125000e-01
vertex 1.000000e+00 2.500000e-01 3.750000e-01
vertex 1.000000e+00 2.500000e-01 3.125000e-01
endloop
endfacet
facet normal 0 0 0
outer loop
vertex 5.625000e-01 0.000000e+00 8.750000e-01
vertex 5.000000e-01 0.000000e+00 8.125000e-01
vertex 5.000000e-01 0.000000e+00 8.750000e-01
endloop
endfacet
facet normal 0 0 0
outer loop
vertex 1.875000e-01 1.000000e+00 2.500000e-01
vertex 1.250000e-01 1.000000e+00 2.500000e-01
vertex 1.250000e-01 1.000000e+00 1.875000e-01
endloop
endfacet
facet normal 0 0 0
outer loop
vertex 1.000000e+00 6.875000e-01 3.750000e-01
vertex 1.000000e+00 6.875000e-01 3.125000e-01
vertex 1.000000e+00 6.250000e-01 3.125000e-01
endloop
endfacet
facet normal 0 0 0
outer loop
vertex 6.250000e-01 8.750000e-01 0.000000e+00
vertex 5.625000e-01 8.750000e-01 0.000000e+00
vertex 5.625000e-01 8.125000e-01 0.000000e+00
endloop
endfacet
facet normal 0 0 0
outer loop
vertex 7.500000e-01 1.000000e+00 6.250000e-02
vertex 8.125000e-01 1.000000e+00 6.250000e-02
vertex 8.125000e-01 1.000000e+00 1.250000e-01
endloop
endfacet
facet normal 0 0 0
outer loop
vertex 0.000000e+00 6.250000e-02 5.625000e-01
vertex 0.000000e+00 0.000000e+00 5.000000e-01
vertex 0.000000e+00 6.250000e-02 5.000000e-01
endloop
endfacet
facet normal 0 0 0
outer loop
vertex 0.000000e+00 6.250000e-02 0.000000e+00
vertex 0.000000e+00 1.250000e-01 6.250000e-02
vertex 0.000000e+00 6.250000e-02 6.250000e-02
endloop
endfacet
facet normal 0 0 0
outer loop
vertex 5.625000e-01 8.125000e-01 1.000000e+00
vertex 5.000000e-01 7.500000e-01 1.000000e+00
vertex 5.000000e-01 8.125000e-01 1.000000e+00
endloop
endfacet
facet normal 0 0 0
outer loop
vertex 7.500000e-01 0.000000e+00 6.250000e-02
vertex 7.500000e-01 0.000000e+00 1.250000e-01
vertex 8.125000e-01 0.000000e+00 1.250000e-01
endloop
endfacet
facet normal 0 0 0
outer loop
vertex 0.000000e+00 8.125000e-01 1.875000e-01
vertex 0.000000e+00 8.125000e-01 2.500000e-01
vertex 0.000000e+00 7.500000e-01 1.875000e-01
endloop
endfacet
facet normal 0 0 0
outer loop
vertex 5.000000e-01 1.000000e+00 8.125000e-01
vertex 5.625000e-01 1.000000e+00 8.125000e-01
vertex 5.625000e-01 1.000000e+00 8.750000e-01
endloop
endfacet
facet normal 0 0 0
outer loop
vertex 5.000000e-01 1.875000e-01 0.000000e+00
vertex 5.625000e-01 1.875000e-01 0.000000e+00
vertex 5.625000e-01 2.500000e-01 0.000000e+00
endloop
endfacet
facet normal 0 0 0
outer loop
vertex 0.000000e+00 2.500000e-01 0.000000e+00
vertex 6.250000e-02 2.500000e-01 0.000000e+00
vertex 6.250000e-02 3.125000e-01 0.000000e+00
endloop
endfacet
facet normal 0 0 0
outer loop
vertex 3.125000e-01 7.500000e-01 0.000000e+00
vertex 3.750000e-01 8.125000e-01 0.000000e+00
vertex 3.125000e-01 8.125000e-01 0.000000e+00
endloop
endfacet
facet normal 0 0 0
outer loop
vertex 6.250000e-02 3.750000e-01 0.000000e+00
vertex 1.250000e-01 4.375000e-01 0.000000e+00
vertex 6.250000e-02 4.375000e-01 0.000000e+00
endloop
endfacet
facet normal 0 0 0
outer loop
vertex 6.250000e-02 1.000000e+00 1.250000e-01
vertex 0.000000e+00 1.000000e+00 1.250000e-01
vertex 0.000000e+00 1.000000e+00 6.250000e-02
endloop
endfacet
facet normal 0 0 0
outer loop
vertex 0.000000e+00 1.000000e+00 1.250000e-01
vertex 0.000000e+00 9.375000e-01 6.250000e-02
vertex 0.000000e+00 1.000000e+00 6.250000e-02
endloop
endfacet
facet normal 0 0 0
outer loop
vertex 4.375000e-01 1.000000e+00 3.125000e-01
vertex 3.750000e-01 1.000000e+00 2.500000e-01
vertex 4.375000e-01 1.000000e+00 2.500000e-01
endloop
endfacet
facet normal 0 0 0
outer loop
vertex 1.250000e-01 2.500000e-01 0.000000e+00
vertex 1.875000e-01 3.125000e-01 0.000000e+00
vertex 1.250000e-01 3.125000e-01 0.000000e+00
endloop
endfacet
facet normal 0 0 0
outer loop
vertex 1.875000e-01 6.250000e-01 0.000000e+00
vertex 1.250000e-01 5.625000e-01 0.000000e+00
vertex 1.875000e-01 5.625000e-01 0.000000e+00
endloop
endfacet
facet normal 0 0 0
outer loop
vertex 3.125000e-01 1.875000e-01 0.000000e+00
vertex 3.125000e-01 2.500000e-01 0.000000e+00
vertex 2.500000e-01 1.875000e-01 0.000000e+00
endloop
endfacet
facet normal 0 0 0
outer loop
vertex 4.375000e-01 6.250000e-02 0.000000e+00
vertex 4.375000e-01 1.250000e-01 0.000000e+00
vertex 3.750000e-01 6.250000e-02 0.000000e+00
endloop
endfacet
facet normal 0 0 0
outer loop
vertex 1.875000e-01 1.875000e-01 0.000000e+00
vertex 2.500000e-01 2.500000e-01 0.000000e+00
vertex 1.875000e-01 2.500000e-01 0.000000e+00
endloop
endfacet
facet normal 0 0 0
outer loop
vertex 8.125000e-01 1.000000e+00 5.000000e-01
vertex 8.125000e-01 1.000000e+00 4.375000e-01
vertex 8.750000e-01 1.000000e+00 5.000000e-01
endloop
endfacet
facet normal 0 0 0
outer loop
vertex 0.000000e+00 3.750000e-01 2.500000e-01
vertex 0.000000e+00 3.125000e-01 2.500000e-01
vertex 0.000000e+00 3.125000e-01 1.875000e-01
endloop
endfacet
facet normal 0 0 0
outer loop
vertex 3.125000e-01 1.000000e+00 6.250000e-01
vertex 2.500000e-01 1.000000e+00 6.250000e-01
vertex 2.500000e-01 1.000000e+00 5.625000e-01
endloop
endfacet
facet normal 0 0 0
outer loop
vertex 6.250000e-01 9.375000e-01 0.000000e+00
vertex 6.875000e-01 9.375000e-01 0.000000e+00
vertex 6.875000e-01 1.000000e+00 0.000000e+00
endloop
endfacet
facet normal 0 0 0
outer loop
vertex 1.000000e+00 3.125000e-01 3.750000e-01
vertex 1.000000e+00 2.500000e-01 3.750000e-01
vertex 1.000000e+00 3.125000e-01 4.375000e-01
endloop
endfacet
facet normal 0 0 0
outer loop
vertex 7.500000e-01 1.000000e+00 5.000000e-01
vertex 6.875000e-01 1.000000e+00 4.375000e-01
vertex 7.500000e-01 1.000000e+00 4.375000e-01
endloop
endfacet
facet normal 0 0 0
outer loop
vertex 4.375000e-01 8.750000e-01 0.000000e+00
vertex 5.000000e-01 8.750000e-01 0.000000e+00
vertex 5.000000e-01 9.375000e-01 0.000000e+00
endloop
endfacet
facet normal 0 0 0
outer loop
vertex 1.875000e-01 6.875000e-01 0.000000e+00
vertex 2.500000e-01 7.500000e-01 0.000000e+00
vertex 1.875000e-01 7.500000e-01 0.000000e+00
endloop
endfacet
facet normal 0 0 0
outer loop
vertex 5.625000e-01 1.000000e+00 5.000000e-01
vertex 5.000000e-01 1.000000e+00 5.000000e-01
vertex 5.000000e-01 1.000000e+00 4.375000e-01
endloop
endfacet
facet normal 0 0 0
outer loop
vertex 0.000000e+00 3.125000e-01 3.750000e-01
vertex 0.000000e+00 3.750000e-01 4.375000e-01
vertex 0.000000e+00 3.125000e-01 4.375000e-01
endloop
endfacet
facet normal 0 0 0
outer loop
vertex 0.000000e+00 3.125000e-01 4.375000e-01
vertex 0.000000e+00 3.750000e-01 4.375000e-01
vertex 0.000000e+00 3.750000e-01 5.000000e-01
endloop
endfacet
facet normal 0 0 0
outer loop
vertex 6.250000e-01 1.000000e+00 5.000000e-01
vertex 5.625000e-01 1.000000e+00 4.375000e-01
vertex 6.250000e-01 1.000000e+00 4.375000e-01
endloop
endfacet
facet normal 0 0 0
outer loop
vertex 0.000000e+00 9.375000e-01 8.125000e-01
vertex 0.000000e+00 8.750000e-01 8.125000e-01
vertex 0.000000e+00 8.750000e-01 7.500000e-01
endloop
endfacet
facet normal 0 0 0
outer loop
vertex 0.000000e+00 9.375000e-01 1.875000e-01
vertex 0.000000e+00 8.750000e-01 1.250000e-01
vertex 0.000000e+00 9.375000e-01 1.250000e-01
endloop
endfacet
facet normal 0 0 0
outer loop
vertex 2.500000e-01 0.000000e+00 1.875000e-01
vertex 2.500000e-01 0.000000e+00 2.500000e-01
vertex 3.125000e-01 0.000000e+00 2.500000e-01
endloop
endfacet
facet normal 0 0 0
outer loop
vertex 5.000000e-01 1.000000e+00 7.500000e-01
vertex 5.000000e-01 1.000000e+00 6.875000e-01
vertex 5.625000e-01 1.000000e+00 7.500000e-01
endloop
endfacet
facet normal 0 0 0
outer loop
vertex 1.250000e-01 5.625000e-01 0.000000e+00
vertex 1.875000e-01 6.250000e-01 0.000000e+00
vertex 1.250000e-01 6.250000e-01 0.000000e+00
endloop
endfacet
facet normal 0 0 0
outer loop
vertex 0.000000e+00 3.750000e-01 7.500000e-01
vertex 0.000000e+00 4.375000e-01 7.500000e-01
vertex 0.000000e+00 4.375000e-01 8.125000e-01
endloop
endfacet
facet normal 0 0 0
outer loop
vertex 5.625000e-01 1.000000e+00 5.625000e-01
vertex 5.625000e-01 1.000000e+00 5.000000e-01
vertex 6.250000e-01 1.000000e+00 5.625000e-01
endloop
endfacet
facet normal 0 0 0
outer loop
vertex 0.000000e+00 3.750000e-01 1.000000e+00
vertex 0.000000e+00 4.375000e-01 1.000000e+00
vertex 6.250000e-02 4.375000e-01 1.000000e+00
endloop
endfacet
facet normal 0 0 0
outer loop
vertex 0.000000e+00 4.375000e-01 1.000000e+00
vertex 0.000000e+00 3.750000e-01 1.000000e+00
vertex 0.000000e+00 3.750000e-01 9.375000e-01
endloop
endfacet
facet normal 0 0 0
outer loop
vertex 0.000000e+00 3.125000e-01 8.125000e-01
vertex 0.000000e+00 3.125000e-01 7.500000e-01
vertex 0.000000e+00 3.750000e-01 8.125000e-01
endloop
endfacet
facet normal 0 0 0
outer loop
vertex 0.000000e+00 4.375000e-01 7.500000e-01
vertex 0.000000e+00 4.375000e-01 6.875000e-01
vertex 0.000000e+00 5.000000e-01 7.500000e-01
endloop
endfacet
facet normal 0 0 0
outer loop
vertex 0.000000e+00 5.000000e-01 8.125000e-01
vertex 0.000000e+00 4.375000e-01 7.500000e-01
vertex 0.000000e+00 5.000000e-01 7.500000e-01
endloop
endfacet
facet normal 0 0 0
outer loop
vertex 1.250000e-01 4.375000e-01 1.000000e+00
vertex 1.250000e-01 5.000000e-01 1.000000e+00
vertex 1.875000e-01 5.000000e-01 1.000000e+00
endloop
endfacet
facet normal 0 0 0
outer loop
vertex 3.750000e-01 5.625000e-01 1.000000e+00
vertex 3.750000e-01 6.250000e-01 1.000000e+00
vertex 4.375000e-01 6.250000e-01 1.000000e+00
endloop
endfacet
facet normal 0 0 0
outer loop
vertex 3.125000e-01 1.000000e+00 3.750000e-01
vertex 3.125000e-01 1.000000e+00 4.375000e-01
vertex 2.500000e-01 1.000000e+00 3.750000e-01
endloop
endfacet
facet normal 0 0 0
outer loop
vertex 3.750000e-01 1.000000e+00 9.375000e-01
vertex 4.375000e-01 1.000000e+00 1.000000e+00
vertex 3.750000e-01 1.000000e+00 1.000000e+00
endloop
endfacet
facet normal 0 0 0
outer loop
vertex 4.375000e-01 1.000000e+00 1.000000e+00
vertex 3.750000e-01 9.375000e-01 1.000000e+00
vertex 3.750000e-01 1.000000e+00 1.000000e+00
endloop
endfacet
facet normal 0 0 0
outer loop
vertex 1.875000e-01 1.000000e+00 7.500000e-01
vertex 1.875000e-01 1.000000e+00 8.125000e-01
vertex 1.250000e-01 1.000000e+00 7.500000e-01
endloop
endfacet
facet normal 0 0 0
outer loop
vertex 6.250000e-01 6.875000e-01 1.000000e+00
vertex 6.250000e-01 7.500000e-01 1.000000e+00
vertex 6.875000e-01 7.500000e-01 1.000000e+00
endloop
endfacet
facet normal 0 0 0
outer loop
vertex 5.000000e-01 0.000000e+00 8.750000e-01
vertex 5.625000e-01 0.000000e+00 9.375000e-01
vertex 5.625000e-01 0.000000e+00 8.750000e-01
endloop
endfacet
facet normal 0 0 0
outer loop
vertex 7.500000e-01 4.375000e-01 1.000000e+00
vertex 7.500000e-01 3.750000e-01 1.000000e+00
vertex 6.875000e-01 3.750000e-01 1.000000e+00
endloop
endfacet
facet normal 0 0 0
outer loop
vertex 1.000000e+00 1.000000e+00 8.125000e-01
vertex 9.375000e-01 1.000000e+00 8.125000e-01
vertex 9.375000e-01 1.000000e+00 7.500000e-01
endloop
endfacet
facet normal 0 0 0
outer loop
vertex 5.625000e-01 5.000000e-01 1.000000e+00
vertex 5.000000e-01 5.000000e-01 1.000000e+00
vertex 5.625000e-01 5.625000e-01 1.000000e+00
endloop
endfacet
facet normal 0 0 0
outer loop
vertex 6.875000e-01 4.375000e-01 1.000000e+00
vertex 7.500000e-01 4.375000e-01 1.000000e+00
vertex 6.875000e-01 3.750000e-01 1.000000e+00
endloop
endfacet
facet normal 0 0 0
outer loop
vertex 6.875000e-01 6.250000e-01 1.000000e+00
vertex 6.250000e-01 6.250000e-01 1.000000e+00
vertex 6.875000e-01 6.875000e-01 1.000000e+00
endloop
endfacet
facet normal 0 0 0
outer loop
vertex 8.750000e-01 8.125000e-01 1.000000e+00
vertex 8.750000e-01 7.500000e-01 1.000000e+00
vertex 8.125000e-01 7.500000e-01 1.000000e+00
endloop
endfacet
facet normal 0 0 0
outer loop
vertex 1.250000e-01 5.625000e-01 1.000000e+00
vertex 1.875000e-01 5.625000e-01 1.000000e+00
vertex 1.250000e-01 5.000000e-01 1.000000e+00
endloop
endfacet
facet normal 0 0 0
outer loop
vertex 8.125000e-01 8.125000e-01 1.000000e+00
vertex 8.125000e-01 7.500000e-01 1.000000e+00
vertex 7.500000e-01 7.500000e-01 1.000000e+00
endloop
endfacet
facet normal 0 0 0
outer loop
vertex 8.750000e-01 1.000000e+00 9.375000e-01
vertex 8.750000e-01 1.000000e+00 1.000000e+00
vertex 8.125000e-01 1.000000e+00 9.375000e-01
endloop
endfacet
facet normal 0 0 0
outer loop
vertex 0.000000e+00 3.750000e-01 8.125000e-01
vertex 0.000000e+00 3.125000e-01 7.500000e-01
vertex 0.000000e+00 3.750000e-01 7.500000e-01
endloop
endfacet
facet normal 0 0 0
outer loop
vertex 0.000000e+00 7.500000e-01 4.375000e-01
vertex 0.000000e+00 8.125000e-01 5.000000e-01
vertex 0.000000e+00 7.500000e-01 5.000000e-01
endloop
endfacet
facet normal 0 0 0
outer loop
vertex 0.000000e+00 6.250000e-01 6.875000e-01
vertex 0.000000e+00 6.250000e-01 6.250000e-01
vertex 0.000000e+00 6.875000e-01 6.875000e-01
endloop
endfacet
facet normal 0 0 0
outer loop
vertex 1.875000e-01 5.000000e-01 1.000000e+00
vertex 2.500000e-01 5.625000e-01 1.000000e+00
vertex 2.500000e-01 5.000000e-01 1.000000e+00
endloop
endfacet
facet normal 0 0 0
outer loop
vertex 3.125000e-01 0.000000e+00 8.125000e-01
vertex 3.125000e-01 0.000000e+00 8.750000e-01
vertex 3.750000e-01 0.000000e+00 8.750000e-01
endloop
endfacet
facet normal 0 0 0
outer loop
vertex 0.000000e+00 4.375000e-01 6.875000e-01
vertex 0.000000e+00 4.375000e-01 7.500000e-01
vertex 0.000000e+00 3.750000e-01 6.875000e-01
endloop
endfacet
facet normal 0 0 0
outer loop
vertex 7.500000e-01 6.875000e-01 1.000000e+00
vertex 6.875000e-01 6.250000e-01 1.000000e+00
vertex 6.875000e-01 6.875000e-01 1.000000e+00
endloop
endfacet
facet normal 0 0 0
outer loop
vertex 0.000000e+00 9.375000e-01 8.125000e-01
vertex 0.000000e+00 9.375000e-01 7.500000e-01
vertex 0.000000e+00 1.000000e+00 8.125000e-01
endloop
endfacet
facet normal 0 0 0
outer loop
vertex 0.000000e+00 8.125000e-01 1.000000e+00
vertex 0.000000e+00 7.500000e-01 9.375000e-01
vertex 0.000000e+00 8.125000e-01 9.375000e-01
endloop
endfacet
facet normal 0 0 0
outer loop
vertex 1.000000e+00 1.000000e+00 5.625000e-01
vertex 1.000000e+00 9.375000e-01 5.000000e-01
vertex 1.000000e+00 9.375000e-01 5.625000e-01
endloop
endfacet
facet normal 0 0 0
outer loop
vertex 1.250000e-01 1.000000e+00 5.000000e-01
vertex 1.250000e-01 1.000000e+00 5.625000e-01
vertex 6.250000e-02 1.000000e+00 5.000000e-01
endloop
endfacet
facet normal 0 0 0
outer loop
vertex 2.500000e-01 1.000000e+00 6.875000e-01
vertex 1.875000e-01 1.000000e+00 6.875000e-01
vertex 1.875000e-01 1.000000e+00 6.250000e-01
endloop
endfacet
facet normal 0 0 0
outer loop
vertex 3.125000e-01 1.000000e+00 9.375000e-01
vertex 3.125000e-01 1.000000e+00 1.000000e+00
vertex 2.500000e-01 1.000000e+00 9.375000e-01
endloop
endfacet
facet normal 0 0 0
outer loop
vertex 2.500000e-01 5.000000e-01 1.000000e+00
vertex 2.500000e-01 5.625000e-01 1.000000e+00
vertex 3.125000e-01 5.625000e-01 1.000000e+00
endloop
endfacet
facet normal 0 0 0
outer loop
vertex 5.625000e-01 1.000000e+00 9.375000e-01
vertex 6.250000e-01 1.000000e+00 9.375000e-01
vertex 6.250000e-01 1.000000e+00 1.000000e+00
endloop
endfacet
facet normal 0 0 0
outer loop
vertex 1.000000e+00 5.000000e-01 1.000000e+00
vertex 9.375000e-01 4.375000e-01 1.000000e+00
vertex 9.375000e-01 5.000000e-01 1.000000e+00
endloop
endfacet
facet normal 0 0 0
outer loop
vertex 9.375000e-01 9.375000e-01 1.000000e+00
vertex 1.000000e+00 9.375000e-01 1.000000e+00
vertex 9.375000e-01 8.750000e-01 1.000000e+00
endloop
endfacet
facet normal 0 0 0
outer loop
vertex 9.375000e-01 1.000000e+00 5.625000e-01
vertex 9.375000e-01 1.000000e+00 6.250000e-01
vertex 8.750000e-01 1.000000e+00 5.625000e-01
endloop
endfacet
facet normal 0 0 0
outer loop
vertex 1.000000e+00 1.000000e+00 8.750000e-01
vertex 1.000000e+00 1.000000e+00 9.375000e-01
vertex 9.375000e-01 1.000000e+00 8.750000e-01
endloop
endfacet
facet normal 0 0 0
outer loop
vertex 1.000000e+00 9.375000e-01 8.750000e-01
vertex 1.000000e+00 1.000000e+00 9.375000e-01
vertex 1.000000e+00 1.000000e+00 8.750000e-01
endloop
endfacet
facet normal 0 0 0
outer loop
vertex 7.500000e-01 1.000000e+00 4.375000e-01
vertex 7.500000e-01 1.000000e+00 3.750000e-01
vertex 8.125000e-01 1.000000e+00 4.375000e-01
endloop
endfacet
facet normal 0 0 0
outer loop
vertex 9.375000e-01 7.500000e-01 1.000000e+00
vertex 8.750000e-01 7.500000e-01 1.000000e+00
vertex 9.375000e-01 8.125000e-01 1.000000e+00
endloop
endfacet
facet normal 0 0 0
outer loop
vertex 6.250000e-01 1.000000e+00 6.875000e-01
vertex 6.875000e-01 1.000000e+00 6.875000e-01
vertex 6.875000e-01 1.000000e+00 7.500000e-01
endloop
endfacet
facet normal 0 0 0
outer loop
vertex 8.750000e-01 1.000000e+00 9.375000e-01
vertex 9.375000e-01 1.000000e+00 9.375000e-01
vertex 9.375000e-01 1.000000e+00 1.000000e+00
endloop
endfacet
facet normal 0 0 0
outer loop
vertex 7.500000e-01 1.000000e+00 9.375000e-01
vertex 7.500000e-01 1.000000e+00 8.750000e-01
vertex 8.125000e-01 1.000000e+00 9.375000e-01
endloop
endfacet
facet normal 0 0 0
outer loop
vertex 8.750000e-01 9.375000e-01 1.000000e+00
vertex 8.125000e-01 9.375000e-01 1.000000e+00
vertex 8.750000e-01 1.000000e+00 1.000000e+00
endloop
endfacet
facet normal 0 0 0
outer loop
vertex 8.125000e-01 8.125000e-01 1.000000e+00
vertex 7.500000e-01 8.125000e-01 1.000000e+00
vertex 8.125000e-01 8.750000e-01 1.000000e+00
endloop
endfacet
facet normal 0 0 0
outer loop
vertex 1.000000e+00 3.125000e-01 1.000000e+00
vertex 1.000000e+00 3.750000e-01 1.000000e+00
vertex 1.000000e+00 3.125000e-01 9.375000e-01
endloop
endfacet
facet normal 0 0 0
outer loop
vertex 1.000000e+00 3.750000e-01 1.000000e+00
vertex 1.000000e+00 3.125000e-01 1.000000e+00
vertex 9.375000e-01 3.125000e-01 1.000000e+00
endloop
endfacet
facet normal 0 0 0
outer loop
vertex 9.375000e-01 1.000000e+00 8.125000e-01
vertex 1.000000e+00 1.000000e+00 8.750000e-01
vertex 9.375000e-01 1.000000e+00 8.750000e-01
endloop
endfacet
facet normal 0 0 0
outer loop
vertex 1.000000e+00 8.750000e-01 6.250000e-01
vertex 1.000000e+00 8.125000e-01 5.625000e-01
vertex 1.000000e+00 8.125000e-01 6.250000e-01
endloop
endfacet
facet normal 0 0 0
outer loop
vertex 1.000000e+00 1.875000e-01 5.625000e-01
vertex 1.000000e+00 2.500000e-01 5.625000e-01
vertex 1.000000e+00 1.875000e-01 5.000000e-01
endloop
endfacet
facet normal 0 0 0
outer loop
vertex 9.375000e-01 1.000000e+00 9.375000e-01
vertex 9.375000e-01 1.000000e+00 8.750000e-01
vertex 1.000000e+00 1.000000e+00 9.375000e-01
endloop
endfacet
facet normal 0 0 0
outer loop
vertex 1.000000e+00 9.375000e-01 8.750000e-01
vertex 1.000000e+00 9.375000e-01 9.375000e-01
vertex 1.000000e+00 1.000000e+00 9.375000e-01
endloop
endfacet
facet normal 0 0 0
outer loop
vertex 8.750000e-01 1.000000e+00 1.000000e+00
vertex 8.750000e-01 1.000000e+00 9.375000e-01
vertex 9.375000e-01 1.000000e+00 1.000000e+00
endloop
endfacet
facet normal 0 0 0
outer loop
vertex 9.375000e-01 1.000000e+00 1.000000e+00
vertex 8.750000e-01 9.375000e-01 1.000000e+00
vertex 8.750000e-01 1.000000e+00 1.000000e+00
endloop
endfacet
facet normal 0 0 0
outer loop
vertex 6.250000e-01 1.000000e+00 8.750000e-01
vertex 6.875000e-01 1.000000e+00 8.750000e-01
vertex 6.875000e-01 1.000000e+00 9.375000e-01
endloop
endfacet
facet normal 0 0 0
outer loop
vertex 8.125000e-01 2.500000e-01 1.000000e+00
vertex 7.500000e-01 1.875000e-01 1.000000e+00
vertex 7.500000e-01 2.500000e-01 1.000000e+00
endloop
endfacet
facet normal 0 0 0
outer loop
vertex 9.375000e-01 1.000000e+00 1.000000e+00
vertex 9.375000e-01 1.000000e+00 9.375000e-01
vertex 1.000000e+00 1.000000e+00 1.000000e+00
endloop
endfacet
facet normal 0 0 0
outer loop
vertex 1.000000e+00 1.000000e+00 1.000000e+00
vertex 9.375000e-01 9.375000e-01 1.000000e+00
vertex 9.375000e-01 1.000000e+00 1.000000e+00
endloop
endfacet
facet normal 0 0 0
outer loop
vertex 9.375000e-01 1.000000e+00 9.375000e-01
vertex 1.000000e+00 1.000000e+00 9.375000e-01
vertex 1.000000e+00 1.000000e+00 1.000000e+00
endloop
endfacet
facet normal 0 0 0
outer loop
vertex 1.000000e+00 1.000000e+00 9.375000e-01
vertex 1.000000e+00 9.375000e-01 9.375000e-01
vertex 1.000000e+00 1.000000e+00 1.000000e+00
endloop
endfacet
facet normal 0 0 0
outer loop
vertex 9.375000e-01 8.750000e-01 1.000000e+00
vertex 1.000000e+00 9.375000e-01 1.000000e+00
vertex 1.000000e+00 8.750000e-01 1.000000e+00
endloop
endfacet
facet normal 0 0 0
outer loop
vertex 1.000000e+00 9.375000e-01 1.000000e+00
vertex 1.000000e+00 8.750000e-01 9.375000e-01
vertex 1.000000e+00 8.750000e-01 1.000000e+00
endloop
endfacet
facet normal 0 0 0
outer loop
vertex 1.000000e+00 6.875000e-01 5.625000e-01
vertex 1.000000e+00 6.875000e-01 6.250000e-01
vertex 1.000000e+00 7.500000e-01 6.250000e-01
endloop
endfacet
facet normal 0 0 0
outer loop
vertex 1.000000e+00 6.250000e-01 6.250000e-01
vertex 1.000000e+00 5.625000e-01 5.625000e-01
vertex 1.000000e+00 5.625000e-01 6.250000e-01
endloop
endfacet
facet normal 0 0 0
outer loop
vertex 1.000000e+00 5.625000e-01 5.000000e-01
vertex 1.000000e+00 5.000000e-01 5.000000e-01
vertex 1.000000e+00 5.625000e-01 5.625000e-01
endloop
endfacet
facet normal 0 0 0
outer loop
vertex 8.750000e-01 7.500000e-01 1.000000e+00
vertex 9.375000e-01 7.500000e-01 1.000000e+00
vertex 8.750000e-01 6.875000e-01 1.000000e+00
endloop
endfacet
facet normal 0 0 0
outer loop
vertex 1.000000e+00 6.250000e-01 6.250000e-01
vertex 1.000000e+00 6.250000e-01 5.625000e-01
vertex 1.000000e+00 5.625000e-01 5.625000e-01
endloop
endfacet
facet normal 0 0 0
outer loop
vertex 1.000000e+00 7.500000e-01 6.875000e-01
vertex 1.000000e+00 8.125000e-01 6.875000e-01
vertex 1.000000e+00 7.500000e-01 6.250000e-01
endloop
endfacet
facet normal 0 0 0
outer loop
vertex 1.000000e+00 6.875000e-01 1.000000e+00
vertex 1.000000e+00 6.250000e-01 1.000000e+00
vertex 9.375000e-01 6.250000e-01 1.000000e+00
endloop
endfacet
facet normal 0 0 0
outer loop
vertex 1.000000e+00 6.250000e-01 1.000000e+00
vertex 1.000000e+00 6.875000e-01 1.000000e+00
vertex 1.000000e+00 6.250000e-01 9.375000e-01
endloop
endfacet
facet normal 0 0 0
outer loop
vertex 8.750000e-01 6.250000e-01 1.000000e+00
vertex 8.750000e-01 5.625000e-01 1.000000e+00
vertex 8.125000e-01 5.625000e-01 1.000000e+00
endloop
endfacet
facet normal 0 0 0
outer loop
vertex 1.000000e+00 6.250000e-01 8.125000e-01
vertex 1.000000e+00 5.625000e-01 8.125000e-01
vertex 1.000000e+00 6.250000e-01 8.750000e-01
endloop
endfacet
facet normal 0 0 0
outer loop
vertex 8.125000e-01 4.375000e-01 1.000000e+00
vertex 8.125000e-01 3.750000e-01 1.000000e+00
vertex 7.500000e-01 3.750000e-01 1.000000e+00
endloop
endfacet
facet normal 0 0 0
outer loop
vertex 1.000000e+00 7.500000e-01 6.875000e-01
vertex 1.000000e+00 7.500000e-01 7.500000e-01
vertex 1.000000e+00 8.125000e-01 7.500000e-01
endloop
endfacet
facet normal 0 0 0
outer loop
vertex 1.000000e+00 7.500000e-01 7.500000e-01
vertex 1.000000e+00 7.500000e-01 6.875000e-01
vertex 1.000000e+00 6.875000e-01 6.875000e-01
endloop
endfacet
facet normal 0 0 0
outer loop
vertex 1.000000e+00 8.125000e-01 1.000000e+00
vertex 9.375000e-01 7.500000e-01 1.000000e+00
vertex 9.375000e-01 8.125000e-01 1.000000e+00
endloop
endfacet
facet normal 0 0 0
outer loop
vertex 6.250000e-01 2.500000e-01 1.000000e+00
vertex 6.250000e-01 1.875000e-01 1.000000e+00
vertex 5.625000e-01 1.875000e-01 1.000000e+00
endloop
endfacet
facet normal 0 0 0
outer loop
vertex 1.000000e+00 6.250000e-01 9.375000e-01
vertex 1.000000e+00 6.875000e-01 1.000000e+00
vertex 1.000000e+00 6.875000e-01 9.375000e-01
endloop
endfacet
facet normal 0 0 0
outer loop
vertex 1.000000e+00 8.125000e-01 1.000000e+00
vertex 1.000000e+00 8.125000e-01 9.375000e-01
vertex 1.000000e+00 7.500000e-01 9.375000e-01
endloop
endfacet
facet normal 0 0 0
outer loop
vertex 6.875000e-01 1.000000e+00 7.500000e-01
vertex 6.875000e-01 1.000000e+00 6.875000e-01
vertex 7.500000e-01 1.000000e+00 7.500000e-01
endloop
endfacet
facet normal 0 0 0
outer loop
vertex 7.500000e-01 1.000000e+00 8.750000e-01
vertex 8.125000e-01 1.000000e+00 8.750000e-01
vertex 8.125000e-01 1.000000e+00 9.375000e-01
endloop
endfacet
facet normal 0 0 0
outer loop
vertex 6.875000e-01 5.000000e-01 1.000000e+00
vertex 6.875000e-01 5.625000e-01 1.000000e+00
vertex 7.500000e-01 5.625000e-01 1.000000e+00
endloop
endfacet
facet normal 0 0 0
outer loop
vertex 8.750000e-01 5.625000e-01 1.000000e+00
vertex 8.750000e-01 6.250000e-01 1.000000e+00
vertex 9.375000e-01 6.250000e-01 1.000000e+00
endloop
endfacet
facet normal 0 0 0
outer loop
vertex 1.000000e+00 4.375000e-01 6.875000e-01
vertex 1.000000e+00 3.750000e-01 6.875000e-01
vertex 1.000000e+00 4.375000e-01 7.500000e-01
endloop
endfacet
facet normal 0 0 0
outer loop
vertex 3.125000e-01 0.000000e+00 1.000000e+00
vertex 3.750000e-01 0.000000e+00 1.000000e+00
vertex 3.125000e-01 0.000000e+00 9.375000e-01
endloop
endfacet
facet normal 0 0 0
outer loop
vertex 3.750000e-01 6.250000e-02 1.000000e+00
vertex 3.750000e-01 0.000000e+00 1.000000e+00
vertex 3.125000e-01 0.000000e+00 1.000000e+00
endloop
endfacet
facet normal 0 0 0
outer loop
vertex 1.000000e+00 4.375000e-01 8.125000e-01
vertex 1.000000e+00 3.750000e-01 7.500000e-01
vertex 1.000000e+00 3.750000e-01 8.125000e-01
endloop
endfacet
facet normal 0 0 0
outer loop
vertex 1.000000e+00 5.625000e-01 9.375000e-01
vertex 1.000000e+00 6.250000e-01 1.000000e+00
vertex 1.000000e+00 6.250000e-01 9.375000e-01
endloop
endfacet
facet normal 0 0 0
outer loop
vertex 9.375000e-01 6.250000e-01 1.000000e+00
vertex 9.375000e-01 6.875000e-01 1.000000e+00
vertex 1.000000e+00 6.875000e-01 1.000000e+00
endloop
endfacet
facet normal 0 0 0
outer loop
vertex 1.000000e+00 8.750000e-01 9.375000e-01
vertex 1.000000e+00 8.125000e-01 9.375000e-01
vertex 1.000000e+00 8.750000e-01 1.000000e+00
endloop
endfacet
facet normal 0 0 0
outer loop
vertex 1.000000e+00 8.750000e-01 6.250000e-01
vertex 1.000000e+00 8.750000e-01 5.625000e-01
vertex 1.000000e+00 8.125000e-01 5.625000e-01
endloop
endfacet
facet normal 0 0 0
outer loop
vertex 5.000000e-01 3.125000e-01 1.000000e+00
vertex 5.000000e-01 3.750000e-01 1.000000e+00
vertex 5.625000e-01 3.750000e-01 1.000000e+00
endloop
endfacet
facet normal 0 0 0
outer loop
vertex 6.875000e-01 6.875000e-01 1.000000e+00
vertex 7.500000e-01 7.500000e-01 1.000000e+00
vertex 7.500000e-01 6.875000e-01 1.000000e+00
endloop
endfacet
facet normal 0 0 0
outer loop
vertex 6.250000e-01 7.500000e-01 1.000000e+00
vertex 5.625000e-01 7.500000e-01 1.000000e+00
vertex 6.250000e-01 8.125000e-01 1.000000e+00
endloop
endfacet
facet normal 0 0 0
outer loop
vertex 6.875000e-01 7.500000e-01 1.000000e+00
vertex 7.500000e-01 7.500000e-01 1.000000e+00
vertex 6.875000e-01 6.875000e-01 1.000000e+00
endloop
endfacet
facet normal 0 0 0
outer loop
vertex 7.500000e-01 7.500000e-01 1.000000e+00
vertex 8.125000e-01 7.500000e-01 1.000000e+00
vertex 7.500000e-01 6.875000e-01 1.000000e+00
endloop
endfacet
facet normal 0 0 0
outer loop
vertex 7.500000e-01 1.000000e+00 1.000000e+00
vertex 7.500000e-01 9.375000e-01 1.000000e+00
vertex 6.875000e-01 9.375000e-01 1.000000e+00
endloop
endfacet
facet normal 0 0 0
outer loop
vertex 6.250000e-01 1.000000e+00 8.750000e-01
vertex 6.250000e-01 1.000000e+00 8.125000e-01
vertex 6.875000e-01 1.000000e+00 8.750000e-01
endloop
endfacet
facet normal 0 0 0
outer loop
vertex 1.000000e+00 8.125000e-01 8.750000e-01
vertex 1.000000e+00 7.500000e-01 8.125000e-01
vertex 1.000000e+00 7.500000e-01 8.750000e-01
endloop
endfacet
facet normal 0 0 0
outer loop
vertex 7.500000e-01 6.250000e-01 1.000000e+00
vertex 6.875000e-01 5.625000e-01 1.000000e+00
vertex 6.875000e-01 6.250000e-01 1.000000e+00
endloop
endfacet
facet normal 0 0 0
outer loop
vertex 7.500000e-01 8.125000e-01 1.000000e+00
vertex 7.500000e-01 7.500000e-01 1.000000e+00
vertex 6.875000e-01 7.500000e-01 1.000000e+00
endloop
endfacet
facet normal 0 0 0
outer loop
vertex 7.500000e-01 8.125000e-01 1.000000e+00
vertex 8.125000e-01 8.125000e-01 1.000000e+00
vertex 7.500000e-01 7.500000e-01 1.000000e+00
endloop
endfacet
facet normal 0 0 0
outer loop
vertex 6.875000e-01 1.000000e+00 1.000000e+00
vertex 6.875000e-01 9.375000e-01 1.000000e+00
vertex 6.250000e-01 9.375000e-01 1.000000e+00
endloop
endfacet
facet normal 0 0 0
outer loop
vertex 5.000000e-01 8.125000e-01 1.000000e+00
vertex 5.000000e-01 8.750000e-01 1.000000e+00
vertex 5.625000e-01 8.750000e-01 1.000000e+00
endloop
endfacet
facet normal 0 0 0
outer loop
vertex 6.250000e-01 0.000000e+00 9.375000e-01
vertex 5.625000e-01 0.000000e+00 9.375000e-01
vertex 6.250000e-01 0.000000e+00 1.000000e+00
endloop
endfacet
facet normal 0 0 0
outer loop
vertex 7.500000e-01 6.250000e-01 1.000000e+00
vertex 7.500000e-01 5.625000e-01 1.000000e+00
vertex 6.875000e-01 5.625000e-01 1.000000e+00
endloop
endfacet
facet normal 0 0 0
outer loop
vertex 6.250000e-01 6.875000e-01 1.000000e+00
vertex 5.625000e-01 6.875000e-01 1.000000e+00
vertex 6.250000e-01 7.500000e-01 1.000000e+00
endloop
endfacet
facet normal 0 0 0
outer loop
vertex 8.125000e-01 5.625000e-01 1.000000e+00
vertex 7.500000e-01 5.625000e-01 1.000000e+00
vertex 8.125000e-01 6.250000e-01 1.000000e+00
endloop
endfacet
facet normal 0 0 0
outer loop
vertex 1.000000e+00 5.625000e-01 8.750000e-01
vertex 1.000000e+00 5.625000e-01 9.375000e-01
vertex 1.000000e+00 6.250000e-01 9.375000e-01
endloop
endfacet
facet normal 0 0 0
outer loop
vertex 1.000000e+00 5.625000e-01 8.125000e-01
vertex 1.000000e+00 5.625000e-01 8.750000e-01
vertex 1.000000e+00 6.250000e-01 8.750000e-01
endloop
endfacet
facet normal 0 0 0
outer loop
vertex 9.375000e-01 6.250000e-01 1.000000e+00
vertex 9.375000e-01 5.625000e-01 1.000000e+00
vertex 8.750000e-01 5.625000e-01 1.000000e+00
endloop
endfacet
facet normal 0 0 0
outer loop
vertex 8.125000e-01 6.875000e-01 1.000000e+00
vertex 7.500000e-01 6.250000e-01 1.000000e+00
vertex 7.500000e-01 6.875000e-01 1.000000e+00
endloop
endfacet
facet normal 0 0 0
outer loop
vertex 8.125000e-01 6.250000e-01 1.000000e+00
vertex 7.500000e-01 6.250000e-01 1.000000e+00
vertex 8.125000e-01 6.875000e-01 1.000000e+00
endloop
endfacet
facet normal 0 0 0
outer loop
vertex 7.500000e-01 5.625000e-01 1.000000e+00
vertex 7.500000e-01 6.250000e-01 1.000000e+00
vertex 8.125000e-01 6.250000e-01 1.000000e+00
endloop
endfacet
facet normal 0 0 0
outer loop
vertex 7.500000e-01 4.375000e-01 1.000000e+00
vertex 8.125000e-01 5.000000e-01 1.000000e+00
vertex 8.125000e-01 4.375000e-01 1.000000e+00
endloop
endfacet
facet normal 0 0 0
outer loop
vertex 3.750000e-01 8.125000e-01 1.000000e+00
vertex 3.125000e-01 8.125000e-01 1.000000e+00
vertex 3.750000e-01 8.750000e-01 1.000000e+00
endloop
endfacet
facet normal 0 0 0
outer loop
vertex 6.250000e-01 1.000000e+00 9.375000e-01
vertex 6.250000e-01 1.000000e+00 8.750000e-01
vertex 6.875000e-01 1.000000e+00 9.375000e-01
endloop
endfacet
facet normal 0 0 0
outer loop
vertex 6.250000e-01 6.250000e-01 1.000000e+00
vertex 6.250000e-01 6.875000e-01 1.000000e+00
vertex 6.875000e-01 6.875000e-01 1.000000e+00
endloop
endfacet
facet normal 0 0 0
outer loop
vertex 0.000000e+00 1.875000e-01 1.000000e+00
vertex 6.250000e-02 2.500000e-01 1.000000e+00
vertex 6.250000e-02 1.875000e-01 1.000000e+00
endloop
endfacet
facet normal 0 0 0
outer loop
vertex 6.875000e-01 6.250000e-01 1.000000e+00
vertex 6.250000e-01 5.625000e-01 1.000000e+00
vertex 6.250000e-01 6.250000e-01 1.000000e+00
endloop
endfacet
facet normal 0 0 0
outer loop
vertex 6.250000e-01 5.000000e-01 1.000000e+00
vertex 6.250000e-01 4.375000e-01 1.000000e+00
vertex 5.625000e-01 4.375000e-01 1.000000e+00
endloop
endfacet
facet normal 0 0 0
outer loop
vertex 8.125000e-01 6.250000e-01 1.000000e+00
vertex 8.750000e-01 6.250000e-01 1.000000e+00
vertex 8.125000e-01 5.625000e-01 1.000000e+00
endloop
endfacet
facet normal 0 0 0
outer loop
vertex 6.250000e-01 7.500000e-01 1.000000e+00
vertex 6.250000e-01 8.125000e-01 1.000000e+00
vertex 6.875000e-01 8.125000e-01 1.000000e+00
endloop
endfacet
facet normal 0 0 0
outer loop
vertex 6.250000e-01 7.500000e-01 1.000000e+00
vertex 6.875000e-01 8.125000e-01 1.000000e+00
vertex 6.875000e-01 7.500000e-01 1.000000e+00
endloop
endfacet
facet normal 0 0 0
outer loop
vertex 6.875000e-01 5.625000e-01 1.000000e+00
vertex 6.250000e-01 5.625000e-01 1.000000e+00
vertex 6.875000e-01 6.250000e-01 1.000000e+00
endloop
endfacet
facet normal 0 0 0
outer loop
vertex 0.000000e+00 2.500000e-01 4.375000e-01
vertex 0.000000e+00 2.500000e-01 3.750000e-01
vertex 0.000000e+00 3.125000e-01 4.375000e-01
endloop
endfacet
facet normal 0 0 0
outer loop
vertex 1.000000e+00 6.875000e-01 5.625000e-01
vertex 1.000000e+00 6.250000e-01 5.000000e-01
vertex 1.000000e+00 6.250000e-01 5.625000e-01
endloop
endfacet
facet normal 0 0 0
outer loop
vertex 5.625000e-01 5.625000e-01 1.000000e+00
vertex 5.625000e-01 6.250000e-01 1.000000e+00
vertex 6.250000e-01 6.250000e-01 1.000000e+00
endloop
endfacet
facet normal 0 0 0
outer loop
vertex 6.250000e-01 5.625000e-01 1.000000e+00
vertex 5.625000e-01 5.625000e-01 1.000000e+00
vertex 6.250000e-01 6.250000e-01 1.000000e+00
endloop
endfacet
facet normal 0 0 0
outer loop
vertex 6.250000e-01 1.000000e+00 6.250000e-01
vertex 5.625000e-01 1.000000e+00 5.625000e-01
vertex 6.250000e-01 1.000000e+00 5.625000e-01
endloop
endfacet
facet normal 0 0 0
outer loop
vertex 3.125000e-01 5.625000e-01 1.000000e+00
vertex 3.125000e-01 6.250000e-01 1.000000e+00
vertex 3.750000e-01 6.250000e-01 1.000000e+00
endloop
endfacet
facet normal 0 0 0
outer loop
vertex 3.750000e-01 1.000000e+00 1.000000e+00
vertex 3.750000e-01 9.375000e-01 1.000000e+00
vertex 3.125000e-01 9.375000e-01 1.000000e+00
endloop
endfacet
facet normal 0 0 0
outer loop
vertex 9.375000e-01 8.750000e-01 1.000000e+00
vertex 8.750000e-01 8.750000e-01 1.000000e+00
vertex 9.375000e-01 9.375000e-01 1.000000e+00
endloop
endfacet
facet normal 0 0 0
outer loop
vertex 6.250000e-01 1.000000e+00 6.250000e-01
vertex 6.875000e-01 1.000000e+00 6.250000e-01
vertex 6.875000e-01 1.000000e+00 6.875000e-01
endloop
endfacet
facet normal 0 0 0
outer loop
vertex 5.625000e-01 8.125000e-01 1.000000e+00
vertex 6.250000e-01 8.750000e-01 1.000000e+00
vertex 6.250000e-01 8.125000e-01 1.000000e+00
endloop
endfacet
facet normal 0 0 0
outer loop
vertex 2.500000e-01 4.375000e-01 1.000000e+00
vertex 3.125000e-01 4.375000e-01 1.000000e+00
vertex 2.500000e-01 3.750000e-01 1.000000e+00
endloop
endfacet
facet normal 0 0 0
outer loop
vertex 6.250000e-01 9.375000e-01 1.000000e+00
vertex 6.875000e-01 9.375000e-01 1.000000e+00
vertex 6.250000e-01 8.750000e-01 1.000000e+00
endloop
endfacet
facet normal 0 0 0
outer loop
vertex 8.125000e-01 9.375000e-01 1.000000e+00
vertex 7.500000e-01 9.375000e-01 1.000000e+00
vertex 8.125000e-01 1.000000e+00 1.000000e+00
endloop
endfacet
facet normal 0 0 0
outer loop
vertex 4.375000e-01 1.000000e+00 8.750000e-01
vertex 3.750000e-01 1.000000e+00 8.750000e-01
vertex 3.750000e-01 1.000000e+00 8.125000e-01
endloop
endfacet
facet normal 0 0 0
outer loop
vertex 6.875000e-01 1.000000e+00 8.125000e-01
vertex 6.875000e-01 1.000000e+00 7.500000e-01
vertex 7.500000e-01 1.000000e+00 8.125000e-01
endloop
endfacet
facet normal 0 0 0
outer loop
vertex 5.625000e-01 1.000000e+00 8.750000e-01
vertex 6.250000e-01 1.000000e+00 9.375000e-01
vertex 5.625000e-01 1.000000e+00 9.375000e-01
endloop
endfacet
facet normal 0 0 0
outer loop
vertex 6.250000e-01 8.750000e-01 1.000000e+00
vertex 6.875000e-01 8.750000e-01 1.000000e+00
vertex 6.250000e-01 8.125000e-01 1.000000e+00
endloop
endfacet
facet normal 0 0 0
outer loop
vertex 8.750000e-01 1.000000e+00 1.000000e+00
vertex 8.125000e-01 1.000000e+00 1.000000e+00
vertex 8.125000e-01 1.000000e+00 9.375000e-01
endloop
endfacet
facet normal 0 0 0
outer loop
vertex 8.125000e-01 9.375000e-01 1.000000e+00
vertex 8.125000e-01 1.000000e+00 1.000000e+00
vertex 8.750000e-01 1.000000e+00 1.000000e+00
endloop
endfacet
facet normal 0 0 0
outer loop
vertex 3.750000e-01 4.375000e-01 1.000000e+00
vertex 3.750000e-01 5.000000e-01 1.000000e+00
vertex 4.375000e-01 5.000000e-01 1.000000e+00
endloop
endfacet
facet normal 0 0 0
outer loop
vertex 1.875000e-01 7.500000e-01 1.000000e+00
vertex 1.250000e-01 6.875000e-01 1.000000e+00
vertex 1.250000e-01 7.500000e-01 1.000000e+00
endloop
endfacet
facet normal 0 0 0
outer loop
vertex 7.500000e-01 1.000000e+00 6.875000e-01
vertex 7.500000e-01 1.000000e+00 6.250000e-01
vertex 8.125000e-01 1.000000e+00 6.875000e-01
endloop
endfacet
facet normal 0 0 0
outer loop
vertex 6.875000e-01 1.000000e+00 1.000000e+00
vertex 7.500000e-01 1.000000e+00 1.000000e+00
vertex 6.875000e-01 9.375000e-01 1.000000e+00
endloop
endfacet
facet normal 0 0 0
outer loop
vertex 6.875000e-01 1.000000e+00 9.375000e-01
vertex 7.500000e-01 1.000000e+00 1.000000e+00
vertex 6.875000e-01 1.000000e+00 1.000000e+00
endloop
endfacet
facet normal 0 0 0
outer loop
vertex 6.875000e-01 8.750000e-01 1.000000e+00
vertex 6.875000e-01 8.125000e-01 1.000000e+00
vertex 6.250000e-01 8.125000e-01 1.000000e+00
endloop
endfacet
facet normal 0 0 0
outer loop
vertex 7.500000e-01 1.000000e+00 8.125000e-01
vertex 6.875000e-01 1.000000e+00 7.500000e-01
vertex 7.500000e-01 1.000000e+00 7.500000e-01
endloop
endfacet
facet normal 0 0 0
outer loop
vertex 6.875000e-01 9.375000e-01 1.000000e+00
vertex 6.875000e-01 8.750000e-01 1.000000e+00
vertex 6.250000e-01 8.750000e-01 1.000000e+00
endloop
endfacet
facet normal 0 0 0
outer loop
vertex 4.375000e-01 1.000000e+00 6.875000e-01
vertex 4.375000e-01 1.000000e+00 7.500000e-01
vertex 3.750000e-01 1.000000e+00 6.875000e-01
endloop
endfacet
facet normal 0 0 0
outer loop
vertex 6.875000e-01 1.000000e+00 9.375000e-01
vertex 7.500000e-01 1.000000e+00 9.375000e-01
vertex 7.500000e-01 1.000000e+00 1.000000e+00
endloop
endfacet
facet normal 0 0 0
outer loop
vertex 8.750000e-01 8.750000e-01 1.000000e+00
vertex 8.750000e-01 9.375000e-01 1.000000e+00
vertex 9.375000e-01 9.375000e-01 1.000000e+00
endloop
endfacet
facet normal 0 0 0
outer loop
vertex 8.125000e-01 1.000000e+00 1.000000e+00
vertex 7.500000e-01 9.375000e-01 1.000000e+00
vertex 7.500000e-01 1.000000e+00 1.000000e+00
endloop
endfacet
facet normal 0 0 0
outer loop
vertex 7.500000e-01 1.000000e+00 1.000000e+00
vertex 7.500000e-01 1.000000e+00 9.375000e-01
vertex 8.125000e-01 1.000000e+00 1.000000e+00
endloop
endfacet
facet normal 0 0 0
outer loop
vertex 8.125000e-01 1.000000e+00 1.000000e+00
vertex 7.500000e-01 1.000000e+00 9.375000e-01
vertex 8.125000e-01 1.000000e+00 9.375000e-01
endloop
endfacet
facet normal 0 0 0
outer loop
vertex 5.625000e-01 1.000000e+00 8.750000e-01
vertex 6.250000e-01 1.000000e+00 8.750000e-01
vertex 6.250000e-01 1.000000e+00 9.375000e-01
endloop
endfacet
facet normal 0 0 0
outer loop
vertex 6.250000e-01 9.375000e-01 1.000000e+00
vertex 5.625000e-01 8.750000e-01 1.000000e+00
vertex 5.625000e-01 9.375000e-01 1.000000e+00
endloop
endfacet
facet normal 0 0 0
outer loop
vertex 6.875000e-01 1.000000e+00 5.625000e-01
vertex 7.500000e-01 1.000000e+00 5.625000e-01
vertex 7.500000e-01 1.000000e+00 6.250000e-01
endloop
endfacet
facet normal 0 0 0
outer loop
vertex 9.375000e-01 1.000000e+00 8.125000e-01
vertex 1.000000e+00 1.000000e+00 8.125000e-01
vertex 1.000000e+00 1.000000e+00 8.750000e-01
endloop
endfacet
facet normal 0 0 0
outer loop
vertex 1.000000e+00 1.000000e+00 8.125000e-01
vertex 1.000000e+00 9.375000e-01 8.125000e-01
vertex 1.000000e+00 1.000000e+00 8.750000e-01
endloop
endfacet
facet normal 0 0 0
outer loop
vertex 6.250000e-01 1.000000e+00 8.125000e-01
vertex 6.875000e-01 1.000000e+00 8.125000e-01
vertex 6.875000e-01 1.000000e+00 8.750000e-01
endloop
endfacet
facet normal 0 0 0
outer loop
vertex 6.875000e-01 1.000000e+00 7.500000e-01
vertex 6.875000e-01 1.000000e+00 8.125000e-01
vertex 6.250000e-01 1.000000e+00 7.500000e-01
endloop
endfacet
facet normal 0 0 0
outer loop
vertex 6.250000e-01 1.000000e+00 6.875000e-01
vertex 6.250000e-01 1.000000e+00 6.250000e-01
vertex 6.875000e-01 1.000000e+00 6.875000e-01
endloop
endfacet
facet normal 0 0 0
outer loop
vertex 2.500000e-01 1.000000e+00 7.500000e-01
vertex 2.500000e-01 1.000000e+00 8.125000e-01
vertex 1.875000e-01 1.000000e+00 7.500000e-01
endloop
endfacet
facet normal 0 0 0
outer loop
vertex 6.250000e-01 1.000000e+00 9.375000e-01
vertex 6.875000e-01 1.000000e+00 9.375000e-01
vertex 6.875000e-01 1.000000e+00 1.000000e+00
endloop
endfacet
facet normal 0 0 0
outer loop
vertex 6.250000e-01 1.000000e+00 1.000000e+00
vertex 6.875000e-01 1.000000e+00 1.000000e+00
vertex 6.250000e-01 9.375000e-01 1.000000e+00
endloop
endfacet
facet normal 0 0 0
outer loop
vertex 6.250000e-01 1.000000e+00 9.375000e-01
vertex 6.875000e-01 1.000000e+00 1.000000e+00
vertex 6.250000e-01 1.000000e+00 1.000000e+00
endloop
endfacet
facet normal 0 0 0
outer loop
vertex 6.250000e-01 9.375000e-01 1.000000e+00
vertex 5.625000e-01 9.375000e-01 1.000000e+00
vertex 6.250000e-01 1.000000e+00 1.000000e+00
endloop
endfacet
facet normal 0 0 0
outer loop
vertex 4.375000e-01 1.000000e+00 8.750000e-01
vertex 5.000000e-01 1.000000e+00 9.375000e-01
vertex 4.375000e-01 1.000000e+00 9.375000e-01
endloop
endfacet
facet normal 0 0 0
outer loop
vertex 6.250000e-01 8.750000e-01 1.000000e+00
vertex 5.625000e-01 8.750000e-01 1.000000e+00
vertex 6.250000e-01 9.375000e-01 1.000000e+00
endloop
endfacet
facet normal 0 0 0
outer loop
vertex 5.625000e-01 8.750000e-01 1.000000e+00
vertex 6.250000e-01 8.750000e-01 1.000000e+00
vertex 5.625000e-01 8.125000e-01 1.000000e+00
endloop
endfacet
facet normal 0 0 0
outer loop
vertex 5.625000e-01 1.000000e+00 1.000000e+00
vertex 6.250000e-01 1.000000e+00 1.000000e+00
vertex 5.625000e-01 9.375000e-01 1.000000e+00
endloop
endfacet
facet normal 0 0 0
outer loop
vertex 5.625000e-01 1.000000e+00 9.375000e-01
vertex 6.250000e-01 1.000000e+00 1.000000e+00
vertex 5.625000e-01 1.000000e+00 1.000000e+00
endloop
endfacet
facet normal 0 0 0
outer loop
vertex 5.625000e-01 9.375000e-01 1.000000e+00
vertex 5.000000e-01 9.375000e-01 1.000000e+00
vertex 5.625000e-01 1.000000e+00 1.000000e+00
endloop
endfacet
facet normal 0 0 0
outer loop
vertex 0.000000e+00 8.125000e-01 7.500000e-01
vertex 0.000000e+00 7.500000e-01 6.875000e-01
vertex 0.000000e+00 8.125000e-01 6.875000e-01
endloop
endfacet
facet normal 0 0 0
outer loop
vertex 2.500000e-01 1.000000e+00 5.625000e-01
vertex 2.500000e-01 1.000000e+00 6.250000e-01
vertex 1.875000e-01 1.000000e+00 5.625000e-01
endloop
endfacet
facet normal 0 0 0
outer loop
vertex 5.000000e-01 1.000000e+00 8.750000e-01
vertex 5.000000e-01 1.000000e+00 9.375000e-01
vertex 4.375000e-01 1.000000e+00 8.750000e-01
endloop
endfacet
facet normal 0 0 0
outer loop
vertex 3.750000e-01 1.000000e+00 8.125000e-01
vertex 3.125000e-01 1.000000e+00 8.125000e-01
vertex 3.125000e-01 1.000000e+00 7.500000e-01
endloop
endfacet
facet normal 0 0 0
outer loop
vertex 3.750000e-01 1.000000e+00 8.750000e-01
vertex 4.375000e-01 1.000000e+00 8.750000e-01
vertex 4.375000e-01 1.000000e+00 9.375000e-01
endloop
endfacet
facet normal 0 0 0
outer loop
vertex 6.250000e-01 1.000000e+00 7.500000e-01
vertex 6.250000e-01 1.000000e+00 8.125000e-01
vertex 5.625000e-01 1.000000e+00 7.500000e-01
endloop
endfacet
facet normal 0 0 0
outer loop
vertex 7.500000e-01 1.000000e+00 3.750000e-01
vertex 6.875000e-01 1.000000e+00 3.125000e-01
vertex 7.500000e-01 1.000000e+00 3.125000e-01
endloop
endfacet
facet normal 0 0 0
outer loop
vertex 9.375000e-01 8.750000e-01 1.000000e+00
vertex 9.375000e-01 8.125000e-01 1.000000e+00
vertex 8.750000e-01 8.125000e-01 1.000000e+00
endloop
endfacet
facet normal 0 0 0
outer loop
vertex 3.750000e-01 1.000000e+00 7.500000e-01
vertex 3.125000e-01 1.000000e+00 6.875000e-01
vertex 3.750000e-01 1.000000e+00 6.875000e-01
endloop
endfacet
facet normal 0 0 0
outer loop
vertex 5.625000e-01 1.000000e+00 8.750000e-01
vertex 5.625000e-01 1.000000e+00 8.125000e-01
vertex 6.250000e-01 1.000000e+00 8.750000e-01
endloop
endfacet
facet normal 0 0 0
outer loop
vertex 6.250000e-01 1.000000e+00 8.750000e-01
vertex 5.625000e-01 1.000000e+00 8.125000e-01
vertex 6.250000e-01 1.000000e+00 8.125000e-01
endloop
endfacet
facet normal 0 0 0
outer loop
vertex 3.750000e-01 1.000000e+00 3.750000e-01
vertex 3.125000e-01 1.000000e+00 3.125000e-01
vertex 3.750000e-01 1.000000e+00 3.125000e-01
endloop
endfacet
facet normal 0 0 0
outer loop
vertex 6.250000e-02 1.000000e+00 3.750000e-01
vertex 6.250000e-02 1.000000e+00 3.125000e-01
vertex 1.250000e-01 1.000000e+00 3.750000e-01
endloop
endfacet
facet normal 0 0 0
outer loop
vertex 8.750000e-01 8.125000e-01 1.000000e+00
vertex 8.125000e-01 8.125000e-01 1.000000e+00
vertex 8.750000e-01 8.750000e-01 1.000000e+00
endloop
endfacet
facet normal 0 0 0
outer loop
vertex 9.375000e-01 1.000000e+00 5.625000e-01
vertex 1.000000e+00 1.000000e+00 6.250000e-01
vertex 9.375000e-01 1.000000e+00 6.250000e-01
endloop
endfacet
facet normal 0 0 0
outer loop
vertex 0.000000e+00 5.625000e-01 5.000000e-01
vertex 0.000000e+00 5.000000e-01 4.375000e-01
vertex 0.000000e+00 5.625000e-01 4.375000e-01
endloop
endfacet
facet normal 0 0 0
outer loop
vertex 9.375000e-01 1.000000e+00 6.875000e-01
vertex 1.000000e+00 1.000000e+00 6.875000e-01
vertex 1.000000e+00 1.000000e+00 7.500000e-01
endloop
endfacet
facet normal 0 0 0
outer loop
vertex 1.000000e+00 1.000000e+00 7.500000e-01
vertex 1.000000e+00 1.000000e+00 6.875000e-01
vertex 1.000000e+00 9.375000e-01 6.875000e-01
endloop
endfacet
facet normal 0 0 0
outer loop
vertex 8.125000e-01 1.000000e+00 6.250000e-01
vertex 8.750000e-01 1.000000e+00 6.875000e-01
vertex 8.125000e-01 1.000000e+00 6.875000e-01
endloop
endfacet
facet normal 0 0 0
outer loop
vertex 1.000000e+00 8.125000e-01 6.875000e-01
vertex 1.000000e+00 8.750000e-01 6.875000e-01
vertex 1.000000e+00 8.125000e-01 6.250000e-01
endloop
endfacet
facet normal 0 0 0
outer loop
vertex 1.000000e+00 5.625000e-01 7.500000e-01
vertex 1.000000e+00 6.250000e-01 8.125000e-01
vertex 1.000000e+00 6.250000e-01 7.500000e-01
endloop
endfacet
facet normal 0 0 0
outer loop
vertex 8.750000e-01 9.375000e-01 1.000000e+00
vertex 8.750000e-01 8.750000e-01 1.000000e+00
vertex 8.125000e-01 8.750000e-01 1.000000e+00
endloop
endfacet
facet normal 0 0 0
outer loop
vertex 8.750000e-01 1.000000e+00 9.375000e-01
vertex 8.125000e-01 1.000000e+00 8.750000e-01
vertex 8.750000e-01 1.000000e+00 8.750000e-01
endloop
endfacet
facet normal 0 0 0
outer loop
vertex 7.500000e-01 1.000000e+00 6.875000e-01
vertex 8.125000e-01 1.000000e+00 7.500000e-01
vertex 7.500000e-01 1.000000e+00 7.500000e-01
endloop
endfacet
facet normal 0 0 0
outer loop
vertex 6.875000e-01 1.000000e+00 6.875000e-01
vertex 7.500000e-01 1.000000e+00 6.875000e-01
vertex 7.500000e-01 1.000000e+00 7.500000e-01
endloop
endfacet
facet normal 0 0 0
outer loop
vertex 1.000000e+00 8.125000e-01 6.250000e-01
vertex 1.000000e+00 7.500000e-01 5.625000e-01
vertex 1.000000e+00 7.500000e-01 6.250000e-01
endloop
endfacet
facet normal 0 0 0
outer loop
vertex 8.125000e-01 1.000000e+00 7.500000e-01
vertex 7.500000e-01 1.000000e+00 6.875000e-01
vertex 8.125000e-01 1.000000e+00 6.875000e-01
endloop
endfacet
facet normal 0 0 0
outer loop
vertex 6.875000e-01 1.000000e+00 6.250000e-01
vertex 7.500000e-01 1.000000e+00 6.250000e-01
vertex 7.500000e-01 1.000000e+00 6.875000e-01
endloop
endfacet
facet normal 0 0 0
outer loop
vertex 8.750000e-01 6.875000e-01 1.000000e+00
vertex 9.375000e-01 7.500000e-01 1.000000e+00
vertex 9.375000e-01 6.875000e-01 1.000000e+00
endloop
endfacet
facet normal 0 0 0
outer loop
vertex 6.250000e-01 1.000000e+00 5.000000e-01
vertex 6.250000e-01 1.000000e+00 4.375000e-01
vertex 6.875000e-01 1.000000e+00 5.000000e-01
endloop
endfacet
facet normal 0 0 0
outer loop
vertex 7.500000e-01 1.000000e+00 7.500000e-01
vertex 8.125000e-01 1.000000e+00 7.500000e-01
vertex 8.125000e-01 1.000000e+00 8.125000e-01
endloop
endfacet
facet normal 0 0 0
outer loop
vertex 1.000000e+00 6.250000e-01 6.875000e-01
vertex 1.000000e+00 6.875000e-01 6.875000e-01
vertex 1.000000e+00 6.250000e-01 6.250000e-01
endloop
endfacet
facet normal 0 0 0
outer loop
vertex 8.125000e-01 1.000000e+00 9.375000e-01
vertex 8.125000e-01 1.000000e+00 8.750000e-01
vertex 8.750000e-01 1.000000e+00 9.375000e-01
endloop
endfacet
facet normal 0 0 0
outer loop
vertex 8.750000e-01 9.375000e-01 1.000000e+00
vertex 8.125000e-01 8.750000e-01 1.000000e+00
vertex 8.125000e-01 9.375000e-01 1.000000e+00
endloop
endfacet
facet normal 0 0 0
outer loop
vertex 8.750000e-01 1.000000e+00 8.750000e-01
vertex 9.375000e-01 1.000000e+00 9.375000e-01
vertex 8.750000e-01 1.000000e+00 9.375000e-01
endloop
endfacet
facet normal 0 0 0
outer loop
vertex 9.375000e-01 1.000000e+00 8.750000e-01
vertex 9.375000e-01 1.000000e+00 9.375000e-01
vertex 8.750000e-01 1.000000e+00 8.750000e-01
endloop
endfacet
facet normal 0 0 0
outer loop
vertex 1.000000e+00 8.750000e-01 8.750000e-01
vertex 1.000000e+00 9.375000e-01 9.375000e-01
vertex 1.000000e+00 9.375000e-01 8.750000e-01
endloop
endfacet
facet normal 0 0 0
outer loop
vertex 1.000000e+00 8.750000e-01 9.375000e-01
vertex 1.000000e+00 9.375000e-01 9.375000e-01
vertex 1.000000e+00 8.750000e-01 8.750000e-01
endloop
endfacet
facet normal 0 0 0
outer loop
vertex 1.000000e+00 7.500000e-01 6.875000e-01
vertex 1.000000e+00 6.875000e-01 6.250000e-01
vertex 1.000000e+00 6.875000e-01 6.875000e-01
endloop
endfacet
facet normal 0 0 0
outer loop
vertex 1.000000e+00 8.125000e-01 8.750000e-01
vertex 1.000000e+00 8.125000e-01 9.375000e-01
vertex 1.000000e+00 8.750000e-01 9.375000e-01
endloop
endfacet
facet normal 0 0 0
outer loop
vertex 1.000000e+00 8.125000e-01 8.750000e-01
vertex 1.000000e+00 8.750000e-01 9.375000e-01
vertex 1.000000e+00 8.750000e-01 8.750000e-01
endloop
endfacet
facet normal 0 0 0
outer loop
vertex 1.000000e+00 7.500000e-01 5.625000e-01
vertex 1.000000e+00 6.875000e-01 5.625000e-01
vertex 1.000000e+00 7.500000e-01 6.250000e-01
endloop
endfacet
facet normal 0 0 0
outer loop
vertex 8.750000e-01 8.750000e-01 1.000000e+00
vertex 8.125000e-01 8.125000e-01 1.000000e+00
vertex 8.125000e-01 8.750000e-01 1.000000e+00
endloop
endfacet
facet normal 0 0 0
outer loop
vertex 8.750000e-01 1.000000e+00 8.750000e-01
vertex 8.125000e-01 1.000000e+00 8.750000e-01
vertex 8.125000e-01 1.000000e+00 8.125000e-01
endloop
endfacet
facet normal 0 0 0
outer loop
vertex 7.500000e-01 1.000000e+00 5.000000e-01
vertex 8.125000e-01 1.000000e+00 5.000000e-01
vertex 8.125000e-01 1.000000e+00 5.625000e-01
endloop
endfacet
facet normal 0 0 0
outer loop
vertex 1.000000e+00 9.375000e-01 6.250000e-01
vertex 1.000000e+00 1.000000e+00 6.250000e-01
vertex 1.000000e+00 9.375000e-01 5.625000e-01
endloop
endfacet
facet normal 0 0 0
outer loop
vertex 1.000000e+00 5.000000e-01 3.125000e-01
vertex 1.000000e+00 5.000000e-01 2.500000e-01
vertex 1.000000e+00 4.375000e-01 2.500000e-01
endloop
endfacet
facet normal 0 0 0
outer loop
vertex 6.875000e-01 1.000000e+00 6.250000e-01
vertex 7.500000e-01 1.000000e+00 6.875000e-01
vertex 6.875000e-01 1.000000e+00 6.875000e-01
endloop
endfacet
facet normal 0 0 0
outer loop
vertex 6.875000e-01 1.000000e+00 5.625000e-01
vertex 6.875000e-01 1.000000e+00 6.250000e-01
vertex 6.250000e-01 1.000000e+00 5.625000e-01
endloop
endfacet
facet normal 0 0 0
outer loop
vertex 8.125000e-01 1.000000e+00 5.000000e-01
vertex 8.750000e-01 1.000000e+00 5.625000e-01
vertex 8.125000e-01 1.000000e+00 5.625000e-01
endloop
endfacet
facet normal 0 0 0
outer loop
vertex 7.500000e-01 1.000000e+00 2.500000e-01
vertex 8.125000e-01 1.000000e+00 2.500000e-01
vertex 8.125000e-01 1.000000e+00 3.125000e-01
endloop
endfacet
facet normal 0 0 0
outer loop
vertex 6.250000e-01 1.000000e+00 6.250000e-01
vertex 6.250000e-01 1.000000e+00 6.875000e-01
vertex 5.625000e-01 1.000000e+00 6.250000e-01
endloop
endfacet
facet normal 0 0 0
outer loop
vertex 5.625000e-01 1.000000e+00 5.625000e-01
vertex 6.250000e-01 1.000000e+00 6.250000e-01
vertex 5.625000e-01 1.000000e+00 6.250000e-01
endloop
endfacet
facet normal 0 0 0
outer loop
vertex 6.250000e-01 1.000000e+00 6.875000e-01
vertex 5.625000e-01 1.000000e+00 6.875000e-01
vertex 5.625000e-01 1.000000e+00 6.250000e-01
endloop
endfacet
facet normal 0 0 0
outer loop
vertex 1.250000e-01 1.000000e+00 9.375000e-01
vertex 1.250000e-01 1.000000e+00 1.000000e+00
vertex 6.250000e-02 1.000000e+00 9.375000e-01
endloop
endfacet
facet normal 0 0 0
outer loop
vertex 5.625000e-01 1.000000e+00 7.500000e-01
vertex 5.625000e-01 1.000000e+00 6.875000e-01
vertex 6.250000e-01 1.000000e+00 7.500000e-01
endloop
endfacet
facet normal 0 0 0
outer loop
vertex 5.625000e-01 1.000000e+00 6.875000e-01
vertex 6.250000e-01 1.000000e+00 6.875000e-01
vertex 6.250000e-01 1.000000e+00 7.500000e-01
endloop
endfacet
facet normal 0 0 0
outer loop
vertex 5.000000e-01 1.000000e+00 6.250000e-01
vertex 4.375000e-01 1.000000e+00 6.250000e-01
vertex 4.375000e-01 1.000000e+00 5.625000e-01
endloop
endfacet
facet normal 0 0 0
outer loop
vertex 6.250000e-01 1.000000e+00 4.375000e-01
vertex 6.875000e-01 1.000000e+00 4.375000e-01
vertex 6.875000e-01 1.000000e+00 5.000000e-01
endloop
endfacet
facet normal 0 0 0
outer loop
vertex 5.000000e-01 1.000000e+00 5.625000e-01
vertex 5.625000e-01 1.000000e+00 5.625000e-01
vertex 5.625000e-01 1.000000e+00 6.250000e-01
endloop
endfacet
facet normal 0 0 0
outer loop
vertex 1.000000e+00 3.125000e-01 5.000000e-01
vertex 1.000000e+00 2.500000e-01 4.375000e-01
vertex 1.000000e+00 2.500000e-01 5.000000e-01
endloop
endfacet
facet normal 0 0 0
outer loop
vertex 6.250000e-01 7.500000e-01 0.000000e+00
vertex 6.875000e-01 8.125000e-01 0.000000e+00
vertex 6.250000e-01 8.125000e-01 0.000000e+00
endloop
endfacet
facet normal 0 0 0
outer loop
vertex 8.125000e-01 5.000000e-01 1.000000e+00
vertex 8.125000e-01 5.625000e-01 1.000000e+00
vertex 8.750000e-01 5.625000e-01 1.000000e+00
endloop
endfacet
facet normal 0 0 0
outer loop
vertex 1.000000e+00 6.875000e-01 5.000000e-01
vertex 1.000000e+00 6.250000e-01 5.000000e-01
vertex 1.000000e+00 6.875000e-01 5.625000e-01
endloop
endfacet
facet normal 0 0 0
outer loop
vertex 1.000000e+00 5.000000e-01 8.125000e-01
vertex 1.000000e+00 5.000000e-01 7.500000e-01
vertex 1.000000e+00 4.375000e-01 7.500000e-01
endloop
endfacet
facet normal 0 0 0
outer loop
vertex 6.875000e-01 3.125000e-01 0.000000e+00
vertex 6.250000e-01 2.500000e-01 0.000000e+00
vertex 6.875000e-01 2.500000e-01 0.000000e+00
endloop
endfacet
facet normal 0 0 0
outer loop
vertex 1.000000e+00 4.375000e-01 6.875000e-01
vertex 1.000000e+00 5.000000e-01 7.500000e-01
vertex 1.000000e+00 5.000000e-01 6.875000e-01
endloop
endfacet
facet normal 0 0 0
outer loop
vertex 6.250000e-01 7.500000e-01 0.000000e+00
vertex 6.250000e-01 8.125000e-01 0.000000e+00
vertex 5.625000e-01 7.500000e-01 0.000000e+00
endloop
endfacet
facet normal 0 0 0
outer loop
vertex 1.000000e+00 7.500000e-01 8.125000e-01
vertex 1.000000e+00 8.125000e-01 8.750000e-01
vertex 1.000000e+00 8.125000e-01 8.125000e-01
endloop
endfacet
facet normal 0 0 0
outer loop
vertex 1.000000e+00 6.875000e-01 9.375000e-01
vertex 1.000000e+00 6.875000e-01 8.750000e-01
vertex 1.000000e+00 6.250000e-01 8.750000e-01
endloop
endfacet
facet normal 0 0 0
outer loop
vertex 7.500000e-01 1.000000e+00 1.875000e-01
vertex 6.875000e-01 1.000000e+00 1.250000e-01
vertex 7.500000e-01 1.000000e+00 1.250000e-01
endloop
endfacet
facet normal 0 0 0
outer loop
vertex 8.125000e-01 1.000000e+00 8.750000e-01
vertex 7.500000e-01 1.000000e+00 8.750000e-01
vertex 7.500000e-01 1.000000e+00 8.125000e-01
endloop
endfacet
facet normal 0 0 0
outer loop
vertex 8.125000e-01 1.000000e+00 8.750000e-01
vertex 7.500000e-01 1.000000e+00 8.125000e-01
vertex 8.125000e-01 1.000000e+00 8.125000e-01
endloop
endfacet
facet normal 0 0 0
outer loop
vertex 1.000000e+00 5.000000e-01 6.250000e-01
vertex 1.000000e+00 5.000000e-01 6.875000e-01
vertex 1.000000e+00 5.625000e-01 6.875000e-01
endloop
endfacet
facet normal 0 0 0
outer loop
vertex 1.000000e+00 7.500000e-01 6.875000e-01
vertex 1.000000e+00 8.125000e-01 7.500000e-01
vertex 1.000000e+00 8.125000e-01 6.875000e-01
endloop
endfacet
facet normal 0 0 0
outer loop
vertex 8.125000e-01 6.875000e-01 1.000000e+00
vertex 8.750000e-01 6.875000e-01 1.000000e+00
vertex 8.125000e-01 6.250000e-01 1.000000e+00
endloop
endfacet
facet normal 0 0 0
outer loop
vertex 8.750000e-01 6.875000e-01 1.000000e+00
vertex 8.750000e-01 6.250000e-01 1.000000e+00
vertex 8.125000e-01 6.250000e-01 1.000000e+00
endloop
endfacet
facet normal 0 0 0
outer loop
vertex 1.000000e+00 6.250000e-01 6.875000e-01
vertex 1.000000e+00 6.875000e-01 7.500000e-01
vertex 1.000000e+00 6.875000e-01 6.875000e-01
endloop
endfacet
facet normal 0 0 0
outer loop
vertex 1.000000e+00 2.500000e-01 6.250000e-01
vertex 1.000000e+00 1.875000e-01 6.250000e-01
vertex 1.000000e+00 2.500000e-01 6.875000e-01
endloop
endfacet
facet normal 0 0 0
outer loop
vertex 1.000000e+00 6.250000e-01 8.750000e-01
vertex 1.000000e+00 5.625000e-01 8.750000e-01
vertex 1.000000e+00 6.250000e-01 9.375000e-01
endloop
endfacet
facet normal 0 0 0
outer loop
vertex 8.750000e-01 6.250000e-01 1.000000e+00
vertex 9.375000e-01 6.875000e-01 1.000000e+00
vertex 9.375000e-01 6.250000e-01 1.000000e+00
endloop
endfacet
facet normal 0 0 0
outer loop
vertex 8.750000e-01 6.875000e-01 1.000000e+00
vertex 9.375000e-01 6.875000e-01 1.000000e+00
vertex 8.750000e-01 6.250000e-01 1.000000e+00
endloop
endfacet
facet normal 0 0 0
outer loop
vertex 6.875000e-01 1.000000e+00 8.125000e-01
vertex 7.500000e-01 1.000000e+00 8.125000e-01
vertex 7.500000e-01 1.000000e+00 8.750000e-01
endloop
endfacet
facet normal 0 0 0
outer loop
vertex 6.875000e-01 1.000000e+00 8.750000e-01
vertex 6.875000e-01 1.000000e+00 8.125000e-01
vertex 7.500000e-01 1.000000e+00 8.750000e-01
endloop
endfacet
facet normal 0 0 0
outer loop
vertex 6.875000e-01 1.000000e+00 9.375000e-01
vertex 6.875000e-01 1.000000e+00 8.750000e-01
vertex 7.500000e-01 1.000000e+00 9.375000e-01
endloop
endfacet
facet normal 0 0 0
outer loop
vertex 7.500000e-01 9.375000e-01 1.000000e+00
vertex 6.875000e-01 8.750000e-01 1.000000e+00
vertex 6.875000e-01 9.375000e-01 1.000000e+00
endloop
endfacet
facet normal 0 0 0
outer loop
vertex 7.500000e-01 8.750000e-01 1.000000e+00
vertex 6.875000e-01 8.750000e-01 1.000000e+00
vertex 7.500000e-01 9.375000e-01 1.000000e+00
endloop
endfacet
facet normal 0 0 0
outer loop
vertex 7.500000e-01 1.000000e+00 8.750000e-01
vertex 7.500000e-01 1.000000e+00 9.375000e-01
vertex 6.875000e-01 1.000000e+00 8.750000e-01
endloop
endfacet
facet normal 0 0 0
outer loop
vertex 1.000000e+00 6.875000e-01 5.625000e-01
vertex 1.000000e+00 6.250000e-01 5.625000e-01
vertex 1.000000e+00 6.875000e-01 6.250000e-01
endloop
endfacet
facet normal 0 0 0
outer loop
vertex 1.000000e+00 6.250000e-01 7.500000e-01
vertex 1.000000e+00 6.875000e-01 8.125000e-01
vertex 1.000000e+00 6.875000e-01 7.500000e-01
endloop
endfacet
facet normal 0 0 0
outer loop
vertex 1.000000e+00 5.625000e-01 1.875000e-01
vertex 1.000000e+00 6.250000e-01 2.500000e-01
vertex 1.000000e+00 6.250000e-01 1.875000e-01
endloop
endfacet
facet normal 0 0 0
outer loop
vertex 1.000000e+00 6.875000e-01 6.250000e-01
vertex 1.000000e+00 6.250000e-01 5.625000e-01
vertex 1.000000e+00 6.250000e-01 6.250000e-01
endloop
endfacet
facet normal 0 0 0
outer loop
vertex 1.000000e+00 9.375000e-01 8.125000e-01
vertex 1.000000e+00 8.750000e-01 7.500000e-01
vertex 1.000000e+00 8.750000e-01 8.125000e-01
endloop
endfacet
facet normal 0 0 0
outer loop
vertex 1.000000e+00 8.125000e-01 6.875000e-01
vertex 1.000000e+00 8.125000e-01 6.250000e-01
vertex 1.000000e+00 7.500000e-01 6.250000e-01
endloop
endfacet
facet normal 0 0 0
outer loop
vertex 1.000000e+00 8.750000e-01 8.750000e-01
vertex 1.000000e+00 8.125000e-01 8.125000e-01
vertex 1.000000e+00 8.125000e-01 8.750000e-01
endloop
endfacet
facet normal 0 0 0
outer loop
vertex 9.375000e-01 1.000000e+00 6.250000e-01
vertex 9.375000e-01 1.000000e+00 6.875000e-01
vertex 8.750000e-01 1.000000e+00 6.250000e-01
endloop
endfacet
facet normal 0 0 0
outer loop
vertex 8.750000e-01 1.000000e+00 8.125000e-01
vertex 8.125000e-01 1.000000e+00 8.125000e-01
vertex 8.125000e-01 1.000000e+00 7.500000e-01
endloop
endfacet
facet normal 0 0 0
outer loop
vertex 9.375000e-01 1.000000e+00 8.750000e-01
vertex 8.750000e-01 1.000000e+00 8.125000e-01
vertex 9.375000e-01 1.000000e+00 8.125000e-01
endloop
endfacet
facet normal 0 0 0
outer loop
vertex 8.125000e-01 1.000000e+00 8.125000e-01
vertex 8.750000e-01 1.000000e+00 8.125000e-01
vertex 8.750000e-01 1.000000e+00 8.750000e-01
endloop
endfacet
facet normal 0 0 0
outer loop
vertex 8.750000e-01 1.000000e+00 8.750000e-01
vertex 8.750000e-01 1.000000e+00 8.125000e-01
vertex 9.375000e-01 1.000000e+00 8.750000e-01
endloop
endfacet
facet normal 0 0 0
outer loop
vertex 1.000000e+00 8.125000e-01 8.125000e-01
vertex 1.000000e+00 8.750000e-01 8.125000e-01
vertex 1.000000e+00 8.125000e-01 7.500000e-01
endloop
endfacet
facet normal 0 0 0
outer loop
vertex 8.125000e-01 6.875000e-01 1.000000e+00
vertex 8.125000e-01 7.500000e-01 1.000000e+00
vertex 8.750000e-01 7.500000e-01 1.000000e+00
endloop
endfacet
facet normal 0 0 0
outer loop
vertex 8.125000e-01 8.125000e-01 1.000000e+00
vertex 8.750000e-01 8.125000e-01 1.000000e+00
vertex 8.125000e-01 7.500000e-01 1.000000e+00
endloop
endfacet
facet normal 0 0 0
outer loop
vertex 1.000000e+00 7.500000e-01 9.375000e-01
vertex 1.000000e+00 8.125000e-01 9.375000e-01
vertex 1.000000e+00 7.500000e-01 8.750000e-01
endloop
endfacet
facet normal 0 0 0
outer loop
vertex 1.000000e+00 8.125000e-01 8.750000e-01
vertex 1.000000e+00 7.500000e-01 8.750000e-01
vertex 1.000000e+00 8.125000e-01 9.375000e-01
endloop
endfacet
facet normal 0 0 0
outer loop
vertex 1.000000e+00 7.500000e-01 9.375000e-01
vertex 1.000000e+00 6.875000e-01 8.750000e-01
vertex 1.000000e+00 6.875000e-01 9.375000e-01
endloop
endfacet
facet normal 0 0 0
outer loop
vertex 1.000000e+00 7.500000e-01 9.375000e-01
vertex 1.000000e+00 7.500000e-01 8.750000e-01
vertex 1.000000e+00 6.875000e-01 8.750000e-01
endloop
endfacet
facet normal 0 0 0
outer loop
vertex 8.750000e-01 6.875000e-01 1.000000e+00
vertex 8.125000e-01 6.875000e-01 1.000000e+00
vertex 8.750000e-01 7.500000e-01 1.000000e+00
endloop
endfacet
facet normal 0 0 0
outer loop
vertex 1.000000e+00 4.375000e-01 5.625000e-01
vertex 1.000000e+00 3.750000e-01 5.625000e-01
vertex 1.000000e+00 4.375000e-01 6.250000e-01
endloop
endfacet
facet normal 0 0 0
outer loop
vertex 1.000000e+00 6.250000e-01 6.875000e-01
vertex 1.000000e+00 5.625000e-01 6.875000e-01
vertex 1.000000e+00 6.250000e-01 7.500000e-01
endloop
endfacet
facet normal 0 0 0
outer loop
vertex 1.000000e+00 5.000000e-01 5.625000e-01
vertex 1.000000e+00 5.000000e-01 5.000000e-01
vertex 1.000000e+00 4.375000e-01 5.000000e-01
endloop
endfacet
facet normal 0 0 0
outer loop
vertex 6.250000e-01 0.000000e+00 3.750000e-01
vertex 5.625000e-01 0.000000e+00 3.750000e-01
vertex 6.250000e-01 0.000000e+00 4.375000e-01
endloop
endfacet
facet normal 0 0 0
outer loop
vertex 1.000000e+00 7.500000e-01 7.500000e-01
vertex 1.000000e+00 6.875000e-01 7.500000e-01
vertex 1.000000e+00 7.500000e-01 8.125000e-01
endloop
endfacet
facet normal 0 0 0
outer loop
vertex 1.000000e+00 6.875000e-01 7.500000e-01
vertex 1.000000e+00 7.500000e-01 7.500000e-01
vertex 1.000000e+00 6.875000e-01 6.875000e-01
endloop
endfacet
facet normal 0 0 0
outer loop
vertex 1.000000e+00 6.875000e-01 7.500000e-01
vertex 1.000000e+00 6.250000e-01 6.875000e-01
vertex 1.000000e+00 6.250000e-01 7.500000e-01
endloop
endfacet
facet normal 0 0 0
outer loop
vertex 1.000000e+00 6.875000e-01 8.125000e-01
vertex 1.000000e+00 6.250000e-01 8.125000e-01
vertex 1.000000e+00 6.875000e-01 8.750000e-01
endloop
endfacet
facet normal 0 0 0
outer loop
vertex 1.000000e+00 6.250000e-01 8.125000e-01
vertex 1.000000e+00 6.875000e-01 8.125000e-01
vertex 1.000000e+00 6.250000e-01 7.500000e-01
endloop
endfacet
facet normal 0 0 0
outer loop
vertex 1.000000e+00 7.500000e-01 8.125000e-01
vertex 1.000000e+00 6.875000e-01 8.125000e-01
vertex 1.000000e+00 7.500000e-01 8.750000e-01
endloop
endfacet
facet normal 0 0 0
outer loop
vertex 8.750000e-01 1.000000e+00 5.000000e-01
vertex 8.750000e-01 1.000000e+00 4.375000e-01
vertex 9.375000e-01 1.000000e+00 5.000000e-01
endloop
endfacet
facet normal 0 0 0
outer loop
vertex 1.000000e+00 8.125000e-01 3.125000e-01
vertex 1.000000e+00 8.125000e-01 3.750000e-01
vertex 1.000000e+00 8.750000e-01 3.750000e-01
endloop
endfacet
facet normal 0 0 0
outer loop
vertex 1.000000e+00 8.750000e-01 7.500000e-01
vertex 1.000000e+00 9.375000e-01 8.125000e-01
vertex 1.000000e+00 9.375000e-01 7.500000e-01
endloop
endfacet
facet normal 0 0 0
outer loop
vertex 1.000000e+00 8.125000e-01 1.250000e-01
vertex 1.000000e+00 8.125000e-01 1.875000e-01
vertex 1.000000e+00 8.750000e-01 1.875000e-01
endloop
endfacet
facet normal 0 0 0
outer loop
vertex 1.000000e+00 2.500000e-01 6.250000e-01
vertex 1.000000e+00 3.125000e-01 6.250000e-01
vertex 1.000000e+00 2.500000e-01 5.625000e-01
endloop
endfacet
facet normal 0 0 0
outer loop
vertex 1.000000e+00 5.000000e-01 5.000000e-01
vertex 1.000000e+00 4.375000e-01 4.375000e-01
vertex 1.000000e+00 4.375000e-01 5.000000e-01
endloop
endfacet
facet normal 0 0 0
outer loop
vertex 1.000000e+00 6.875000e-01 8.750000e-01
vertex 1.000000e+00 6.250000e-01 8.125000e-01
vertex 1.000000e+00 6.250000e-01 8.750000e-01
endloop
endfacet
facet normal 0 0 0
outer loop
vertex 1.000000e+00 6.875000e-01 6.250000e-01
vertex 1.000000e+00 7.500000e-01 6.875000e-01
vertex 1.000000e+00 7.500000e-01 6.250000e-01
endloop
endfacet
facet normal 0 0 0
outer loop
vertex 1.000000e+00 8.125000e-01 6.250000e-01
vertex 1.000000e+00 8.125000e-01 5.625000e-01
vertex 1.000000e+00 7.500000e-01 5.625000e-01
endloop
endfacet
facet normal 0 0 0
outer loop
vertex 1.000000e+00 9.375000e-01 8.750000e-01
vertex 1.000000e+00 9.375000e-01 8.125000e-01
vertex 1.000000e+00 8.750000e-01 8.125000e-01
endloop
endfacet
facet normal 0 0 0
outer loop
vertex 1.000000e+00 8.125000e-01 7.500000e-01
vertex 1.000000e+00 8.750000e-01 7.500000e-01
vertex 1.000000e+00 8.125000e-01 6.875000e-01
endloop
endfacet
facet normal 0 0 0
outer loop
vertex 1.000000e+00 9.375000e-01 6.250000e-02
vertex 1.000000e+00 9.375000e-01 1.250000e-01
vertex 1.000000e+00 1.000000e+00 1.250000e-01
endloop
endfacet
facet normal 0 0 0
outer loop
vertex 8.750000e-01 1.000000e+00 5.000000e-01
vertex 9.375000e-01 1.000000e+00 5.000000e-01
vertex 9.375000e-01 1.000000e+00 5.625000e-01
endloop
endfacet
facet normal 0 0 0
outer loop
vertex 1.000000e+00 9.375000e-01 8.750000e-01
vertex 1.000000e+00 8.750000e-01 8.125000e-01
vertex 1.000000e+00 8.750000e-01 8.750000e-01
endloop
endfacet
facet normal 0 0 0
outer loop
vertex 1.000000e+00 8.750000e-01 7.500000e-01
vertex 1.000000e+00 9.375000e-01 7.500000e-01
vertex 1.000000e+00 8.750000e-01 6.875000e-01
endloop
endfacet
facet normal 0 0 0
outer loop
vertex 8.125000e-01 1.000000e+00 6.875000e-01
vertex 8.750000e-01 1.000000e+00 7.500000e-01
vertex 8.125000e-01 1.000000e+00 7.500000e-01
endloop
endfacet
facet normal 0 0 0
outer loop
vertex 1.000000e+00 5.625000e-01 4.375000e-01
vertex 1.000000e+00 6.250000e-01 5.000000e-01
vertex 1.000000e+00 6.250000e-01 4.375000e-01
endloop
endfacet
facet normal 0 0 0
outer loop
vertex 8.750000e-01 1.000000e+00 6.250000e-01
vertex 8.125000e-01 1.000000e+00 5.625000e-01
vertex 8.750000e-01 1.000000e+00 5.625000e-01
endloop
endfacet
facet normal 0 0 0
outer loop
vertex 9.375000e-01 1.000000e+00 4.375000e-01
vertex 9.375000e-01 1.000000e+00 3.750000e-01
vertex 1.000000e+00 1.000000e+00 4.375000e-01
endloop
endfacet
facet normal 0 0 0
outer loop
vertex 1.000000e+00 6.250000e-01 5.000000e-01
vertex 1.000000e+00 5.625000e-01 5.000000e-01
vertex 1.000000e+00 6.250000e-01 5.625000e-01
endloop
endfacet
facet normal 0 0 0
outer loop
vertex 1.000000e+00 1.250000e-01 2.500000e-01
vertex 1.000000e+00 1.250000e-01 1.875000e-01
vertex 1.000000e+00 6.250000e-02 1.875000e-01
endloop
endfacet
facet normal 0 0 0
outer loop
vertex 8.750000e-01 1.000000e+00 5.625000e-01
vertex 8.750000e-01 1.000000e+00 5.000000e-01
vertex 9.375000e-01 1.000000e+00 5.625000e-01
endloop
endfacet
facet normal 0 0 0
outer loop
vertex 8.750000e-01 1.000000e+00 6.250000e-01
vertex 8.750000e-01 1.000000e+00 6.875000e-01
vertex 8.125000e-01 1.000000e+00 6.250000e-01
endloop
endfacet
facet normal 0 0 0
outer loop
vertex 1.000000e+00 8.125000e-01 6.250000e-01
vertex 1.000000e+00 8.750000e-01 6.875000e-01
vertex 1.000000e+00 8.750000e-01 6.250000e-01
endloop
endfacet
facet normal 0 0 0
outer loop
vertex 8.125000e-01 1.000000e+00 5.625000e-01
vertex 8.750000e-01 1.000000e+00 6.250000e-01
vertex 8.125000e-01 1.000000e+00 6.250000e-01
endloop
endfacet
facet normal 0 0 0
outer loop
vertex 1.000000e+00 8.750000e-01 5.625000e-01
vertex 1.000000e+00 9.375000e-01 6.250000e-01
vertex 1.000000e+00 9.375000e-01 5.625000e-01
endloop
endfacet
facet normal 0 0 0
outer loop
vertex 1.000000e+00 8.750000e-01 6.250000e-01
vertex 1.000000e+00 9.375000e-01 6.250000e-01
vertex 1.000000e+00 8.750000e-01 5.625000e-01
endloop
endfacet
facet normal 0 0 0
outer loop
vertex 1.000000e+00 9.375000e-01 6.250000e-01
vertex 1.000000e+00 8.750000e-01 6.250000e-01
vertex 1.000000e+00 9.375000e-01 6.875000e-01
endloop
endfacet
facet normal 0 0 0
outer loop
vertex 1.000000e+00 8.750000e-01 6.250000e-01
vertex 1.000000e+00 8.750000e-01 6.875000e-01
vertex 1.000000e+00 9.375000e-01 6.875000e-01
endloop
endfacet
facet normal 0 0 0
outer loop
vertex 1.000000e+00 9.375000e-01 8.125000e-01
vertex 1.000000e+00 9.375000e-01 8.750000e-01
vertex 1.000000e+00 1.000000e+00 8.750000e-01
endloop
endfacet
facet normal 0 0 0
outer loop
vertex 1.000000e+00 8.750000e-01 6.875000e-01
vertex 1.000000e+00 9.375000e-01 7.500000e-01
vertex 1.000000e+00 9.375000e-01 6.875000e-01
endloop
endfacet
facet normal 0 0 0
outer loop
vertex 1.000000e+00 8.750000e-01 8.125000e-01
vertex 1.000000e+00 8.125000e-01 8.125000e-01
vertex 1.000000e+00 8.750000e-01 8.750000e-01
endloop
endfacet
facet normal 0 0 0
outer loop
vertex 1.000000e+00 8.125000e-01 6.875000e-01
vertex 1.000000e+00 8.750000e-01 7.500000e-01
vertex 1.000000e+00 8.750000e-01 6.875000e-01
endloop
endfacet
facet normal 0 0 0
outer loop
vertex 1.000000e+00 8.750000e-01 8.125000e-01
vertex 1.000000e+00 8.750000e-01 7.500000e-01
vertex 1.000000e+00 8.125000e-01 7.500000e-01
endloop
endfacet
facet normal 0 0 0
outer loop
vertex 1.000000e+00 1.000000e+00 7.500000e-01
vertex 1.000000e+00 1.000000e+00 8.125000e-01
vertex 9.375000e-01 1.000000e+00 7.500000e-01
endloop
endfacet
facet normal 0 0 0
outer loop
vertex 1.000000e+00 1.000000e+00 8.125000e-01
vertex 1.000000e+00 1.000000e+00 7.500000e-01
vertex 1.000000e+00 9.375000e-01 7.500000e-01
endloop
endfacet
facet normal 0 0 0
outer loop
vertex 8.750000e-01 1.000000e+00 7.500000e-01
vertex 9.375000e-01 1.000000e+00 7.500000e-01
vertex 9.375000e-01 1.000000e+00 8.125000e-01
endloop
endfacet
facet normal 0 0 0
outer loop
vertex 8.750000e-01 1.000000e+00 7.500000e-01
vertex 8.750000e-01 1.000000e+00 8.125000e-01
vertex 8.125000e-01 1.000000e+00 7.500000e-01
endloop
endfacet
facet normal 0 0 0
outer loop
vertex 9.375000e-01 1.000000e+00 6.875000e-01
vertex 8.750000e-01 1.000000e+00 6.875000e-01
vertex 8.750000e-01 1.000000e+00 6.250000e-01
endloop
endfacet
facet normal 0 0 0
outer loop
vertex 8.750000e-01 1.000000e+00 7.500000e-01
vertex 8.750000e-01 1.000000e+00 6.875000e-01
vertex 9.375000e-01 1.000000e+00 7.500000e-01
endloop
endfacet
facet normal 0 0 0
outer loop
vertex 1.000000e+00 1.000000e+00 6.250000e-01
vertex 1.000000e+00 1.000000e+00 5.625000e-01
vertex 1.000000e+00 9.375000e-01 5.625000e-01
endloop
endfacet
facet normal 0 0 0
outer loop
vertex 1.000000e+00 1.000000e+00 5.625000e-01
vertex 1.000000e+00 1.000000e+00 6.250000e-01
vertex 9.375000e-01 1.000000e+00 5.625000e-01
endloop
endfacet
facet normal 0 0 0
outer loop
vertex 1.000000e+00 9.375000e-01 6.875000e-01
vertex 1.000000e+00 9.375000e-01 7.500000e-01
vertex 1.000000e+00 1.000000e+00 7.500000e-01
endloop
endfacet
facet normal 0 0 0
outer loop
vertex 9.375000e-01 1.000000e+00 7.500000e-01
vertex 9.375000e-01 1.000000e+00 6.875000e-01
vertex 1.000000e+00 1.000000e+00 7.500000e-01
endloop
endfacet
facet normal 0 0 0
outer loop
vertex 1.000000e+00 8.125000e-01 2.500000e-01
vertex 1.000000e+00 8.125000e-01 3.125000e-01
vertex 1.000000e+00 8.750000e-01 3.125000e-01
endloop
endfacet
facet normal 0 0 0
outer loop
vertex 1.000000e+00 9.375000e-01 6.875000e-01
vertex 1.000000e+00 1.000000e+00 6.875000e-01
vertex 1.000000e+00 9.375000e-01 6.250000e-01
endloop
endfacet
facet normal 0 0 0
outer loop
vertex 1.000000e+00 9.375000e-01 6.250000e-01
vertex 1.000000e+00 1.000000e+00 6.875000e-01
vertex 1.000000e+00 1.000000e+00 6.250000e-01
endloop
endfacet
facet normal 0 0 0
outer loop
vertex 1.000000e+00 1.000000e+00 6.250000e-01
vertex 1.000000e+00 1.000000e+00 6.875000e-01
vertex 9.375000e-01 1.000000e+00 6.250000e-01
endloop
endfacet
facet normal 0 0 0
outer loop
vertex 9.375000e-01 1.000000e+00 6.250000e-01
vertex 1.000000e+00 1.000000e+00 6.875000e-01
vertex 9.375000e-01 1.000000e+00 6.875000e-01
endloop
endfacet
facet normal 0 0 0
outer loop
vertex 8.750000e-01 1.000000e+00 3.125000e-01
vertex 8.750000e-01 1.000000e+00 3.750000e-01
vertex 8.125000e-01 1.000000e+00 3.125000e-01
endloop
endfacet
facet normal 0 0 0
outer loop
vertex 9.375000e-01 1.000000e+00 5.000000e-01
vertex 8.750000e-01 1.000000e+00 4.375000e-01
vertex 9.375000e-01 1.000000e+00 4.375000e-01
endloop
endfacet
facet normal 0 0 0
outer loop
vertex 1.000000e+00 9.375000e-01 3.750000e-01
vertex 1.000000e+00 1.000000e+00 3.750000e-01
vertex 1.000000e+00 9.375000e-01 3.125000e-01
endloop
endfacet
facet normal 0 0 0
outer loop
vertex 1.000000e+00 6.875000e-01 3.750000e-01
vertex 1.000000e+00 6.875000e-01 4.375000e-01
vertex 1.000000e+00 7.500000e-01 4.375000e-01
endloop
endfacet
facet normal 0 0 0
outer loop
vertex 5.625000e-01 1.000000e+00 1.875000e-01
vertex 6.250000e-01 1.000000e+00 1.875000e-01
vertex 6.250000e-01 1.000000e+00 2.500000e-01
endloop
endfacet
facet normal 0 0 0
outer loop
vertex 9.375000e-01 1.000000e+00 3.750000e-01
vertex 9.375000e-01 1.000000e+00 4.375000e-01
vertex 8.750000e-01 1.000000e+00 3.750000e-01
endloop
endfacet
facet normal 0 0 0
outer loop
vertex 9.375000e-01 1.000000e+00 2.500000e-01
vertex 9.375000e-01 1.000000e+00 1.875000e-01
vertex 1.000000e+00 1.000000e+00 2.500000e-01
endloop
endfacet
facet normal 0 0 0
outer loop
vertex 1.250000e-01 9.375000e-01 1.000000e+00
vertex 1.250000e-01 1.000000e+00 1.000000e+00
vertex 1.875000e-01 1.000000e+00 1.000000e+00
endloop
endfacet
facet normal 0 0 0
outer loop
vertex 1.250000e-01 1.000000e+00 1.000000e+00
vertex 1.250000e-01 1.000000e+00 9.375000e-01
vertex 1.875000e-01 1.000000e+00 1.000000e+00
endloop
endfacet
facet normal 0 0 0
outer loop
vertex 9.375000e-01 1.250000e-01 0.000000e+00
vertex 1.000000e+00 1.250000e-01 0.000000e+00
vertex 1.000000e+00 1.875000e-01 0.000000e+00
endloop
endfacet
facet normal 0 0 0
outer loop
vertex 1.000000e+00 1.250000e-01 0.000000e+00
vertex 1.000000e+00 1.875000e-01 6.250000e-02
vertex 1.000000e+00 1.875000e-01 0.000000e+00
endloop
endfacet
facet normal 0 0 0
outer loop
vertex 9.375000e-01 1.000000e+00 3.125000e-01
vertex 9.375000e-01 1.000000e+00 2.500000e-01
vertex 1.000000e+00 1.000000e+00 3.125000e-01
endloop
endfacet
facet normal 0 0 0
outer loop
vertex 8.125000e-01 7.500000e-01 0.000000e+00
vertex 8.125000e-01 6.875000e-01 0.000000e+00
vertex 8.750000e-01 7.500000e-01 0.000000e+00
endloop
endfacet
facet normal 0 0 0
outer loop
vertex 1.000000e+00 8.750000e-01 3.125000e-01
vertex 1.000000e+00 8.750000e-01 3.750000e-01
vertex 1.000000e+00 9.375000e-01 3.750000e-01
endloop
endfacet
facet normal 0 0 0
outer loop
vertex 1.000000e+00 5.625000e-01 3.125000e-01
vertex 1.000000e+00 6.250000e-01 3.125000e-01
vertex 1.000000e+00 5.625000e-01 2.500000e-01
endloop
endfacet
facet normal 0 0 0
outer loop
vertex 1.000000e+00 8.750000e-01 3.125000e-01
vertex 1.000000e+00 9.375000e-01 3.750000e-01
vertex 1.000000e+00 9.375000e-01 3.125000e-01
endloop
endfacet
facet normal 0 0 0
outer loop
vertex 1.000000e+00 8.750000e-01 5.000000e-01
vertex 1.000000e+00 8.750000e-01 5.625000e-01
vertex 1.000000e+00 9.375000e-01 5.625000e-01
endloop
endfacet
facet normal 0 0 0
outer loop
vertex 1.000000e+00 9.375000e-01 5.000000e-01
vertex 1.000000e+00 8.750000e-01 5.000000e-01
vertex 1.000000e+00 9.375000e-01 5.625000e-01
endloop
endfacet
facet normal 0 0 0
outer loop
vertex 1.000000e+00 8.750000e-01 5.000000e-01
vertex 1.000000e+00 9.375000e-01 5.000000e-01
vertex 1.000000e+00 8.750000e-01 4.375000e-01
endloop
endfacet
facet normal 0 0 0
outer loop
vertex 1.000000e+00 9.375000e-01 5.000000e-01
vertex 1.000000e+00 9.375000e-01 4.375000e-01
vertex 1.000000e+00 8.750000e-01 4.375000e-01
endloop
endfacet
facet normal 0 0 0
outer loop
vertex 1.000000e+00 8.750000e-01 3.750000e-01
vertex 1.000000e+00 9.375000e-01 4.375000e-01
vertex 1.000000e+00 9.375000e-01 3.750000e-01
endloop
endfacet
facet normal 0 0 0
outer loop
vertex 1.000000e+00 9.375000e-01 4.375000e-01
vertex 1.000000e+00 8.750000e-01 3.750000e-01
vertex 1.000000e+00 8.750000e-01 4.375000e-01
endloop
endfacet
facet normal 0 0 0
outer loop
vertex 1.000000e+00 9.375000e-01 3.750000e-01
vertex 1.000000e+00 9.375000e-01 4.375000e-01
vertex 1.000000e+00 1.000000e+00 4.375000e-01
endloop
endfacet
facet normal 0 0 0
outer loop
vertex 1.000000e+00 1.000000e+00 3.750000e-01
vertex 9.375000e-01 1.000000e+00 3.750000e-01
vertex 9.375000e-01 1.000000e+00 3.125000e-01
endloop
endfacet
facet normal 0 0 0
outer loop
vertex 1.000000e+00 8.125000e-01 5.625000e-01
vertex 1.000000e+00 7.500000e-01 5.000000e-01
vertex 1.000000e+00 7.500000e-01 5.625000e-01
endloop
endfacet
facet normal 0 0 0
outer loop
vertex 7.500000e-01 1.000000e+00 1.250000e-01
vertex 6.875000e-01 1.000000e+00 6.250000e-02
vertex 7.500000e-01 1.000000e+00 6.250000e-02
endloop
endfacet
facet normal 0 0 0
outer loop
vertex 1.000000e+00 9.375000e-01 2.500000e-01
vertex 1.000000e+00 1.000000e+00 3.125000e-01
vertex 1.000000e+00 1.000000e+00 2.500000e-01
endloop
endfacet
facet normal 0 0 0
outer loop
vertex 1.000000e+00 1.000000e+00 3.125000e-01
vertex 9.375000e-01 1.000000e+00 2.500000e-01
vertex 1.000000e+00 1.000000e+00 2.500000e-01
endloop
endfacet
facet normal 0 0 0
outer loop
vertex 1.000000e+00 1.000000e+00 3.125000e-01
vertex 1.000000e+00 9.375000e-01 2.500000e-01
vertex 1.000000e+00 9.375000e-01 3.125000e-01
endloop
endfacet
facet normal 0 0 0
outer loop
vertex 6.250000e-01 7.500000e-01 0.000000e+00
vertex 5.625000e-01 6.875000e-01 0.000000e+00
vertex 6.250000e-01 6.875000e-01 0.000000e+00
endloop
endfacet
facet normal 0 0 0
outer loop
vertex 6.875000e-01 1.000000e+00 3.750000e-01
vertex 6.875000e-01 1.000000e+00 3.125000e-01
vertex 7.500000e-01 1.000000e+00 3.750000e-01
endloop
endfacet
facet normal 0 0 0
outer loop
vertex 6.875000e-01 1.000000e+00 4.375000e-01
vertex 6.875000e-01 1.000000e+00 3.750000e-01
vertex 7.500000e-01 1.000000e+00 4.375000e-01
endloop
endfacet
facet normal 0 0 0
outer loop
vertex 6.875000e-01 7.500000e-01 0.000000e+00
vertex 6.250000e-01 6.875000e-01 0.000000e+00
vertex 6.875000e-01 6.875000e-01 0.000000e+00
endloop
endfacet
facet normal 0 0 0
outer loop
vertex 1.000000e+00 1.000000e+00 1.250000e-01
vertex 9.375000e-01 1.000000e+00 1.250000e-01
vertex 9.375000e-01 1.000000e+00 6.250000e-02
endloop
endfacet
facet normal 0 0 0
outer loop
vertex 1.000000e+00 9.375000e-01 1.875000e-01
vertex 1.000000e+00 9.375000e-01 1.250000e-01
vertex 1.000000e+00 8.750000e-01 1.250000e-01
endloop
endfacet
facet normal 0 0 0
outer loop
vertex 8.750000e-01 1.000000e+00 3.125000e-01
vertex 9.375000e-01 1.000000e+00 3.750000e-01
vertex 8.750000e-01 1.000000e+00 3.750000e-01
endloop
endfacet
facet normal 0 0 0
outer loop
vertex 9.375000e-01 1.000000e+00 3.750000e-01
vertex 8.750000e-01 1.000000e+00 3.125000e-01
vertex 9.375000e-01 1.000000e+00 3.125000e-01
endloop
endfacet
facet normal 0 0 0
outer loop
vertex 1.000000e+00 1.000000e+00 3.750000e-01
vertex 1.000000e+00 9.375000e-01 3.750000e-01
vertex 1.000000e+00 1.000000e+00 4.375000e-01
endloop
endfacet
facet normal 0 0 0
outer loop
vertex 1.000000e+00 1.000000e+00 4.375000e-01
vertex 9.375000e-01 1.000000e+00 3.750000e-01
vertex 1.000000e+00 1.000000e+00 3.750000e-01
endloop
endfacet
facet normal 0 0 0
outer loop
vertex 1.000000e+00 9.375000e-01 5.000000e-01
vertex 1.000000e+00 1.000000e+00 5.000000e-01
vertex 1.000000e+00 9.375000e-01 4.375000e-01
endloop
endfacet
facet normal 0 0 0
outer loop
vertex 1.000000e+00 1.000000e+00 4.375000e-01
vertex 1.000000e+00 9.375000e-01 4.375000e-01
vertex 1.000000e+00 1.000000e+00 5.000000e-01
endloop
endfacet
facet normal 0 0 0
outer loop
vertex 1.000000e+00 1.000000e+00 5.000000e-01
vertex 9.375000e-01 1.000000e+00 4.375000e-01
vertex 1.000000e+00 1.000000e+00 4.375000e-01
endloop
endfacet
facet normal 0 0 0
outer loop
vertex 6.250000e-01 1.000000e+00 5.000000e-01
vertex 6.875000e-01 1.000000e+00 5.625000e-01
vertex 6.250000e-01 1.000000e+00 5.625000e-01
endloop
endfacet
facet normal 0 0 0
outer loop
vertex 9.375000e-01 1.000000e+00 4.375000e-01
vertex 8.750000e-01 1.000000e+00 4.375000e-01
vertex 8.750000e-01 1.000000e+00 3.750000e-01
endloop
endfacet
facet normal 0 0 0
outer loop
vertex 7.500000e-01 1.000000e+00 3.750000e-01
vertex 8.125000e-01 1.000000e+00 3.750000e-01
vertex 8.125000e-01 1.000000e+00 4.375000e-01
endloop
endfacet
facet normal 0 0 0
outer loop
vertex 5.625000e-01 1.000000e+00 3.125000e-01
vertex 6.250000e-01 1.000000e+00 3.750000e-01
vertex 5.625000e-01 1.000000e+00 3.750000e-01
endloop
endfacet
facet normal 0 0 0
outer loop
vertex 7.500000e-01 1.000000e+00 1.250000e-01
vertex 8.125000e-01 1.000000e+00 1.250000e-01
vertex 8.125000e-01 1.000000e+00 1.875000e-01
endloop
endfacet
facet normal 0 0 0
outer loop
vertex 8.125000e-01 1.000000e+00 5.000000e-01
vertex 8.750000e-01 1.000000e+00 5.000000e-01
vertex 8.750000e-01 1.000000e+00 5.625000e-01
endloop
endfacet
facet normal 0 0 0
outer loop
vertex 8.125000e-01 1.000000e+00 4.375000e-01
vertex 8.750000e-01 1.000000e+00 4.375000e-01
vertex 8.750000e-01 1.000000e+00 5.000000e-01
endloop
endfacet
facet normal 0 0 0
outer loop
vertex 0.000000e+00 6.250000e-01 4.375000e-01
vertex 0.000000e+00 6.875000e-01 5.000000e-01
vertex 0.000000e+00 6.250000e-01 5.000000e-01
endloop
endfacet
facet normal 0 0 0
outer loop
vertex 6.250000e-01 1.000000e+00 3.750000e-01
vertex 6.875000e-01 1.000000e+00 3.750000e-01
vertex 6.875000e-01 1.000000e+00 4.375000e-01
endloop
endfacet
facet normal 0 0 0
outer loop
vertex 5.625000e-01 1.000000e+00 4.375000e-01
vertex 5.625000e-01 1.000000e+00 3.750000e-01
vertex 6.250000e-01 1.000000e+00 4.375000e-01
endloop
endfacet
facet normal 0 0 0
outer loop
vertex 6.250000e-01 7.500000e-01 0.000000e+00
vertex 6.875000e-01 7.500000e-01 0.000000e+00
vertex 6.875000e-01 8.125000e-01 0.000000e+00
endloop
endfacet
facet normal 0 0 0
outer loop
vertex 1.000000e+00 6.875000e-01 4.375000e-01
vertex 1.000000e+00 6.875000e-01 3.750000e-01
vertex 1.000000e+00 6.250000e-01 3.750000e-01
endloop
endfacet
facet normal 0 0 0
outer loop
vertex 5.000000e-01 6.875000e-01 1.000000e+00
vertex 5.000000e-01 7.500000e-01 1.000000e+00
vertex 5.625000e-01 7.500000e-01 1.000000e+00
endloop
endfacet
facet normal 0 0 0
outer loop
vertex 6.250000e-01 1.000000e+00 3.125000e-01
vertex 5.625000e-01 1.000000e+00 3.125000e-01
vertex 5.625000e-01 1.000000e+00 2.500000e-01
endloop
endfacet
facet normal 0 0 0
outer loop
vertex 6.250000e-01 1.000000e+00 5.000000e-01
vertex 6.875000e-01 1.000000e+00 5.000000e-01
vertex 6.875000e-01 1.000000e+00 5.625000e-01
endloop
endfacet
facet normal 0 0 0
outer loop
vertex 5.625000e-01 1.000000e+00 5.000000e-01
vertex 6.250000e-01 1.000000e+00 5.000000e-01
vertex 6.250000e-01 1.000000e+00 5.625000e-01
endloop
endfacet
facet normal 0 0 0
outer loop
vertex 5.625000e-01 1.000000e+00 3.125000e-01
vertex 5.000000e-01 1.000000e+00 2.500000e-01
vertex 5.625000e-01 1.000000e+00 2.500000e-01
endloop
endfacet
facet normal 0 0 0
outer loop
vertex 7.500000e-01 1.000000e+00 5.000000e-01
vertex 7.500000e-01 1.000000e+00 4.375000e-01
vertex 8.125000e-01 1.000000e+00 5.000000e-01
endloop
endfacet
facet normal 0 0 0
outer loop
vertex 5.625000e-01 1.000000e+00 2.500000e-01
vertex 6.250000e-01 1.000000e+00 2.500000e-01
vertex 6.250000e-01 1.000000e+00 3.125000e-01
endloop
endfacet
facet normal 0 0 0
outer loop
vertex 7.500000e-01 1.000000e+00 2.500000e-01
vertex 7.500000e-01 1.000000e+00 1.875000e-01
vertex 8.125000e-01 1.000000e+00 2.500000e-01
endloop
endfacet
facet normal 0 0 0
outer loop
vertex 6.875000e-01 1.000000e+00 3.750000e-01
vertex 7.500000e-01 1.000000e+00 3.750000e-01
vertex 7.500000e-01 1.000000e+00 4.375000e-01
endloop
endfacet
facet normal 0 0 0
outer loop
vertex 1.250000e-01 1.000000e+00 8.125000e-01
vertex 1.250000e-01 1.000000e+00 8.750000e-01
vertex 6.250000e-02 1.000000e+00 8.125000e-01
endloop
endfacet
facet normal 0 0 0
outer loop
vertex 9.375000e-01 9.375000e-01 0.000000e+00
vertex 9.375000e-01 8.750000e-01 0.000000e+00
vertex 1.000000e+00 9.375000e-01 0.000000e+00
endloop
endfacet
facet normal 0 0 0
outer loop
vertex 6.250000e-01 1.000000e+00 0.000000e+00
vertex 5.625000e-01 1.000000e+00 0.000000e+00
vertex 5.625000e-01 9.375000e-01 0.000000e+00
endloop
endfacet
facet normal 0 0 0
outer loop
vertex 5.625000e-01 1.000000e+00 0.000000e+00
vertex 6.250000e-01 1.000000e+00 0.000000e+00
vertex 6.250000e-01 1.000000e+00 6.250000e-02
endloop
endfacet
facet normal 0 0 0
outer loop
vertex 8.125000e-01 1.000000e+00 3.125000e-01
vertex 8.125000e-01 1.000000e+00 2.500000e-01
vertex 8.750000e-01 1.000000e+00 3.125000e-01
endloop
endfacet
facet normal 0 0 0
outer loop
vertex 6.250000e-02 1.000000e+00 3.125000e-01
vertex 1.250000e-01 1.000000e+00 3.125000e-01
vertex 1.250000e-01 1.000000e+00 3.750000e-01
endloop
endfacet
facet normal 0 0 0
outer loop
vertex 4.375000e-01 1.000000e+00 3.750000e-01
vertex 3.750000e-01 1.000000e+00 3.750000e-01
vertex 3.750000e-01 1.000000e+00 3.125000e-01
endloop
endfacet
facet normal 0 0 0
outer loop
vertex 6.875000e-01 1.000000e+00 6.250000e-02
vertex 6.250000e-01 1.000000e+00 0.000000e+00
vertex 6.875000e-01 1.000000e+00 0.000000e+00
endloop
endfacet
facet normal 0 0 0
outer loop
vertex 6.875000e-01 1.000000e+00 0.000000e+00
vertex 6.250000e-01 1.000000e+00 0.000000e+00
vertex 6.250000e-01 9.375000e-01 0.000000e+00
endloop
endfacet
facet normal 0 0 0
outer loop
vertex 6.250000e-01 1.000000e+00 0.000000e+00
vertex 5.625000e-01 9.375000e-01 0.000000e+00
vertex 6.250000e-01 9.375000e-01 0.000000e+00
endloop
endfacet
facet normal 0 0 0
outer loop
vertex 5.625000e-01 1.000000e+00 6.250000e-02
vertex 5.000000e-01 1.000000e+00 0.000000e+00
vertex 5.625000e-01 1.000000e+00 0.000000e+00
endloop
endfacet
facet normal 0 0 0
outer loop
vertex 5.625000e-01 1.000000e+00 0.000000e+00
vertex 5.000000e-01 1.000000e+00 0.000000e+00
vertex 5.000000e-01 9.375000e-01 0.000000e+00
endloop
endfacet
facet normal 0 0 0
outer loop
vertex 4.375000e-01 1.000000e+00 1.250000e-01
vertex 4.375000e-01 1.000000e+00 1.875000e-01
vertex 3.750000e-01 1.000000e+00 1.250000e-01
endloop
endfacet
facet normal 0 0 0
outer loop
vertex 6.250000e-01 1.000000e+00 0.000000e+00
vertex 6.875000e-01 1.000000e+00 6.250000e-02
vertex 6.250000e-01 1.000000e+00 6.250000e-02
endloop
endfacet
facet normal 0 0 0
outer loop
vertex 6.875000e-01 1.000000e+00 2.500000e-01
vertex 7.500000e-01 1.000000e+00 2.500000e-01
vertex 7.500000e-01 1.000000e+00 3.125000e-01
endloop
endfacet
facet normal 0 0 0
outer loop
vertex 8.750000e-01 1.000000e+00 4.375000e-01
vertex 8.125000e-01 1.000000e+00 3.750000e-01
vertex 8.750000e-01 1.000000e+00 3.750000e-01
endloop
endfacet
facet normal 0 0 0
outer loop
vertex 8.125000e-01 1.000000e+00 3.750000e-01
vertex 7.500000e-01 1.000000e+00 3.750000e-01
vertex 7.500000e-01 1.000000e+00 3.125000e-01
endloop
endfacet
facet normal 0 0 0
outer loop
vertex 8.125000e-01 1.000000e+00 4.375000e-01
vertex 8.125000e-01 1.000000e+00 3.750000e-01
vertex 8.750000e-01 1.000000e+00 4.375000e-01
endloop
endfacet
facet normal 0 0 0
outer loop
vertex 7.500000e-01 1.000000e+00 3.125000e-01
vertex 7.500000e-01 1.000000e+00 2.500000e-01
vertex 8.125000e-01 1.000000e+00 3.125000e-01
endloop
endfacet
facet normal 0 0 0
outer loop
vertex 1.000000e+00 9.375000e-01 0.000000e+00
vertex 1.000000e+00 8.750000e-01 0.000000e+00
vertex 1.000000e+00 9.375000e-01 6.250000e-02
endloop
endfacet
facet normal 0 0 0
outer loop
vertex 9.375000e-01 8.750000e-01 0.000000e+00
vertex 1.000000e+00 8.750000e-01 0.000000e+00
vertex 1.000000e+00 9.375000e-01 0.000000e+00
endloop
endfacet
facet normal 0 0 0
outer loop
vertex 1.000000e+00 5.000000e-01 4.375000e-01
vertex 1.000000e+00 5.000000e-01 5.000000e-01
vertex 1.000000e+00 5.625000e-01 5.000000e-01
endloop
endfacet
facet normal 0 0 0
outer loop
vertex 5.625000e-01 1.000000e+00 6.250000e-02
vertex 5.000000e-01 1.000000e+00 6.250000e-02
vertex 5.000000e-01 1.000000e+00 0.000000e+00
endloop
endfacet
facet normal 0 0 0
outer loop
vertex 6.875000e-01 1.000000e+00 2.500000e-01
vertex 6.875000e-01 1.000000e+00 1.875000e-01
vertex 7.500000e-01 1.000000e+00 2.500000e-01
endloop
endfacet
facet normal 0 0 0
outer loop
vertex 6.875000e-01 1.000000e+00 3.125000e-01
vertex 6.875000e-01 1.000000e+00 2.500000e-01
vertex 7.500000e-01 1.000000e+00 3.125000e-01
endloop
endfacet
facet normal 0 0 0
outer loop
vertex 7.500000e-01 1.000000e+00 1.250000e-01
vertex 7.500000e-01 1.000000e+00 6.250000e-02
vertex 8.125000e-01 1.000000e+00 1.250000e-01
endloop
endfacet
facet normal 0 0 0
outer loop
vertex 6.250000e-01 1.000000e+00 1.875000e-01
vertex 6.875000e-01 1.000000e+00 1.875000e-01
vertex 6.875000e-01 1.000000e+00 2.500000e-01
endloop
endfacet
facet normal 0 0 0
outer loop
vertex 6.875000e-01 9.375000e-01 0.000000e+00
vertex 7.500000e-01 1.000000e+00 0.000000e+00
vertex 6.875000e-01 1.000000e+00 0.000000e+00
endloop
endfacet
facet normal 0 0 0
outer loop
vertex 6.875000e-01 1.000000e+00 0.000000e+00
vertex 7.500000e-01 1.000000e+00 0.000000e+00
vertex 7.500000e-01 1.000000e+00 6.250000e-02
endloop
endfacet
facet normal 0 0 0
outer loop
vertex 7.500000e-01 1.000000e+00 1.875000e-01
vertex 8.125000e-01 1.000000e+00 1.875000e-01
vertex 8.125000e-01 1.000000e+00 2.500000e-01
endloop
endfacet
facet normal 0 0 0
outer loop
vertex 8.125000e-01 1.000000e+00 6.250000e-02
vertex 7.500000e-01 1.000000e+00 0.000000e+00
vertex 8.125000e-01 1.000000e+00 0.000000e+00
endloop
endfacet
facet normal 0 0 0
outer loop
vertex 7.500000e-01 1.000000e+00 0.000000e+00
vertex 7.500000e-01 9.375000e-01 0.000000e+00
vertex 8.125000e-01 1.000000e+00 0.000000e+00
endloop
endfacet
facet normal 0 0 0
outer loop
vertex 6.250000e-01 1.000000e+00 2.500000e-01
vertex 6.250000e-01 1.000000e+00 1.875000e-01
vertex 6.875000e-01 1.000000e+00 2.500000e-01
endloop
endfacet
facet normal 0 0 0
outer loop
vertex 1.000000e+00 9.375000e-01 6.250000e-02
vertex 1.000000e+00 8.750000e-01 0.000000e+00
vertex 1.000000e+00 8.750000e-01 6.250000e-02
endloop
endfacet
facet normal 0 0 0
outer loop
vertex 8.125000e-01 1.000000e+00 1.875000e-01
vertex 7.500000e-01 1.000000e+00 1.875000e-01
vertex 7.500000e-01 1.000000e+00 1.250000e-01
endloop
endfacet
facet normal 0 0 0
outer loop
vertex 3.750000e-01 8.750000e-01 0.000000e+00
vertex 4.375000e-01 9.375000e-01 0.000000e+00
vertex 3.750000e-01 9.375000e-01 0.000000e+00
endloop
endfacet
facet normal 0 0 0
outer loop
vertex 4.375000e-01 1.000000e+00 6.250000e-02
vertex 5.000000e-01 1.000000e+00 6.250000e-02
vertex 5.000000e-01 1.000000e+00 1.250000e-01
endloop
endfacet
facet normal 0 0 0
outer loop
vertex 1.250000e-01 1.000000e+00 0.000000e+00
vertex 6.250000e-02 9.375000e-01 0.000000e+00
vertex 1.250000e-01 9.375000e-01 0.000000e+00
endloop
endfacet
facet normal 0 0 0
outer loop
vertex 4.375000e-01 9.375000e-01 0.000000e+00
vertex 4.375000e-01 8.750000e-01 0.000000e+00
vertex 5.000000e-01 9.375000e-01 0.000000e+00
endloop
endfacet
facet normal 0 0 0
outer loop
vertex 5.000000e-01 1.000000e+00 3.750000e-01
vertex 5.000000e-01 1.000000e+00 4.375000e-01
vertex 4.375000e-01 1.000000e+00 3.750000e-01
endloop
endfacet
facet normal 0 0 0
outer loop
vertex 6.250000e-02 6.875000e-01 0.000000e+00
vertex 6.250000e-02 6.250000e-01 0.000000e+00
vertex 1.250000e-01 6.875000e-01 0.000000e+00
endloop
endfacet
facet normal 0 0 0
outer loop
vertex 1.000000e+00 8.750000e-01 1.875000e-01
vertex 1.000000e+00 9.375000e-01 1.875000e-01
vertex 1.000000e+00 8.750000e-01 1.250000e-01
endloop
endfacet
facet normal 0 0 0
outer loop
vertex 3.750000e-01 1.000000e+00 2.500000e-01
vertex 3.750000e-01 1.000000e+00 1.875000e-01
vertex 4.375000e-01 1.000000e+00 2.500000e-01
endloop
endfacet
facet normal 0 0 0
outer loop
vertex 5.625000e-01 1.000000e+00 0.000000e+00
vertex 6.250000e-01 1.000000e+00 6.250000e-02
vertex 5.625000e-01 1.000000e+00 6.250000e-02
endloop
endfacet
facet normal 0 0 0
outer loop
vertex 8.125000e-01 1.000000e+00 4.375000e-01
vertex 8.125000e-01 1.000000e+00 5.000000e-01
vertex 7.500000e-01 1.000000e+00 4.375000e-01
endloop
endfacet
facet normal 0 0 0
outer loop
vertex 7.500000e-01 8.750000e-01 0.000000e+00
vertex 7.500000e-01 9.375000e-01 0.000000e+00
vertex 6.875000e-01 8.750000e-01 0.000000e+00
endloop
endfacet
facet normal 0 0 0
outer loop
vertex 6.875000e-01 8.750000e-01 0.000000e+00
vertex 7.500000e-01 9.375000e-01 0.000000e+00
vertex 6.875000e-01 9.375000e-01 0.000000e+00
endloop
endfacet
facet normal 0 0 0
outer loop
vertex 8.750000e-01 1.000000e+00 6.250000e-02
vertex 8.750000e-01 1.000000e+00 0.000000e+00
vertex 9.375000e-01 1.000000e+00 6.250000e-02
endloop
endfacet
facet normal 0 0 0
outer loop
vertex 8.125000e-01 9.375000e-01 0.000000e+00
vertex 7.500000e-01 8.750000e-01 0.000000e+00
vertex 8.125000e-01 8.750000e-01 0.000000e+00
endloop
endfacet
facet normal 0 0 0
outer loop
vertex 8.750000e-01 9.375000e-01 0.000000e+00
vertex 8.750000e-01 8.750000e-01 0.000000e+00
vertex 9.375000e-01 9.375000e-01 0.000000e+00
endloop
endfacet
facet normal 0 0 0
outer loop
vertex 9.375000e-01 9.375000e-01 0.000000e+00
vertex 1.000000e+00 1.000000e+00 0.000000e+00
vertex 9.375000e-01 1.000000e+00 0.000000e+00
endloop
endfacet
facet normal 0 0 0
outer loop
vertex 1.000000e+00 1.000000e+00 0.000000e+00
vertex 1.000000e+00 1.000000e+00 6.250000e-02
vertex 9.375000e-01 1.000000e+00 0.000000e+00
endloop
endfacet
facet normal 0 0 0
outer loop
vertex 1.000000e+00 1.000000e+00 6.250000e-02
vertex 1.000000e+00 9.375000e-01 0.000000e+00
vertex 1.000000e+00 9.375000e-01 6.250000e-02
endloop
endfacet
facet normal 0 0 0
outer loop
vertex 1.000000e+00 8.750000e-01 6.250000e-02
vertex 1.000000e+00 8.125000e-01 6.250000e-02
vertex 1.000000e+00 8.750000e-01 1.250000e-01
endloop
endfacet
facet normal 0 0 0
outer loop
vertex 1.000000e+00 8.750000e-01 1.250000e-01
vertex 1.000000e+00 9.375000e-01 1.250000e-01
vertex 1.000000e+00 8.750000e-01 6.250000e-02
endloop
endfacet
facet normal 0 0 0
outer loop
vertex 8.125000e-01 1.000000e+00 0.000000e+00
vertex 8.125000e-01 9.375000e-01 0.000000e+00
vertex 8.750000e-01 1.000000e+00 0.000000e+00
endloop
endfacet
facet normal 0 0 0
outer loop
vertex 8.750000e-01 1.000000e+00 0.000000e+00
vertex 8.750000e-01 1.000000e+00 6.250000e-02
vertex 8.125000e-01 1.000000e+00 0.000000e+00
endloop
endfacet
facet normal 0 0 0
outer loop
vertex 8.125000e-01 1.000000e+00 0.000000e+00
vertex 8.750000e-01 1.000000e+00 6.250000e-02
vertex 8.125000e-01 1.000000e+00 6.250000e-02
endloop
endfacet
facet normal 0 0 0
outer loop
vertex 9.375000e-01 7.500000e-01 0.000000e+00
vertex 1.000000e+00 8.125000e-01 0.000000e+00
vertex 9.375000e-01 8.125000e-01 0.000000e+00
endloop
endfacet
facet normal 0 0 0
outer loop
vertex 1.000000e+00 1.000000e+00 1.875000e-01
vertex 9.375000e-01 1.000000e+00 1.250000e-01
vertex 1.000000e+00 1.000000e+00 1.250000e-01
endloop
endfacet
facet normal 0 0 0
outer loop
vertex 1.000000e+00 1.000000e+00 1.250000e-01
vertex 1.000000e+00 9.375000e-01 1.250000e-01
vertex 1.000000e+00 1.000000e+00 1.875000e-01
endloop
endfacet
facet normal 0 0 0
outer loop
vertex 9.375000e-01 9.375000e-01 0.000000e+00
vertex 1.000000e+00 9.375000e-01 0.000000e+00
vertex 1.000000e+00 1.000000e+00 0.000000e+00
endloop
endfacet
facet normal 0 0 0
outer loop
vertex 1.000000e+00 9.375000e-01 0.000000e+00
vertex 1.000000e+00 1.000000e+00 6.250000e-02
vertex 1.000000e+00 1.000000e+00 0.000000e+00
endloop
endfacet
facet normal 0 0 0
outer loop
vertex 1.000000e+00 8.125000e-01 6.250000e-02
vertex 1.000000e+00 8.125000e-01 1.250000e-01
vertex 1.000000e+00 8.750000e-01 1.250000e-01
endloop
endfacet
facet normal 0 0 0
outer loop
vertex 9.375000e-01 1.000000e+00 0.000000e+00
vertex 9.375000e-01 1.000000e+00 6.250000e-02
vertex 8.750000e-01 1.000000e+00 0.000000e+00
endloop
endfacet
facet normal 0 0 0
outer loop
vertex 8.750000e-01 1.000000e+00 0.000000e+00
vertex 8.750000e-01 9.375000e-01 0.000000e+00
vertex 9.375000e-01 1.000000e+00 0.000000e+00
endloop
endfacet
facet normal 0 0 0
outer loop
vertex 1.000000e+00 5.625000e-01 1.250000e-01
vertex 1.000000e+00 6.250000e-01 1.250000e-01
vertex 1.000000e+00 5.625000e-01 6.250000e-02
endloop
endfacet
facet normal 0 0 0
outer loop
vertex 1.000000e+00 1.000000e+00 2.500000e-01
vertex 1.000000e+00 9.375000e-01 1.875000e-01
vertex 1.000000e+00 9.375000e-01 2.500000e-01
endloop
endfacet
facet normal 0 0 0
outer loop
vertex 8.125000e-01 0.000000e+00 6.250000e-02
vertex 8.125000e-01 0.000000e+00 1.250000e-01
vertex 8.750000e-01 0.000000e+00 1.250000e-01
endloop
endfacet
facet normal 0 0 0
outer loop
vertex 9.375000e-01 1.000000e+00 6.250000e-02
vertex 1.000000e+00 1.000000e+00 6.250000e-02
vertex 1.000000e+00 1.000000e+00 1.250000e-01
endloop
endfacet
facet normal 0 0 0
outer loop
vertex 1.000000e+00 1.000000e+00 6.250000e-02
vertex 1.000000e+00 9.375000e-01 6.250000e-02
vertex 1.000000e+00 1.000000e+00 1.250000e-01
endloop
endfacet
facet normal 0 0 0
outer loop
vertex 1.000000e+00 8.125000e-01 0.000000e+00
vertex 9.375000e-01 7.500000e-01 0.000000e+00
vertex 1.000000e+00 7.500000e-01 0.000000e+00
endloop
endfacet
facet normal 0 0 0
outer loop
vertex 1.000000e+00 7.500000e-01 0.000000e+00
vertex 1.000000e+00 8.125000e-01 6.250000e-02
vertex 1.000000e+00 8.125000e-01 0.000000e+00
endloop
endfacet
facet normal 0 0 0
outer loop
vertex 1.000000e+00 8.125000e-01 0.000000e+00
vertex 1.000000e+00 8.125000e-01 6.250000e-02
vertex 1.000000e+00 8.750000e-01 6.250000e-02
endloop
endfacet
facet normal 0 0 0
outer loop
vertex 1.000000e+00 6.875000e-01 1.250000e-01
vertex 1.000000e+00 6.875000e-01 1.875000e-01
vertex 1.000000e+00 7.500000e-01 1.875000e-01
endloop
endfacet
facet normal 0 0 0
outer loop
vertex 8.125000e-01 1.000000e+00 1.875000e-01
vertex 8.125000e-01 1.000000e+00 1.250000e-01
vertex 8.750000e-01 1.000000e+00 1.875000e-01
endloop
endfacet
facet normal 0 0 0
outer loop
vertex 1.000000e+00 1.000000e+00 1.875000e-01
vertex 1.000000e+00 1.000000e+00 2.500000e-01
vertex 9.375000e-01 1.000000e+00 1.875000e-01
endloop
endfacet
facet normal 0 0 0
outer loop
vertex 1.000000e+00 9.375000e-01 1.875000e-01
vertex 1.000000e+00 1.000000e+00 2.500000e-01
vertex 1.000000e+00 1.000000e+00 1.875000e-01
endloop
endfacet
facet normal 0 0 0
outer loop
vertex 1.000000e+00 1.000000e+00 6.250000e-02
vertex 9.375000e-01 1.000000e+00 6.250000e-02
vertex 9.375000e-01 1.000000e+00 0.000000e+00
endloop
endfacet
facet normal 0 0 0
outer loop
vertex 6.250000e-01 6.875000e-01 0.000000e+00
vertex 6.875000e-01 7.500000e-01 0.000000e+00
vertex 6.250000e-01 7.500000e-01 0.000000e+00
endloop
endfacet
facet normal 0 0 0
outer loop
vertex 8.750000e-01 1.000000e+00 6.250000e-02
vertex 8.750000e-01 1.000000e+00 1.250000e-01
vertex 8.125000e-01 1.000000e+00 6.250000e-02
endloop
endfacet
facet normal 0 0 0
outer loop
vertex 8.125000e-01 1.000000e+00 1.250000e-01
vertex 8.750000e-01 1.000000e+00 1.250000e-01
vertex 8.750000e-01 1.000000e+00 1.875000e-01
endloop
endfacet
facet normal 0 0 0
outer loop
vertex 8.125000e-01 1.000000e+00 1.250000e-01
vertex 8.125000e-01 1.000000e+00 6.250000e-02
vertex 8.750000e-01 1.000000e+00 1.250000e-01
endloop
endfacet
facet normal 0 0 0
outer loop
vertex 8.125000e-01 8.750000e-01 0.000000e+00
vertex 8.750000e-01 9.375000e-01 0.000000e+00
vertex 8.125000e-01 9.375000e-01 0.000000e+00
endloop
endfacet
facet normal 0 0 0
outer loop
vertex 8.125000e-01 1.000000e+00 1.875000e-01
vertex 8.750000e-01 1.000000e+00 1.875000e-01
vertex 8.750000e-01 1.000000e+00 2.500000e-01
endloop
endfacet
facet normal 0 0 0
outer loop
vertex 9.375000e-01 6.875000e-01 0.000000e+00
vertex 1.000000e+00 7.500000e-01 0.000000e+00
vertex 9.375000e-01 7.500000e-01 0.000000e+00
endloop
endfacet
facet normal 0 0 0
outer loop
vertex 1.000000e+00 5.625000e-01 1.875000e-01
vertex 1.000000e+00 6.250000e-01 1.875000e-01
vertex 1.000000e+00 5.625000e-01 1.250000e-01
endloop
endfacet
facet normal 0 0 0
outer loop
vertex 8.750000e-01 1.000000e+00 1.250000e-01
vertex 9.375000e-01 1.000000e+00 1.875000e-01
vertex 8.750000e-01 1.000000e+00 1.875000e-01
endloop
endfacet
facet normal 0 0 0
outer loop
vertex 9.375000e-01 1.000000e+00 1.250000e-01
vertex 9.375000e-01 1.000000e+00 1.875000e-01
vertex 8.750000e-01 1.000000e+00 1.250000e-01
endloop
endfacet
facet normal 0 0 0
outer loop
vertex 8.750000e-01 1.000000e+00 6.250000e-02
vertex 9.375000e-01 1.000000e+00 1.250000e-01
vertex 8.750000e-01 1.000000e+00 1.250000e-01
endloop
endfacet
facet normal 0 0 0
outer loop
vertex 9.375000e-01 1.000000e+00 6.250000e-02
vertex 9.375000e-01 1.000000e+00 1.250000e-01
vertex 8.750000e-01 1.000000e+00 6.250000e-02
endloop
endfacet
facet normal 0 0 0
outer loop
vertex 8.750000e-01 8.750000e-01 0.000000e+00
vertex 8.750000e-01 8.125000e-01 0.000000e+00
vertex 9.375000e-01 8.750000e-01 0.000000e+00
endloop
endfacet
facet normal 0 0 0
outer loop
vertex 1.000000e+00 1.875000e-01 6.250000e-02
vertex 1.000000e+00 1.875000e-01 1.250000e-01
vertex 1.000000e+00 2.500000e-01 1.250000e-01
endloop
endfacet
facet normal 0 0 0
outer loop
vertex 6.250000e-01 3.750000e-01 0.000000e+00
vertex 5.625000e-01 3.750000e-01 0.000000e+00
vertex 5.625000e-01 3.125000e-01 0.000000e+00
endloop
endfacet
facet normal 0 0 0
outer loop
vertex 8.750000e-01 9.375000e-01 0.000000e+00
vertex 8.750000e-01 1.000000e+00 0.000000e+00
vertex 8.125000e-01 9.375000e-01 0.000000e+00
endloop
endfacet
facet normal 0 0 0
outer loop
vertex 9.375000e-01 1.000000e+00 3.125000e-01
vertex 8.750000e-01 1.000000e+00 3.125000e-01
vertex 8.750000e-01 1.000000e+00 2.500000e-01
endloop
endfacet
facet normal 0 0 0
outer loop
vertex 9.375000e-01 8.750000e-01 0.000000e+00
vertex 9.375000e-01 9.375000e-01 0.000000e+00
vertex 8.750000e-01 8.750000e-01 0.000000e+00
endloop
endfacet
facet normal 0 0 0
outer loop
vertex 1.000000e+00 6.875000e-01 6.250000e-02
vertex 1.000000e+00 6.875000e-01 0.000000e+00
vertex 1.000000e+00 6.250000e-01 0.000000e+00
endloop
endfacet
facet normal 0 0 0
outer loop
vertex 1.000000e+00 6.875000e-01 0.000000e+00
vertex 9.375000e-01 6.250000e-01 0.000000e+00
vertex 1.000000e+00 6.250000e-01 0.000000e+00
endloop
endfacet
facet normal 0 0 0
outer loop
vertex 6.250000e-01 7.500000e-01 0.000000e+00
vertex 5.625000e-01 7.500000e-01 0.000000e+00
vertex 5.625000e-01 6.875000e-01 0.000000e+00
endloop
endfacet
facet normal 0 0 0
outer loop
vertex 1.000000e+00 6.875000e-01 1.875000e-01
vertex 1.000000e+00 7.500000e-01 2.500000e-01
vertex 1.000000e+00 7.500000e-01 1.875000e-01
endloop
endfacet
facet normal 0 0 0
outer loop
vertex 3.125000e-01 0.000000e+00 1.875000e-01
vertex 2.500000e-01 0.000000e+00 1.875000e-01
vertex 3.125000e-01 0.000000e+00 2.500000e-01
endloop
endfacet
facet normal 0 0 0
outer loop
vertex 3.750000e-01 8.125000e-01 0.000000e+00
vertex 3.125000e-01 7.500000e-01 0.000000e+00
vertex 3.750000e-01 7.500000e-01 0.000000e+00
endloop
endfacet
facet normal 0 0 0
outer loop
vertex 5.625000e-01 6.250000e-01 0.000000e+00
vertex 5.000000e-01 6.250000e-01 0.000000e+00
vertex 5.000000e-01 5.625000e-01 0.000000e+00
endloop
endfacet
facet normal 0 0 0
outer loop
vertex 1.000000e+00 8.750000e-01 1.250000e-01
vertex 1.000000e+00 8.125000e-01 1.250000e-01
vertex 1.000000e+00 8.750000e-01 1.875000e-01
endloop
endfacet
facet normal 0 0 0
outer loop
vertex 1.000000e+00 7.500000e-01 2.500000e-01
vertex 1.000000e+00 6.875000e-01 1.875000e-01
vertex 1.000000e+00 6.875000e-01 2.500000e-01
endloop
endfacet
facet normal 0 0 0
outer loop
vertex 1.000000e+00 6.250000e-02 3.125000e-01
vertex 1.000000e+00 6.250000e-02 2.500000e-01
vertex 1.000000e+00 0.000000e+00 2.500000e-01
endloop
endfacet
facet normal 0 0 0
outer loop
vertex 1.000000e+00 3.125000e-01 6.250000e-02
vertex 1.000000e+00 3.750000e-01 6.250000e-02
vertex 1.000000e+00 3.125000e-01 0.000000e+00
endloop
endfacet
facet normal 0 0 0
outer loop
vertex 1.000000e+00 7.500000e-01 6.250000e-02
vertex 1.000000e+00 8.125000e-01 6.250000e-02
vertex 1.000000e+00 7.500000e-01 0.000000e+00
endloop
endfacet
facet normal 0 0 0
outer loop
vertex 9.375000e-01 6.875000e-01 0.000000e+00
vertex 1.000000e+00 6.875000e-01 0.000000e+00
vertex 1.000000e+00 7.500000e-01 0.000000e+00
endloop
endfacet
facet normal 0 0 0
outer loop
vertex 1.000000e+00 6.875000e-01 0.000000e+00
vertex 1.000000e+00 7.500000e-01 6.250000e-02
vertex 1.000000e+00 7.500000e-01 0.000000e+00
endloop
endfacet
facet normal 0 0 0
outer loop
vertex 1.000000e+00 2.500000e-01 3.125000e-01
vertex 1.000000e+00 2.500000e-01 3.750000e-01
vertex 1.000000e+00 3.125000e-01 3.750000e-01
endloop
endfacet
facet normal 0 0 0
outer loop
vertex 9.375000e-01 1.000000e+00 2.500000e-01
vertex 8.750000e-01 1.000000e+00 2.500000e-01
vertex 8.750000e-01 1.000000e+00 1.875000e-01
endloop
endfacet
facet normal 0 0 0
outer loop
vertex 1.000000e+00 5.625000e-01 6.250000e-02
vertex 1.000000e+00 6.250000e-01 1.250000e-01
vertex 1.000000e+00 6.250000e-01 6.250000e-02
endloop
endfacet
facet normal 0 0 0
outer loop
vertex 1.000000e+00 3.750000e-01 3.125000e-01
vertex 1.000000e+00 3.750000e-01 3.750000e-01
vertex 1.000000e+00 4.375000e-01 3.750000e-01
endloop
endfacet
facet normal 0 0 0
outer loop
vertex 1.000000e+00 5.000000e-01 3.750000e-01
vertex 1.000000e+00 5.000000e-01 4.375000e-01
vertex 1.000000e+00 5.625000e-01 4.375000e-01
endloop
endfacet
facet normal 0 0 0
outer loop
vertex 6.875000e-01 8.125000e-01 0.000000e+00
vertex 6.875000e-01 8.750000e-01 0.000000e+00
vertex 6.250000e-01 8.125000e-01 0.000000e+00
endloop
endfacet
facet normal 0 0 0
outer loop
vertex 6.875000e-01 6.875000e-01 0.000000e+00
vertex 7.500000e-01 7.500000e-01 0.000000e+00
vertex 6.875000e-01 7.500000e-01 0.000000e+00
endloop
endfacet
facet normal 0 0 0
outer loop
vertex 1.000000e+00 9.375000e-01 2.500000e-01
vertex 1.000000e+00 9.375000e-01 1.875000e-01
vertex 1.000000e+00 8.750000e-01 1.875000e-01
endloop
endfacet
facet normal 0 0 0
outer loop
vertex 1.000000e+00 9.375000e-01 2.500000e-01
vertex 1.000000e+00 8.750000e-01 1.875000e-01
vertex 1.000000e+00 8.750000e-01 2.500000e-01
endloop
endfacet
facet normal 0 0 0
outer loop
vertex 1.000000e+00 6.250000e-01 5.000000e-01
vertex 1.000000e+00 6.875000e-01 5.000000e-01
vertex 1.000000e+00 6.250000e-01 4.375000e-01
endloop
endfacet
facet normal 0 0 0
outer loop
vertex 8.750000e-01 2.500000e-01 0.000000e+00
vertex 8.750000e-01 1.875000e-01 0.000000e+00
vertex 9.375000e-01 2.500000e-01 0.000000e+00
endloop
endfacet
facet normal 0 0 0
outer loop
vertex 6.250000e-02 7.500000e-01 0.000000e+00
vertex 1.250000e-01 8.125000e-01 0.000000e+00
vertex 6.250000e-02 8.125000e-01 0.000000e+00
endloop
endfacet
facet normal 0 0 0
outer loop
vertex 1.000000e+00 5.625000e-01 6.250000e-02
vertex 1.000000e+00 6.250000e-01 6.250000e-02
vertex 1.000000e+00 5.625000e-01 0.000000e+00
endloop
endfacet
facet normal 0 0 0
outer loop
vertex 1.000000e+00 6.250000e-01 0.000000e+00
vertex 1.000000e+00 5.625000e-01 0.000000e+00
vertex 1.000000e+00 6.250000e-01 6.250000e-02
endloop
endfacet
facet normal 0 0 0
outer loop
vertex 9.375000e-01 5.625000e-01 0.000000e+00
vertex 1.000000e+00 5.625000e-01 0.000000e+00
vertex 1.000000e+00 6.250000e-01 0.000000e+00
endloop
endfacet
facet normal 0 0 0
outer loop
vertex 1.000000e+00 6.250000e-02 5.625000e-01
vertex 1.000000e+00 6.250000e-02 6.250000e-01
vertex 1.000000e+00 1.250000e-01 6.250000e-01
endloop
endfacet
facet normal 0 0 0
outer loop
vertex 1.000000e+00 3.750000e-01 5.000000e-01
vertex 1.000000e+00 4.375000e-01 5.625000e-01
vertex 1.000000e+00 4.375000e-01 5.000000e-01
endloop
endfacet
facet normal 0 0 0
outer loop
vertex 9.375000e-01 6.250000e-01 0.000000e+00
vertex 9.375000e-01 5.625000e-01 0.000000e+00
vertex 1.000000e+00 6.250000e-01 0.000000e+00
endloop
endfacet
facet normal 0 0 0
outer loop
vertex 5.625000e-01 5.000000e-01 0.000000e+00
vertex 6.250000e-01 5.000000e-01 0.000000e+00
vertex 6.250000e-01 5.625000e-01 0.000000e+00
endloop
endfacet
facet normal 0 0 0
outer loop
vertex 1.000000e+00 2.500000e-01 6.250000e-02
vertex 1.000000e+00 1.875000e-01 6.250000e-02
vertex 1.000000e+00 2.500000e-01 1.250000e-01
endloop
endfacet
facet normal 0 0 0
outer loop
vertex 6.250000e-01 3.125000e-01 0.000000e+00
vertex 6.875000e-01 3.125000e-01 0.000000e+00
vertex 6.875000e-01 3.750000e-01 0.000000e+00
endloop
endfacet
facet normal 0 0 0
outer loop
vertex 8.750000e-01 6.875000e-01 0.000000e+00
vertex 8.750000e-01 6.250000e-01 0.000000e+00
vertex 9.375000e-01 6.875000e-01 0.000000e+00
endloop
endfacet
facet normal 0 0 0
outer loop
vertex 8.750000e-01 5.625000e-01 0.000000e+00
vertex 8.750000e-01 6.250000e-01 0.000000e+00
vertex 8.125000e-01 5.625000e-01 0.000000e+00
endloop
endfacet
facet normal 0 0 0
outer loop
vertex 9.375000e-01 6.250000e-01 0.000000e+00
vertex 8.750000e-01 5.625000e-01 0.000000e+00
vertex 9.375000e-01 5.625000e-01 0.000000e+00
endloop
endfacet
facet normal 0 0 0
outer loop
vertex 8.750000e-01 6.250000e-01 0.000000e+00
vertex 8.750000e-01 5.625000e-01 0.000000e+00
vertex 9.375000e-01 6.250000e-01 0.000000e+00
endloop
endfacet
facet normal 0 0 0
outer loop
vertex 6.250000e-01 5.000000e-01 0.000000e+00
vertex 6.250000e-01 4.375000e-01 0.000000e+00
vertex 6.875000e-01 5.000000e-01 0.000000e+00
endloop
endfacet
facet normal 0 0 0
outer loop
vertex 6.875000e-01 1.250000e-01 0.000000e+00
vertex 6.875000e-01 1.875000e-01 0.000000e+00
vertex 6.250000e-01 1.250000e-01 0.000000e+00
endloop
endfacet
facet normal 0 0 0
outer loop
vertex 7.500000e-01 6.875000e-01 0.000000e+00
vertex 8.125000e-01 6.875000e-01 0.000000e+00
vertex 8.125000e-01 7.500000e-01 0.000000e+00
endloop
endfacet
facet normal 0 0 0
outer loop
vertex 1.000000e+00 9.375000e-01 2.500000e-01
vertex 1.000000e+00 8.750000e-01 2.500000e-01
vertex 1.000000e+00 9.375000e-01 3.125000e-01
endloop
endfacet
facet normal 0 0 0
outer loop
vertex 0.000000e+00 5.625000e-01 2.500000e-01
vertex 0.000000e+00 6.250000e-01 3.125000e-01
vertex 0.000000e+00 5.625000e-01 3.125000e-01
endloop
endfacet
facet normal 0 0 0
outer loop
vertex 5.625000e-01 0.000000e+00 1.875000e-01
vertex 5.625000e-01 0.000000e+00 1.250000e-01
vertex 5.000000e-01 0.000000e+00 1.250000e-01
endloop
endfacet
facet normal 0 0 0
outer loop
vertex 6.875000e-01 8.125000e-01 0.000000e+00
vertex 7.500000e-01 8.750000e-01 0.000000e+00
vertex 6.875000e-01 8.750000e-01 0.000000e+00
endloop
endfacet
facet normal 0 0 0
outer loop
vertex 5.625000e-01 7.500000e-01 0.000000e+00
vertex 6.250000e-01 8.125000e-01 0.000000e+00
vertex 5.625000e-01 8.125000e-01 0.000000e+00
endloop
endfacet
facet normal 0 0 0
outer loop
vertex 3.750000e-01 5.625000e-01 0.000000e+00
vertex 3.125000e-01 5.000000e-01 0.000000e+00
vertex 3.750000e-01 5.000000e-01 0.000000e+00
endloop
endfacet
facet normal 0 0 0
outer loop
vertex 8.125000e-01 7.500000e-01 0.000000e+00
vertex 7.500000e-01 7.500000e-01 0.000000e+00
vertex 7.500000e-01 6.875000e-01 0.000000e+00
endloop
endfacet
facet normal 0 0 0
outer loop
vertex 6.875000e-01 4.375000e-01 0.000000e+00
vertex 6.250000e-01 3.750000e-01 0.000000e+00
vertex 6.875000e-01 3.750000e-01 0.000000e+00
endloop
endfacet
facet normal 0 0 0
outer loop
vertex 6.875000e-01 1.000000e+00 6.250000e-02
vertex 6.875000e-01 1.000000e+00 1.250000e-01
vertex 6.250000e-01 1.000000e+00 6.250000e-02
endloop
endfacet
facet normal 0 0 0
outer loop
vertex 4.375000e-01 5.000000e-01 0.000000e+00
vertex 5.000000e-01 5.000000e-01 0.000000e+00
vertex 5.000000e-01 5.625000e-01 0.000000e+00
endloop
endfacet
facet normal 0 0 0
outer loop
vertex 4.375000e-01 6.875000e-01 0.000000e+00
vertex 4.375000e-01 6.250000e-01 0.000000e+00
vertex 5.000000e-01 6.875000e-01 0.000000e+00
endloop
endfacet
facet normal 0 0 0
outer loop
vertex 3.750000e-01 3.750000e-01 0.000000e+00
vertex 3.750000e-01 3.125000e-01 0.000000e+00
vertex 4.375000e-01 3.750000e-01 0.000000e+00
endloop
endfacet
facet normal 0 0 0
outer loop
vertex 6.250000e-01 1.000000e+00 6.250000e-02
vertex 6.875000e-01 1.000000e+00 1.250000e-01
vertex 6.250000e-01 1.000000e+00 1.250000e-01
endloop
endfacet
facet normal 0 0 0
outer loop
vertex 6.250000e-01 6.250000e-01 0.000000e+00
vertex 6.875000e-01 6.875000e-01 0.000000e+00
vertex 6.250000e-01 6.875000e-01 0.000000e+00
endloop
endfacet
facet normal 0 0 0
outer loop
vertex 6.875000e-01 6.250000e-01 0.000000e+00
vertex 6.875000e-01 6.875000e-01 0.000000e+00
vertex 6.250000e-01 6.250000e-01 0.000000e+00
endloop
endfacet
facet normal 0 0 0
outer loop
vertex 5.625000e-01 8.125000e-01 0.000000e+00
vertex 5.000000e-01 8.125000e-01 0.000000e+00
vertex 5.000000e-01 7.500000e-01 0.000000e+00
endloop
endfacet
facet normal 0 0 0
outer loop
vertex 5.625000e-01 6.250000e-01 0.000000e+00
vertex 6.250000e-01 6.875000e-01 0.000000e+00
vertex 5.625000e-01 6.875000e-01 0.000000e+00
endloop
endfacet
facet normal 0 0 0
outer loop
vertex 5.625000e-01 6.250000e-01 0.000000e+00
vertex 6.250000e-01 6.250000e-01 0.000000e+00
vertex 6.250000e-01 6.875000e-01 0.000000e+00
endloop
endfacet
facet normal 0 0 0
outer loop
vertex 5.625000e-01 5.625000e-01 0.000000e+00
vertex 6.250000e-01 6.250000e-01 0.000000e+00
vertex 5.625000e-01 6.250000e-01 0.000000e+00
endloop
endfacet
facet normal 0 0 0
outer loop
vertex 5.625000e-01 5.625000e-01 0.000000e+00
vertex 6.250000e-01 5.625000e-01 0.000000e+00
vertex 6.250000e-01 6.250000e-01 0.000000e+00
endloop
endfacet
facet normal 0 0 0
outer loop
vertex 6.875000e-01 6.250000e-01 0.000000e+00
vertex 6.250000e-01 6.250000e-01 0.000000e+00
vertex 6.250000e-01 5.625000e-01 0.000000e+00
endloop
endfacet
facet normal 0 0 0
outer loop
vertex 5.625000e-01 8.750000e-01 0.000000e+00
vertex 6.250000e-01 8.750000e-01 0.000000e+00
vertex 6.250000e-01 9.375000e-01 0.000000e+00
endloop
endfacet
facet normal 0 0 0
outer loop
vertex 5.625000e-01 9.375000e-01 0.000000e+00
vertex 5.625000e-01 8.750000e-01 0.000000e+00
vertex 6.250000e-01 9.375000e-01 0.000000e+00
endloop
endfacet
facet normal 0 0 0
outer loop
vertex 6.250000e-01 1.000000e+00 1.250000e-01
vertex 5.625000e-01 1.000000e+00 1.250000e-01
vertex 5.625000e-01 1.000000e+00 6.250000e-02
endloop
endfacet
facet normal 0 0 0
outer loop
vertex 1.000000e+00 8.750000e-01 2.500000e-01
vertex 1.000000e+00 8.750000e-01 3.125000e-01
vertex 1.000000e+00 9.375000e-01 3.125000e-01
endloop
endfacet
facet normal 0 0 0
outer loop
vertex 6.250000e-01 5.625000e-01 0.000000e+00
vertex 6.875000e-01 5.625000e-01 0.000000e+00
vertex 6.875000e-01 6.250000e-01 0.000000e+00
endloop
endfacet
facet normal 0 0 0
outer loop
vertex 8.750000e-01 1.000000e+00 2.500000e-01
vertex 9.375000e-01 1.000000e+00 2.500000e-01
vertex 9.375000e-01 1.000000e+00 3.125000e-01
endloop
endfacet
facet normal 0 0 0
outer loop
vertex 7.500000e-01 8.750000e-01 0.000000e+00
vertex 7.500000e-01 8.125000e-01 0.000000e+00
vertex 8.125000e-01 8.750000e-01 0.000000e+00
endloop
endfacet
facet normal 0 0 0
outer loop
vertex 8.125000e-01 8.125000e-01 0.000000e+00
vertex 7.500000e-01 7.500000e-01 0.000000e+00
vertex 8.125000e-01 7.500000e-01 0.000000e+00
endloop
endfacet
facet normal 0 0 0
outer loop
vertex 6.875000e-01 8.125000e-01 0.000000e+00
vertex 7.500000e-01 8.125000e-01 0.000000e+00
vertex 7.500000e-01 8.750000e-01 0.000000e+00
endloop
endfacet
facet normal 0 0 0
outer loop
vertex 7.500000e-01 8.125000e-01 0.000000e+00
vertex 8.125000e-01 8.125000e-01 0.000000e+00
vertex 8.125000e-01 8.750000e-01 0.000000e+00
endloop
endfacet
facet normal 0 0 0
outer loop
vertex 8.125000e-01 8.125000e-01 0.000000e+00
vertex 8.750000e-01 8.750000e-01 0.000000e+00
vertex 8.125000e-01 8.750000e-01 0.000000e+00
endloop
endfacet
facet normal 0 0 0
outer loop
vertex 8.125000e-01 8.125000e-01 0.000000e+00
vertex 8.750000e-01 8.125000e-01 0.000000e+00
vertex 8.750000e-01 8.750000e-01 0.000000e+00
endloop
endfacet
facet normal 0 0 0
outer loop
vertex 8.750000e-01 6.250000e-01 0.000000e+00
vertex 8.125000e-01 6.250000e-01 0.000000e+00
vertex 8.125000e-01 5.625000e-01 0.000000e+00
endloop
endfacet
facet normal 0 0 0
outer loop
vertex 8.750000e-01 6.875000e-01 0.000000e+00
vertex 8.125000e-01 6.250000e-01 0.000000e+00
vertex 8.750000e-01 6.250000e-01 0.000000e+00
endloop
endfacet
facet normal 0 0 0
outer loop
vertex 7.500000e-01 8.125000e-01 0.000000e+00
vertex 6.875000e-01 7.500000e-01 0.000000e+00
vertex 7.500000e-01 7.500000e-01 0.000000e+00
endloop
endfacet
facet normal 0 0 0
outer loop
vertex 8.750000e-01 6.875000e-01 0.000000e+00
vertex 8.125000e-01 6.875000e-01 0.000000e+00
vertex 8.125000e-01 6.250000e-01 0.000000e+00
endloop
endfacet
facet normal 0 0 0
outer loop
vertex 7.500000e-01 2.500000e-01 0.000000e+00
vertex 7.500000e-01 1.875000e-01 0.000000e+00
vertex 8.125000e-01 2.500000e-01 0.000000e+00
endloop
endfacet
facet normal 0 0 0
outer loop
vertex 8.125000e-01 8.125000e-01 0.000000e+00
vertex 7.500000e-01 8.125000e-01 0.000000e+00
vertex 7.500000e-01 7.500000e-01 0.000000e+00
endloop
endfacet
facet normal 0 0 0
outer loop
vertex 7.500000e-01 6.875000e-01 0.000000e+00
vertex 6.875000e-01 6.875000e-01 0.000000e+00
vertex 6.875000e-01 6.250000e-01 0.000000e+00
endloop
endfacet
facet normal 0 0 0
outer loop
vertex 7.500000e-01 6.875000e-01 0.000000e+00
vertex 6.875000e-01 6.250000e-01 0.000000e+00
vertex 7.500000e-01 6.250000e-01 0.000000e+00
endloop
endfacet
facet normal 0 0 0
outer loop
vertex 6.875000e-01 5.625000e-01 0.000000e+00
vertex 7.500000e-01 6.250000e-01 0.000000e+00
vertex 6.875000e-01 6.250000e-01 0.000000e+00
endloop
endfacet
facet normal 0 0 0
outer loop
vertex 7.500000e-01 6.250000e-01 0.000000e+00
vertex 6.875000e-01 5.625000e-01 0.000000e+00
vertex 7.500000e-01 5.625000e-01 0.000000e+00
endloop
endfacet
facet normal 0 0 0
outer loop
vertex 7.500000e-01 6.250000e-01 0.000000e+00
vertex 8.125000e-01 6.875000e-01 0.000000e+00
vertex 7.500000e-01 6.875000e-01 0.000000e+00
endloop
endfacet
facet normal 0 0 0
outer loop
vertex 8.125000e-01 6.250000e-01 0.000000e+00
vertex 8.125000e-01 6.875000e-01 0.000000e+00
vertex 7.500000e-01 6.250000e-01 0.000000e+00
endloop
endfacet
facet normal 0 0 0
outer loop
vertex 7.500000e-01 6.250000e-01 0.000000e+00
vertex 7.500000e-01 5.625000e-01 0.000000e+00
vertex 8.125000e-01 6.250000e-01 0.000000e+00
endloop
endfacet
facet normal 0 0 0
outer loop
vertex 8.125000e-01 6.250000e-01 0.000000e+00
vertex 7.500000e-01 5.625000e-01 0.000000e+00
vertex 8.125000e-01 5.625000e-01 0.000000e+00
endloop
endfacet
facet normal 0 0 0
outer loop
vertex 8.750000e-01 3.125000e-01 0.000000e+00
vertex 8.750000e-01 3.750000e-01 0.000000e+00
vertex 8.125000e-01 3.125000e-01 0.000000e+00
endloop
endfacet
facet normal 0 0 0
outer loop
vertex 8.125000e-01 1.000000e+00 2.500000e-01
vertex 8.750000e-01 1.000000e+00 2.500000e-01
vertex 8.750000e-01 1.000000e+00 3.125000e-01
endloop
endfacet
facet normal 0 0 0
outer loop
vertex 1.000000e+00 8.125000e-01 5.000000e-01
vertex 1.000000e+00 7.500000e-01 5.000000e-01
vertex 1.000000e+00 8.125000e-01 5.625000e-01
endloop
endfacet
facet normal 0 0 0
outer loop
vertex 8.750000e-01 6.875000e-01 0.000000e+00
vertex 8.750000e-01 7.500000e-01 0.000000e+00
vertex 8.125000e-01 6.875000e-01 0.000000e+00
endloop
endfacet
facet normal 0 0 0
outer loop
vertex 8.125000e-01 7.500000e-01 0.000000e+00
vertex 8.750000e-01 7.500000e-01 0.000000e+00
vertex 8.750000e-01 8.125000e-01 0.000000e+00
endloop
endfacet
facet normal 0 0 0
outer loop
vertex 1.000000e+00 6.250000e-01 3.750000e-01
vertex 1.000000e+00 5.625000e-01 3.125000e-01
vertex 1.000000e+00 5.625000e-01 3.750000e-01
endloop
endfacet
facet normal 0 0 0
outer loop
vertex 1.000000e+00 5.625000e-01 2.500000e-01
vertex 1.000000e+00 6.250000e-01 3.125000e-01
vertex 1.000000e+00 6.250000e-01 2.500000e-01
endloop
endfacet
facet normal 0 0 0
outer loop
vertex 6.875000e-01 8.750000e-01 0.000000e+00
vertex 6.250000e-01 8.750000e-01 0.000000e+00
vertex 6.250000e-01 8.125000e-01 0.000000e+00
endloop
endfacet
facet normal 0 0 0
outer loop
vertex 6.875000e-01 9.375000e-01 0.000000e+00
vertex 6.250000e-01 8.750000e-01 0.000000e+00
vertex 6.875000e-01 8.750000e-01 0.000000e+00
endloop
endfacet
facet normal 0 0 0
outer loop
vertex 8.750000e-01 7.500000e-01 0.000000e+00
vertex 9.375000e-01 8.125000e-01 0.000000e+00
vertex 8.750000e-01 8.125000e-01 0.000000e+00
endloop
endfacet
facet normal 0 0 0
outer loop
vertex 9.375000e-01 7.500000e-01 0.000000e+00
vertex 9.375000e-01 8.125000e-01 0.000000e+00
vertex 8.750000e-01 7.500000e-01 0.000000e+00
endloop
endfacet
facet normal 0 0 0
outer loop
vertex 1.000000e+00 8.125000e-01 1.250000e-01
vertex 1.000000e+00 8.125000e-01 6.250000e-02
vertex 1.000000e+00 7.500000e-01 6.250000e-02
endloop
endfacet
facet normal 0 0 0
outer loop
vertex 1.000000e+00 7.500000e-01 6.250000e-02
vertex 1.000000e+00 7.500000e-01 1.250000e-01
vertex 1.000000e+00 8.125000e-01 1.250000e-01
endloop
endfacet
facet normal 0 0 0
outer loop
vertex 8.750000e-01 6.875000e-01 0.000000e+00
vertex 9.375000e-01 7.500000e-01 0.000000e+00
vertex 8.750000e-01 7.500000e-01 0.000000e+00
endloop
endfacet
facet normal 0 0 0
outer loop
vertex 1.000000e+00 6.875000e-01 6.250000e-02
vertex 1.000000e+00 7.500000e-01 1.250000e-01
vertex 1.000000e+00 7.500000e-01 6.250000e-02
endloop
endfacet
facet normal 0 0 0
outer loop
vertex 1.000000e+00 7.500000e-01 1.250000e-01
vertex 1.000000e+00 6.875000e-01 6.250000e-02
vertex 1.000000e+00 6.875000e-01 1.250000e-01
endloop
endfacet
facet normal 0 0 0
outer loop
vertex 1.000000e+00 7.500000e-01 1.250000e-01
vertex 1.000000e+00 6.875000e-01 1.250000e-01
vertex 1.000000e+00 7.500000e-01 1.875000e-01
endloop
endfacet
facet normal 0 0 0
outer loop
vertex 9.375000e-01 6.875000e-01 0.000000e+00
vertex 9.375000e-01 7.500000e-01 0.000000e+00
vertex 8.750000e-01 6.875000e-01 0.000000e+00
endloop
endfacet
facet normal 0 0 0
outer loop
vertex 6.875000e-01 7.500000e-01 0.000000e+00
vertex 7.500000e-01 8.125000e-01 0.000000e+00
vertex 6.875000e-01 8.125000e-01 0.000000e+00
endloop
endfacet
facet normal 0 0 0
outer loop
vertex 5.000000e-01 1.000000e+00 1.875000e-01
vertex 4.375000e-01 1.000000e+00 1.250000e-01
vertex 5.000000e-01 1.000000e+00 1.250000e-01
endloop
endfacet
facet normal 0 0 0
outer loop
vertex 5.625000e-01 1.000000e+00 1.875000e-01
vertex 5.625000e-01 1.000000e+00 1.250000e-01
vertex 6.250000e-01 1.000000e+00 1.875000e-01
endloop
endfacet
facet normal 0 0 0
outer loop
vertex 6.875000e-01 1.000000e+00 1.875000e-01
vertex 6.250000e-01 1.000000e+00 1.250000e-01
vertex 6.875000e-01 1.000000e+00 1.250000e-01
endloop
endfacet
facet normal 0 0 0
outer loop
vertex 6.875000e-01 1.000000e+00 1.875000e-01
vertex 6.250000e-01 1.000000e+00 1.875000e-01
vertex 6.250000e-01 1.000000e+00 1.250000e-01
endloop
endfacet
facet normal 0 0 0
outer loop
vertex 1.000000e+00 6.875000e-01 5.000000e-01
vertex 1.000000e+00 6.875000e-01 5.625000e-01
vertex 1.000000e+00 7.500000e-01 5.625000e-01
endloop
endfacet
facet normal 0 0 0
outer loop
vertex 1.000000e+00 7.500000e-01 1.875000e-01
vertex 1.000000e+00 8.125000e-01 1.875000e-01
vertex 1.000000e+00 7.500000e-01 1.250000e-01
endloop
endfacet
facet normal 0 0 0
outer loop
vertex 1.000000e+00 5.000000e-01 7.500000e-01
vertex 1.000000e+00 4.375000e-01 6.875000e-01
vertex 1.000000e+00 4.375000e-01 7.500000e-01
endloop
endfacet
facet normal 0 0 0
outer loop
vertex 6.875000e-01 6.875000e-01 0.000000e+00
vertex 7.500000e-01 6.875000e-01 0.000000e+00
vertex 7.500000e-01 7.500000e-01 0.000000e+00
endloop
endfacet
facet normal 0 0 0
outer loop
vertex 5.000000e-01 5.625000e-01 0.000000e+00
vertex 5.625000e-01 5.625000e-01 0.000000e+00
vertex 5.625000e-01 6.250000e-01 0.000000e+00
endloop
endfacet
facet normal 0 0 0
outer loop
vertex 0.000000e+00 7.500000e-01 3.125000e-01
vertex 0.000000e+00 7.500000e-01 2.500000e-01
vertex 0.000000e+00 8.125000e-01 3.125000e-01
endloop
endfacet
facet normal 0 0 0
outer loop
vertex 7.500000e-01 1.000000e+00 5.625000e-01
vertex 7.500000e-01 1.000000e+00 5.000000e-01
vertex 8.125000e-01 1.000000e+00 5.625000e-01
endloop
endfacet
facet normal 0 0 0
outer loop
vertex 0.000000e+00 5.000000e-01 2.500000e-01
vertex 0.000000e+00 4.375000e-01 2.500000e-01
vertex 0.000000e+00 4.375000e-01 1.875000e-01
endloop
endfacet
facet normal 0 0 0
outer loop
vertex 7.500000e-01 1.000000e+00 5.000000e-01
vertex 6.875000e-01 1.000000e+00 5.000000e-01
vertex 6.875000e-01 1.000000e+00 4.375000e-01
endloop
endfacet
facet normal 0 0 0
outer loop
vertex 7.500000e-01 4.375000e-01 0.000000e+00
vertex 7.500000e-01 3.750000e-01 0.000000e+00
vertex 8.125000e-01 4.375000e-01 0.000000e+00
endloop
endfacet
facet normal 0 0 0
outer loop
vertex 6.875000e-01 1.000000e+00 5.625000e-01
vertex 6.875000e-01 1.000000e+00 5.000000e-01
vertex 7.500000e-01 1.000000e+00 5.625000e-01
endloop
endfacet
facet normal 0 0 0
outer loop
vertex 7.500000e-01 1.000000e+00 5.625000e-01
vertex 6.875000e-01 1.000000e+00 5.000000e-01
vertex 7.500000e-01 1.000000e+00 5.000000e-01
endloop
endfacet
facet normal 0 0 0
outer loop
vertex 1.000000e+00 8.125000e-01 1.875000e-01
vertex 1.000000e+00 8.125000e-01 1.250000e-01
vertex 1.000000e+00 7.500000e-01 1.250000e-01
endloop
endfacet
facet normal 0 0 0
outer loop
vertex 1.000000e+00 8.750000e-01 3.750000e-01
vertex 1.000000e+00 8.125000e-01 3.750000e-01
vertex 1.000000e+00 8.750000e-01 4.375000e-01
endloop
endfacet
facet normal 0 0 0
outer loop
vertex 1.000000e+00 8.750000e-01 1.875000e-01
vertex 1.000000e+00 8.125000e-01 1.875000e-01
vertex 1.000000e+00 8.750000e-01 2.500000e-01
endloop
endfacet
facet normal 0 0 0
outer loop
vertex 1.000000e+00 7.500000e-01 5.000000e-01
vertex 1.000000e+00 6.875000e-01 5.000000e-01
vertex 1.000000e+00 7.500000e-01 5.625000e-01
endloop
endfacet
facet normal 0 0 0
outer loop
vertex 1.000000e+00 6.875000e-01 4.375000e-01
vertex 1.000000e+00 6.250000e-01 3.750000e-01
vertex 1.000000e+00 6.250000e-01 4.375000e-01
endloop
endfacet
facet normal 0 0 0
outer loop
vertex 1.000000e+00 4.375000e-01 3.125000e-01
vertex 1.000000e+00 5.000000e-01 3.125000e-01
vertex 1.000000e+00 4.375000e-01 2.500000e-01
endloop
endfacet
facet normal 0 0 0
outer loop
vertex 1.000000e+00 8.125000e-01 3.125000e-01
vertex 1.000000e+00 7.500000e-01 3.125000e-01
vertex 1.000000e+00 8.125000e-01 3.750000e-01
endloop
endfacet
facet normal 0 0 0
outer loop
vertex 1.000000e+00 8.125000e-01 4.375000e-01
vertex 1.000000e+00 8.125000e-01 5.000000e-01
vertex 1.000000e+00 8.750000e-01 5.000000e-01
endloop
endfacet
facet normal 0 0 0
outer loop
vertex 1.000000e+00 8.125000e-01 3.750000e-01
vertex 1.000000e+00 8.125000e-01 4.375000e-01
vertex 1.000000e+00 8.750000e-01 4.375000e-01
endloop
endfacet
facet normal 0 0 0
outer loop
vertex 1.000000e+00 7.500000e-01 5.000000e-01
vertex 1.000000e+00 6.875000e-01 4.375000e-01
vertex 1.000000e+00 6.875000e-01 5.000000e-01
endloop
endfacet
facet normal 0 0 0
outer loop
vertex 1.000000e+00 6.875000e-01 5.000000e-01
vertex 1.000000e+00 6.875000e-01 4.375000e-01
vertex 1.000000e+00 6.250000e-01 4.375000e-01
endloop
endfacet
facet normal 0 0 0
outer loop
vertex 5.625000e-01 3.125000e-01 1.000000e+00
vertex 5.625000e-01 3.750000e-01 1.000000e+00
vertex 6.250000e-01 3.750000e-01 1.000000e+00
endloop
endfacet
facet normal 0 0 0
outer loop
vertex 1.000000e+00 5.625000e-01 4.375000e-01
vertex 1.000000e+00 5.625000e-01 5.000000e-01
vertex 1.000000e+00 6.250000e-01 5.000000e-01
endloop
endfacet
facet normal 0 0 0
outer loop
vertex 1.000000e+00 6.875000e-01 3.750000e-01
vertex 1.000000e+00 6.250000e-01 3.125000e-01
vertex 1.000000e+00 6.250000e-01 3.750000e-01
endloop
endfacet
facet normal 0 0 0
outer loop
vertex 1.000000e+00 6.250000e-01 3.750000e-01
vertex 1.000000e+00 5.625000e-01 3.750000e-01
vertex 1.000000e+00 6.250000e-01 4.375000e-01
endloop
endfacet
facet normal 0 0 0
outer loop
vertex 1.000000e+00 1.875000e-01 4.375000e-01
vertex 1.000000e+00 2.500000e-01 4.375000e-01
vertex 1.000000e+00 1.875000e-01 3.750000e-01
endloop
endfacet
facet normal 0 0 0
outer loop
vertex 1.000000e+00 8.125000e-01 2.500000e-01
vertex 1.000000e+00 8.125000e-01 1.875000e-01
vertex 1.000000e+00 7.500000e-01 1.875000e-01
endloop
endfacet
facet normal 0 0 0
outer loop
vertex 6.250000e-01 0.000000e+00 0.000000e+00
vertex 6.250000e-01 6.250000e-02 0.000000e+00
vertex 5.625000e-01 0.000000e+00 0.000000e+00
endloop
endfacet
facet normal 0 0 0
outer loop
vertex 5.625000e-01 0.000000e+00 0.000000e+00
vertex 6.250000e-01 0.000000e+00 6.250000e-02
vertex 6.250000e-01 0.000000e+00 0.000000e+00
endloop
endfacet
facet normal 0 0 0
outer loop
vertex 1.000000e+00 6.250000e-01 4.375000e-01
vertex 1.000000e+00 5.625000e-01 3.750000e-01
vertex 1.000000e+00 5.625000e-01 4.375000e-01
endloop
endfacet
facet normal 0 0 0
outer loop
vertex 1.000000e+00 6.250000e-01 1.875000e-01
vertex 1.000000e+00 6.250000e-01 1.250000e-01
vertex 1.000000e+00 5.625000e-01 1.250000e-01
endloop
endfacet
facet normal 0 0 0
outer loop
vertex 1.000000e+00 8.750000e-01 2.500000e-01
vertex 1.000000e+00 8.125000e-01 2.500000e-01
vertex 1.000000e+00 8.750000e-01 3.125000e-01
endloop
endfacet
facet normal 0 0 0
outer loop
vertex 1.000000e+00 7.500000e-01 3.125000e-01
vertex 1.000000e+00 6.875000e-01 2.500000e-01
vertex 1.000000e+00 6.875000e-01 3.125000e-01
endloop
endfacet
facet normal 0 0 0
outer loop
vertex 1.000000e+00 7.500000e-01 2.500000e-01
vertex 1.000000e+00 8.125000e-01 3.125000e-01
vertex 1.000000e+00 8.125000e-01 2.500000e-01
endloop
endfacet
facet normal 0 0 0
outer loop
vertex 1.000000e+00 6.250000e-01 3.125000e-01
vertex 1.000000e+00 6.875000e-01 3.125000e-01
vertex 1.000000e+00 6.250000e-01 2.500000e-01
endloop
endfacet
facet normal 0 0 0
outer loop
vertex 1.000000e+00 6.875000e-01 2.500000e-01
vertex 1.000000e+00 6.875000e-01 1.875000e-01
vertex 1.000000e+00 6.250000e-01 1.875000e-01
endloop
endfacet
facet normal 0 0 0
outer loop
vertex 1.000000e+00 6.250000e-01 1.250000e-01
vertex 1.000000e+00 6.875000e-01 1.875000e-01
vertex 1.000000e+00 6.875000e-01 1.250000e-01
endloop
endfacet
facet normal 0 0 0
outer loop
vertex 1.000000e+00 6.250000e-01 1.875000e-01
vertex 1.000000e+00 6.875000e-01 1.875000e-01
vertex 1.000000e+00 6.250000e-01 1.250000e-01
endloop
endfacet
facet normal 0 0 0
outer loop
vertex 1.000000e+00 6.250000e-01 2.500000e-01
vertex 1.000000e+00 6.875000e-01 2.500000e-01
vertex 1.000000e+00 6.250000e-01 1.875000e-01
endloop
endfacet
facet normal 0 0 0
outer loop
vertex 1.000000e+00 6.875000e-01 3.125000e-01
vertex 1.000000e+00 6.875000e-01 2.500000e-01
vertex 1.000000e+00 6.250000e-01 2.500000e-01
endloop
endfacet
facet normal 0 0 0
outer loop
vertex 1.000000e+00 7.500000e-01 2.500000e-01
vertex 1.000000e+00 8.125000e-01 2.500000e-01
vertex 1.000000e+00 7.500000e-01 1.875000e-01
endloop
endfacet
facet normal 0 0 0
outer loop
vertex 1.000000e+00 7.500000e-01 3.750000e-01
vertex 1.000000e+00 7.500000e-01 3.125000e-01
vertex 1.000000e+00 6.875000e-01 3.125000e-01
endloop
endfacet
facet normal 0 0 0
outer loop
vertex 1.000000e+00 6.875000e-01 4.375000e-01
vertex 1.000000e+00 7.500000e-01 5.000000e-01
vertex 1.000000e+00 7.500000e-01 4.375000e-01
endloop
endfacet
facet normal 0 0 0
outer loop
vertex 1.000000e+00 2.500000e-01 6.250000e-01
vertex 1.000000e+00 2.500000e-01 5.625000e-01
vertex 1.000000e+00 1.875000e-01 5.625000e-01
endloop
endfacet
facet normal 0 0 0
outer loop
vertex 1.000000e+00 8.750000e-01 5.625000e-01
vertex 1.000000e+00 8.125000e-01 5.000000e-01
vertex 1.000000e+00 8.125000e-01 5.625000e-01
endloop
endfacet
facet normal 0 0 0
outer loop
vertex 1.000000e+00 8.750000e-01 5.000000e-01
vertex 1.000000e+00 8.125000e-01 5.000000e-01
vertex 1.000000e+00 8.750000e-01 5.625000e-01
endloop
endfacet
facet normal 0 0 0
outer loop
vertex 1.000000e+00 8.125000e-01 5.000000e-01
vertex 1.000000e+00 8.125000e-01 4.375000e-01
vertex 1.000000e+00 7.500000e-01 4.375000e-01
endloop
endfacet
facet normal 0 0 0
outer loop
vertex 1.000000e+00 8.125000e-01 3.750000e-01
vertex 1.000000e+00 7.500000e-01 3.750000e-01
vertex 1.000000e+00 8.125000e-01 4.375000e-01
endloop
endfacet
facet normal 0 0 0
outer loop
vertex 1.000000e+00 8.125000e-01 4.375000e-01
vertex 1.000000e+00 7.500000e-01 3.750000e-01
vertex 1.000000e+00 7.500000e-01 4.375000e-01
endloop
endfacet
facet normal 0 0 0
outer loop
vertex 1.000000e+00 6.875000e-01 3.750000e-01
vertex 1.000000e+00 7.500000e-01 3.750000e-01
vertex 1.000000e+00 6.875000e-01 3.125000e-01
endloop
endfacet
facet normal 0 0 0
outer loop
vertex 1.000000e+00 7.500000e-01 3.750000e-01
vertex 1.000000e+00 6.875000e-01 3.750000e-01
vertex 1.000000e+00 7.500000e-01 4.375000e-01
endloop
endfacet
facet normal 0 0 0
outer loop
vertex 1.000000e+00 7.500000e-01 3.125000e-01
vertex 1.000000e+00 7.500000e-01 3.750000e-01
vertex 1.000000e+00 8.125000e-01 3.750000e-01
endloop
endfacet
facet normal 0 0 0
outer loop
vertex 1.000000e+00 6.250000e-01 3.125000e-01
vertex 1.000000e+00 5.625000e-01 3.125000e-01
vertex 1.000000e+00 6.250000e-01 3.750000e-01
endloop
endfacet
facet normal 0 0 0
outer loop
vertex 1.000000e+00 8.750000e-01 3.125000e-01
vertex 1.000000e+00 8.125000e-01 3.125000e-01
vertex 1.000000e+00 8.750000e-01 3.750000e-01
endloop
endfacet
facet normal 0 0 0
outer loop
vertex 1.000000e+00 7.500000e-01 3.125000e-01
vertex 1.000000e+00 7.500000e-01 2.500000e-01
vertex 1.000000e+00 6.875000e-01 2.500000e-01
endloop
endfacet
facet normal 0 0 0
outer loop
vertex 1.000000e+00 7.500000e-01 2.500000e-01
vertex 1.000000e+00 7.500000e-01 3.125000e-01
vertex 1.000000e+00 8.125000e-01 3.125000e-01
endloop
endfacet
facet normal 0 0 0
outer loop
vertex 7.500000e-01 0.000000e+00 2.500000e-01
vertex 8.125000e-01 0.000000e+00 3.125000e-01
vertex 8.125000e-01 0.000000e+00 2.500000e-01
endloop
endfacet
facet normal 0 0 0
outer loop
vertex 1.000000e+00 5.000000e-01 4.375000e-01
vertex 1.000000e+00 5.625000e-01 5.000000e-01
vertex 1.000000e+00 5.625000e-01 4.375000e-01
endloop
endfacet
facet normal 0 0 0
outer loop
vertex 1.000000e+00 5.625000e-01 1.875000e-01
vertex 1.000000e+00 5.000000e-01 1.875000e-01
vertex 1.000000e+00 5.625000e-01 2.500000e-01
endloop
endfacet
facet normal 0 0 0
outer loop
vertex 1.000000e+00 1.875000e-01 1.250000e-01
vertex 1.000000e+00 2.500000e-01 1.875000e-01
vertex 1.000000e+00 2.500000e-01 1.250000e-01
endloop
endfacet
facet normal 0 0 0
outer loop
vertex 8.125000e-01 5.625000e-01 0.000000e+00
vertex 8.125000e-01 5.000000e-01 0.000000e+00
vertex 8.750000e-01 5.625000e-01 0.000000e+00
endloop
endfacet
facet normal 0 0 0
outer loop
vertex 1.000000e+00 3.750000e-01 2.500000e-01
vertex 1.000000e+00 4.375000e-01 3.125000e-01
vertex 1.000000e+00 4.375000e-01 2.500000e-01
endloop
endfacet
facet normal 0 0 0
outer loop
vertex 1.000000e+00 3.750000e-01 6.250000e-02
vertex 1.000000e+00 3.125000e-01 6.250000e-02
vertex 1.000000e+00 3.750000e-01 1.250000e-01
endloop
endfacet
facet normal 0 0 0
outer loop
vertex 1.000000e+00 3.125000e-01 2.500000e-01
vertex 1.000000e+00 3.750000e-01 3.125000e-01
vertex 1.000000e+00 3.750000e-01 2.500000e-01
endloop
endfacet
facet normal 0 0 0
outer loop
vertex 1.000000e+00 3.750000e-01 1.875000e-01
vertex 1.000000e+00 3.125000e-01 1.250000e-01
vertex 1.000000e+00 3.125000e-01 1.875000e-01
endloop
endfacet
facet normal 0 0 0
outer loop
vertex 2.500000e-01 6.250000e-01 1.000000e+00
vertex 2.500000e-01 6.875000e-01 1.000000e+00
vertex 3.125000e-01 6.875000e-01 1.000000e+00
endloop
endfacet
facet normal 0 0 0
outer loop
vertex 6.875000e-01 0.000000e+00 3.750000e-01
vertex 7.500000e-01 0.000000e+00 3.750000e-01
vertex 6.875000e-01 0.000000e+00 3.125000e-01
endloop
endfacet
facet normal 0 0 0
outer loop
vertex 1.000000e+00 1.250000e-01 0.000000e+00
vertex 9.375000e-01 6.250000e-02 0.000000e+00
vertex 1.000000e+00 6.250000e-02 0.000000e+00
endloop
endfacet
facet normal 0 0 0
outer loop
vertex 1.000000e+00 6.250000e-02 0.000000e+00
vertex 1.000000e+00 1.250000e-01 6.250000e-02
vertex 1.000000e+00 1.250000e-01 0.000000e+00
endloop
endfacet
facet normal 0 0 0
outer loop
vertex 1.000000e+00 6.250000e-02 1.250000e-01
vertex 1.000000e+00 1.250000e-01 1.250000e-01
vertex 1.000000e+00 6.250000e-02 6.250000e-02
endloop
endfacet
facet normal 0 0 0
outer loop
vertex 1.000000e+00 3.125000e-01 5.625000e-01
vertex 1.000000e+00 2.500000e-01 5.000000e-01
vertex 1.000000e+00 2.500000e-01 5.625000e-01
endloop
endfacet
facet normal 0 0 0
outer loop
vertex 7.500000e-01 0.000000e+00 1.875000e-01
vertex 7.500000e-01 0.000000e+00 2.500000e-01
vertex 8.125000e-01 0.000000e+00 2.500000e-01
endloop
endfacet
facet normal 0 0 0
outer loop
vertex 9.375000e-01 0.000000e+00 2.500000e-01
vertex 1.000000e+00 0.000000e+00 2.500000e-01
vertex 9.375000e-01 0.000000e+00 1.875000e-01
endloop
endfacet
facet normal 0 0 0
outer loop
vertex 1.000000e+00 1.875000e-01 3.125000e-01
vertex 1.000000e+00 1.250000e-01 2.500000e-01
vertex 1.000000e+00 1.250000e-01 3.125000e-01
endloop
endfacet
facet normal 0 0 0
outer loop
vertex 1.000000e+00 4.375000e-01 4.375000e-01
vertex 1.000000e+00 5.000000e-01 4.375000e-01
vertex 1.000000e+00 4.375000e-01 3.750000e-01
endloop
endfacet
facet normal 0 0 0
outer loop
vertex 1.000000e+00 4.375000e-01 3.125000e-01
vertex 1.000000e+00 5.000000e-01 3.750000e-01
vertex 1.000000e+00 5.000000e-01 3.125000e-01
endloop
endfacet
facet normal 0 0 0
outer loop
vertex 1.000000e+00 5.625000e-01 3.125000e-01
vertex 1.000000e+00 5.000000e-01 3.125000e-01
vertex 1.000000e+00 5.625000e-01 3.750000e-01
endloop
endfacet
facet normal 0 0 0
outer loop
vertex 7.500000e-01 3.125000e-01 0.000000e+00
vertex 6.875000e-01 2.500000e-01 0.000000e+00
vertex 7.500000e-01 2.500000e-01 0.000000e+00
endloop
endfacet
facet normal 0 0 0
outer loop
vertex 1.000000e+00 3.750000e-01 4.375000e-01
vertex 1.000000e+00 4.375000e-01 5.000000e-01
vertex 1.000000e+00 4.375000e-01 4.375000e-01
endloop
endfacet
facet normal 0 0 0
outer loop
vertex 1.000000e+00 0.000000e+00 6.875000e-01
vertex 9.375000e-01 0.000000e+00 6.250000e-01
vertex 9.375000e-01 0.000000e+00 6.875000e-01
endloop
endfacet
facet normal 0 0 0
outer loop
vertex 8.750000e-01 6.250000e-02 1.000000e+00
vertex 9.375000e-01 6.250000e-02 1.000000e+00
vertex 8.750000e-01 0.000000e+00 1.000000e+00
endloop
endfacet
facet normal 0 0 0
outer loop
vertex 1.000000e+00 0.000000e+00 1.875000e-01
vertex 1.000000e+00 6.250000e-02 2.500000e-01
vertex 1.000000e+00 6.250000e-02 1.875000e-01
endloop
endfacet
facet normal 0 0 0
outer loop
vertex 1.000000e+00 6.250000e-02 2.500000e-01
vertex 1.000000e+00 0.000000e+00 1.875000e-01
vertex 1.000000e+00 0.000000e+00 2.500000e-01
endloop
endfacet
facet normal 0 0 0
outer loop
vertex 1.000000e+00 0.000000e+00 1.875000e-01
vertex 9.375000e-01 0.000000e+00 1.875000e-01
vertex 1.000000e+00 0.000000e+00 2.500000e-01
endloop
endfacet
facet normal 0 0 0
outer loop
vertex 1.000000e+00 5.000000e-01 2.500000e-01
vertex 1.000000e+00 5.000000e-01 3.125000e-01
vertex 1.000000e+00 5.625000e-01 3.125000e-01
endloop
endfacet
facet normal 0 0 0
outer loop
vertex 4.375000e-01 0.000000e+00 5.000000e-01
vertex 3.750000e-01 0.000000e+00 4.375000e-01
vertex 3.750000e-01 0.000000e+00 5.000000e-01
endloop
endfacet
facet normal 0 0 0
outer loop
vertex 1.000000e+00 2.500000e-01 1.250000e-01
vertex 1.000000e+00 2.500000e-01 1.875000e-01
vertex 1.000000e+00 3.125000e-01 1.875000e-01
endloop
endfacet
facet normal 0 0 0
outer loop
vertex 9.375000e-01 3.125000e-01 0.000000e+00
vertex 8.750000e-01 2.500000e-01 0.000000e+00
vertex 9.375000e-01 2.500000e-01 0.000000e+00
endloop
endfacet
facet normal 0 0 0
outer loop
vertex 1.000000e+00 3.750000e-01 6.250000e-01
vertex 1.000000e+00 3.125000e-01 6.250000e-01
vertex 1.000000e+00 3.750000e-01 6.875000e-01
endloop
endfacet
facet normal 0 0 0
outer loop
vertex 1.000000e+00 2.500000e-01 3.750000e-01
vertex 1.000000e+00 2.500000e-01 4.375000e-01
vertex 1.000000e+00 3.125000e-01 4.375000e-01
endloop
endfacet
facet normal 0 0 0
outer loop
vertex 8.750000e-01 0.000000e+00 2.500000e-01
vertex 8.750000e-01 0.000000e+00 3.125000e-01
vertex 9.375000e-01 0.000000e+00 3.125000e-01
endloop
endfacet
facet normal 0 0 0
outer loop
vertex 1.000000e+00 5.625000e-01 1.250000e-01
vertex 1.000000e+00 5.000000e-01 1.250000e-01
vertex 1.000000e+00 5.625000e-01 1.875000e-01
endloop
endfacet
facet normal 0 0 0
outer loop
vertex 1.000000e+00 5.000000e-01 1.250000e-01
vertex 1.000000e+00 5.000000e-01 1.875000e-01
vertex 1.000000e+00 5.625000e-01 1.875000e-01
endloop
endfacet
facet normal 0 0 0
outer loop
vertex 1.000000e+00 5.000000e-01 1.875000e-01
vertex 1.000000e+00 5.000000e-01 1.250000e-01
vertex 1.000000e+00 4.375000e-01 1.250000e-01
endloop
endfacet
facet normal 0 0 0
outer loop
vertex 1.000000e+00 5.000000e-01 2.500000e-01
vertex 1.000000e+00 4.375000e-01 1.875000e-01
vertex 1.000000e+00 4.375000e-01 2.500000e-01
endloop
endfacet
facet normal 0 0 0
outer loop
vertex 1.000000e+00 5.000000e-01 2.500000e-01
vertex 1.000000e+00 5.000000e-01 1.875000e-01
vertex 1.000000e+00 4.375000e-01 1.875000e-01
endloop
endfacet
facet normal 0 0 0
outer loop
vertex 1.000000e+00 5.000000e-01 1.875000e-01
vertex 1.000000e+00 5.000000e-01 2.500000e-01
vertex 1.000000e+00 5.625000e-01 2.500000e-01
endloop
endfacet
facet normal 0 0 0
outer loop
vertex 1.000000e+00 4.375000e-01 3.125000e-01
vertex 1.000000e+00 3.750000e-01 3.125000e-01
vertex 1.000000e+00 4.375000e-01 3.750000e-01
endloop
endfacet
facet normal 0 0 0
outer loop
vertex 1.000000e+00 5.000000e-01 4.375000e-01
vertex 1.000000e+00 4.375000e-01 4.375000e-01
vertex 1.000000e+00 5.000000e-01 5.000000e-01
endloop
endfacet
facet normal 0 0 0
outer loop
vertex 1.000000e+00 5.625000e-01 3.750000e-01
vertex 1.000000e+00 5.000000e-01 3.750000e-01
vertex 1.000000e+00 5.625000e-01 4.375000e-01
endloop
endfacet
facet normal 0 0 0
outer loop
vertex 1.000000e+00 5.000000e-01 3.125000e-01
vertex 1.000000e+00 5.000000e-01 3.750000e-01
vertex 1.000000e+00 5.625000e-01 3.750000e-01
endloop
endfacet
facet normal 0 0 0
outer loop
vertex 1.000000e+00 3.750000e-01 2.500000e-01
vertex 1.000000e+00 3.750000e-01 3.125000e-01
vertex 1.000000e+00 4.375000e-01 3.125000e-01
endloop
endfacet
facet normal 0 0 0
outer loop
vertex 3.750000e-01 3.750000e-01 1.000000e+00
vertex 3.750000e-01 4.375000e-01 1.000000e+00
vertex 4.375000e-01 4.375000e-01 1.000000e+00
endloop
endfacet
facet normal 0 0 0
outer loop
vertex 1.000000e+00 3.750000e-01 3.750000e-01
vertex 1.000000e+00 3.125000e-01 3.125000e-01
vertex 1.000000e+00 3.125000e-01 3.750000e-01
endloop
endfacet
facet normal 0 0 0
outer loop
vertex 5.625000e-01 2.500000e-01 0.000000e+00
vertex 6.250000e-01 3.125000e-01 0.000000e+00
vertex 5.625000e-01 3.125000e-01 0.000000e+00
endloop
endfacet
facet normal 0 0 0
outer loop
vertex 5.000000e-01 0.000000e+00 4.375000e-01
vertex 4.375000e-01 0.000000e+00 4.375000e-01
vertex 5.000000e-01 0.000000e+00 5.000000e-01
endloop
endfacet
facet normal 0 0 0
outer loop
vertex 1.000000e+00 3.750000e-01 4.375000e-01
vertex 1.000000e+00 3.125000e-01 3.750000e-01
vertex 1.000000e+00 3.125000e-01 4.375000e-01
endloop
endfacet
facet normal 0 0 0
outer loop
vertex 1.000000e+00 3.125000e-01 5.625000e-01
vertex 1.000000e+00 3.750000e-01 6.250000e-01
vertex 1.000000e+00 3.750000e-01 5.625000e-01
endloop
endfacet
facet normal 0 0 0
outer loop
vertex 1.000000e+00 3.750000e-01 3.750000e-01
vertex 1.000000e+00 3.750000e-01 4.375000e-01
vertex 1.000000e+00 4.375000e-01 4.375000e-01
endloop
endfacet
facet normal 0 0 0
outer loop
vertex 1.000000e+00 4.375000e-01 3.750000e-01
vertex 1.000000e+00 3.750000e-01 3.750000e-01
vertex 1.000000e+00 4.375000e-01 4.375000e-01
endloop
endfacet
facet normal 0 0 0
outer loop
vertex 1.000000e+00 3.125000e-01 5.625000e-01
vertex 1.000000e+00 2.500000e-01 5.625000e-01
vertex 1.000000e+00 3.125000e-01 6.250000e-01
endloop
endfacet
facet normal 0 0 0
outer loop
vertex 8.125000e-01 0.000000e+00 6.250000e-01
vertex 8.125000e-01 0.000000e+00 6.875000e-01
vertex 8.750000e-01 0.000000e+00 6.875000e-01
endloop
endfacet
facet normal 0 0 0
outer loop
vertex 1.000000e+00 4.375000e-01 2.500000e-01
vertex 1.000000e+00 3.750000e-01 1.875000e-01
vertex 1.000000e+00 3.750000e-01 2.500000e-01
endloop
endfacet
facet normal 0 0 0
outer loop
vertex 7.500000e-01 3.125000e-01 0.000000e+00
vertex 8.125000e-01 3.750000e-01 0.000000e+00
vertex 7.500000e-01 3.750000e-01 0.000000e+00
endloop
endfacet
facet normal 0 0 0
outer loop
vertex 5.000000e-01 0.000000e+00 3.125000e-01
vertex 5.625000e-01 0.000000e+00 3.750000e-01
vertex 5.625000e-01 0.000000e+00 3.125000e-01
endloop
endfacet
facet normal 0 0 0
outer loop
vertex 1.000000e+00 3.125000e-01 3.750000e-01
vertex 1.000000e+00 3.750000e-01 4.375000e-01
vertex 1.000000e+00 3.750000e-01 3.750000e-01
endloop
endfacet
facet normal 0 0 0
outer loop
vertex 1.000000e+00 3.125000e-01 3.750000e-01
vertex 1.000000e+00 3.125000e-01 3.125000e-01
vertex 1.000000e+00 2.500000e-01 3.125000e-01
endloop
endfacet
facet normal 0 0 0
outer loop
vertex 6.875000e-01 0.000000e+00 3.125000e-01
vertex 7.500000e-01 0.000000e+00 3.750000e-01
vertex 7.500000e-01 0.000000e+00 3.125000e-01
endloop
endfacet
facet normal 0 0 0
outer loop
vertex 8.125000e-01 2.500000e-01 1.000000e+00
vertex 8.125000e-01 1.875000e-01 1.000000e+00
vertex 7.500000e-01 1.875000e-01 1.000000e+00
endloop
endfacet
facet normal 0 0 0
outer loop
vertex 5.625000e-01 0.000000e+00 3.750000e-01
vertex 6.250000e-01 0.000000e+00 3.750000e-01
vertex 5.625000e-01 0.000000e+00 3.125000e-01
endloop
endfacet
facet normal 0 0 0
outer loop
vertex 5.625000e-01 0.000000e+00 3.750000e-01
vertex 5.625000e-01 0.000000e+00 4.375000e-01
vertex 6.250000e-01 0.000000e+00 4.375000e-01
endloop
endfacet
facet normal 0 0 0
outer loop
vertex 8.750000e-01 6.250000e-02 0.000000e+00
vertex 8.750000e-01 1.250000e-01 0.000000e+00
vertex 8.125000e-01 6.250000e-02 0.000000e+00
endloop
endfacet
facet normal 0 0 0
outer loop
vertex 1.000000e+00 4.375000e-01 1.875000e-01
vertex 1.000000e+00 4.375000e-01 1.250000e-01
vertex 1.000000e+00 3.750000e-01 1.250000e-01
endloop
endfacet
facet normal 0 0 0
outer loop
vertex 9.375000e-01 3.750000e-01 0.000000e+00
vertex 9.375000e-01 4.375000e-01 0.000000e+00
vertex 8.750000e-01 3.750000e-01 0.000000e+00
endloop
endfacet
facet normal 0 0 0
outer loop
vertex 6.875000e-01 0.000000e+00 1.250000e-01
vertex 6.875000e-01 0.000000e+00 6.250000e-02
vertex 6.250000e-01 0.000000e+00 6.250000e-02
endloop
endfacet
facet normal 0 0 0
outer loop
vertex 6.250000e-01 1.875000e-01 0.000000e+00
vertex 6.250000e-01 2.500000e-01 0.000000e+00
vertex 5.625000e-01 1.875000e-01 0.000000e+00
endloop
endfacet
facet normal 0 0 0
outer loop
vertex 1.000000e+00 1.875000e-01 2.500000e-01
vertex 1.000000e+00 2.500000e-01 3.125000e-01
vertex 1.000000e+00 2.500000e-01 2.500000e-01
endloop
endfacet
facet normal 0 0 0
outer loop
vertex 5.625000e-01 0.000000e+00 1.875000e-01
vertex 6.250000e-01 0.000000e+00 1.875000e-01
vertex 5.625000e-01 0.000000e+00 1.250000e-01
endloop
endfacet
facet normal 0 0 0
outer loop
vertex 1.000000e+00 2.500000e-01 2.500000e-01
vertex 1.000000e+00 3.125000e-01 3.125000e-01
vertex 1.000000e+00 3.125000e-01 2.500000e-01
endloop
endfacet
facet normal 0 0 0
outer loop
vertex 6.250000e-01 6.250000e-02 0.000000e+00
vertex 6.875000e-01 1.250000e-01 0.000000e+00
vertex 6.250000e-01 1.250000e-01 0.000000e+00
endloop
endfacet
facet normal 0 0 0
outer loop
vertex 4.375000e-01 2.500000e-01 0.000000e+00
vertex 4.375000e-01 1.875000e-01 0.000000e+00
vertex 5.000000e-01 2.500000e-01 0.000000e+00
endloop
endfacet
facet normal 0 0 0
outer loop
vertex 6.875000e-01 5.625000e-01 0.000000e+00
vertex 6.250000e-01 5.000000e-01 0.000000e+00
vertex 6.875000e-01 5.000000e-01 0.000000e+00
endloop
endfacet
facet normal 0 0 0
outer loop
vertex 1.000000e+00 1.250000e-01 0.000000e+00
vertex 9.375000e-01 1.250000e-01 0.000000e+00
vertex 9.375000e-01 6.250000e-02 0.000000e+00
endloop
endfacet
facet normal 0 0 0
outer loop
vertex 9.375000e-01 0.000000e+00 3.750000e-01
vertex 9.375000e-01 0.000000e+00 4.375000e-01
vertex 1.000000e+00 0.000000e+00 4.375000e-01
endloop
endfacet
facet normal 0 0 0
outer loop
vertex 9.375000e-01 0.000000e+00 4.375000e-01
vertex 8.750000e-01 0.000000e+00 3.750000e-01
vertex 8.750000e-01 0.000000e+00 4.375000e-01
endloop
endfacet
facet normal 0 0 0
outer loop
vertex 1.000000e+00 3.125000e-01 1.875000e-01
vertex 1.000000e+00 3.750000e-01 2.500000e-01
vertex 1.000000e+00 3.750000e-01 1.875000e-01
endloop
endfacet
facet normal 0 0 0
outer loop
vertex 1.000000e+00 3.125000e-01 1.875000e-01
vertex 1.000000e+00 3.125000e-01 2.500000e-01
vertex 1.000000e+00 3.750000e-01 2.500000e-01
endloop
endfacet
facet normal 0 0 0
outer loop
vertex 1.000000e+00 2.500000e-01 1.875000e-01
vertex 1.000000e+00 1.875000e-01 1.250000e-01
vertex 1.000000e+00 1.875000e-01 1.875000e-01
endloop
endfacet
facet normal 0 0 0
outer loop
vertex 9.375000e-01 0.000000e+00 1.250000e-01
vertex 8.750000e-01 0.000000e+00 6.250000e-02
vertex 8.750000e-01 0.000000e+00 1.250000e-01
endloop
endfacet
facet normal 0 0 0
outer loop
vertex 1.000000e+00 1.875000e-01 1.250000e-01
vertex 1.000000e+00 1.250000e-01 1.250000e-01
vertex 1.000000e+00 1.875000e-01 1.875000e-01
endloop
endfacet
facet normal 0 0 0
outer loop
vertex 1.000000e+00 1.875000e-01 3.125000e-01
vertex 1.000000e+00 2.500000e-01 3.125000e-01
vertex 1.000000e+00 1.875000e-01 2.500000e-01
endloop
endfacet
facet normal 0 0 0
outer loop
vertex 1.000000e+00 6.250000e-02 1.250000e-01
vertex 1.000000e+00 1.250000e-01 1.875000e-01
vertex 1.000000e+00 1.250000e-01 1.250000e-01
endloop
endfacet
facet normal 0 0 0
outer loop
vertex 9.375000e-01 0.000000e+00 3.750000e-01
vertex 8.750000e-01 0.000000e+00 3.750000e-01
vertex 9.375000e-01 0.000000e+00 4.375000e-01
endloop
endfacet
facet normal 0 0 0
outer loop
vertex 1.000000e+00 1.875000e-01 2.500000e-01
vertex 1.000000e+00 2.500000e-01 2.500000e-01
vertex 1.000000e+00 1.875000e-01 1.875000e-01
endloop
endfacet
facet normal 0 0 0
outer loop
vertex 1.000000e+00 2.500000e-01 2.500000e-01
vertex 1.000000e+00 2.500000e-01 1.875000e-01
vertex 1.000000e+00 1.875000e-01 1.875000e-01
endloop
endfacet
facet normal 0 0 0
outer loop
vertex 1.000000e+00 2.500000e-01 2.500000e-01
vertex 1.000000e+00 3.125000e-01 2.500000e-01
vertex 1.000000e+00 2.500000e-01 1.875000e-01
endloop
endfacet
facet normal 0 0 0
outer loop
vertex 1.000000e+00 3.125000e-01 2.500000e-01
vertex 1.000000e+00 3.125000e-01 1.875000e-01
vertex 1.000000e+00 2.500000e-01 1.875000e-01
endloop
endfacet
facet normal 0 0 0
outer loop
vertex 1.000000e+00 2.500000e-01 3.125000e-01
vertex 1.000000e+00 3.125000e-01 3.125000e-01
vertex 1.000000e+00 2.500000e-01 2.500000e-01
endloop
endfacet
facet normal 0 0 0
outer loop
vertex 9.375000e-01 0.000000e+00 3.125000e-01
vertex 9.375000e-01 0.000000e+00 3.750000e-01
vertex 1.000000e+00 0.000000e+00 3.750000e-01
endloop
endfacet
facet normal 0 0 0
outer loop
vertex 1.000000e+00 3.125000e-01 2.500000e-01
vertex 1.000000e+00 3.125000e-01 3.125000e-01
vertex 1.000000e+00 3.750000e-01 3.125000e-01
endloop
endfacet
facet normal 0 0 0
outer loop
vertex 7.500000e-01 4.375000e-01 0.000000e+00
vertex 6.875000e-01 3.750000e-01 0.000000e+00
vertex 7.500000e-01 3.750000e-01 0.000000e+00
endloop
endfacet
facet normal 0 0 0
outer loop
vertex 7.500000e-01 3.125000e-01 0.000000e+00
vertex 7.500000e-01 2.500000e-01 0.000000e+00
vertex 8.125000e-01 3.125000e-01 0.000000e+00
endloop
endfacet
facet normal 0 0 0
outer loop
vertex 6.250000e-01 4.375000e-01 0.000000e+00
vertex 6.250000e-01 5.000000e-01 0.000000e+00
vertex 5.625000e-01 4.375000e-01 0.000000e+00
endloop
endfacet
facet normal 0 0 0
outer loop
vertex 7.500000e-01 2.500000e-01 0.000000e+00
vertex 8.125000e-01 2.500000e-01 0.000000e+00
vertex 8.125000e-01 3.125000e-01 0.000000e+00
endloop
endfacet
facet normal 0 0 0
outer loop
vertex 7.500000e-01 4.375000e-01 0.000000e+00
vertex 6.875000e-01 4.375000e-01 0.000000e+00
vertex 6.875000e-01 3.750000e-01 0.000000e+00
endloop
endfacet
facet normal 0 0 0
outer loop
vertex 5.625000e-01 5.000000e-01 0.000000e+00
vertex 6.250000e-01 5.625000e-01 0.000000e+00
vertex 5.625000e-01 5.625000e-01 0.000000e+00
endloop
endfacet
facet normal 0 0 0
outer loop
vertex 1.000000e+00 3.125000e-01 1.250000e-01
vertex 1.000000e+00 3.125000e-01 6.250000e-02
vertex 1.000000e+00 2.500000e-01 6.250000e-02
endloop
endfacet
facet normal 0 0 0
outer loop
vertex 8.125000e-01 3.750000e-01 0.000000e+00
vertex 7.500000e-01 3.125000e-01 0.000000e+00
vertex 8.125000e-01 3.125000e-01 0.000000e+00
endloop
endfacet
facet normal 0 0 0
outer loop
vertex 7.500000e-01 5.000000e-01 0.000000e+00
vertex 8.125000e-01 5.000000e-01 0.000000e+00
vertex 8.125000e-01 5.625000e-01 0.000000e+00
endloop
endfacet
facet normal 0 0 0
outer loop
vertex 7.500000e-01 5.000000e-01 0.000000e+00
vertex 8.125000e-01 5.625000e-01 0.000000e+00
vertex 7.500000e-01 5.625000e-01 0.000000e+00
endloop
endfacet
facet normal 0 0 0
outer loop
vertex 7.500000e-01 5.000000e-01 0.000000e+00
vertex 7.500000e-01 4.375000e-01 0.000000e+00
vertex 8.125000e-01 5.000000e-01 0.000000e+00
endloop
endfacet
facet normal 0 0 0
outer loop
vertex 8.125000e-01 5.000000e-01 0.000000e+00
vertex 7.500000e-01 4.375000e-01 0.000000e+00
vertex 8.125000e-01 4.375000e-01 0.000000e+00
endloop
endfacet
facet normal 0 0 0
outer loop
vertex 7.500000e-01 5.000000e-01 0.000000e+00
vertex 6.875000e-01 4.375000e-01 0.000000e+00
vertex 7.500000e-01 4.375000e-01 0.000000e+00
endloop
endfacet
facet normal 0 0 0
outer loop
vertex 6.250000e-01 3.125000e-01 0.000000e+00
vertex 6.250000e-01 3.750000e-01 0.000000e+00
vertex 5.625000e-01 3.125000e-01 0.000000e+00
endloop
endfacet
facet normal 0 0 0
outer loop
vertex 5.625000e-01 3.750000e-01 0.000000e+00
vertex 6.250000e-01 4.375000e-01 0.000000e+00
vertex 5.625000e-01 4.375000e-01 0.000000e+00
endloop
endfacet
facet normal 0 0 0
outer loop
vertex 6.875000e-01 5.625000e-01 0.000000e+00
vertex 6.875000e-01 5.000000e-01 0.000000e+00
vertex 7.500000e-01 5.625000e-01 0.000000e+00
endloop
endfacet
facet normal 0 0 0
outer loop
vertex 7.500000e-01 5.625000e-01 0.000000e+00
vertex 6.875000e-01 5.000000e-01 0.000000e+00
vertex 7.500000e-01 5.000000e-01 0.000000e+00
endloop
endfacet
facet normal 0 0 0
outer loop
vertex 6.875000e-01 3.750000e-01 0.000000e+00
vertex 6.250000e-01 3.750000e-01 0.000000e+00
vertex 6.250000e-01 3.125000e-01 0.000000e+00
endloop
endfacet
facet normal 0 0 0
outer loop
vertex 4.375000e-01 2.500000e-01 0.000000e+00
vertex 4.375000e-01 3.125000e-01 0.000000e+00
vertex 3.750000e-01 2.500000e-01 0.000000e+00
endloop
endfacet
facet normal 0 0 0
outer loop
vertex 5.000000e-01 2.500000e-01 0.000000e+00
vertex 5.000000e-01 3.125000e-01 0.000000e+00
vertex 4.375000e-01 2.500000e-01 0.000000e+00
endloop
endfacet
facet normal 0 0 0
outer loop
vertex 6.250000e-01 4.375000e-01 0.000000e+00
vertex 6.250000e-01 3.750000e-01 0.000000e+00
vertex 6.875000e-01 4.375000e-01 0.000000e+00
endloop
endfacet
facet normal 0 0 0
outer loop
vertex 5.625000e-01 3.750000e-01 0.000000e+00
vertex 6.250000e-01 3.750000e-01 0.000000e+00
vertex 6.250000e-01 4.375000e-01 0.000000e+00
endloop
endfacet
facet normal 0 0 0
outer loop
vertex 5.000000e-01 3.125000e-01 0.000000e+00
vertex 4.375000e-01 3.125000e-01 0.000000e+00
vertex 4.375000e-01 2.500000e-01 0.000000e+00
endloop
endfacet
facet normal 0 0 0
outer loop
vertex 6.250000e-01 4.375000e-01 0.000000e+00
vertex 6.875000e-01 4.375000e-01 0.000000e+00
vertex 6.875000e-01 5.000000e-01 0.000000e+00
endloop
endfacet
facet normal 0 0 0
outer loop
vertex 6.875000e-01 1.250000e-01 0.000000e+00
vertex 6.875000e-01 6.250000e-02 0.000000e+00
vertex 7.500000e-01 1.250000e-01 0.000000e+00
endloop
endfacet
facet normal 0 0 0
outer loop
vertex 5.000000e-01 2.500000e-01 0.000000e+00
vertex 5.625000e-01 2.500000e-01 0.000000e+00
vertex 5.625000e-01 3.125000e-01 0.000000e+00
endloop
endfacet
facet normal 0 0 0
outer loop
vertex 8.125000e-01 3.750000e-01 0.000000e+00
vertex 8.750000e-01 4.375000e-01 0.000000e+00
vertex 8.125000e-01 4.375000e-01 0.000000e+00
endloop
endfacet
facet normal 0 0 0
outer loop
vertex 6.875000e-01 3.125000e-01 0.000000e+00
vertex 7.500000e-01 3.125000e-01 0.000000e+00
vertex 7.500000e-01 3.750000e-01 0.000000e+00
endloop
endfacet
facet normal 0 0 0
outer loop
vertex 6.875000e-01 1.875000e-01 0.000000e+00
vertex 6.875000e-01 2.500000e-01 0.000000e+00
vertex 6.250000e-01 1.875000e-01 0.000000e+00
endloop
endfacet
facet normal 0 0 0
outer loop
vertex 6.875000e-01 2.500000e-01 0.000000e+00
vertex 6.250000e-01 2.500000e-01 0.000000e+00
vertex 6.250000e-01 1.875000e-01 0.000000e+00
endloop
endfacet
facet normal 0 0 0
outer loop
vertex 6.250000e-01 2.500000e-01 0.000000e+00
vertex 6.250000e-01 3.125000e-01 0.000000e+00
vertex 5.625000e-01 2.500000e-01 0.000000e+00
endloop
endfacet
facet normal 0 0 0
outer loop
vertex 5.625000e-01 1.875000e-01 0.000000e+00
vertex 6.250000e-01 2.500000e-01 0.000000e+00
vertex 5.625000e-01 2.500000e-01 0.000000e+00
endloop
endfacet
facet normal 0 0 0
outer loop
vertex 6.875000e-01 1.875000e-01 0.000000e+00
vertex 7.500000e-01 1.875000e-01 0.000000e+00
vertex 7.500000e-01 2.500000e-01 0.000000e+00
endloop
endfacet
facet normal 0 0 0
outer loop
vertex 6.875000e-01 2.500000e-01 0.000000e+00
vertex 6.875000e-01 1.875000e-01 0.000000e+00
vertex 7.500000e-01 2.500000e-01 0.000000e+00
endloop
endfacet
facet normal 0 0 0
outer loop
vertex 7.500000e-01 1.250000e-01 0.000000e+00
vertex 6.875000e-01 6.250000e-02 0.000000e+00
vertex 7.500000e-01 6.250000e-02 0.000000e+00
endloop
endfacet
facet normal 0 0 0
outer loop
vertex 6.250000e-01 1.875000e-01 0.000000e+00
vertex 5.625000e-01 1.250000e-01 0.000000e+00
vertex 6.250000e-01 1.250000e-01 0.000000e+00
endloop
endfacet
facet normal 0 0 0
outer loop
vertex 7.500000e-01 0.000000e+00 3.125000e-01
vertex 8.125000e-01 0.000000e+00 3.125000e-01
vertex 7.500000e-01 0.000000e+00 2.500000e-01
endloop
endfacet
facet normal 0 0 0
outer loop
vertex 1.000000e+00 6.250000e-02 0.000000e+00
vertex 1.000000e+00 6.250000e-02 6.250000e-02
vertex 1.000000e+00 1.250000e-01 6.250000e-02
endloop
endfacet
facet normal 0 0 0
outer loop
vertex 2.500000e-01 3.125000e-01 0.000000e+00
vertex 2.500000e-01 3.750000e-01 0.000000e+00
vertex 1.875000e-01 3.125000e-01 0.000000e+00
endloop
endfacet
facet normal 0 0 0
outer loop
vertex 1.000000e+00 2.500000e-01 6.250000e-02
vertex 1.000000e+00 2.500000e-01 0.000000e+00
vertex 1.000000e+00 1.875000e-01 0.000000e+00
endloop
endfacet
facet normal 0 0 0
outer loop
vertex 1.000000e+00 2.500000e-01 0.000000e+00
vertex 9.375000e-01 1.875000e-01 0.000000e+00
vertex 1.000000e+00 1.875000e-01 0.000000e+00
endloop
endfacet
facet normal 0 0 0
outer loop
vertex 6.250000e-01 5.625000e-01 0.000000e+00
vertex 6.250000e-01 5.000000e-01 0.000000e+00
vertex 6.875000e-01 5.625000e-01 0.000000e+00
endloop
endfacet
facet normal 0 0 0
outer loop
vertex 8.125000e-01 0.000000e+00 0.000000e+00
vertex 8.125000e-01 0.000000e+00 6.250000e-02
vertex 8.750000e-01 0.000000e+00 6.250000e-02
endloop
endfacet
facet normal 0 0 0
outer loop
vertex 3.750000e-01 0.000000e+00 3.125000e-01
vertex 3.125000e-01 0.000000e+00 3.125000e-01
vertex 3.750000e-01 0.000000e+00 3.750000e-01
endloop
endfacet
facet normal 0 0 0
outer loop
vertex 1.000000e+00 1.875000e-01 6.250000e-02
vertex 1.000000e+00 1.250000e-01 6.250000e-02
vertex 1.000000e+00 1.875000e-01 1.250000e-01
endloop
endfacet
facet normal 0 0 0
outer loop
vertex 7.500000e-01 3.125000e-01 0.000000e+00
vertex 6.875000e-01 3.125000e-01 0.000000e+00
vertex 6.875000e-01 2.500000e-01 0.000000e+00
endloop
endfacet
facet normal 0 0 0
outer loop
vertex 8.750000e-01 5.000000e-01 0.000000e+00
vertex 9.375000e-01 5.000000e-01 0.000000e+00
vertex 9.375000e-01 5.625000e-01 0.000000e+00
endloop
endfacet
facet normal 0 0 0
outer loop
vertex 8.750000e-01 5.000000e-01 0.000000e+00
vertex 9.375000e-01 5.625000e-01 0.000000e+00
vertex 8.750000e-01 5.625000e-01 0.000000e+00
endloop
endfacet
facet normal 0 0 0
outer loop
vertex 6.250000e-01 0.000000e+00 3.125000e-01
vertex 6.875000e-01 0.000000e+00 3.750000e-01
vertex 6.875000e-01 0.000000e+00 3.125000e-01
endloop
endfacet
facet normal 0 0 0
outer loop
vertex 1.000000e+00 5.625000e-01 6.250000e-02
vertex 1.000000e+00 5.000000e-01 6.250000e-02
vertex 1.000000e+00 5.625000e-01 1.250000e-01
endloop
endfacet
facet normal 0 0 0
outer loop
vertex 9.375000e-01 5.000000e-01 0.000000e+00
vertex 8.750000e-01 4.375000e-01 0.000000e+00
vertex 9.375000e-01 4.375000e-01 0.000000e+00
endloop
endfacet
facet normal 0 0 0
outer loop
vertex 8.750000e-01 1.250000e-01 0.000000e+00
vertex 9.375000e-01 1.250000e-01 0.000000e+00
vertex 9.375000e-01 1.875000e-01 0.000000e+00
endloop
endfacet
facet normal 0 0 0
outer loop
vertex 8.750000e-01 3.750000e-01 0.000000e+00
vertex 8.125000e-01 3.750000e-01 0.000000e+00
vertex 8.125000e-01 3.125000e-01 0.000000e+00
endloop
endfacet
facet normal 0 0 0
outer loop
vertex 9.375000e-01 3.750000e-01 0.000000e+00
vertex 1.000000e+00 4.375000e-01 0.000000e+00
vertex 9.375000e-01 4.375000e-01 0.000000e+00
endloop
endfacet
facet normal 0 0 0
outer loop
vertex 9.375000e-01 3.750000e-01 0.000000e+00
vertex 1.000000e+00 3.750000e-01 0.000000e+00
vertex 1.000000e+00 4.375000e-01 0.000000e+00
endloop
endfacet
facet normal 0 0 0
outer loop
vertex 1.000000e+00 3.750000e-01 0.000000e+00
vertex 1.000000e+00 4.375000e-01 6.250000e-02
vertex 1.000000e+00 4.375000e-01 0.000000e+00
endloop
endfacet
facet normal 0 0 0
outer loop
vertex 8.750000e-01 3.125000e-01 0.000000e+00
vertex 9.375000e-01 3.750000e-01 0.000000e+00
vertex 8.750000e-01 3.750000e-01 0.000000e+00
endloop
endfacet
facet normal 0 0 0
outer loop
vertex 1.000000e+00 4.375000e-01 1.250000e-01
vertex 1.000000e+00 3.750000e-01 6.250000e-02
vertex 1.000000e+00 3.750000e-01 1.250000e-01
endloop
endfacet
facet normal 0 0 0
outer loop
vertex 1.000000e+00 5.625000e-01 6.250000e-02
vertex 1.000000e+00 5.625000e-01 0.000000e+00
vertex 1.000000e+00 5.000000e-01 0.000000e+00
endloop
endfacet
facet normal 0 0 0
outer loop
vertex 1.000000e+00 5.625000e-01 0.000000e+00
vertex 9.375000e-01 5.000000e-01 0.000000e+00
vertex 1.000000e+00 5.000000e-01 0.000000e+00
endloop
endfacet
facet normal 0 0 0
outer loop
vertex 1.000000e+00 5.000000e-01 0.000000e+00
vertex 1.000000e+00 5.000000e-01 6.250000e-02
vertex 1.000000e+00 5.625000e-01 6.250000e-02
endloop
endfacet
facet normal 0 0 0
outer loop
vertex 1.000000e+00 3.125000e-01 6.250000e-02
vertex 1.000000e+00 3.125000e-01 1.250000e-01
vertex 1.000000e+00 3.750000e-01 1.250000e-01
endloop
endfacet
facet normal 0 0 0
outer loop
vertex 8.125000e-01 1.875000e-01 0.000000e+00
vertex 8.750000e-01 2.500000e-01 0.000000e+00
vertex 8.125000e-01 2.500000e-01 0.000000e+00
endloop
endfacet
facet normal 0 0 0
outer loop
vertex 1.000000e+00 3.125000e-01 1.250000e-01
vertex 1.000000e+00 2.500000e-01 1.250000e-01
vertex 1.000000e+00 3.125000e-01 1.875000e-01
endloop
endfacet
facet normal 0 0 0
outer loop
vertex 8.750000e-01 1.875000e-01 0.000000e+00
vertex 9.375000e-01 1.875000e-01 0.000000e+00
vertex 9.375000e-01 2.500000e-01 0.000000e+00
endloop
endfacet
facet normal 0 0 0
outer loop
vertex 1.000000e+00 4.375000e-01 0.000000e+00
vertex 1.000000e+00 5.000000e-01 0.000000e+00
vertex 9.375000e-01 4.375000e-01 0.000000e+00
endloop
endfacet
facet normal 0 0 0
outer loop
vertex 1.000000e+00 5.000000e-01 6.250000e-02
vertex 1.000000e+00 5.000000e-01 0.000000e+00
vertex 1.000000e+00 4.375000e-01 0.000000e+00
endloop
endfacet
facet normal 0 0 0
outer loop
vertex 8.750000e-01 3.750000e-01 0.000000e+00
vertex 8.750000e-01 4.375000e-01 0.000000e+00
vertex 8.125000e-01 3.750000e-01 0.000000e+00
endloop
endfacet
facet normal 0 0 0
outer loop
vertex 9.375000e-01 4.375000e-01 0.000000e+00
vertex 8.750000e-01 4.375000e-01 0.000000e+00
vertex 8.750000e-01 3.750000e-01 0.000000e+00
endloop
endfacet
facet normal 0 0 0
outer loop
vertex 9.375000e-01 5.000000e-01 0.000000e+00
vertex 9.375000e-01 4.375000e-01 0.000000e+00
vertex 1.000000e+00 5.000000e-01 0.000000e+00
endloop
endfacet
facet normal 0 0 0
outer loop
vertex 8.125000e-01 5.000000e-01 0.000000e+00
vertex 8.750000e-01 5.000000e-01 0.000000e+00
vertex 8.750000e-01 5.625000e-01 0.000000e+00
endloop
endfacet
facet normal 0 0 0
outer loop
vertex 8.750000e-01 5.000000e-01 0.000000e+00
vertex 8.125000e-01 5.000000e-01 0.000000e+00
vertex 8.125000e-01 4.375000e-01 0.000000e+00
endloop
endfacet
facet normal 0 0 0
outer loop
vertex 8.750000e-01 5.000000e-01 0.000000e+00
vertex 8.750000e-01 4.375000e-01 0.000000e+00
vertex 9.375000e-01 5.000000e-01 0.000000e+00
endloop
endfacet
facet normal 0 0 0
outer loop
vertex 8.750000e-01 4.375000e-01 0.000000e+00
vertex 8.750000e-01 5.000000e-01 0.000000e+00
vertex 8.125000e-01 4.375000e-01 0.000000e+00
endloop
endfacet
facet normal 0 0 0
outer loop
vertex 1.000000e+00 5.000000e-01 1.250000e-01
vertex 1.000000e+00 4.375000e-01 6.250000e-02
vertex 1.000000e+00 4.375000e-01 1.250000e-01
endloop
endfacet
facet normal 0 0 0
outer loop
vertex 1.000000e+00 5.000000e-01 6.250000e-02
vertex 1.000000e+00 4.375000e-01 6.250000e-02
vertex 1.000000e+00 5.000000e-01 1.250000e-01
endloop
endfacet
facet normal 0 0 0
outer loop
vertex 1.000000e+00 3.125000e-01 0.000000e+00
vertex 9.375000e-01 3.125000e-01 0.000000e+00
vertex 9.375000e-01 2.500000e-01 0.000000e+00
endloop
endfacet
facet normal 0 0 0
outer loop
vertex 1.000000e+00 4.375000e-01 6.250000e-02
vertex 1.000000e+00 5.000000e-01 6.250000e-02
vertex 1.000000e+00 4.375000e-01 0.000000e+00
endloop
endfacet
facet normal 0 0 0
outer loop
vertex 1.000000e+00 3.750000e-01 0.000000e+00
vertex 1.000000e+00 3.750000e-01 6.250000e-02
vertex 1.000000e+00 4.375000e-01 6.250000e-02
endloop
endfacet
facet normal 0 0 0
outer loop
vertex 8.125000e-01 2.500000e-01 0.000000e+00
vertex 8.750000e-01 3.125000e-01 0.000000e+00
vertex 8.125000e-01 3.125000e-01 0.000000e+00
endloop
endfacet
facet normal 0 0 0
outer loop
vertex 8.750000e-01 1.250000e-01 0.000000e+00
vertex 8.125000e-01 1.250000e-01 0.000000e+00
vertex 8.125000e-01 6.250000e-02 0.000000e+00
endloop
endfacet
facet normal 0 0 0
outer loop
vertex 8.750000e-01 2.500000e-01 0.000000e+00
vertex 8.750000e-01 3.125000e-01 0.000000e+00
vertex 8.125000e-01 2.500000e-01 0.000000e+00
endloop
endfacet
facet normal 0 0 0
outer loop
vertex 8.125000e-01 6.250000e-02 0.000000e+00
vertex 8.125000e-01 0.000000e+00 0.000000e+00
vertex 8.750000e-01 6.250000e-02 0.000000e+00
endloop
endfacet
facet normal 0 0 0
outer loop
vertex 1.000000e+00 1.250000e-01 0.000000e+00
vertex 1.000000e+00 1.250000e-01 6.250000e-02
vertex 1.000000e+00 1.875000e-01 6.250000e-02
endloop
endfacet
facet normal 0 0 0
outer loop
vertex 1.000000e+00 3.125000e-01 1.250000e-01
vertex 1.000000e+00 2.500000e-01 6.250000e-02
vertex 1.000000e+00 2.500000e-01 1.250000e-01
endloop
endfacet
facet normal 0 0 0
outer loop
vertex 1.000000e+00 3.750000e-01 0.000000e+00
vertex 1.000000e+00 3.125000e-01 0.000000e+00
vertex 1.000000e+00 3.750000e-01 6.250000e-02
endloop
endfacet
facet normal 0 0 0
outer loop
vertex 9.375000e-01 3.125000e-01 0.000000e+00
vertex 1.000000e+00 3.125000e-01 0.000000e+00
vertex 1.000000e+00 3.750000e-01 0.000000e+00
endloop
endfacet
facet normal 0 0 0
outer loop
vertex 1.000000e+00 3.125000e-01 6.250000e-02
vertex 1.000000e+00 3.125000e-01 0.000000e+00
vertex 1.000000e+00 2.500000e-01 0.000000e+00
endloop
endfacet
facet normal 0 0 0
outer loop
vertex 1.000000e+00 3.125000e-01 0.000000e+00
vertex 9.375000e-01 2.500000e-01 0.000000e+00
vertex 1.000000e+00 2.500000e-01 0.000000e+00
endloop
endfacet
facet normal 0 0 0
outer loop
vertex 1.000000e+00 2.500000e-01 6.250000e-02
vertex 1.000000e+00 3.125000e-01 6.250000e-02
vertex 1.000000e+00 2.500000e-01 0.000000e+00
endloop
endfacet
facet normal 0 0 0
outer loop
vertex 8.750000e-01 1.875000e-01 0.000000e+00
vertex 8.750000e-01 1.250000e-01 0.000000e+00
vertex 9.375000e-01 1.875000e-01 0.000000e+00
endloop
endfacet
facet normal 0 0 0
outer loop
vertex 8.125000e-01 0.000000e+00 5.000000e-01
vertex 8.750000e-01 0.000000e+00 5.625000e-01
vertex 8.750000e-01 0.000000e+00 5.000000e-01
endloop
endfacet
facet normal 0 0 0
outer loop
vertex 1.000000e+00 1.875000e-01 0.000000e+00
vertex 1.000000e+00 1.875000e-01 6.250000e-02
vertex 1.000000e+00 2.500000e-01 6.250000e-02
endloop
endfacet
facet normal 0 0 0
outer loop
vertex 9.375000e-01 1.250000e-01 0.000000e+00
vertex 8.750000e-01 1.250000e-01 0.000000e+00
vertex 8.750000e-01 6.250000e-02 0.000000e+00
endloop
endfacet
facet normal 0 0 0
outer loop
vertex 9.375000e-01 2.500000e-01 0.000000e+00
vertex 9.375000e-01 1.875000e-01 0.000000e+00
vertex 1.000000e+00 2.500000e-01 0.000000e+00
endloop
endfacet
facet normal 0 0 0
outer loop
vertex 8.750000e-01 3.125000e-01 0.000000e+00
vertex 9.375000e-01 3.125000e-01 0.000000e+00
vertex 9.375000e-01 3.750000e-01 0.000000e+00
endloop
endfacet
facet normal 0 0 0
outer loop
vertex 8.750000e-01 1.875000e-01 0.000000e+00
vertex 8.750000e-01 2.500000e-01 0.000000e+00
vertex 8.125000e-01 1.875000e-01 0.000000e+00
endloop
endfacet
facet normal 0 0 0
outer loop
vertex 8.125000e-01 1.250000e-01 0.000000e+00
vertex 7.500000e-01 1.250000e-01 0.000000e+00
vertex 7.500000e-01 6.250000e-02 0.000000e+00
endloop
endfacet
facet normal 0 0 0
outer loop
vertex 8.125000e-01 1.250000e-01 0.000000e+00
vertex 8.750000e-01 1.250000e-01 0.000000e+00
vertex 8.750000e-01 1.875000e-01 0.000000e+00
endloop
endfacet
facet normal 0 0 0
outer loop
vertex 9.375000e-01 0.000000e+00 1.250000e-01
vertex 8.750000e-01 0.000000e+00 1.250000e-01
vertex 9.375000e-01 0.000000e+00 1.875000e-01
endloop
endfacet
facet normal 0 0 0
outer loop
vertex 7.500000e-01 1.875000e-01 0.000000e+00
vertex 7.500000e-01 1.250000e-01 0.000000e+00
vertex 8.125000e-01 1.875000e-01 0.000000e+00
endloop
endfacet
facet normal 0 0 0
outer loop
vertex 9.375000e-01 0.000000e+00 6.250000e-02
vertex 9.375000e-01 0.000000e+00 1.250000e-01
vertex 1.000000e+00 0.000000e+00 1.250000e-01
endloop
endfacet
facet normal 0 0 0
outer loop
vertex 1.000000e+00 6.250000e-02 1.250000e-01
vertex 1.000000e+00 0.000000e+00 6.250000e-02
vertex 1.000000e+00 0.000000e+00 1.250000e-01
endloop
endfacet
facet normal 0 0 0
outer loop
vertex 1.000000e+00 0.000000e+00 6.250000e-02
vertex 9.375000e-01 0.000000e+00 6.250000e-02
vertex 1.000000e+00 0.000000e+00 1.250000e-01
endloop
endfacet
facet normal 0 0 0
outer loop
vertex 9.375000e-01 1.875000e-01 0.000000e+00
vertex 9.375000e-01 1.250000e-01 0.000000e+00
vertex 1.000000e+00 1.875000e-01 0.000000e+00
endloop
endfacet
facet normal 0 0 0
outer loop
vertex 1.000000e+00 6.250000e-02 6.250000e-02
vertex 1.000000e+00 1.250000e-01 1.250000e-01
vertex 1.000000e+00 1.250000e-01 6.250000e-02
endloop
endfacet
facet normal 0 0 0
outer loop
vertex 8.750000e-01 6.250000e-02 0.000000e+00
vertex 9.375000e-01 6.250000e-02 0.000000e+00
vertex 9.375000e-01 1.250000e-01 0.000000e+00
endloop
endfacet
facet normal 0 0 0
outer loop
vertex 1.000000e+00 1.250000e-01 6.250000e-02
vertex 1.000000e+00 1.250000e-01 1.250000e-01
vertex 1.000000e+00 1.875000e-01 1.250000e-01
endloop
endfacet
facet normal 0 0 0
outer loop
vertex 5.000000e-01 0.000000e+00 0.000000e+00
vertex 4.375000e-01 0.000000e+00 0.000000e+00
vertex 5.000000e-01 0.000000e+00 6.250000e-02
endloop
endfacet
facet normal 0 0 0
outer loop
vertex 5.000000e-01 6.250000e-02 0.000000e+00
vertex 4.375000e-01 0.000000e+00 0.000000e+00
vertex 5.000000e-01 0.000000e+00 0.000000e+00
endloop
endfacet
facet normal 0 0 0
outer loop
vertex 8.125000e-01 6.250000e-02 0.000000e+00
vertex 8.125000e-01 1.250000e-01 0.000000e+00
vertex 7.500000e-01 6.250000e-02 0.000000e+00
endloop
endfacet
facet normal 0 0 0
outer loop
vertex 1.000000e+00 6.250000e-02 0.000000e+00
vertex 9.375000e-01 6.250000e-02 0.000000e+00
vertex 9.375000e-01 0.000000e+00 0.000000e+00
endloop
endfacet
facet normal 0 0 0
outer loop
vertex 8.125000e-01 0.000000e+00 1.875000e-01
vertex 8.750000e-01 0.000000e+00 1.875000e-01
vertex 8.125000e-01 0.000000e+00 1.250000e-01
endloop
endfacet
facet normal 0 0 0
outer loop
vertex 1.000000e+00 1.875000e-01 2.500000e-01
vertex 1.000000e+00 1.250000e-01 2.500000e-01
vertex 1.000000e+00 1.875000e-01 3.125000e-01
endloop
endfacet
facet normal 0 0 0
outer loop
vertex 8.750000e-01 6.250000e-02 0.000000e+00
vertex 8.750000e-01 0.000000e+00 0.000000e+00
vertex 9.375000e-01 6.250000e-02 0.000000e+00
endloop
endfacet
facet normal 0 0 0
outer loop
vertex 9.375000e-01 0.000000e+00 6.250000e-02
vertex 8.750000e-01 0.000000e+00 0.000000e+00
vertex 8.750000e-01 0.000000e+00 6.250000e-02
endloop
endfacet
facet normal 0 0 0
outer loop
vertex 8.750000e-01 0.000000e+00 6.250000e-02
vertex 8.125000e-01 0.000000e+00 6.250000e-02
vertex 8.750000e-01 0.000000e+00 1.250000e-01
endloop
endfacet
facet normal 0 0 0
outer loop
vertex 1.000000e+00 6.250000e-02 6.250000e-02
vertex 1.000000e+00 0.000000e+00 0.000000e+00
vertex 1.000000e+00 0.000000e+00 6.250000e-02
endloop
endfacet
facet normal 0 0 0
outer loop
vertex 1.000000e+00 0.000000e+00 6.250000e-02
vertex 1.000000e+00 0.000000e+00 0.000000e+00
vertex 9.375000e-01 0.000000e+00 0.000000e+00
endloop
endfacet
facet normal 0 0 0
outer loop
vertex 9.375000e-01 0.000000e+00 0.000000e+00
vertex 1.000000e+00 0.000000e+00 0.000000e+00
vertex 1.000000e+00 6.250000e-02 0.000000e+00
endloop
endfacet
facet normal 0 0 0
outer loop
vertex 1.000000e+00 0.000000e+00 0.000000e+00
vertex 1.000000e+00 6.250000e-02 6.250000e-02
vertex 1.000000e+00 6.250000e-02 0.000000e+00
endloop
endfacet
facet normal 0 0 0
outer loop
vertex 8.750000e-01 0.000000e+00 2.500000e-01
vertex 9.375000e-01 0.000000e+00 2.500000e-01
vertex 8.750000e-01 0.000000e+00 1.875000e-01
endloop
endfacet
facet normal 0 0 0
outer loop
vertex 6.875000e-01 0.000000e+00 2.500000e-01
vertex 7.500000e-01 0.000000e+00 2.500000e-01
vertex 6.875000e-01 0.000000e+00 1.875000e-01
endloop
endfacet
facet normal 0 0 0
outer loop
vertex 9.375000e-01 0.000000e+00 0.000000e+00
vertex 9.375000e-01 0.000000e+00 6.250000e-02
vertex 1.000000e+00 0.000000e+00 6.250000e-02
endloop
endfacet
facet normal 0 0 0
outer loop
vertex 8.125000e-01 1.875000e-01 0.000000e+00
vertex 7.500000e-01 1.250000e-01 0.000000e+00
vertex 8.125000e-01 1.250000e-01 0.000000e+00
endloop
endfacet
facet normal 0 0 0
outer loop
vertex 1.875000e-01 1.250000e-01 0.000000e+00
vertex 1.875000e-01 1.875000e-01 0.000000e+00
vertex 1.250000e-01 1.250000e-01 0.000000e+00
endloop
endfacet
facet normal 0 0 0
outer loop
vertex 5.625000e-01 0.000000e+00 6.250000e-02
vertex 6.250000e-01 0.000000e+00 6.250000e-02
vertex 5.625000e-01 0.000000e+00 0.000000e+00
endloop
endfacet
facet normal 0 0 0
outer loop
vertex 5.000000e-01 0.000000e+00 1.250000e-01
vertex 5.000000e-01 0.000000e+00 6.250000e-02
vertex 4.375000e-01 0.000000e+00 6.250000e-02
endloop
endfacet
facet normal 0 0 0
outer loop
vertex 8.750000e-01 0.000000e+00 0.000000e+00
vertex 8.125000e-01 0.000000e+00 0.000000e+00
vertex 8.750000e-01 0.000000e+00 6.250000e-02
endloop
endfacet
facet normal 0 0 0
outer loop
vertex 8.125000e-01 0.000000e+00 0.000000e+00
vertex 8.750000e-01 0.000000e+00 0.000000e+00
vertex 8.750000e-01 6.250000e-02 0.000000e+00
endloop
endfacet
facet normal 0 0 0
outer loop
vertex 5.625000e-01 6.250000e-02 1.000000e+00
vertex 6.250000e-01 1.250000e-01 1.000000e+00
vertex 6.250000e-01 6.250000e-02 1.000000e+00
endloop
endfacet
facet normal 0 0 0
outer loop
vertex 8.750000e-01 0.000000e+00 3.750000e-01
vertex 8.125000e-01 0.000000e+00 3.125000e-01
vertex 8.125000e-01 0.000000e+00 3.750000e-01
endloop
endfacet
facet normal 0 0 0
outer loop
vertex 8.750000e-01 0.000000e+00 2.500000e-01
vertex 8.750000e-01 0.000000e+00 1.875000e-01
vertex 8.125000e-01 0.000000e+00 1.875000e-01
endloop
endfacet
facet normal 0 0 0
outer loop
vertex 8.125000e-01 0.000000e+00 3.750000e-01
vertex 7.500000e-01 0.000000e+00 3.750000e-01
vertex 8.125000e-01 0.000000e+00 4.375000e-01
endloop
endfacet
facet normal 0 0 0
outer loop
vertex 5.000000e-01 0.000000e+00 2.500000e-01
vertex 4.375000e-01 0.000000e+00 2.500000e-01
vertex 5.000000e-01 0.000000e+00 3.125000e-01
endloop
endfacet
facet normal 0 0 0
outer loop
vertex 8.125000e-01 0.000000e+00 0.000000e+00
vertex 7.500000e-01 0.000000e+00 0.000000e+00
vertex 8.125000e-01 0.000000e+00 6.250000e-02
endloop
endfacet
facet normal 0 0 0
outer loop
vertex 7.500000e-01 0.000000e+00 0.000000e+00
vertex 8.125000e-01 0.000000e+00 0.000000e+00
vertex 8.125000e-01 6.250000e-02 0.000000e+00
endloop
endfacet
facet normal 0 0 0
outer loop
vertex 5.625000e-01 0.000000e+00 1.875000e-01
vertex 6.250000e-01 0.000000e+00 2.500000e-01
vertex 6.250000e-01 0.000000e+00 1.875000e-01
endloop
endfacet
facet normal 0 0 0
outer loop
vertex 6.875000e-01 1.250000e-01 0.000000e+00
vertex 6.250000e-01 6.250000e-02 0.000000e+00
vertex 6.875000e-01 6.250000e-02 0.000000e+00
endloop
endfacet
facet normal 0 0 0
outer loop
vertex 5.625000e-01 3.125000e-01 0.000000e+00
vertex 5.000000e-01 3.125000e-01 0.000000e+00
vertex 5.000000e-01 2.500000e-01 0.000000e+00
endloop
endfacet
facet normal 0 0 0
outer loop
vertex 3.125000e-01 1.875000e-01 0.000000e+00
vertex 2.500000e-01 1.250000e-01 0.000000e+00
vertex 3.125000e-01 1.250000e-01 0.000000e+00
endloop
endfacet
facet normal 0 0 0
outer loop
vertex 5.000000e-01 1.250000e-01 0.000000e+00
vertex 5.625000e-01 1.250000e-01 0.000000e+00
vertex 5.625000e-01 1.875000e-01 0.000000e+00
endloop
endfacet
facet normal 0 0 0
outer loop
vertex 6.250000e-01 1.250000e-01 0.000000e+00
vertex 5.625000e-01 6.250000e-02 0.000000e+00
vertex 6.250000e-01 6.250000e-02 0.000000e+00
endloop
endfacet
facet normal 0 0 0
outer loop
vertex 0.000000e+00 3.750000e-01 6.250000e-02
vertex 0.000000e+00 4.375000e-01 6.250000e-02
vertex 0.000000e+00 4.375000e-01 1.250000e-01
endloop
endfacet
facet normal 0 0 0
outer loop
vertex 4.375000e-01 0.000000e+00 1.250000e-01
vertex 4.375000e-01 0.000000e+00 1.875000e-01
vertex 5.000000e-01 0.000000e+00 1.875000e-01
endloop
endfacet
facet normal 0 0 0
outer loop
vertex 1.875000e-01 0.000000e+00 0.000000e+00
vertex 1.875000e-01 0.000000e+00 6.250000e-02
vertex 2.500000e-01 0.000000e+00 6.250000e-02
endloop
endfacet
facet normal 0 0 0
outer loop
vertex 7.500000e-01 0.000000e+00 3.125000e-01
vertex 6.875000e-01 0.000000e+00 2.500000e-01
vertex 6.875000e-01 0.000000e+00 3.125000e-01
endloop
endfacet
facet normal 0 0 0
outer loop
vertex 5.625000e-01 0.000000e+00 1.250000e-01
vertex 6.250000e-01 0.000000e+00 1.250000e-01
vertex 5.625000e-01 0.000000e+00 6.250000e-02
endloop
endfacet
facet normal 0 0 0
outer loop
vertex 6.250000e-01 0.000000e+00 1.875000e-01
vertex 6.875000e-01 0.000000e+00 1.875000e-01
vertex 6.250000e-01 0.000000e+00 1.250000e-01
endloop
endfacet
facet normal 0 0 0
outer loop
vertex 3.750000e-01 0.000000e+00 3.125000e-01
vertex 4.375000e-01 0.000000e+00 3.750000e-01
vertex 4.375000e-01 0.000000e+00 3.125000e-01
endloop
endfacet
facet normal 0 0 0
outer loop
vertex 6.250000e-01 6.250000e-02 0.000000e+00
vertex 5.625000e-01 6.250000e-02 0.000000e+00
vertex 5.625000e-01 0.000000e+00 0.000000e+00
endloop
endfacet
facet normal 0 0 0
outer loop
vertex 6.250000e-01 0.000000e+00 1.250000e-01
vertex 6.875000e-01 0.000000e+00 1.875000e-01
vertex 6.875000e-01 0.000000e+00 1.250000e-01
endloop
endfacet
facet normal 0 0 0
outer loop
vertex 6.875000e-01 1.875000e-01 0.000000e+00
vertex 6.875000e-01 1.250000e-01 0.000000e+00
vertex 7.500000e-01 1.875000e-01 0.000000e+00
endloop
endfacet
facet normal 0 0 0
outer loop
vertex 4.375000e-01 6.250000e-02 0.000000e+00
vertex 3.750000e-01 6.250000e-02 0.000000e+00
vertex 3.750000e-01 0.000000e+00 0.000000e+00
endloop
endfacet
facet normal 0 0 0
outer loop
vertex 7.500000e-01 0.000000e+00 0.000000e+00
vertex 7.500000e-01 0.000000e+00 6.250000e-02
vertex 8.125000e-01 0.000000e+00 6.250000e-02
endloop
endfacet
facet normal 0 0 0
outer loop
vertex 6.875000e-01 0.000000e+00 0.000000e+00
vertex 7.500000e-01 6.250000e-02 0.000000e+00
vertex 6.875000e-01 6.250000e-02 0.000000e+00
endloop
endfacet
facet normal 0 0 0
outer loop
vertex 7.500000e-01 1.875000e-01 0.000000e+00
vertex 6.875000e-01 1.250000e-01 0.000000e+00
vertex 7.500000e-01 1.250000e-01 0.000000e+00
endloop
endfacet
facet normal 0 0 0
outer loop
vertex 7.500000e-01 0.000000e+00 3.750000e-01
vertex 7.500000e-01 0.000000e+00 4.375000e-01
vertex 8.125000e-01 0.000000e+00 4.375000e-01
endloop
endfacet
facet normal 0 0 0
outer loop
vertex 5.625000e-01 0.000000e+00 2.500000e-01
vertex 6.250000e-01 0.000000e+00 2.500000e-01
vertex 5.625000e-01 0.000000e+00 1.875000e-01
endloop
endfacet
facet normal 0 0 0
outer loop
vertex 7.500000e-01 0.000000e+00 1.250000e-01
vertex 8.125000e-01 0.000000e+00 1.875000e-01
vertex 8.125000e-01 0.000000e+00 1.250000e-01
endloop
endfacet
facet normal 0 0 0
outer loop
vertex 1.000000e+00 3.125000e-01 5.000000e-01
vertex 1.000000e+00 3.750000e-01 5.625000e-01
vertex 1.000000e+00 3.750000e-01 5.000000e-01
endloop
endfacet
facet normal 0 0 0
outer loop
vertex 6.875000e-01 1.875000e-01 0.000000e+00
vertex 6.250000e-01 1.875000e-01 0.000000e+00
vertex 6.250000e-01 1.250000e-01 0.000000e+00
endloop
endfacet
facet normal 0 0 0
outer loop
vertex 6.250000e-01 0.000000e+00 1.875000e-01
vertex 6.250000e-01 0.000000e+00 1.250000e-01
vertex 5.625000e-01 0.000000e+00 1.250000e-01
endloop
endfacet
facet normal 0 0 0
outer loop
vertex 5.625000e-01 1.250000e-01 0.000000e+00
vertex 5.625000e-01 6.250000e-02 0.000000e+00
vertex 6.250000e-01 1.250000e-01 0.000000e+00
endloop
endfacet
facet normal 0 0 0
outer loop
vertex 6.250000e-01 0.000000e+00 1.250000e-01
vertex 6.875000e-01 0.000000e+00 1.250000e-01
vertex 6.250000e-01 0.000000e+00 6.250000e-02
endloop
endfacet
facet normal 0 0 0
outer loop
vertex 4.375000e-01 0.000000e+00 1.875000e-01
vertex 5.000000e-01 0.000000e+00 2.500000e-01
vertex 5.000000e-01 0.000000e+00 1.875000e-01
endloop
endfacet
facet normal 0 0 0
outer loop
vertex 5.000000e-01 0.000000e+00 2.500000e-01
vertex 4.375000e-01 0.000000e+00 1.875000e-01
vertex 4.375000e-01 0.000000e+00 2.500000e-01
endloop
endfacet
facet normal 0 0 0
outer loop
vertex 3.750000e-01 0.000000e+00 2.500000e-01
vertex 3.750000e-01 0.000000e+00 3.125000e-01
vertex 4.375000e-01 0.000000e+00 3.125000e-01
endloop
endfacet
facet normal 0 0 0
outer loop
vertex 6.250000e-01 0.000000e+00 3.125000e-01
vertex 6.250000e-01 0.000000e+00 2.500000e-01
vertex 5.625000e-01 0.000000e+00 2.500000e-01
endloop
endfacet
facet normal 0 0 0
outer loop
vertex 4.375000e-01 0.000000e+00 6.250000e-02
vertex 4.375000e-01 0.000000e+00 0.000000e+00
vertex 3.750000e-01 0.000000e+00 0.000000e+00
endloop
endfacet
facet normal 0 0 0
outer loop
vertex 4.375000e-01 0.000000e+00 0.000000e+00
vertex 4.375000e-01 6.250000e-02 0.000000e+00
vertex 3.750000e-01 0.000000e+00 0.000000e+00
endloop
endfacet
facet normal 0 0 0
outer loop
vertex 5.000000e-01 6.250000e-02 0.000000e+00
vertex 4.375000e-01 6.250000e-02 0.000000e+00
vertex 4.375000e-01 0.000000e+00 0.000000e+00
endloop
endfacet
facet normal 0 0 0
outer loop
vertex 7.500000e-01 0.000000e+00 6.250000e-02
vertex 8.125000e-01 0.000000e+00 1.250000e-01
vertex 8.125000e-01 0.000000e+00 6.250000e-02
endloop
endfacet
facet normal 0 0 0
outer loop
vertex 8.125000e-01 6.250000e-02 0.000000e+00
vertex 7.500000e-01 6.250000e-02 0.000000e+00
vertex 7.500000e-01 0.000000e+00 0.000000e+00
endloop
endfacet
facet normal 0 0 0
outer loop
vertex 6.875000e-01 6.250000e-02 0.000000e+00
vertex 6.250000e-01 6.250000e-02 0.000000e+00
vertex 6.250000e-01 0.000000e+00 0.000000e+00
endloop
endfacet
facet normal 0 0 0
outer loop
vertex 7.500000e-01 0.000000e+00 6.250000e-02
vertex 6.875000e-01 0.000000e+00 6.250000e-02
vertex 7.500000e-01 0.000000e+00 1.250000e-01
endloop
endfacet
facet normal 0 0 0
outer loop
vertex 6.875000e-01 0.000000e+00 0.000000e+00
vertex 7.500000e-01 0.000000e+00 0.000000e+00
vertex 7.500000e-01 6.250000e-02 0.000000e+00
endloop
endfacet
facet normal 0 0 0
outer loop
vertex 7.500000e-01 0.000000e+00 6.250000e-02
vertex 7.500000e-01 0.000000e+00 0.000000e+00
vertex 6.875000e-01 0.000000e+00 0.000000e+00
endloop
endfacet
facet normal 0 0 0
outer loop
vertex 7.500000e-01 0.000000e+00 1.250000e-01
vertex 6.875000e-01 0.000000e+00 6.250000e-02
vertex 6.875000e-01 0.000000e+00 1.250000e-01
endloop
endfacet
facet normal 0 0 0
outer loop
vertex 6.875000e-01 0.000000e+00 2.500000e-01
vertex 7.500000e-01 0.000000e+00 3.125000e-01
vertex 7.500000e-01 0.000000e+00 2.500000e-01
endloop
endfacet
facet normal 0 0 0
outer loop
vertex 6.250000e-01 0.000000e+00 0.000000e+00
vertex 6.875000e-01 0.000000e+00 0.000000e+00
vertex 6.875000e-01 6.250000e-02 0.000000e+00
endloop
endfacet
facet normal 0 0 0
outer loop
vertex 6.875000e-01 0.000000e+00 6.250000e-02
vertex 6.875000e-01 0.000000e+00 0.000000e+00
vertex 6.250000e-01 0.000000e+00 0.000000e+00
endloop
endfacet
facet normal 0 0 0
outer loop
vertex 6.250000e-01 0.000000e+00 6.250000e-02
vertex 6.875000e-01 0.000000e+00 6.250000e-02
vertex 6.250000e-01 0.000000e+00 0.000000e+00
endloop
endfacet
facet normal 0 0 0
outer loop
vertex 6.875000e-01 0.000000e+00 1.875000e-01
vertex 7.500000e-01 0.000000e+00 1.875000e-01
vertex 6.875000e-01 0.000000e+00 1.250000e-01
endloop
endfacet
facet normal 0 0 0
outer loop
vertex 6.875000e-01 0.000000e+00 1.875000e-01
vertex 7.500000e-01 0.000000e+00 2.500000e-01
vertex 7.500000e-01 0.000000e+00 1.875000e-01
endloop
endfacet
facet normal 0 0 0
outer loop
vertex 1.000000e+00 6.250000e-02 3.750000e-01
vertex 1.000000e+00 0.000000e+00 3.125000e-01
vertex 1.000000e+00 0.000000e+00 3.750000e-01
endloop
endfacet
facet normal 0 0 0
outer loop
vertex 1.000000e+00 0.000000e+00 3.125000e-01
vertex 9.375000e-01 0.000000e+00 3.125000e-01
vertex 1.000000e+00 0.000000e+00 3.750000e-01
endloop
endfacet
facet normal 0 0 0
outer loop
vertex 6.875000e-01 0.000000e+00 1.250000e-01
vertex 7.500000e-01 0.000000e+00 1.875000e-01
vertex 7.500000e-01 0.000000e+00 1.250000e-01
endloop
endfacet
facet normal 0 0 0
outer loop
vertex 6.250000e-01 0.000000e+00 2.500000e-01
vertex 6.875000e-01 0.000000e+00 2.500000e-01
vertex 6.250000e-01 0.000000e+00 1.875000e-01
endloop
endfacet
facet normal 0 0 0
outer loop
vertex 7.500000e-01 0.000000e+00 1.875000e-01
vertex 8.125000e-01 0.000000e+00 1.875000e-01
vertex 7.500000e-01 0.000000e+00 1.250000e-01
endloop
endfacet
facet normal 0 0 0
outer loop
vertex 8.125000e-01 0.000000e+00 1.875000e-01
vertex 7.500000e-01 0.000000e+00 1.875000e-01
vertex 8.125000e-01 0.000000e+00 2.500000e-01
endloop
endfacet
facet normal 0 0 0
outer loop
vertex 8.750000e-01 0.000000e+00 3.750000e-01
vertex 8.125000e-01 0.000000e+00 3.750000e-01
vertex 8.750000e-01 0.000000e+00 4.375000e-01
endloop
endfacet
facet normal 0 0 0
outer loop
vertex 8.125000e-01 0.000000e+00 2.500000e-01
vertex 8.750000e-01 0.000000e+00 3.125000e-01
vertex 8.750000e-01 0.000000e+00 2.500000e-01
endloop
endfacet
facet normal 0 0 0
outer loop
vertex 6.875000e-01 0.000000e+00 5.625000e-01
vertex 7.500000e-01 0.000000e+00 5.625000e-01
vertex 6.875000e-01 0.000000e+00 5.000000e-01
endloop
endfacet
facet normal 0 0 0
outer loop
vertex 6.875000e-01 0.000000e+00 2.500000e-01
vertex 6.250000e-01 0.000000e+00 2.500000e-01
vertex 6.875000e-01 0.000000e+00 3.125000e-01
endloop
endfacet
facet normal 0 0 0
outer loop
vertex 6.875000e-01 0.000000e+00 4.375000e-01
vertex 7.500000e-01 0.000000e+00 4.375000e-01
vertex 6.875000e-01 0.000000e+00 3.750000e-01
endloop
endfacet
facet normal 0 0 0
outer loop
vertex 6.875000e-01 0.000000e+00 2.500000e-01
vertex 6.875000e-01 0.000000e+00 1.875000e-01
vertex 6.250000e-01 0.000000e+00 1.875000e-01
endloop
endfacet
facet normal 0 0 0
outer loop
vertex 5.000000e-01 0.000000e+00 3.750000e-01
vertex 5.000000e-01 0.000000e+00 4.375000e-01
vertex 5.625000e-01 0.000000e+00 4.375000e-01
endloop
endfacet
facet normal 0 0 0
outer loop
vertex 9.375000e-01 0.000000e+00 7.500000e-01
vertex 1.000000e+00 0.000000e+00 7.500000e-01
vertex 9.375000e-01 0.000000e+00 6.875000e-01
endloop
endfacet
facet normal 0 0 0
outer loop
vertex 6.250000e-01 0.000000e+00 3.750000e-01
vertex 6.875000e-01 0.000000e+00 3.750000e-01
vertex 6.250000e-01 0.000000e+00 3.125000e-01
endloop
endfacet
facet normal 0 0 0
outer loop
vertex 5.625000e-01 0.000000e+00 3.125000e-01
vertex 6.250000e-01 0.000000e+00 3.125000e-01
vertex 5.625000e-01 0.000000e+00 2.500000e-01
endloop
endfacet
facet normal 0 0 0
outer loop
vertex 5.625000e-01 0.000000e+00 3.125000e-01
vertex 6.250000e-01 0.000000e+00 3.750000e-01
vertex 6.250000e-01 0.000000e+00 3.125000e-01
endloop
endfacet
facet normal 0 0 0
outer loop
vertex 6.250000e-01 0.000000e+00 2.500000e-01
vertex 6.250000e-01 0.000000e+00 3.125000e-01
vertex 6.875000e-01 0.000000e+00 3.125000e-01
endloop
endfacet
facet normal 0 0 0
outer loop
vertex 5.000000e-01 0.000000e+00 1.875000e-01
vertex 5.625000e-01 0.000000e+00 2.500000e-01
vertex 5.625000e-01 0.000000e+00 1.875000e-01
endloop
endfacet
facet normal 0 0 0
outer loop
vertex 1.000000e+00 1.250000e-01 1.250000e-01
vertex 1.000000e+00 1.250000e-01 1.875000e-01
vertex 1.000000e+00 1.875000e-01 1.875000e-01
endloop
endfacet
facet normal 0 0 0
outer loop
vertex 9.375000e-01 0.000000e+00 5.625000e-01
vertex 1.000000e+00 0.000000e+00 5.625000e-01
vertex 9.375000e-01 0.000000e+00 5.000000e-01
endloop
endfacet
facet normal 0 0 0
outer loop
vertex 7.500000e-01 0.000000e+00 5.625000e-01
vertex 8.125000e-01 0.000000e+00 6.250000e-01
vertex 8.125000e-01 0.000000e+00 5.625000e-01
endloop
endfacet
facet normal 0 0 0
outer loop
vertex 8.125000e-01 0.000000e+00 3.750000e-01
vertex 8.125000e-01 0.000000e+00 3.125000e-01
vertex 7.500000e-01 0.000000e+00 3.125000e-01
endloop
endfacet
facet normal 0 0 0
outer loop
vertex 6.875000e-01 0.000000e+00 4.375000e-01
vertex 6.875000e-01 0.000000e+00 3.750000e-01
vertex 6.250000e-01 0.000000e+00 3.750000e-01
endloop
endfacet
facet normal 0 0 0
outer loop
vertex 6.250000e-01 0.000000e+00 4.375000e-01
vertex 6.875000e-01 0.000000e+00 4.375000e-01
vertex 6.250000e-01 0.000000e+00 3.750000e-01
endloop
endfacet
facet normal 0 0 0
outer loop
vertex 7.500000e-01 0.000000e+00 5.625000e-01
vertex 6.875000e-01 0.000000e+00 5.625000e-01
vertex 7.500000e-01 0.000000e+00 6.250000e-01
endloop
endfacet
facet normal 0 0 0
outer loop
vertex 7.500000e-01 0.000000e+00 3.125000e-01
vertex 7.500000e-01 0.000000e+00 3.750000e-01
vertex 8.125000e-01 0.000000e+00 3.750000e-01
endloop
endfacet
facet normal 0 0 0
outer loop
vertex 5.000000e-01 0.000000e+00 3.750000e-01
vertex 5.625000e-01 0.000000e+00 3.750000e-01
vertex 5.000000e-01 0.000000e+00 3.125000e-01
endloop
endfacet
facet normal 0 0 0
outer loop
vertex 1.875000e-01 0.000000e+00 6.875000e-01
vertex 1.250000e-01 0.000000e+00 6.875000e-01
vertex 1.875000e-01 0.000000e+00 7.500000e-01
endloop
endfacet
facet normal 0 0 0
outer loop
vertex 0.000000e+00 7.500000e-01 1.250000e-01
vertex 0.000000e+00 8.125000e-01 1.875000e-01
vertex 0.000000e+00 7.500000e-01 1.875000e-01
endloop
endfacet
facet normal 0 0 0
outer loop
vertex 8.750000e-01 0.000000e+00 4.375000e-01
vertex 8.125000e-01 0.000000e+00 3.750000e-01
vertex 8.125000e-01 0.000000e+00 4.375000e-01
endloop
endfacet
facet normal 0 0 0
outer loop
vertex 1.000000e+00 0.000000e+00 1.875000e-01
vertex 9.375000e-01 0.000000e+00 1.250000e-01
vertex 9.375000e-01 0.000000e+00 1.875000e-01
endloop
endfacet
facet normal 0 0 0
outer loop
vertex 8.750000e-01 0.000000e+00 5.625000e-01
vertex 9.375000e-01 0.000000e+00 5.625000e-01
vertex 8.750000e-01 0.000000e+00 5.000000e-01
endloop
endfacet
facet normal 0 0 0
outer loop
vertex 5.000000e-01 0.000000e+00 1.000000e+00
vertex 5.000000e-01 6.250000e-02 1.000000e+00
vertex 5.625000e-01 6.250000e-02 1.000000e+00
endloop
endfacet
facet normal 0 0 0
outer loop
vertex 7.500000e-01 0.000000e+00 6.250000e-01
vertex 6.875000e-01 0.000000e+00 5.625000e-01
vertex 6.875000e-01 0.000000e+00 6.250000e-01
endloop
endfacet
facet normal 0 0 0
outer loop
vertex 8.750000e-01 0.000000e+00 3.125000e-01
vertex 8.125000e-01 0.000000e+00 2.500000e-01
vertex 8.125000e-01 0.000000e+00 3.125000e-01
endloop
endfacet
facet normal 0 0 0
outer loop
vertex 8.750000e-01 0.000000e+00 1.875000e-01
vertex 9.375000e-01 0.000000e+00 2.500000e-01
vertex 9.375000e-01 0.000000e+00 1.875000e-01
endloop
endfacet
facet normal 0 0 0
outer loop
vertex 8.750000e-01 0.000000e+00 1.250000e-01
vertex 8.750000e-01 0.000000e+00 1.875000e-01
vertex 9.375000e-01 0.000000e+00 1.875000e-01
endloop
endfacet
facet normal 0 0 0
outer loop
vertex 8.750000e-01 0.000000e+00 3.750000e-01
vertex 8.750000e-01 0.000000e+00 3.125000e-01
vertex 8.125000e-01 0.000000e+00 3.125000e-01
endloop
endfacet
facet normal 0 0 0
outer loop
vertex 8.125000e-01 0.000000e+00 2.500000e-01
vertex 8.750000e-01 0.000000e+00 2.500000e-01
vertex 8.125000e-01 0.000000e+00 1.875000e-01
endloop
endfacet
facet normal 0 0 0
outer loop
vertex 1.000000e+00 6.250000e-02 2.500000e-01
vertex 1.000000e+00 1.250000e-01 2.500000e-01
vertex 1.000000e+00 6.250000e-02 1.875000e-01
endloop
endfacet
facet normal 0 0 0
outer loop
vertex 1.000000e+00 1.875000e-01 2.500000e-01
vertex 1.000000e+00 1.250000e-01 1.875000e-01
vertex 1.000000e+00 1.250000e-01 2.500000e-01
endloop
endfacet
facet normal 0 0 0
outer loop
vertex 8.750000e-01 0.000000e+00 6.250000e-01
vertex 9.375000e-01 0.000000e+00 6.250000e-01
vertex 8.750000e-01 0.000000e+00 5.625000e-01
endloop
endfacet
facet normal 0 0 0
outer loop
vertex 1.000000e+00 6.250000e-02 6.875000e-01
vertex 1.000000e+00 0.000000e+00 6.875000e-01
vertex 1.000000e+00 6.250000e-02 7.500000e-01
endloop
endfacet
facet normal 0 0 0
outer loop
vertex 8.750000e-01 0.000000e+00 3.125000e-01
vertex 9.375000e-01 0.000000e+00 3.750000e-01
vertex 9.375000e-01 0.000000e+00 3.125000e-01
endloop
endfacet
facet normal 0 0 0
outer loop
vertex 8.750000e-01 0.000000e+00 5.625000e-01
vertex 8.125000e-01 0.000000e+00 5.625000e-01
vertex 8.750000e-01 0.000000e+00 6.250000e-01
endloop
endfacet
facet normal 0 0 0
outer loop
vertex 8.750000e-01 0.000000e+00 6.250000e-01
vertex 8.125000e-01 0.000000e+00 6.250000e-01
vertex 8.750000e-01 0.000000e+00 6.875000e-01
endloop
endfacet
facet normal 0 0 0
outer loop
vertex 9.375000e-01 0.000000e+00 4.375000e-01
vertex 1.000000e+00 0.000000e+00 5.000000e-01
vertex 1.000000e+00 0.000000e+00 4.375000e-01
endloop
endfacet
facet normal 0 0 0
outer loop
vertex 1.000000e+00 0.000000e+00 4.375000e-01
vertex 1.000000e+00 0.000000e+00 5.000000e-01
vertex 1.000000e+00 6.250000e-02 5.000000e-01
endloop
endfacet
facet normal 0 0 0
outer loop
vertex 6.875000e-01 0.000000e+00 5.625000e-01
vertex 6.250000e-01 0.000000e+00 5.625000e-01
vertex 6.875000e-01 0.000000e+00 6.250000e-01
endloop
endfacet
facet normal 0 0 0
outer loop
vertex 9.375000e-01 0.000000e+00 3.125000e-01
vertex 9.375000e-01 0.000000e+00 2.500000e-01
vertex 8.750000e-01 0.000000e+00 2.500000e-01
endloop
endfacet
facet normal 0 0 0
outer loop
vertex 9.375000e-01 0.000000e+00 5.625000e-01
vertex 9.375000e-01 0.000000e+00 5.000000e-01
vertex 8.750000e-01 0.000000e+00 5.000000e-01
endloop
endfacet
facet normal 0 0 0
outer loop
vertex 1.000000e+00 6.250000e-02 4.375000e-01
vertex 1.000000e+00 0.000000e+00 4.375000e-01
vertex 1.000000e+00 6.250000e-02 5.000000e-01
endloop
endfacet
facet normal 0 0 0
outer loop
vertex 9.375000e-01 0.000000e+00 5.625000e-01
vertex 1.000000e+00 0.000000e+00 6.250000e-01
vertex 1.000000e+00 0.000000e+00 5.625000e-01
endloop
endfacet
facet normal 0 0 0
outer loop
vertex 1.000000e+00 0.000000e+00 5.625000e-01
vertex 1.000000e+00 0.000000e+00 6.250000e-01
vertex 1.000000e+00 6.250000e-02 6.250000e-01
endloop
endfacet
facet normal 0 0 0
outer loop
vertex 8.125000e-01 0.000000e+00 7.500000e-01
vertex 8.750000e-01 0.000000e+00 8.125000e-01
vertex 8.750000e-01 0.000000e+00 7.500000e-01
endloop
endfacet
facet normal 0 0 0
outer loop
vertex 9.375000e-01 1.250000e-01 1.000000e+00
vertex 8.750000e-01 1.250000e-01 1.000000e+00
vertex 9.375000e-01 1.875000e-01 1.000000e+00
endloop
endfacet
facet normal 0 0 0
outer loop
vertex 1.000000e+00 3.750000e-01 5.000000e-01
vertex 1.000000e+00 4.375000e-01 5.000000e-01
vertex 1.000000e+00 3.750000e-01 4.375000e-01
endloop
endfacet
facet normal 0 0 0
outer loop
vertex 1.000000e+00 2.500000e-01 5.000000e-01
vertex 1.000000e+00 2.500000e-01 4.375000e-01
vertex 1.000000e+00 1.875000e-01 4.375000e-01
endloop
endfacet
facet normal 0 0 0
outer loop
vertex 1.000000e+00 1.250000e-01 4.375000e-01
vertex 1.000000e+00 1.250000e-01 3.750000e-01
vertex 1.000000e+00 6.250000e-02 3.750000e-01
endloop
endfacet
facet normal 0 0 0
outer loop
vertex 1.000000e+00 1.250000e-01 3.750000e-01
vertex 1.000000e+00 1.250000e-01 4.375000e-01
vertex 1.000000e+00 1.875000e-01 4.375000e-01
endloop
endfacet
facet normal 0 0 0
outer loop
vertex 1.000000e+00 1.875000e-01 3.125000e-01
vertex 1.000000e+00 1.250000e-01 3.125000e-01
vertex 1.000000e+00 1.875000e-01 3.750000e-01
endloop
endfacet
facet normal 0 0 0
outer loop
vertex 1.000000e+00 1.875000e-01 3.750000e-01
vertex 1.000000e+00 1.250000e-01 3.125000e-01
vertex 1.000000e+00 1.250000e-01 3.750000e-01
endloop
endfacet
facet normal 0 0 0
outer loop
vertex 1.000000e+00 1.250000e-01 1.875000e-01
vertex 1.000000e+00 6.250000e-02 1.250000e-01
vertex 1.000000e+00 6.250000e-02 1.875000e-01
endloop
endfacet
facet normal 0 0 0
outer loop
vertex 1.000000e+00 0.000000e+00 3.125000e-01
vertex 9.375000e-01 0.000000e+00 2.500000e-01
vertex 9.375000e-01 0.000000e+00 3.125000e-01
endloop
endfacet
facet normal 0 0 0
outer loop
vertex 9.375000e-01 0.000000e+00 5.000000e-01
vertex 1.000000e+00 0.000000e+00 5.000000e-01
vertex 9.375000e-01 0.000000e+00 4.375000e-01
endloop
endfacet
facet normal 0 0 0
outer loop
vertex 9.375000e-01 0.000000e+00 1.250000e-01
vertex 1.000000e+00 0.000000e+00 1.875000e-01
vertex 1.000000e+00 0.000000e+00 1.250000e-01
endloop
endfacet
facet normal 0 0 0
outer loop
vertex 1.000000e+00 0.000000e+00 1.875000e-01
vertex 1.000000e+00 6.250000e-02 1.875000e-01
vertex 1.000000e+00 0.000000e+00 1.250000e-01
endloop
endfacet
facet normal 0 0 0
outer loop
vertex 9.375000e-01 0.000000e+00 2.500000e-01
vertex 1.000000e+00 0.000000e+00 3.125000e-01
vertex 1.000000e+00 0.000000e+00 2.500000e-01
endloop
endfacet
facet normal 0 0 0
outer loop
vertex 1.000000e+00 0.000000e+00 3.125000e-01
vertex 1.000000e+00 6.250000e-02 3.125000e-01
vertex 1.000000e+00 0.000000e+00 2.500000e-01
endloop
endfacet
facet normal 0 0 0
outer loop
vertex 1.000000e+00 6.250000e-02 3.125000e-01
vertex 1.000000e+00 0.000000e+00 3.125000e-01
vertex 1.000000e+00 6.250000e-02 3.750000e-01
endloop
endfacet
facet normal 0 0 0
outer loop
vertex 9.375000e-01 0.000000e+00 6.875000e-01
vertex 1.000000e+00 0.000000e+00 7.500000e-01
vertex 1.000000e+00 0.000000e+00 6.875000e-01
endloop
endfacet
facet normal 0 0 0
outer loop
vertex 1.000000e+00 0.000000e+00 6.875000e-01
vertex 1.000000e+00 0.000000e+00 7.500000e-01
vertex 1.000000e+00 6.250000e-02 7.500000e-01
endloop
endfacet
facet normal 0 0 0
outer loop
vertex 8.125000e-01 0.000000e+00 8.750000e-01
vertex 8.750000e-01 0.000000e+00 8.750000e-01
vertex 8.125000e-01 0.000000e+00 8.125000e-01
endloop
endfacet
facet normal 0 0 0
outer loop
vertex 1.000000e+00 6.250000e-02 4.375000e-01
vertex 1.000000e+00 6.250000e-02 3.750000e-01
vertex 1.000000e+00 0.000000e+00 3.750000e-01
endloop
endfacet
facet normal 0 0 0
outer loop
vertex 9.375000e-01 0.000000e+00 3.750000e-01
vertex 1.000000e+00 0.000000e+00 4.375000e-01
vertex 1.000000e+00 0.000000e+00 3.750000e-01
endloop
endfacet
facet normal 0 0 0
outer loop
vertex 1.000000e+00 0.000000e+00 4.375000e-01
vertex 1.000000e+00 6.250000e-02 4.375000e-01
vertex 1.000000e+00 0.000000e+00 3.750000e-01
endloop
endfacet
facet normal 0 0 0
outer loop
vertex 1.000000e+00 6.250000e-02 4.375000e-01
vertex 1.000000e+00 1.250000e-01 4.375000e-01
vertex 1.000000e+00 6.250000e-02 3.750000e-01
endloop
endfacet
facet normal 0 0 0
outer loop
vertex 8.125000e-01 0.000000e+00 7.500000e-01
vertex 8.125000e-01 0.000000e+00 6.875000e-01
vertex 7.500000e-01 0.000000e+00 6.875000e-01
endloop
endfacet
facet normal 0 0 0
outer loop
vertex 9.375000e-01 0.000000e+00 6.875000e-01
vertex 9.375000e-01 0.000000e+00 6.250000e-01
vertex 8.750000e-01 0.000000e+00 6.250000e-01
endloop
endfacet
facet normal 0 0 0
outer loop
vertex 4.375000e-01 2.500000e-01 1.000000e+00
vertex 4.375000e-01 3.125000e-01 1.000000e+00
vertex 5.000000e-01 3.125000e-01 1.000000e+00
endloop
endfacet
facet normal 0 0 0
outer loop
vertex 8.750000e-01 0.000000e+00 7.500000e-01
vertex 8.125000e-01 0.000000e+00 6.875000e-01
vertex 8.125000e-01 0.000000e+00 7.500000e-01
endloop
endfacet
facet normal 0 0 0
outer loop
vertex 1.000000e+00 6.250000e-02 6.875000e-01
vertex 1.000000e+00 1.250000e-01 6.875000e-01
vertex 1.000000e+00 6.250000e-02 6.250000e-01
endloop
endfacet
facet normal 0 0 0
outer loop
vertex 9.375000e-01 0.000000e+00 5.000000e-01
vertex 1.000000e+00 0.000000e+00 5.625000e-01
vertex 1.000000e+00 0.000000e+00 5.000000e-01
endloop
endfacet
facet normal 0 0 0
outer loop
vertex 1.000000e+00 0.000000e+00 5.625000e-01
vertex 1.000000e+00 6.250000e-02 5.625000e-01
vertex 1.000000e+00 0.000000e+00 5.000000e-01
endloop
endfacet
facet normal 0 0 0
outer loop
vertex 1.000000e+00 0.000000e+00 5.000000e-01
vertex 1.000000e+00 6.250000e-02 5.625000e-01
vertex 1.000000e+00 6.250000e-02 5.000000e-01
endloop
endfacet
facet normal 0 0 0
outer loop
vertex 1.000000e+00 1.875000e-01 5.000000e-01
vertex 1.000000e+00 2.500000e-01 5.000000e-01
vertex 1.000000e+00 1.875000e-01 4.375000e-01
endloop
endfacet
facet normal 0 0 0
outer loop
vertex 1.000000e+00 1.250000e-01 5.625000e-01
vertex 1.000000e+00 6.250000e-02 5.625000e-01
vertex 1.000000e+00 1.250000e-01 6.250000e-01
endloop
endfacet
facet normal 0 0 0
outer loop
vertex 8.125000e-01 0.000000e+00 5.000000e-01
vertex 8.750000e-01 0.000000e+00 5.000000e-01
vertex 8.125000e-01 0.000000e+00 4.375000e-01
endloop
endfacet
facet normal 0 0 0
outer loop
vertex 8.125000e-01 0.000000e+00 4.375000e-01
vertex 8.750000e-01 0.000000e+00 5.000000e-01
vertex 8.750000e-01 0.000000e+00 4.375000e-01
endloop
endfacet
facet normal 0 0 0
outer loop
vertex 1.000000e+00 6.250000e-02 5.000000e-01
vertex 1.000000e+00 1.250000e-01 5.625000e-01
vertex 1.000000e+00 1.250000e-01 5.000000e-01
endloop
endfacet
facet normal 0 0 0
outer loop
vertex 1.000000e+00 6.250000e-02 5.625000e-01
vertex 1.000000e+00 1.250000e-01 5.625000e-01
vertex 1.000000e+00 6.250000e-02 5.000000e-01
endloop
endfacet
facet normal 0 0 0
outer loop
vertex 1.000000e+00 1.250000e-01 5.000000e-01
vertex 1.000000e+00 6.250000e-02 4.375000e-01
vertex 1.000000e+00 6.250000e-02 5.000000e-01
endloop
endfacet
facet normal 0 0 0
outer loop
vertex 1.000000e+00 1.250000e-01 5.000000e-01
vertex 1.000000e+00 1.250000e-01 4.375000e-01
vertex 1.000000e+00 6.250000e-02 4.375000e-01
endloop
endfacet
facet normal 0 0 0
outer loop
vertex 8.750000e-01 0.000000e+00 4.375000e-01
vertex 9.375000e-01 0.000000e+00 5.000000e-01
vertex 9.375000e-01 0.000000e+00 4.375000e-01
endloop
endfacet
facet normal 0 0 0
outer loop
vertex 8.750000e-01 0.000000e+00 5.000000e-01
vertex 9.375000e-01 0.000000e+00 5.000000e-01
vertex 8.750000e-01 0.000000e+00 4.375000e-01
endloop
endfacet
facet normal 0 0 0
outer loop
vertex 1.000000e+00 1.250000e-01 4.375000e-01
vertex 1.000000e+00 1.250000e-01 5.000000e-01
vertex 1.000000e+00 1.875000e-01 5.000000e-01
endloop
endfacet
facet normal 0 0 0
outer loop
vertex 1.000000e+00 1.875000e-01 5.000000e-01
vertex 1.000000e+00 1.875000e-01 4.375000e-01
vertex 1.000000e+00 1.250000e-01 4.375000e-01
endloop
endfacet
facet normal 0 0 0
outer loop
vertex 8.125000e-01 0.000000e+00 5.625000e-01
vertex 8.125000e-01 0.000000e+00 6.250000e-01
vertex 8.750000e-01 0.000000e+00 6.250000e-01
endloop
endfacet
facet normal 0 0 0
outer loop
vertex 8.750000e-01 2.500000e-01 1.000000e+00
vertex 8.750000e-01 3.125000e-01 1.000000e+00
vertex 9.375000e-01 3.125000e-01 1.000000e+00
endloop
endfacet
facet normal 0 0 0
outer loop
vertex 1.000000e+00 3.750000e-01 5.000000e-01
vertex 1.000000e+00 3.750000e-01 4.375000e-01
vertex 1.000000e+00 3.125000e-01 4.375000e-01
endloop
endfacet
facet normal 0 0 0
outer loop
vertex 1.000000e+00 3.750000e-01 5.000000e-01
vertex 1.000000e+00 3.125000e-01 4.375000e-01
vertex 1.000000e+00 3.125000e-01 5.000000e-01
endloop
endfacet
facet normal 0 0 0
outer loop
vertex 8.750000e-01 1.875000e-01 1.000000e+00
vertex 8.750000e-01 1.250000e-01 1.000000e+00
vertex 8.125000e-01 1.250000e-01 1.000000e+00
endloop
endfacet
facet normal 0 0 0
outer loop
vertex 1.000000e+00 6.250000e-02 6.250000e-01
vertex 1.000000e+00 1.250000e-01 6.875000e-01
vertex 1.000000e+00 1.250000e-01 6.250000e-01
endloop
endfacet
facet normal 0 0 0
outer loop
vertex 1.000000e+00 1.875000e-01 6.875000e-01
vertex 1.000000e+00 1.875000e-01 6.250000e-01
vertex 1.000000e+00 1.250000e-01 6.250000e-01
endloop
endfacet
facet normal 0 0 0
outer loop
vertex 8.125000e-01 6.250000e-02 1.000000e+00
vertex 8.125000e-01 1.250000e-01 1.000000e+00
vertex 8.750000e-01 1.250000e-01 1.000000e+00
endloop
endfacet
facet normal 0 0 0
outer loop
vertex 1.000000e+00 1.250000e-01 8.125000e-01
vertex 1.000000e+00 1.250000e-01 8.750000e-01
vertex 1.000000e+00 1.875000e-01 8.750000e-01
endloop
endfacet
facet normal 0 0 0
outer loop
vertex 1.000000e+00 1.875000e-01 6.250000e-01
vertex 1.000000e+00 1.250000e-01 5.625000e-01
vertex 1.000000e+00 1.250000e-01 6.250000e-01
endloop
endfacet
facet normal 0 0 0
outer loop
vertex 5.625000e-01 0.000000e+00 7.500000e-01
vertex 5.000000e-01 0.000000e+00 6.875000e-01
vertex 5.000000e-01 0.000000e+00 7.500000e-01
endloop
endfacet
facet normal 0 0 0
outer loop
vertex 1.000000e+00 5.000000e-01 7.500000e-01
vertex 1.000000e+00 5.000000e-01 8.125000e-01
vertex 1.000000e+00 5.625000e-01 8.125000e-01
endloop
endfacet
facet normal 0 0 0
outer loop
vertex 1.000000e+00 5.000000e-01 5.625000e-01
vertex 1.000000e+00 5.000000e-01 6.250000e-01
vertex 1.000000e+00 5.625000e-01 6.250000e-01
endloop
endfacet
facet normal 0 0 0
outer loop
vertex 1.000000e+00 5.000000e-01 6.250000e-01
vertex 1.000000e+00 5.625000e-01 6.875000e-01
vertex 1.000000e+00 5.625000e-01 6.250000e-01
endloop
endfacet
facet normal 0 0 0
outer loop
vertex 1.000000e+00 1.875000e-01 1.000000e+00
vertex 1.000000e+00 1.875000e-01 9.375000e-01
vertex 1.000000e+00 1.250000e-01 9.375000e-01
endloop
endfacet
facet normal 0 0 0
outer loop
vertex 7.500000e-01 0.000000e+00 6.875000e-01
vertex 8.125000e-01 0.000000e+00 6.875000e-01
vertex 7.500000e-01 0.000000e+00 6.250000e-01
endloop
endfacet
facet normal 0 0 0
outer loop
vertex 8.750000e-01 0.000000e+00 9.375000e-01
vertex 8.750000e-01 0.000000e+00 8.750000e-01
vertex 8.125000e-01 0.000000e+00 8.750000e-01
endloop
endfacet
facet normal 0 0 0
outer loop
vertex 9.375000e-01 0.000000e+00 7.500000e-01
vertex 9.375000e-01 0.000000e+00 8.125000e-01
vertex 1.000000e+00 0.000000e+00 8.125000e-01
endloop
endfacet
facet normal 0 0 0
outer loop
vertex 1.000000e+00 0.000000e+00 8.125000e-01
vertex 1.000000e+00 0.000000e+00 8.750000e-01
vertex 1.000000e+00 6.250000e-02 8.750000e-01
endloop
endfacet
facet normal 0 0 0
outer loop
vertex 9.375000e-01 0.000000e+00 8.125000e-01
vertex 1.000000e+00 0.000000e+00 8.750000e-01
vertex 1.000000e+00 0.000000e+00 8.125000e-01
endloop
endfacet
facet normal 0 0 0
outer loop
vertex 9.375000e-01 0.000000e+00 9.375000e-01
vertex 1.000000e+00 0.000000e+00 9.375000e-01
vertex 9.375000e-01 0.000000e+00 8.750000e-01
endloop
endfacet
facet normal 0 0 0
outer loop
vertex 1.000000e+00 0.000000e+00 7.500000e-01
vertex 1.000000e+00 6.250000e-02 8.125000e-01
vertex 1.000000e+00 6.250000e-02 7.500000e-01
endloop
endfacet
facet normal 0 0 0
outer loop
vertex 9.375000e-01 0.000000e+00 8.125000e-01
vertex 9.375000e-01 0.000000e+00 8.750000e-01
vertex 1.000000e+00 0.000000e+00 8.750000e-01
endloop
endfacet
facet normal 0 0 0
outer loop
vertex 1.000000e+00 0.000000e+00 9.375000e-01
vertex 1.000000e+00 0.000000e+00 1.000000e+00
vertex 1.000000e+00 6.250000e-02 1.000000e+00
endloop
endfacet
facet normal 0 0 0
outer loop
vertex 1.000000e+00 0.000000e+00 1.000000e+00
vertex 1.000000e+00 0.000000e+00 9.375000e-01
vertex 9.375000e-01 0.000000e+00 9.375000e-01
endloop
endfacet
facet normal 0 0 0
outer loop
vertex 8.125000e-01 0.000000e+00 8.750000e-01
vertex 7.500000e-01 0.000000e+00 8.750000e-01
vertex 8.125000e-01 0.000000e+00 9.375000e-01
endloop
endfacet
facet normal 0 0 0
outer loop
vertex 1.000000e+00 0.000000e+00 8.125000e-01
vertex 1.000000e+00 0.000000e+00 7.500000e-01
vertex 9.375000e-01 0.000000e+00 7.500000e-01
endloop
endfacet
facet normal 0 0 0
outer loop
vertex 1.000000e+00 6.250000e-02 8.125000e-01
vertex 1.000000e+00 0.000000e+00 7.500000e-01
vertex 1.000000e+00 0.000000e+00 8.125000e-01
endloop
endfacet
facet normal 0 0 0
outer loop
vertex 1.000000e+00 3.125000e-01 6.875000e-01
vertex 1.000000e+00 2.500000e-01 6.875000e-01
vertex 1.000000e+00 3.125000e-01 7.500000e-01
endloop
endfacet
facet normal 0 0 0
outer loop
vertex 9.375000e-01 5.625000e-01 1.000000e+00
vertex 8.750000e-01 5.000000e-01 1.000000e+00
vertex 8.750000e-01 5.625000e-01 1.000000e+00
endloop
endfacet
facet normal 0 0 0
outer loop
vertex 1.000000e+00 1.250000e-01 1.000000e+00
vertex 1.000000e+00 1.875000e-01 1.000000e+00
vertex 1.000000e+00 1.250000e-01 9.375000e-01
endloop
endfacet
facet normal 0 0 0
outer loop
vertex 1.000000e+00 1.875000e-01 1.000000e+00
vertex 1.000000e+00 1.250000e-01 1.000000e+00
vertex 9.375000e-01 1.250000e-01 1.000000e+00
endloop
endfacet
facet normal 0 0 0
outer loop
vertex 1.000000e+00 2.500000e-01 1.000000e+00
vertex 1.000000e+00 3.125000e-01 1.000000e+00
vertex 1.000000e+00 2.500000e-01 9.375000e-01
endloop
endfacet
facet normal 0 0 0
outer loop
vertex 1.000000e+00 3.125000e-01 1.000000e+00
vertex 1.000000e+00 2.500000e-01 1.000000e+00
vertex 9.375000e-01 2.500000e-01 1.000000e+00
endloop
endfacet
facet normal 0 0 0
outer loop
vertex 9.375000e-01 1.875000e-01 1.000000e+00
vertex 1.000000e+00 1.875000e-01 1.000000e+00
vertex 9.375000e-01 1.250000e-01 1.000000e+00
endloop
endfacet
facet normal 0 0 0
outer loop
vertex 8.125000e-01 5.000000e-01 1.000000e+00
vertex 7.500000e-01 4.375000e-01 1.000000e+00
vertex 7.500000e-01 5.000000e-01 1.000000e+00
endloop
endfacet
facet normal 0 0 0
outer loop
vertex 1.000000e+00 1.875000e-01 7.500000e-01
vertex 1.000000e+00 1.875000e-01 8.125000e-01
vertex 1.000000e+00 2.500000e-01 8.125000e-01
endloop
endfacet
facet normal 0 0 0
outer loop
vertex 6.250000e-01 6.250000e-02 1.000000e+00
vertex 5.625000e-01 0.000000e+00 1.000000e+00
vertex 5.625000e-01 6.250000e-02 1.000000e+00
endloop
endfacet
facet normal 0 0 0
outer loop
vertex 8.125000e-01 1.250000e-01 1.000000e+00
vertex 7.500000e-01 1.250000e-01 1.000000e+00
vertex 8.125000e-01 1.875000e-01 1.000000e+00
endloop
endfacet
facet normal 0 0 0
outer loop
vertex 9.375000e-01 0.000000e+00 1.000000e+00
vertex 9.375000e-01 6.250000e-02 1.000000e+00
vertex 1.000000e+00 6.250000e-02 1.000000e+00
endloop
endfacet
facet normal 0 0 0
outer loop
vertex 1.000000e+00 5.000000e-01 8.750000e-01
vertex 1.000000e+00 5.000000e-01 9.375000e-01
vertex 1.000000e+00 5.625000e-01 9.375000e-01
endloop
endfacet
facet normal 0 0 0
outer loop
vertex 2.500000e-01 0.000000e+00 7.500000e-01
vertex 2.500000e-01 0.000000e+00 6.875000e-01
vertex 1.875000e-01 0.000000e+00 6.875000e-01
endloop
endfacet
facet normal 0 0 0
outer loop
vertex 8.750000e-01 0.000000e+00 1.000000e+00
vertex 9.375000e-01 0.000000e+00 1.000000e+00
vertex 8.750000e-01 0.000000e+00 9.375000e-01
endloop
endfacet
facet normal 0 0 0
outer loop
vertex 9.375000e-01 6.250000e-02 1.000000e+00
vertex 9.375000e-01 0.000000e+00 1.000000e+00
vertex 8.750000e-01 0.000000e+00 1.000000e+00
endloop
endfacet
facet normal 0 0 0
outer loop
vertex 6.250000e-01 2.500000e-01 1.000000e+00
vertex 6.875000e-01 3.125000e-01 1.000000e+00
vertex 6.875000e-01 2.500000e-01 1.000000e+00
endloop
endfacet
facet normal 0 0 0
outer loop
vertex 1.000000e+00 6.250000e-02 9.375000e-01
vertex 1.000000e+00 6.250000e-02 8.750000e-01
vertex 1.000000e+00 0.000000e+00 8.750000e-01
endloop
endfacet
facet normal 0 0 0
outer loop
vertex 7.500000e-01 0.000000e+00 8.125000e-01
vertex 6.875000e-01 0.000000e+00 8.125000e-01
vertex 7.500000e-01 0.000000e+00 8.750000e-01
endloop
endfacet
facet normal 0 0 0
outer loop
vertex 8.125000e-01 0.000000e+00 8.125000e-01
vertex 7.500000e-01 0.000000e+00 8.125000e-01
vertex 8.125000e-01 0.000000e+00 8.750000e-01
endloop
endfacet
facet normal 0 0 0
outer loop
vertex 1.000000e+00 6.250000e-02 8.125000e-01
vertex 1.000000e+00 6.250000e-02 8.750000e-01
vertex 1.000000e+00 1.250000e-01 8.750000e-01
endloop
endfacet
facet normal 0 0 0
outer loop
vertex 5.625000e-01 1.250000e-01 1.000000e+00
vertex 5.000000e-01 1.250000e-01 1.000000e+00
vertex 5.625000e-01 1.875000e-01 1.000000e+00
endloop
endfacet
facet normal 0 0 0
outer loop
vertex 7.500000e-01 6.250000e-02 1.000000e+00
vertex 8.125000e-01 1.250000e-01 1.000000e+00
vertex 8.125000e-01 6.250000e-02 1.000000e+00
endloop
endfacet
facet normal 0 0 0
outer loop
vertex 8.125000e-01 1.250000e-01 1.000000e+00
vertex 7.500000e-01 6.250000e-02 1.000000e+00
vertex 7.500000e-01 1.250000e-01 1.000000e+00
endloop
endfacet
facet normal 0 0 0
outer loop
vertex 1.000000e+00 1.250000e-01 1.000000e+00
vertex 1.000000e+00 6.250000e-02 1.000000e+00
vertex 9.375000e-01 6.250000e-02 1.000000e+00
endloop
endfacet
facet normal 0 0 0
outer loop
vertex 1.000000e+00 6.250000e-02 9.375000e-01
vertex 1.000000e+00 6.250000e-02 1.000000e+00
vertex 1.000000e+00 1.250000e-01 1.000000e+00
endloop
endfacet
facet normal 0 0 0
outer loop
vertex 1.000000e+00 1.250000e-01 8.750000e-01
vertex 1.000000e+00 6.250000e-02 8.750000e-01
vertex 1.000000e+00 1.250000e-01 9.375000e-01
endloop
endfacet
facet normal 0 0 0
outer loop
vertex 6.250000e-01 1.875000e-01 1.000000e+00
vertex 6.250000e-01 2.500000e-01 1.000000e+00
vertex 6.875000e-01 2.500000e-01 1.000000e+00
endloop
endfacet
facet normal 0 0 0
outer loop
vertex 1.000000e+00 6.250000e-02 8.750000e-01
vertex 1.000000e+00 6.250000e-02 8.125000e-01
vertex 1.000000e+00 0.000000e+00 8.125000e-01
endloop
endfacet
facet normal 0 0 0
outer loop
vertex 7.500000e-01 0.000000e+00 8.750000e-01
vertex 6.875000e-01 0.000000e+00 8.125000e-01
vertex 6.875000e-01 0.000000e+00 8.750000e-01
endloop
endfacet
facet normal 0 0 0
outer loop
vertex 9.375000e-01 1.250000e-01 1.000000e+00
vertex 1.000000e+00 1.250000e-01 1.000000e+00
vertex 9.375000e-01 6.250000e-02 1.000000e+00
endloop
endfacet
facet normal 0 0 0
outer loop
vertex 1.000000e+00 1.250000e-01 9.375000e-01
vertex 1.000000e+00 6.250000e-02 9.375000e-01
vertex 1.000000e+00 1.250000e-01 1.000000e+00
endloop
endfacet
facet normal 0 0 0
outer loop
vertex 1.000000e+00 3.125000e-01 1.000000e+00
vertex 9.375000e-01 2.500000e-01 1.000000e+00
vertex 9.375000e-01 3.125000e-01 1.000000e+00
endloop
endfacet
facet normal 0 0 0
outer loop
vertex 1.000000e+00 5.625000e-01 5.625000e-01
vertex 1.000000e+00 5.000000e-01 5.625000e-01
vertex 1.000000e+00 5.625000e-01 6.250000e-01
endloop
endfacet
facet normal 0 0 0
outer loop
vertex 8.750000e-01 4.375000e-01 1.000000e+00
vertex 8.125000e-01 4.375000e-01 1.000000e+00
vertex 8.750000e-01 5.000000e-01 1.000000e+00
endloop
endfacet
facet normal 0 0 0
outer loop
vertex 1.000000e+00 2.500000e-01 1.000000e+00
vertex 9.375000e-01 1.875000e-01 1.000000e+00
vertex 9.375000e-01 2.500000e-01 1.000000e+00
endloop
endfacet
facet normal 0 0 0
outer loop
vertex 3.125000e-01 3.750000e-01 1.000000e+00
vertex 3.750000e-01 4.375000e-01 1.000000e+00
vertex 3.750000e-01 3.750000e-01 1.000000e+00
endloop
endfacet
facet normal 0 0 0
outer loop
vertex 1.000000e+00 1.875000e-01 6.250000e-01
vertex 1.000000e+00 1.875000e-01 5.625000e-01
vertex 1.000000e+00 1.250000e-01 5.625000e-01
endloop
endfacet
facet normal 0 0 0
outer loop
vertex 7.500000e-01 2.500000e-01 1.000000e+00
vertex 6.875000e-01 1.875000e-01 1.000000e+00
vertex 6.875000e-01 2.500000e-01 1.000000e+00
endloop
endfacet
facet normal 0 0 0
outer loop
vertex 1.000000e+00 2.500000e-01 6.875000e-01
vertex 1.000000e+00 3.125000e-01 6.875000e-01
vertex 1.000000e+00 2.500000e-01 6.250000e-01
endloop
endfacet
facet normal 0 0 0
outer loop
vertex 1.000000e+00 5.625000e-01 8.750000e-01
vertex 1.000000e+00 5.000000e-01 8.750000e-01
vertex 1.000000e+00 5.625000e-01 9.375000e-01
endloop
endfacet
facet normal 0 0 0
outer loop
vertex 1.000000e+00 2.500000e-01 9.375000e-01
vertex 1.000000e+00 3.125000e-01 1.000000e+00
vertex 1.000000e+00 3.125000e-01 9.375000e-01
endloop
endfacet
facet normal 0 0 0
outer loop
vertex 1.000000e+00 1.875000e-01 9.375000e-01
vertex 1.000000e+00 1.875000e-01 1.000000e+00
vertex 1.000000e+00 2.500000e-01 1.000000e+00
endloop
endfacet
facet normal 0 0 0
outer loop
vertex 1.000000e+00 2.500000e-01 1.000000e+00
vertex 1.000000e+00 1.875000e-01 1.000000e+00
vertex 9.375000e-01 1.875000e-01 1.000000e+00
endloop
endfacet
facet normal 0 0 0
outer loop
vertex 6.875000e-01 3.125000e-01 1.000000e+00
vertex 6.250000e-01 3.125000e-01 1.000000e+00
vertex 6.875000e-01 3.750000e-01 1.000000e+00
endloop
endfacet
facet normal 0 0 0
outer loop
vertex 1.000000e+00 2.500000e-01 1.000000e+00
vertex 1.000000e+00 2.500000e-01 9.375000e-01
vertex 1.000000e+00 1.875000e-01 9.375000e-01
endloop
endfacet
facet normal 0 0 0
outer loop
vertex 8.125000e-01 0.000000e+00 9.375000e-01
vertex 8.750000e-01 0.000000e+00 9.375000e-01
vertex 8.125000e-01 0.000000e+00 8.750000e-01
endloop
endfacet
facet normal 0 0 0
outer loop
vertex 1.000000e+00 3.125000e-01 8.750000e-01
vertex 1.000000e+00 3.750000e-01 8.750000e-01
vertex 1.000000e+00 3.125000e-01 8.125000e-01
endloop
endfacet
facet normal 0 0 0
outer loop
vertex 9.375000e-01 5.000000e-01 1.000000e+00
vertex 8.750000e-01 5.000000e-01 1.000000e+00
vertex 9.375000e-01 5.625000e-01 1.000000e+00
endloop
endfacet
facet normal 0 0 0
outer loop
vertex 1.000000e+00 5.625000e-01 1.000000e+00
vertex 9.375000e-01 5.000000e-01 1.000000e+00
vertex 9.375000e-01 5.625000e-01 1.000000e+00
endloop
endfacet
facet normal 0 0 0
outer loop
vertex 1.000000e+00 5.000000e-01 5.000000e-01
vertex 1.000000e+00 5.000000e-01 5.625000e-01
vertex 1.000000e+00 5.625000e-01 5.625000e-01
endloop
endfacet
facet normal 0 0 0
outer loop
vertex 1.000000e+00 4.375000e-01 9.375000e-01
vertex 1.000000e+00 5.000000e-01 9.375000e-01
vertex 1.000000e+00 4.375000e-01 8.750000e-01
endloop
endfacet
facet normal 0 0 0
outer loop
vertex 8.750000e-01 1.875000e-01 1.000000e+00
vertex 8.750000e-01 2.500000e-01 1.000000e+00
vertex 9.375000e-01 2.500000e-01 1.000000e+00
endloop
endfacet
facet normal 0 0 0
outer loop
vertex 7.500000e-01 1.250000e-01 1.000000e+00
vertex 6.875000e-01 1.250000e-01 1.000000e+00
vertex 7.500000e-01 1.875000e-01 1.000000e+00
endloop
endfacet
facet normal 0 0 0
outer loop
vertex 1.000000e+00 4.375000e-01 1.000000e+00
vertex 9.375000e-01 3.750000e-01 1.000000e+00
vertex 9.375000e-01 4.375000e-01 1.000000e+00
endloop
endfacet
facet normal 0 0 0
outer loop
vertex 1.000000e+00 1.250000e-01 5.000000e-01
vertex 1.000000e+00 1.875000e-01 5.625000e-01
vertex 1.000000e+00 1.875000e-01 5.000000e-01
endloop
endfacet
facet normal 0 0 0
outer loop
vertex 1.000000e+00 5.000000e-01 1.000000e+00
vertex 9.375000e-01 5.000000e-01 1.000000e+00
vertex 1.000000e+00 5.625000e-01 1.000000e+00
endloop
endfacet
facet normal 0 0 0
outer loop
vertex 1.000000e+00 5.625000e-01 1.000000e+00
vertex 1.000000e+00 5.000000e-01 9.375000e-01
vertex 1.000000e+00 5.000000e-01 1.000000e+00
endloop
endfacet
facet normal 0 0 0
outer loop
vertex 8.125000e-01 3.125000e-01 1.000000e+00
vertex 8.750000e-01 3.750000e-01 1.000000e+00
vertex 8.750000e-01 3.125000e-01 1.000000e+00
endloop
endfacet
facet normal 0 0 0
outer loop
vertex 1.000000e+00 5.625000e-01 9.375000e-01
vertex 1.000000e+00 5.000000e-01 9.375000e-01
vertex 1.000000e+00 5.625000e-01 1.000000e+00
endloop
endfacet
facet normal 0 0 0
outer loop
vertex 1.000000e+00 4.375000e-01 1.000000e+00
vertex 1.000000e+00 3.750000e-01 1.000000e+00
vertex 9.375000e-01 3.750000e-01 1.000000e+00
endloop
endfacet
facet normal 0 0 0
outer loop
vertex 1.000000e+00 3.750000e-01 9.375000e-01
vertex 1.000000e+00 3.750000e-01 1.000000e+00
vertex 1.000000e+00 4.375000e-01 1.000000e+00
endloop
endfacet
facet normal 0 0 0
outer loop
vertex 8.750000e-01 4.375000e-01 1.000000e+00
vertex 9.375000e-01 5.000000e-01 1.000000e+00
vertex 9.375000e-01 4.375000e-01 1.000000e+00
endloop
endfacet
facet normal 0 0 0
outer loop
vertex 9.375000e-01 5.000000e-01 1.000000e+00
vertex 8.750000e-01 4.375000e-01 1.000000e+00
vertex 8.750000e-01 5.000000e-01 1.000000e+00
endloop
endfacet
facet normal 0 0 0
outer loop
vertex 5.625000e-01 3.750000e-01 1.000000e+00
vertex 6.250000e-01 4.375000e-01 1.000000e+00
vertex 6.250000e-01 3.750000e-01 1.000000e+00
endloop
endfacet
facet normal 0 0 0
outer loop
vertex 6.250000e-01 0.000000e+00 8.125000e-01
vertex 5.625000e-01 0.000000e+00 7.500000e-01
vertex 5.625000e-01 0.000000e+00 8.125000e-01
endloop
endfacet
facet normal 0 0 0
outer loop
vertex 1.000000e+00 5.625000e-01 6.875000e-01
vertex 1.000000e+00 5.000000e-01 6.875000e-01
vertex 1.000000e+00 5.625000e-01 7.500000e-01
endloop
endfacet
facet normal 0 0 0
outer loop
vertex 6.250000e-01 3.750000e-01 1.000000e+00
vertex 6.875000e-01 4.375000e-01 1.000000e+00
vertex 6.875000e-01 3.750000e-01 1.000000e+00
endloop
endfacet
facet normal 0 0 0
outer loop
vertex 1.000000e+00 5.625000e-01 8.750000e-01
vertex 1.000000e+00 5.000000e-01 8.125000e-01
vertex 1.000000e+00 5.000000e-01 8.750000e-01
endloop
endfacet
facet normal 0 0 0
outer loop
vertex 1.000000e+00 4.375000e-01 8.125000e-01
vertex 1.000000e+00 3.750000e-01 8.125000e-01
vertex 1.000000e+00 4.375000e-01 8.750000e-01
endloop
endfacet
facet normal 0 0 0
outer loop
vertex 5.625000e-01 0.000000e+00 9.375000e-01
vertex 5.000000e-01 0.000000e+00 9.375000e-01
vertex 5.625000e-01 0.000000e+00 1.000000e+00
endloop
endfacet
facet normal 0 0 0
outer loop
vertex 9.375000e-01 2.500000e-01 1.000000e+00
vertex 8.750000e-01 2.500000e-01 1.000000e+00
vertex 9.375000e-01 3.125000e-01 1.000000e+00
endloop
endfacet
facet normal 0 0 0
outer loop
vertex 1.000000e+00 4.375000e-01 1.000000e+00
vertex 1.000000e+00 4.375000e-01 9.375000e-01
vertex 1.000000e+00 3.750000e-01 9.375000e-01
endloop
endfacet
facet normal 0 0 0
outer loop
vertex 5.625000e-01 1.875000e-01 1.000000e+00
vertex 5.625000e-01 2.500000e-01 1.000000e+00
vertex 6.250000e-01 2.500000e-01 1.000000e+00
endloop
endfacet
facet normal 0 0 0
outer loop
vertex 1.000000e+00 4.375000e-01 5.625000e-01
vertex 1.000000e+00 3.750000e-01 5.000000e-01
vertex 1.000000e+00 3.750000e-01 5.625000e-01
endloop
endfacet
facet normal 0 0 0
outer loop
vertex 1.000000e+00 3.125000e-01 7.500000e-01
vertex 1.000000e+00 3.750000e-01 7.500000e-01
vertex 1.000000e+00 3.125000e-01 6.875000e-01
endloop
endfacet
facet normal 0 0 0
outer loop
vertex 1.000000e+00 3.750000e-01 1.000000e+00
vertex 1.000000e+00 3.750000e-01 9.375000e-01
vertex 1.000000e+00 3.125000e-01 9.375000e-01
endloop
endfacet
facet normal 0 0 0
outer loop
vertex 1.000000e+00 3.750000e-01 1.000000e+00
vertex 9.375000e-01 3.125000e-01 1.000000e+00
vertex 9.375000e-01 3.750000e-01 1.000000e+00
endloop
endfacet
facet normal 0 0 0
outer loop
vertex 1.000000e+00 5.000000e-01 1.000000e+00
vertex 1.000000e+00 5.000000e-01 9.375000e-01
vertex 1.000000e+00 4.375000e-01 9.375000e-01
endloop
endfacet
facet normal 0 0 0
outer loop
vertex 1.000000e+00 5.000000e-01 6.250000e-01
vertex 1.000000e+00 4.375000e-01 6.250000e-01
vertex 1.000000e+00 5.000000e-01 6.875000e-01
endloop
endfacet
facet normal 0 0 0
outer loop
vertex 1.000000e+00 4.375000e-01 1.000000e+00
vertex 9.375000e-01 4.375000e-01 1.000000e+00
vertex 1.000000e+00 5.000000e-01 1.000000e+00
endloop
endfacet
facet normal 0 0 0
outer loop
vertex 1.000000e+00 5.000000e-01 1.000000e+00
vertex 1.000000e+00 4.375000e-01 9.375000e-01
vertex 1.000000e+00 4.375000e-01 1.000000e+00
endloop
endfacet
facet normal 0 0 0
outer loop
vertex 1.000000e+00 4.375000e-01 6.250000e-01
vertex 1.000000e+00 4.375000e-01 6.875000e-01
vertex 1.000000e+00 5.000000e-01 6.875000e-01
endloop
endfacet
facet normal 0 0 0
outer loop
vertex 2.500000e-01 0.000000e+00 1.875000e-01
vertex 1.875000e-01 0.000000e+00 1.250000e-01
vertex 1.875000e-01 0.000000e+00 1.875000e-01
endloop
endfacet
facet normal 0 0 0
outer loop
vertex 1.000000e+00 3.125000e-01 6.250000e-01
vertex 1.000000e+00 3.750000e-01 6.250000e-01
vertex 1.000000e+00 3.125000e-01 5.625000e-01
endloop
endfacet
facet normal 0 0 0
outer loop
vertex 1.000000e+00 2.500000e-01 5.000000e-01
vertex 1.000000e+00 1.875000e-01 5.000000e-01
vertex 1.000000e+00 2.500000e-01 5.625000e-01
endloop
endfacet
facet normal 0 0 0
outer loop
vertex 1.000000e+00 1.250000e-01 9.375000e-01
vertex 1.000000e+00 1.875000e-01 9.375000e-01
vertex 1.000000e+00 1.250000e-01 8.750000e-01
endloop
endfacet
facet normal 0 0 0
outer loop
vertex 1.000000e+00 1.250000e-01 6.875000e-01
vertex 1.000000e+00 1.875000e-01 6.875000e-01
vertex 1.000000e+00 1.250000e-01 6.250000e-01
endloop
endfacet
facet normal 0 0 0
outer loop
vertex 1.000000e+00 1.875000e-01 8.750000e-01
vertex 1.000000e+00 1.875000e-01 8.125000e-01
vertex 1.000000e+00 1.250000e-01 8.125000e-01
endloop
endfacet
facet normal 0 0 0
outer loop
vertex 1.000000e+00 4.375000e-01 5.625000e-01
vertex 1.000000e+00 5.000000e-01 5.625000e-01
vertex 1.000000e+00 4.375000e-01 5.000000e-01
endloop
endfacet
facet normal 0 0 0
outer loop
vertex 1.000000e+00 2.500000e-01 5.000000e-01
vertex 1.000000e+00 3.125000e-01 5.625000e-01
vertex 1.000000e+00 3.125000e-01 5.000000e-01
endloop
endfacet
facet normal 0 0 0
outer loop
vertex 1.000000e+00 5.000000e-01 7.500000e-01
vertex 1.000000e+00 5.625000e-01 8.125000e-01
vertex 1.000000e+00 5.625000e-01 7.500000e-01
endloop
endfacet
facet normal 0 0 0
outer loop
vertex 6.250000e-01 4.375000e-01 1.000000e+00
vertex 6.875000e-01 4.375000e-01 1.000000e+00
vertex 6.250000e-01 3.750000e-01 1.000000e+00
endloop
endfacet
facet normal 0 0 0
outer loop
vertex 1.000000e+00 3.125000e-01 7.500000e-01
vertex 1.000000e+00 3.750000e-01 8.125000e-01
vertex 1.000000e+00 3.750000e-01 7.500000e-01
endloop
endfacet
facet normal 0 0 0
outer loop
vertex 1.000000e+00 3.750000e-01 7.500000e-01
vertex 1.000000e+00 4.375000e-01 8.125000e-01
vertex 1.000000e+00 4.375000e-01 7.500000e-01
endloop
endfacet
facet normal 0 0 0
outer loop
vertex 1.000000e+00 3.125000e-01 8.125000e-01
vertex 1.000000e+00 3.750000e-01 8.125000e-01
vertex 1.000000e+00 3.125000e-01 7.500000e-01
endloop
endfacet
facet normal 0 0 0
outer loop
vertex 1.000000e+00 1.250000e-01 7.500000e-01
vertex 1.000000e+00 1.875000e-01 8.125000e-01
vertex 1.000000e+00 1.875000e-01 7.500000e-01
endloop
endfacet
facet normal 0 0 0
outer loop
vertex 1.000000e+00 1.875000e-01 6.875000e-01
vertex 1.000000e+00 1.875000e-01 7.500000e-01
vertex 1.000000e+00 2.500000e-01 7.500000e-01
endloop
endfacet
facet normal 0 0 0
outer loop
vertex 1.000000e+00 2.500000e-01 6.875000e-01
vertex 1.000000e+00 1.875000e-01 6.875000e-01
vertex 1.000000e+00 2.500000e-01 7.500000e-01
endloop
endfacet
facet normal 0 0 0
outer loop
vertex 1.000000e+00 2.500000e-01 7.500000e-01
vertex 1.000000e+00 3.125000e-01 7.500000e-01
vertex 1.000000e+00 2.500000e-01 6.875000e-01
endloop
endfacet
facet normal 0 0 0
outer loop
vertex 1.000000e+00 2.500000e-01 6.250000e-01
vertex 1.000000e+00 3.125000e-01 6.875000e-01
vertex 1.000000e+00 3.125000e-01 6.250000e-01
endloop
endfacet
facet normal 0 0 0
outer loop
vertex 1.000000e+00 1.250000e-01 8.125000e-01
vertex 1.000000e+00 1.875000e-01 8.125000e-01
vertex 1.000000e+00 1.250000e-01 7.500000e-01
endloop
endfacet
facet normal 0 0 0
outer loop
vertex 1.000000e+00 6.250000e-02 7.500000e-01
vertex 1.000000e+00 1.250000e-01 8.125000e-01
vertex 1.000000e+00 1.250000e-01 7.500000e-01
endloop
endfacet
facet normal 0 0 0
outer loop
vertex 1.000000e+00 2.500000e-01 7.500000e-01
vertex 1.000000e+00 1.875000e-01 7.500000e-01
vertex 1.000000e+00 2.500000e-01 8.125000e-01
endloop
endfacet
facet normal 0 0 0
outer loop
vertex 1.000000e+00 2.500000e-01 8.125000e-01
vertex 1.000000e+00 3.125000e-01 8.125000e-01
vertex 1.000000e+00 2.500000e-01 7.500000e-01
endloop
endfacet
facet normal 0 0 0
outer loop
vertex 1.000000e+00 3.125000e-01 8.125000e-01
vertex 1.000000e+00 3.125000e-01 7.500000e-01
vertex 1.000000e+00 2.500000e-01 7.500000e-01
endloop
endfacet
facet normal 0 0 0
outer loop
vertex 1.000000e+00 3.750000e-01 6.875000e-01
vertex 1.000000e+00 3.125000e-01 6.875000e-01
vertex 1.000000e+00 3.750000e-01 7.500000e-01
endloop
endfacet
facet normal 0 0 0
outer loop
vertex 1.000000e+00 3.750000e-01 6.875000e-01
vertex 1.000000e+00 3.750000e-01 7.500000e-01
vertex 1.000000e+00 4.375000e-01 7.500000e-01
endloop
endfacet
facet normal 0 0 0
outer loop
vertex 5.625000e-01 1.250000e-01 1.000000e+00
vertex 6.250000e-01 1.250000e-01 1.000000e+00
vertex 5.625000e-01 6.250000e-02 1.000000e+00
endloop
endfacet
facet normal 0 0 0
outer loop
vertex 1.000000e+00 4.375000e-01 8.125000e-01
vertex 1.000000e+00 5.000000e-01 8.125000e-01
vertex 1.000000e+00 4.375000e-01 7.500000e-01
endloop
endfacet
facet normal 0 0 0
outer loop
vertex 1.000000e+00 4.375000e-01 8.750000e-01
vertex 1.000000e+00 3.750000e-01 8.125000e-01
vertex 1.000000e+00 3.750000e-01 8.750000e-01
endloop
endfacet
facet normal 0 0 0
outer loop
vertex 1.000000e+00 5.625000e-01 8.125000e-01
vertex 1.000000e+00 5.000000e-01 8.125000e-01
vertex 1.000000e+00 5.625000e-01 8.750000e-01
endloop
endfacet
facet normal 0 0 0
outer loop
vertex 1.000000e+00 5.000000e-01 8.750000e-01
vertex 1.000000e+00 4.375000e-01 8.125000e-01
vertex 1.000000e+00 4.375000e-01 8.750000e-01
endloop
endfacet
facet normal 0 0 0
outer loop
vertex 1.000000e+00 5.000000e-01 8.125000e-01
vertex 1.000000e+00 4.375000e-01 8.125000e-01
vertex 1.000000e+00 5.000000e-01 8.750000e-01
endloop
endfacet
facet normal 0 0 0
outer loop
vertex 1.000000e+00 3.750000e-01 5.625000e-01
vertex 1.000000e+00 3.750000e-01 6.250000e-01
vertex 1.000000e+00 4.375000e-01 6.250000e-01
endloop
endfacet
facet normal 0 0 0
outer loop
vertex 6.250000e-01 4.375000e-01 1.000000e+00
vertex 5.625000e-01 3.750000e-01 1.000000e+00
vertex 5.625000e-01 4.375000e-01 1.000000e+00
endloop
endfacet
facet normal 0 0 0
outer loop
vertex 1.000000e+00 3.750000e-01 6.250000e-01
vertex 1.000000e+00 3.750000e-01 6.875000e-01
vertex 1.000000e+00 4.375000e-01 6.875000e-01
endloop
endfacet
facet normal 0 0 0
outer loop
vertex 1.000000e+00 3.750000e-01 9.375000e-01
vertex 1.000000e+00 3.750000e-01 8.750000e-01
vertex 1.000000e+00 3.125000e-01 8.750000e-01
endloop
endfacet
facet normal 0 0 0
outer loop
vertex 1.000000e+00 3.125000e-01 9.375000e-01
vertex 1.000000e+00 3.750000e-01 9.375000e-01
vertex 1.000000e+00 3.125000e-01 8.750000e-01
endloop
endfacet
facet normal 0 0 0
outer loop
vertex 9.375000e-01 3.750000e-01 1.000000e+00
vertex 9.375000e-01 3.125000e-01 1.000000e+00
vertex 8.750000e-01 3.125000e-01 1.000000e+00
endloop
endfacet
facet normal 0 0 0
outer loop
vertex 9.375000e-01 3.750000e-01 1.000000e+00
vertex 8.750000e-01 3.125000e-01 1.000000e+00
vertex 8.750000e-01 3.750000e-01 1.000000e+00
endloop
endfacet
facet normal 0 0 0
outer loop
vertex 1.000000e+00 4.375000e-01 9.375000e-01
vertex 1.000000e+00 3.750000e-01 8.750000e-01
vertex 1.000000e+00 3.750000e-01 9.375000e-01
endloop
endfacet
facet normal 0 0 0
outer loop
vertex 1.000000e+00 4.375000e-01 9.375000e-01
vertex 1.000000e+00 4.375000e-01 8.750000e-01
vertex 1.000000e+00 3.750000e-01 8.750000e-01
endloop
endfacet
facet normal 0 0 0
outer loop
vertex 8.750000e-01 3.750000e-01 1.000000e+00
vertex 8.750000e-01 4.375000e-01 1.000000e+00
vertex 9.375000e-01 4.375000e-01 1.000000e+00
endloop
endfacet
facet normal 0 0 0
outer loop
vertex 8.750000e-01 3.750000e-01 1.000000e+00
vertex 9.375000e-01 4.375000e-01 1.000000e+00
vertex 9.375000e-01 3.750000e-01 1.000000e+00
endloop
endfacet
facet normal 0 0 0
outer loop
vertex 1.000000e+00 3.125000e-01 6.875000e-01
vertex 1.000000e+00 3.750000e-01 6.875000e-01
vertex 1.000000e+00 3.125000e-01 6.250000e-01
endloop
endfacet
facet normal 0 0 0
outer loop
vertex 1.000000e+00 4.375000e-01 6.875000e-01
vertex 1.000000e+00 4.375000e-01 6.250000e-01
vertex 1.000000e+00 3.750000e-01 6.250000e-01
endloop
endfacet
facet normal 0 0 0
outer loop
vertex 1.000000e+00 2.500000e-01 8.750000e-01
vertex 1.000000e+00 3.125000e-01 8.750000e-01
vertex 1.000000e+00 2.500000e-01 8.125000e-01
endloop
endfacet
facet normal 0 0 0
outer loop
vertex 7.500000e-01 0.000000e+00 5.625000e-01
vertex 7.500000e-01 0.000000e+00 5.000000e-01
vertex 6.875000e-01 0.000000e+00 5.000000e-01
endloop
endfacet
facet normal 0 0 0
outer loop
vertex 5.625000e-01 0.000000e+00 5.000000e-01
vertex 5.625000e-01 0.000000e+00 5.625000e-01
vertex 6.250000e-01 0.000000e+00 5.625000e-01
endloop
endfacet
facet normal 0 0 0
outer loop
vertex 8.750000e-01 0.000000e+00 6.875000e-01
vertex 8.125000e-01 0.000000e+00 6.875000e-01
vertex 8.750000e-01 0.000000e+00 7.500000e-01
endloop
endfacet
facet normal 0 0 0
outer loop
vertex 7.500000e-01 0.000000e+00 6.875000e-01
vertex 6.875000e-01 0.000000e+00 6.250000e-01
vertex 6.875000e-01 0.000000e+00 6.875000e-01
endloop
endfacet
facet normal 0 0 0
outer loop
vertex 1.000000e+00 2.500000e-01 8.125000e-01
vertex 1.000000e+00 3.125000e-01 8.750000e-01
vertex 1.000000e+00 3.125000e-01 8.125000e-01
endloop
endfacet
facet normal 0 0 0
outer loop
vertex 7.500000e-01 0.000000e+00 5.000000e-01
vertex 8.125000e-01 0.000000e+00 5.000000e-01
vertex 7.500000e-01 0.000000e+00 4.375000e-01
endloop
endfacet
facet normal 0 0 0
outer loop
vertex 7.500000e-01 0.000000e+00 4.375000e-01
vertex 8.125000e-01 0.000000e+00 5.000000e-01
vertex 8.125000e-01 0.000000e+00 4.375000e-01
endloop
endfacet
facet normal 0 0 0
outer loop
vertex 7.500000e-01 0.000000e+00 4.375000e-01
vertex 6.875000e-01 0.000000e+00 4.375000e-01
vertex 7.500000e-01 0.000000e+00 5.000000e-01
endloop
endfacet
facet normal 0 0 0
outer loop
vertex 6.875000e-01 0.000000e+00 5.000000e-01
vertex 7.500000e-01 0.000000e+00 5.000000e-01
vertex 6.875000e-01 0.000000e+00 4.375000e-01
endloop
endfacet
facet normal 0 0 0
outer loop
vertex 1.000000e+00 2.500000e-01 8.750000e-01
vertex 1.000000e+00 2.500000e-01 8.125000e-01
vertex 1.000000e+00 1.875000e-01 8.125000e-01
endloop
endfacet
facet normal 0 0 0
outer loop
vertex 1.000000e+00 3.125000e-01 9.375000e-01
vertex 1.000000e+00 3.125000e-01 8.750000e-01
vertex 1.000000e+00 2.500000e-01 8.750000e-01
endloop
endfacet
facet normal 0 0 0
outer loop
vertex 8.750000e-01 2.500000e-01 1.000000e+00
vertex 8.125000e-01 2.500000e-01 1.000000e+00
vertex 8.750000e-01 3.125000e-01 1.000000e+00
endloop
endfacet
facet normal 0 0 0
outer loop
vertex 8.750000e-01 1.875000e-01 1.000000e+00
vertex 9.375000e-01 2.500000e-01 1.000000e+00
vertex 9.375000e-01 1.875000e-01 1.000000e+00
endloop
endfacet
facet normal 0 0 0
outer loop
vertex 1.000000e+00 1.875000e-01 8.750000e-01
vertex 1.000000e+00 1.875000e-01 9.375000e-01
vertex 1.000000e+00 2.500000e-01 9.375000e-01
endloop
endfacet
facet normal 0 0 0
outer loop
vertex 1.000000e+00 2.500000e-01 9.375000e-01
vertex 1.000000e+00 3.125000e-01 9.375000e-01
vertex 1.000000e+00 2.500000e-01 8.750000e-01
endloop
endfacet
facet normal 0 0 0
outer loop
vertex 1.000000e+00 2.500000e-01 8.750000e-01
vertex 1.000000e+00 1.875000e-01 8.125000e-01
vertex 1.000000e+00 1.875000e-01 8.750000e-01
endloop
endfacet
facet normal 0 0 0
outer loop
vertex 1.000000e+00 2.500000e-01 9.375000e-01
vertex 1.000000e+00 2.500000e-01 8.750000e-01
vertex 1.000000e+00 1.875000e-01 8.750000e-01
endloop
endfacet
facet normal 0 0 0
outer loop
vertex 1.000000e+00 1.250000e-01 8.750000e-01
vertex 1.000000e+00 1.875000e-01 9.375000e-01
vertex 1.000000e+00 1.875000e-01 8.750000e-01
endloop
endfacet
facet normal 0 0 0
outer loop
vertex 8.125000e-01 4.375000e-01 1.000000e+00
vertex 8.125000e-01 5.000000e-01 1.000000e+00
vertex 8.750000e-01 5.000000e-01 1.000000e+00
endloop
endfacet
facet normal 0 0 0
outer loop
vertex 8.125000e-01 2.500000e-01 1.000000e+00
vertex 8.125000e-01 3.125000e-01 1.000000e+00
vertex 8.750000e-01 3.125000e-01 1.000000e+00
endloop
endfacet
facet normal 0 0 0
outer loop
vertex 4.375000e-01 3.750000e-01 1.000000e+00
vertex 5.000000e-01 3.750000e-01 1.000000e+00
vertex 4.375000e-01 3.125000e-01 1.000000e+00
endloop
endfacet
facet normal 0 0 0
outer loop
vertex 5.625000e-01 0.000000e+00 6.875000e-01
vertex 5.000000e-01 0.000000e+00 6.875000e-01
vertex 5.625000e-01 0.000000e+00 7.500000e-01
endloop
endfacet
facet normal 0 0 0
outer loop
vertex 3.125000e-01 4.375000e-01 1.000000e+00
vertex 3.750000e-01 4.375000e-01 1.000000e+00
vertex 3.125000e-01 3.750000e-01 1.000000e+00
endloop
endfacet
facet normal 0 0 0
outer loop
vertex 0.000000e+00 6.875000e-01 3.125000e-01
vertex 0.000000e+00 6.250000e-01 3.125000e-01
vertex 0.000000e+00 6.250000e-01 2.500000e-01
endloop
endfacet
facet normal 0 0 0
outer loop
vertex 3.125000e-01 0.000000e+00 6.250000e-01
vertex 3.750000e-01 0.000000e+00 6.875000e-01
vertex 3.750000e-01 0.000000e+00 6.250000e-01
endloop
endfacet
facet normal 0 0 0
outer loop
vertex 5.000000e-01 0.000000e+00 5.625000e-01
vertex 4.375000e-01 0.000000e+00 5.625000e-01
vertex 5.000000e-01 0.000000e+00 6.250000e-01
endloop
endfacet
facet normal 0 0 0
outer loop
vertex 3.125000e-01 0.000000e+00 5.625000e-01
vertex 3.125000e-01 0.000000e+00 6.250000e-01
vertex 3.750000e-01 0.000000e+00 6.250000e-01
endloop
endfacet
facet normal 0 0 0
outer loop
vertex 5.625000e-01 0.000000e+00 5.625000e-01
vertex 5.625000e-01 0.000000e+00 6.250000e-01
vertex 6.250000e-01 0.000000e+00 6.250000e-01
endloop
endfacet
facet normal 0 0 0
outer loop
vertex 0.000000e+00 6.250000e-01 4.375000e-01
vertex 0.000000e+00 6.875000e-01 4.375000e-01
vertex 0.000000e+00 6.875000e-01 5.000000e-01
endloop
endfacet
facet normal 0 0 0
outer loop
vertex 1.250000e-01 0.000000e+00 5.000000e-01
vertex 1.250000e-01 0.000000e+00 5.625000e-01
vertex 1.875000e-01 0.000000e+00 5.625000e-01
endloop
endfacet
facet normal 0 0 0
outer loop
vertex 7.500000e-01 4.375000e-01 1.000000e+00
vertex 8.125000e-01 4.375000e-01 1.000000e+00
vertex 7.500000e-01 3.750000e-01 1.000000e+00
endloop
endfacet
facet normal 0 0 0
outer loop
vertex 6.875000e-01 0.000000e+00 6.875000e-01
vertex 6.875000e-01 0.000000e+00 7.500000e-01
vertex 7.500000e-01 0.000000e+00 7.500000e-01
endloop
endfacet
facet normal 0 0 0
outer loop
vertex 8.125000e-01 1.875000e-01 1.000000e+00
vertex 7.500000e-01 1.250000e-01 1.000000e+00
vertex 7.500000e-01 1.875000e-01 1.000000e+00
endloop
endfacet
facet normal 0 0 0
outer loop
vertex 5.625000e-01 3.125000e-01 1.000000e+00
vertex 5.625000e-01 2.500000e-01 1.000000e+00
vertex 5.000000e-01 2.500000e-01 1.000000e+00
endloop
endfacet
facet normal 0 0 0
outer loop
vertex 5.625000e-01 2.500000e-01 1.000000e+00
vertex 5.000000e-01 1.875000e-01 1.000000e+00
vertex 5.000000e-01 2.500000e-01 1.000000e+00
endloop
endfacet
facet normal 0 0 0
outer loop
vertex 5.625000e-01 2.500000e-01 1.000000e+00
vertex 6.250000e-01 3.125000e-01 1.000000e+00
vertex 6.250000e-01 2.500000e-01 1.000000e+00
endloop
endfacet
facet normal 0 0 0
outer loop
vertex 7.500000e-01 1.875000e-01 1.000000e+00
vertex 6.875000e-01 1.875000e-01 1.000000e+00
vertex 7.500000e-01 2.500000e-01 1.000000e+00
endloop
endfacet
facet normal 0 0 0
outer loop
vertex 5.000000e-01 1.875000e-01 1.000000e+00
vertex 5.625000e-01 2.500000e-01 1.000000e+00
vertex 5.625000e-01 1.875000e-01 1.000000e+00
endloop
endfacet
facet normal 0 0 0
outer loop
vertex 8.750000e-01 1.875000e-01 1.000000e+00
vertex 8.125000e-01 1.875000e-01 1.000000e+00
vertex 8.750000e-01 2.500000e-01 1.000000e+00
endloop
endfacet
facet normal 0 0 0
outer loop
vertex 8.750000e-01 3.750000e-01 1.000000e+00
vertex 8.125000e-01 3.750000e-01 1.000000e+00
vertex 8.750000e-01 4.375000e-01 1.000000e+00
endloop
endfacet
facet normal 0 0 0
outer loop
vertex 8.750000e-01 4.375000e-01 1.000000e+00
vertex 8.125000e-01 3.750000e-01 1.000000e+00
vertex 8.125000e-01 4.375000e-01 1.000000e+00
endloop
endfacet
facet normal 0 0 0
outer loop
vertex 6.875000e-01 5.625000e-01 1.000000e+00
vertex 6.250000e-01 5.000000e-01 1.000000e+00
vertex 6.250000e-01 5.625000e-01 1.000000e+00
endloop
endfacet
facet normal 0 0 0
outer loop
vertex 7.500000e-01 5.000000e-01 1.000000e+00
vertex 6.875000e-01 5.000000e-01 1.000000e+00
vertex 7.500000e-01 5.625000e-01 1.000000e+00
endloop
endfacet
facet normal 0 0 0
outer loop
vertex 6.875000e-01 5.000000e-01 1.000000e+00
vertex 6.250000e-01 5.000000e-01 1.000000e+00
vertex 6.875000e-01 5.625000e-01 1.000000e+00
endloop
endfacet
facet normal 0 0 0
outer loop
vertex 6.875000e-01 5.000000e-01 1.000000e+00
vertex 6.875000e-01 4.375000e-01 1.000000e+00
vertex 6.250000e-01 4.375000e-01 1.000000e+00
endloop
endfacet
facet normal 0 0 0
outer loop
vertex 8.125000e-01 3.125000e-01 1.000000e+00
vertex 8.125000e-01 3.750000e-01 1.000000e+00
vertex 8.750000e-01 3.750000e-01 1.000000e+00
endloop
endfacet
facet normal 0 0 0
outer loop
vertex 8.125000e-01 1.875000e-01 1.000000e+00
vertex 8.125000e-01 2.500000e-01 1.000000e+00
vertex 8.750000e-01 2.500000e-01 1.000000e+00
endloop
endfacet
facet normal 0 0 0
outer loop
vertex 6.875000e-01 4.375000e-01 1.000000e+00
vertex 6.875000e-01 5.000000e-01 1.000000e+00
vertex 7.500000e-01 5.000000e-01 1.000000e+00
endloop
endfacet
facet normal 0 0 0
outer loop
vertex 5.625000e-01 2.500000e-01 1.000000e+00
vertex 5.625000e-01 3.125000e-01 1.000000e+00
vertex 6.250000e-01 3.125000e-01 1.000000e+00
endloop
endfacet
facet normal 0 0 0
outer loop
vertex 4.375000e-01 3.125000e-01 1.000000e+00
vertex 5.000000e-01 3.750000e-01 1.000000e+00
vertex 5.000000e-01 3.125000e-01 1.000000e+00
endloop
endfacet
facet normal 0 0 0
outer loop
vertex 5.625000e-01 0.000000e+00 1.000000e+00
vertex 6.250000e-01 6.250000e-02 1.000000e+00
vertex 6.250000e-01 0.000000e+00 1.000000e+00
endloop
endfacet
facet normal 0 0 0
outer loop
vertex 6.250000e-01 0.000000e+00 1.000000e+00
vertex 5.625000e-01 0.000000e+00 9.375000e-01
vertex 5.625000e-01 0.000000e+00 1.000000e+00
endloop
endfacet
facet normal 0 0 0
outer loop
vertex 5.000000e-01 1.250000e-01 1.000000e+00
vertex 5.000000e-01 6.250000e-02 1.000000e+00
vertex 4.375000e-01 6.250000e-02 1.000000e+00
endloop
endfacet
facet normal 0 0 0
outer loop
vertex 8.125000e-01 3.750000e-01 1.000000e+00
vertex 7.500000e-01 3.125000e-01 1.000000e+00
vertex 7.500000e-01 3.750000e-01 1.000000e+00
endloop
endfacet
facet normal 0 0 0
outer loop
vertex 6.875000e-01 1.875000e-01 1.000000e+00
vertex 6.250000e-01 1.875000e-01 1.000000e+00
vertex 6.875000e-01 2.500000e-01 1.000000e+00
endloop
endfacet
facet normal 0 0 0
outer loop
vertex 7.500000e-01 0.000000e+00 7.500000e-01
vertex 6.875000e-01 0.000000e+00 7.500000e-01
vertex 7.500000e-01 0.000000e+00 8.125000e-01
endloop
endfacet
facet normal 0 0 0
outer loop
vertex 7.500000e-01 3.125000e-01 1.000000e+00
vertex 6.875000e-01 3.125000e-01 1.000000e+00
vertex 7.500000e-01 3.750000e-01 1.000000e+00
endloop
endfacet
facet normal 0 0 0
outer loop
vertex 7.500000e-01 3.750000e-01 1.000000e+00
vertex 6.875000e-01 3.125000e-01 1.000000e+00
vertex 6.875000e-01 3.750000e-01 1.000000e+00
endloop
endfacet
facet normal 0 0 0
outer loop
vertex 8.750000e-01 0.000000e+00 8.750000e-01
vertex 8.750000e-01 0.000000e+00 8.125000e-01
vertex 8.125000e-01 0.000000e+00 8.125000e-01
endloop
endfacet
facet normal 0 0 0
outer loop
vertex 6.875000e-01 3.750000e-01 1.000000e+00
vertex 6.250000e-01 3.125000e-01 1.000000e+00
vertex 6.250000e-01 3.750000e-01 1.000000e+00
endloop
endfacet
facet normal 0 0 0
outer loop
vertex 8.125000e-01 0.000000e+00 1.000000e+00
vertex 7.500000e-01 0.000000e+00 1.000000e+00
vertex 8.125000e-01 6.250000e-02 1.000000e+00
endloop
endfacet
facet normal 0 0 0
outer loop
vertex 7.500000e-01 0.000000e+00 1.000000e+00
vertex 8.125000e-01 0.000000e+00 1.000000e+00
vertex 7.500000e-01 0.000000e+00 9.375000e-01
endloop
endfacet
facet normal 0 0 0
outer loop
vertex 6.875000e-01 2.500000e-01 1.000000e+00
vertex 7.500000e-01 3.125000e-01 1.000000e+00
vertex 7.500000e-01 2.500000e-01 1.000000e+00
endloop
endfacet
facet normal 0 0 0
outer loop
vertex 7.500000e-01 2.500000e-01 1.000000e+00
vertex 8.125000e-01 3.125000e-01 1.000000e+00
vertex 8.125000e-01 2.500000e-01 1.000000e+00
endloop
endfacet
facet normal 0 0 0
outer loop
vertex 7.500000e-01 3.125000e-01 1.000000e+00
vertex 8.125000e-01 3.125000e-01 1.000000e+00
vertex 7.500000e-01 2.500000e-01 1.000000e+00
endloop
endfacet
facet normal 0 0 0
outer loop
vertex 6.875000e-01 2.500000e-01 1.000000e+00
vertex 6.875000e-01 3.125000e-01 1.000000e+00
vertex 7.500000e-01 3.125000e-01 1.000000e+00
endloop
endfacet
facet normal 0 0 0
outer loop
vertex 6.250000e-01 3.125000e-01 1.000000e+00
vertex 6.875000e-01 3.125000e-01 1.000000e+00
vertex 6.250000e-01 2.500000e-01 1.000000e+00
endloop
endfacet
facet normal 0 0 0
outer loop
vertex 3.125000e-01 2.500000e-01 1.000000e+00
vertex 2.500000e-01 2.500000e-01 1.000000e+00
vertex 3.125000e-01 3.125000e-01 1.000000e+00
endloop
endfacet
facet normal 0 0 0
outer loop
vertex 3.125000e-01 2.500000e-01 1.000000e+00
vertex 3.125000e-01 1.875000e-01 1.000000e+00
vertex 2.500000e-01 1.875000e-01 1.000000e+00
endloop
endfacet
facet normal 0 0 0
outer loop
vertex 3.125000e-01 2.500000e-01 1.000000e+00
vertex 2.500000e-01 1.875000e-01 1.000000e+00
vertex 2.500000e-01 2.500000e-01 1.000000e+00
endloop
endfacet
facet normal 0 0 0
outer loop
vertex 7.500000e-01 0.000000e+00 7.500000e-01
vertex 7.500000e-01 0.000000e+00 8.125000e-01
vertex 8.125000e-01 0.000000e+00 8.125000e-01
endloop
endfacet
facet normal 0 0 0
outer loop
vertex 7.500000e-01 0.000000e+00 8.125000e-01
vertex 7.500000e-01 0.000000e+00 8.750000e-01
vertex 8.125000e-01 0.000000e+00 8.750000e-01
endloop
endfacet
facet normal 0 0 0
outer loop
vertex 4.375000e-01 0.000000e+00 7.500000e-01
vertex 3.750000e-01 0.000000e+00 7.500000e-01
vertex 4.375000e-01 0.000000e+00 8.125000e-01
endloop
endfacet
facet normal 0 0 0
outer loop
vertex 7.500000e-01 6.250000e-02 1.000000e+00
vertex 6.875000e-01 6.250000e-02 1.000000e+00
vertex 7.500000e-01 1.250000e-01 1.000000e+00
endloop
endfacet
facet normal 0 0 0
outer loop
vertex 6.875000e-01 0.000000e+00 8.750000e-01
vertex 6.875000e-01 0.000000e+00 8.125000e-01
vertex 6.250000e-01 0.000000e+00 8.125000e-01
endloop
endfacet
facet normal 0 0 0
outer loop
vertex 6.875000e-01 1.250000e-01 1.000000e+00
vertex 6.875000e-01 1.875000e-01 1.000000e+00
vertex 7.500000e-01 1.875000e-01 1.000000e+00
endloop
endfacet
facet normal 0 0 0
outer loop
vertex 5.625000e-01 0.000000e+00 7.500000e-01
vertex 6.250000e-01 0.000000e+00 8.125000e-01
vertex 6.250000e-01 0.000000e+00 7.500000e-01
endloop
endfacet
facet normal 0 0 0
outer loop
vertex 5.000000e-01 0.000000e+00 6.250000e-01
vertex 5.625000e-01 0.000000e+00 6.875000e-01
vertex 5.625000e-01 0.000000e+00 6.250000e-01
endloop
endfacet
facet normal 0 0 0
outer loop
vertex 6.250000e-01 0.000000e+00 8.125000e-01
vertex 6.875000e-01 0.000000e+00 8.125000e-01
vertex 6.250000e-01 0.000000e+00 7.500000e-01
endloop
endfacet
facet normal 0 0 0
outer loop
vertex 6.875000e-01 6.250000e-02 1.000000e+00
vertex 6.875000e-01 1.250000e-01 1.000000e+00
vertex 7.500000e-01 1.250000e-01 1.000000e+00
endloop
endfacet
facet normal 0 0 0
outer loop
vertex 6.250000e-01 0.000000e+00 8.750000e-01
vertex 6.250000e-01 0.000000e+00 8.125000e-01
vertex 5.625000e-01 0.000000e+00 8.125000e-01
endloop
endfacet
facet normal 0 0 0
outer loop
vertex 3.125000e-01 1.250000e-01 1.000000e+00
vertex 2.500000e-01 6.250000e-02 1.000000e+00
vertex 2.500000e-01 1.250000e-01 1.000000e+00
endloop
endfacet
facet normal 0 0 0
outer loop
vertex 0.000000e+00 5.625000e-01 5.625000e-01
vertex 0.000000e+00 6.250000e-01 5.625000e-01
vertex 0.000000e+00 6.250000e-01 6.250000e-01
endloop
endfacet
facet normal 0 0 0
outer loop
vertex 6.875000e-01 0.000000e+00 8.125000e-01
vertex 6.875000e-01 0.000000e+00 7.500000e-01
vertex 6.250000e-01 0.000000e+00 7.500000e-01
endloop
endfacet
facet normal 0 0 0
outer loop
vertex 6.875000e-01 0.000000e+00 1.000000e+00
vertex 6.875000e-01 6.250000e-02 1.000000e+00
vertex 7.500000e-01 6.250000e-02 1.000000e+00
endloop
endfacet
facet normal 0 0 0
outer loop
vertex 7.500000e-01 0.000000e+00 1.000000e+00
vertex 7.500000e-01 6.250000e-02 1.000000e+00
vertex 8.125000e-01 6.250000e-02 1.000000e+00
endloop
endfacet
facet normal 0 0 0
outer loop
vertex 4.375000e-01 1.250000e-01 1.000000e+00
vertex 5.000000e-01 1.250000e-01 1.000000e+00
vertex 4.375000e-01 6.250000e-02 1.000000e+00
endloop
endfacet
facet normal 0 0 0
outer loop
vertex 2.500000e-01 0.000000e+00 6.875000e-01
vertex 2.500000e-01 0.000000e+00 7.500000e-01
vertex 3.125000e-01 0.000000e+00 7.500000e-01
endloop
endfacet
facet normal 0 0 0
outer loop
vertex 8.125000e-01 0.000000e+00 7.500000e-01
vertex 7.500000e-01 0.000000e+00 6.875000e-01
vertex 7.500000e-01 0.000000e+00 7.500000e-01
endloop
endfacet
facet normal 0 0 0
outer loop
vertex 6.875000e-01 0.000000e+00 8.750000e-01
vertex 6.250000e-01 0.000000e+00 8.125000e-01
vertex 6.250000e-01 0.000000e+00 8.750000e-01
endloop
endfacet
facet normal 0 0 0
outer loop
vertex 6.875000e-01 6.250000e-02 1.000000e+00
vertex 6.875000e-01 0.000000e+00 1.000000e+00
vertex 6.250000e-01 0.000000e+00 1.000000e+00
endloop
endfacet
facet normal 0 0 0
outer loop
vertex 6.875000e-01 0.000000e+00 1.000000e+00
vertex 6.250000e-01 0.000000e+00 9.375000e-01
vertex 6.250000e-01 0.000000e+00 1.000000e+00
endloop
endfacet
facet normal 0 0 0
outer loop
vertex 6.250000e-01 0.000000e+00 6.875000e-01
vertex 6.875000e-01 0.000000e+00 7.500000e-01
vertex 6.875000e-01 0.000000e+00 6.875000e-01
endloop
endfacet
facet normal 0 0 0
outer loop
vertex 8.125000e-01 0.000000e+00 9.375000e-01
vertex 7.500000e-01 0.000000e+00 8.750000e-01
vertex 7.500000e-01 0.000000e+00 9.375000e-01
endloop
endfacet
facet normal 0 0 0
outer loop
vertex 7.500000e-01 0.000000e+00 9.375000e-01
vertex 7.500000e-01 0.000000e+00 8.750000e-01
vertex 6.875000e-01 0.000000e+00 8.750000e-01
endloop
endfacet
facet normal 0 0 0
outer loop
vertex 8.125000e-01 6.250000e-02 1.000000e+00
vertex 8.750000e-01 6.250000e-02 1.000000e+00
vertex 8.125000e-01 0.000000e+00 1.000000e+00
endloop
endfacet
facet normal 0 0 0
outer loop
vertex 8.750000e-01 0.000000e+00 9.375000e-01
vertex 8.125000e-01 0.000000e+00 9.375000e-01
vertex 8.750000e-01 0.000000e+00 1.000000e+00
endloop
endfacet
facet normal 0 0 0
outer loop
vertex 8.750000e-01 6.250000e-02 1.000000e+00
vertex 8.750000e-01 0.000000e+00 1.000000e+00
vertex 8.125000e-01 0.000000e+00 1.000000e+00
endloop
endfacet
facet normal 0 0 0
outer loop
vertex 8.750000e-01 0.000000e+00 1.000000e+00
vertex 8.125000e-01 0.000000e+00 9.375000e-01
vertex 8.125000e-01 0.000000e+00 1.000000e+00
endloop
endfacet
facet normal 0 0 0
outer loop
vertex 8.125000e-01 0.000000e+00 1.000000e+00
vertex 8.125000e-01 0.000000e+00 9.375000e-01
vertex 7.500000e-01 0.000000e+00 9.375000e-01
endloop
endfacet
facet normal 0 0 0
outer loop
vertex 7.500000e-01 0.000000e+00 5.000000e-01
vertex 8.125000e-01 0.000000e+00 5.625000e-01
vertex 8.125000e-01 0.000000e+00 5.000000e-01
endloop
endfacet
facet normal 0 0 0
outer loop
vertex 6.875000e-01 6.250000e-02 1.000000e+00
vertex 6.250000e-01 0.000000e+00 1.000000e+00
vertex 6.250000e-01 6.250000e-02 1.000000e+00
endloop
endfacet
facet normal 0 0 0
outer loop
vertex 6.250000e-01 0.000000e+00 9.375000e-01
vertex 6.875000e-01 0.000000e+00 1.000000e+00
vertex 6.875000e-01 0.000000e+00 9.375000e-01
endloop
endfacet
facet normal 0 0 0
outer loop
vertex 6.875000e-01 0.000000e+00 9.375000e-01
vertex 7.500000e-01 0.000000e+00 1.000000e+00
vertex 7.500000e-01 0.000000e+00 9.375000e-01
endloop
endfacet
facet normal 0 0 0
outer loop
vertex 6.875000e-01 0.000000e+00 9.375000e-01
vertex 6.875000e-01 0.000000e+00 1.000000e+00
vertex 7.500000e-01 0.000000e+00 1.000000e+00
endloop
endfacet
facet normal 0 0 0
outer loop
vertex 7.500000e-01 0.000000e+00 1.000000e+00
vertex 6.875000e-01 0.000000e+00 1.000000e+00
vertex 7.500000e-01 6.250000e-02 1.000000e+00
endloop
endfacet
facet normal 0 0 0
outer loop
vertex 4.375000e-01 0.000000e+00 8.750000e-01
vertex 5.000000e-01 0.000000e+00 8.750000e-01
vertex 4.375000e-01 0.000000e+00 8.125000e-01
endloop
endfacet
facet normal 0 0 0
outer loop
vertex 5.625000e-01 0.000000e+00 5.000000e-01
vertex 6.250000e-01 0.000000e+00 5.625000e-01
vertex 6.250000e-01 0.000000e+00 5.000000e-01
endloop
endfacet
facet normal 0 0 0
outer loop
vertex 5.000000e-01 1.250000e-01 1.000000e+00
vertex 4.375000e-01 1.250000e-01 1.000000e+00
vertex 5.000000e-01 1.875000e-01 1.000000e+00
endloop
endfacet
facet normal 0 0 0
outer loop
vertex 6.250000e-01 0.000000e+00 4.375000e-01
vertex 6.250000e-01 0.000000e+00 5.000000e-01
vertex 6.875000e-01 0.000000e+00 5.000000e-01
endloop
endfacet
facet normal 0 0 0
outer loop
vertex 6.250000e-01 0.000000e+00 6.250000e-01
vertex 6.250000e-01 0.000000e+00 6.875000e-01
vertex 6.875000e-01 0.000000e+00 6.875000e-01
endloop
endfacet
facet normal 0 0 0
outer loop
vertex 5.000000e-01 0.000000e+00 8.750000e-01
vertex 5.000000e-01 0.000000e+00 8.125000e-01
vertex 4.375000e-01 0.000000e+00 8.125000e-01
endloop
endfacet
facet normal 0 0 0
outer loop
vertex 8.750000e-01 0.000000e+00 8.125000e-01
vertex 8.125000e-01 0.000000e+00 7.500000e-01
vertex 8.125000e-01 0.000000e+00 8.125000e-01
endloop
endfacet
facet normal 0 0 0
outer loop
vertex 6.250000e-01 0.000000e+00 5.000000e-01
vertex 6.250000e-01 0.000000e+00 5.625000e-01
vertex 6.875000e-01 0.000000e+00 5.625000e-01
endloop
endfacet
facet normal 0 0 0
outer loop
vertex 8.750000e-01 0.000000e+00 9.375000e-01
vertex 9.375000e-01 0.000000e+00 9.375000e-01
vertex 8.750000e-01 0.000000e+00 8.750000e-01
endloop
endfacet
facet normal 0 0 0
outer loop
vertex 5.625000e-01 0.000000e+00 8.750000e-01
vertex 5.625000e-01 0.000000e+00 9.375000e-01
vertex 6.250000e-01 0.000000e+00 9.375000e-01
endloop
endfacet
facet normal 0 0 0
outer loop
vertex 6.250000e-01 0.000000e+00 8.750000e-01
vertex 5.625000e-01 0.000000e+00 8.750000e-01
vertex 6.250000e-01 0.000000e+00 9.375000e-01
endloop
endfacet
facet normal 0 0 0
outer loop
vertex 6.250000e-01 0.000000e+00 8.750000e-01
vertex 6.250000e-01 0.000000e+00 9.375000e-01
vertex 6.875000e-01 0.000000e+00 9.375000e-01
endloop
endfacet
facet normal 0 0 0
outer loop
vertex 6.250000e-01 0.000000e+00 8.750000e-01
vertex 6.875000e-01 0.000000e+00 9.375000e-01
vertex 6.875000e-01 0.000000e+00 8.750000e-01
endloop
endfacet
facet normal 0 0 0
outer loop
vertex 6.250000e-01 1.250000e-01 1.000000e+00
vertex 6.875000e-01 1.250000e-01 1.000000e+00
vertex 6.250000e-01 6.250000e-02 1.000000e+00
endloop
endfacet
facet normal 0 0 0
outer loop
vertex 6.250000e-01 1.250000e-01 1.000000e+00
vertex 6.875000e-01 1.875000e-01 1.000000e+00
vertex 6.875000e-01 1.250000e-01 1.000000e+00
endloop
endfacet
facet normal 0 0 0
outer loop
vertex 6.250000e-01 1.875000e-01 1.000000e+00
vertex 6.875000e-01 1.875000e-01 1.000000e+00
vertex 6.250000e-01 1.250000e-01 1.000000e+00
endloop
endfacet
facet normal 0 0 0
outer loop
vertex 6.250000e-01 1.875000e-01 1.000000e+00
vertex 5.625000e-01 1.250000e-01 1.000000e+00
vertex 5.625000e-01 1.875000e-01 1.000000e+00
endloop
endfacet
facet normal 0 0 0
outer loop
vertex 8.125000e-01 0.000000e+00 5.625000e-01
vertex 7.500000e-01 0.000000e+00 5.000000e-01
vertex 7.500000e-01 0.000000e+00 5.625000e-01
endloop
endfacet
facet normal 0 0 0
outer loop
vertex 6.875000e-01 6.250000e-02 1.000000e+00
vertex 6.250000e-01 6.250000e-02 1.000000e+00
vertex 6.875000e-01 1.250000e-01 1.000000e+00
endloop
endfacet
facet normal 0 0 0
outer loop
vertex 5.625000e-01 1.250000e-01 1.000000e+00
vertex 6.250000e-01 1.875000e-01 1.000000e+00
vertex 6.250000e-01 1.250000e-01 1.000000e+00
endloop
endfacet
facet normal 0 0 0
outer loop
vertex 8.125000e-01 0.000000e+00 6.875000e-01
vertex 8.125000e-01 0.000000e+00 6.250000e-01
vertex 7.500000e-01 0.000000e+00 6.250000e-01
endloop
endfacet
facet normal 0 0 0
outer loop
vertex 9.375000e-01 0.000000e+00 8.750000e-01
vertex 8.750000e-01 0.000000e+00 8.750000e-01
vertex 9.375000e-01 0.000000e+00 9.375000e-01
endloop
endfacet
facet normal 0 0 0
outer loop
vertex 8.750000e-01 1.875000e-01 1.000000e+00
vertex 9.375000e-01 1.875000e-01 1.000000e+00
vertex 8.750000e-01 1.250000e-01 1.000000e+00
endloop
endfacet
facet normal 0 0 0
outer loop
vertex 8.750000e-01 0.000000e+00 7.500000e-01
vertex 8.750000e-01 0.000000e+00 8.125000e-01
vertex 9.375000e-01 0.000000e+00 8.125000e-01
endloop
endfacet
facet normal 0 0 0
outer loop
vertex 8.750000e-01 0.000000e+00 7.500000e-01
vertex 9.375000e-01 0.000000e+00 8.125000e-01
vertex 9.375000e-01 0.000000e+00 7.500000e-01
endloop
endfacet
facet normal 0 0 0
outer loop
vertex 1.000000e+00 6.250000e-02 8.125000e-01
vertex 1.000000e+00 1.250000e-01 8.125000e-01
vertex 1.000000e+00 6.250000e-02 7.500000e-01
endloop
endfacet
facet normal 0 0 0
outer loop
vertex 8.750000e-01 0.000000e+00 7.500000e-01
vertex 9.375000e-01 0.000000e+00 7.500000e-01
vertex 8.750000e-01 0.000000e+00 6.875000e-01
endloop
endfacet
facet normal 0 0 0
outer loop
vertex 9.375000e-01 0.000000e+00 6.875000e-01
vertex 8.750000e-01 0.000000e+00 6.875000e-01
vertex 9.375000e-01 0.000000e+00 7.500000e-01
endloop
endfacet
facet normal 0 0 0
outer loop
vertex 1.000000e+00 6.250000e-02 6.875000e-01
vertex 1.000000e+00 1.250000e-01 7.500000e-01
vertex 1.000000e+00 1.250000e-01 6.875000e-01
endloop
endfacet
facet normal 0 0 0
outer loop
vertex 1.000000e+00 6.250000e-02 7.500000e-01
vertex 1.000000e+00 1.250000e-01 7.500000e-01
vertex 1.000000e+00 6.250000e-02 6.875000e-01
endloop
endfacet
facet normal 0 0 0
outer loop
vertex 1.000000e+00 1.250000e-01 6.875000e-01
vertex 1.000000e+00 1.250000e-01 7.500000e-01
vertex 1.000000e+00 1.875000e-01 7.500000e-01
endloop
endfacet
facet normal 0 0 0
outer loop
vertex 1.000000e+00 1.875000e-01 6.875000e-01
vertex 1.000000e+00 1.250000e-01 6.875000e-01
vertex 1.000000e+00 1.875000e-01 7.500000e-01
endloop
endfacet
facet normal 0 0 0
outer loop
vertex 8.750000e-01 1.250000e-01 1.000000e+00
vertex 8.750000e-01 6.250000e-02 1.000000e+00
vertex 8.125000e-01 6.250000e-02 1.000000e+00
endloop
endfacet
facet normal 0 0 0
outer loop
vertex 9.375000e-01 1.250000e-01 1.000000e+00
vertex 9.375000e-01 6.250000e-02 1.000000e+00
vertex 8.750000e-01 6.250000e-02 1.000000e+00
endloop
endfacet
facet normal 0 0 0
outer loop
vertex 9.375000e-01 1.250000e-01 1.000000e+00
vertex 8.750000e-01 6.250000e-02 1.000000e+00
vertex 8.750000e-01 1.250000e-01 1.000000e+00
endloop
endfacet
facet normal 0 0 0
outer loop
vertex 1.000000e+00 6.250000e-02 9.375000e-01
vertex 1.000000e+00 1.250000e-01 9.375000e-01
vertex 1.000000e+00 6.250000e-02 8.750000e-01
endloop
endfacet
facet normal 0 0 0
outer loop
vertex 8.750000e-01 0.000000e+00 8.750000e-01
vertex 9.375000e-01 0.000000e+00 8.750000e-01
vertex 8.750000e-01 0.000000e+00 8.125000e-01
endloop
endfacet
facet normal 0 0 0
outer loop
vertex 8.750000e-01 0.000000e+00 8.125000e-01
vertex 9.375000e-01 0.000000e+00 8.750000e-01
vertex 9.375000e-01 0.000000e+00 8.125000e-01
endloop
endfacet
facet normal 0 0 0
outer loop
vertex 1.000000e+00 1.250000e-01 8.750000e-01
vertex 1.000000e+00 1.250000e-01 8.125000e-01
vertex 1.000000e+00 6.250000e-02 8.125000e-01
endloop
endfacet
facet normal 0 0 0
outer loop
vertex 6.875000e-01 0.000000e+00 5.000000e-01
vertex 6.250000e-01 0.000000e+00 5.000000e-01
vertex 6.875000e-01 0.000000e+00 5.625000e-01
endloop
endfacet
facet normal 0 0 0
outer loop
vertex 6.875000e-01 0.000000e+00 6.250000e-01
vertex 6.250000e-01 0.000000e+00 6.250000e-01
vertex 6.875000e-01 0.000000e+00 6.875000e-01
endloop
endfacet
facet normal 0 0 0
outer loop
vertex 6.250000e-01 0.000000e+00 5.625000e-01
vertex 6.250000e-01 0.000000e+00 6.250000e-01
vertex 6.875000e-01 0.000000e+00 6.250000e-01
endloop
endfacet
facet normal 0 0 0
outer loop
vertex 5.625000e-01 0.000000e+00 4.375000e-01
vertex 6.250000e-01 0.000000e+00 5.000000e-01
vertex 6.250000e-01 0.000000e+00 4.375000e-01
endloop
endfacet
facet normal 0 0 0
outer loop
vertex 6.875000e-01 0.000000e+00 4.375000e-01
vertex 6.250000e-01 0.000000e+00 4.375000e-01
vertex 6.875000e-01 0.000000e+00 5.000000e-01
endloop
endfacet
facet normal 0 0 0
outer loop
vertex 5.625000e-01 0.000000e+00 5.000000e-01
vertex 6.250000e-01 0.000000e+00 5.000000e-01
vertex 5.625000e-01 0.000000e+00 4.375000e-01
endloop
endfacet
facet normal 0 0 0
outer loop
vertex 5.625000e-01 0.000000e+00 6.875000e-01
vertex 5.625000e-01 0.000000e+00 7.500000e-01
vertex 6.250000e-01 0.000000e+00 7.500000e-01
endloop
endfacet
facet normal 0 0 0
outer loop
vertex 6.250000e-01 0.000000e+00 6.875000e-01
vertex 5.625000e-01 0.000000e+00 6.875000e-01
vertex 6.250000e-01 0.000000e+00 7.500000e-01
endloop
endfacet
facet normal 0 0 0
outer loop
vertex 5.625000e-01 0.000000e+00 6.250000e-01
vertex 5.000000e-01 0.000000e+00 5.625000e-01
vertex 5.000000e-01 0.000000e+00 6.250000e-01
endloop
endfacet
facet normal 0 0 0
outer loop
vertex 2.500000e-01 0.000000e+00 7.500000e-01
vertex 3.125000e-01 0.000000e+00 8.125000e-01
vertex 3.125000e-01 0.000000e+00 7.500000e-01
endloop
endfacet
facet normal 0 0 0
outer loop
vertex 4.375000e-01 0.000000e+00 7.500000e-01
vertex 5.000000e-01 0.000000e+00 8.125000e-01
vertex 5.000000e-01 0.000000e+00 7.500000e-01
endloop
endfacet
facet normal 0 0 0
outer loop
vertex 5.000000e-01 0.000000e+00 9.375000e-01
vertex 4.375000e-01 0.000000e+00 9.375000e-01
vertex 5.000000e-01 0.000000e+00 1.000000e+00
endloop
endfacet
facet normal 0 0 0
outer loop
vertex 0.000000e+00 6.250000e-02 2.500000e-01
vertex 0.000000e+00 1.250000e-01 2.500000e-01
vertex 0.000000e+00 1.250000e-01 3.125000e-01
endloop
endfacet
facet normal 0 0 0
outer loop
vertex 5.000000e-01 2.500000e-01 1.000000e+00
vertex 4.375000e-01 2.500000e-01 1.000000e+00
vertex 5.000000e-01 3.125000e-01 1.000000e+00
endloop
endfacet
facet normal 0 0 0
outer loop
vertex 3.125000e-01 0.000000e+00 3.125000e-01
vertex 3.125000e-01 0.000000e+00 3.750000e-01
vertex 3.750000e-01 0.000000e+00 3.750000e-01
endloop
endfacet
facet normal 0 0 0
outer loop
vertex 5.000000e-01 0.000000e+00 6.250000e-01
vertex 4.375000e-01 0.000000e+00 6.250000e-01
vertex 5.000000e-01 0.000000e+00 6.875000e-01
endloop
endfacet
facet normal 0 0 0
outer loop
vertex 2.500000e-01 0.000000e+00 6.250000e-02
vertex 1.875000e-01 0.000000e+00 6.250000e-02
vertex 2.500000e-01 0.000000e+00 1.250000e-01
endloop
endfacet
facet normal 0 0 0
outer loop
vertex 5.000000e-01 0.000000e+00 7.500000e-01
vertex 5.000000e-01 0.000000e+00 8.125000e-01
vertex 5.625000e-01 0.000000e+00 8.125000e-01
endloop
endfacet
facet normal 0 0 0
outer loop
vertex 3.125000e-01 0.000000e+00 6.250000e-01
vertex 2.500000e-01 0.000000e+00 5.625000e-01
vertex 2.500000e-01 0.000000e+00 6.250000e-01
endloop
endfacet
facet normal 0 0 0
outer loop
vertex 2.500000e-01 0.000000e+00 5.625000e-01
vertex 3.125000e-01 0.000000e+00 6.250000e-01
vertex 3.125000e-01 0.000000e+00 5.625000e-01
endloop
endfacet
facet normal 0 0 0
outer loop
vertex 3.750000e-01 0.000000e+00 5.000000e-01
vertex 3.750000e-01 0.000000e+00 4.375000e-01
vertex 3.125000e-01 0.000000e+00 4.375000e-01
endloop
endfacet
facet normal 0 0 0
outer loop
vertex 2.500000e-01 0.000000e+00 5.625000e-01
vertex 1.875000e-01 0.000000e+00 5.625000e-01
vertex 2.500000e-01 0.000000e+00 6.250000e-01
endloop
endfacet
facet normal 0 0 0
outer loop
vertex 3.125000e-01 0.000000e+00 6.875000e-01
vertex 3.125000e-01 0.000000e+00 6.250000e-01
vertex 2.500000e-01 0.000000e+00 6.250000e-01
endloop
endfacet
facet normal 0 0 0
outer loop
vertex 1.250000e-01 0.000000e+00 8.750000e-01
vertex 1.250000e-01 0.000000e+00 8.125000e-01
vertex 6.250000e-02 0.000000e+00 8.125000e-01
endloop
endfacet
facet normal 0 0 0
outer loop
vertex 1.875000e-01 0.000000e+00 8.750000e-01
vertex 1.250000e-01 0.000000e+00 8.125000e-01
vertex 1.250000e-01 0.000000e+00 8.750000e-01
endloop
endfacet
facet normal 0 0 0
outer loop
vertex 1.875000e-01 0.000000e+00 8.125000e-01
vertex 1.250000e-01 0.000000e+00 8.125000e-01
vertex 1.875000e-01 0.000000e+00 8.750000e-01
endloop
endfacet
facet normal 0 0 0
outer loop
vertex 0.000000e+00 3.125000e-01 6.250000e-01
vertex 0.000000e+00 3.125000e-01 6.875000e-01
vertex 0.000000e+00 2.500000e-01 6.250000e-01
endloop
endfacet
facet normal 0 0 0
outer loop
vertex 3.750000e-01 0.000000e+00 2.500000e-01
vertex 3.125000e-01 0.000000e+00 2.500000e-01
vertex 3.750000e-01 0.000000e+00 3.125000e-01
endloop
endfacet
facet normal 0 0 0
outer loop
vertex 3.125000e-01 0.000000e+00 4.375000e-01
vertex 2.500000e-01 0.000000e+00 4.375000e-01
vertex 3.125000e-01 0.000000e+00 5.000000e-01
endloop
endfacet
facet normal 0 0 0
outer loop
vertex 1.875000e-01 0.000000e+00 7.500000e-01
vertex 2.500000e-01 0.000000e+00 7.500000e-01
vertex 1.875000e-01 0.000000e+00 6.875000e-01
endloop
endfacet
facet normal 0 0 0
outer loop
vertex 5.000000e-01 0.000000e+00 6.875000e-01
vertex 4.375000e-01 0.000000e+00 6.875000e-01
vertex 5.000000e-01 0.000000e+00 7.500000e-01
endloop
endfacet
facet normal 0 0 0
outer loop
vertex 5.000000e-01 6.250000e-02 1.000000e+00
vertex 4.375000e-01 0.000000e+00 1.000000e+00
vertex 4.375000e-01 6.250000e-02 1.000000e+00
endloop
endfacet
facet normal 0 0 0
outer loop
vertex 1.875000e-01 0.000000e+00 8.750000e-01
vertex 2.500000e-01 0.000000e+00 8.750000e-01
vertex 1.875000e-01 0.000000e+00 8.125000e-01
endloop
endfacet
facet normal 0 0 0
outer loop
vertex 5.000000e-01 0.000000e+00 1.000000e+00
vertex 4.375000e-01 0.000000e+00 9.375000e-01
vertex 4.375000e-01 0.000000e+00 1.000000e+00
endloop
endfacet
facet normal 0 0 0
outer loop
vertex 4.375000e-01 0.000000e+00 1.000000e+00
vertex 5.000000e-01 6.250000e-02 1.000000e+00
vertex 5.000000e-01 0.000000e+00 1.000000e+00
endloop
endfacet
facet normal 0 0 0
outer loop
vertex 4.375000e-01 3.125000e-01 1.000000e+00
vertex 4.375000e-01 2.500000e-01 1.000000e+00
vertex 3.750000e-01 2.500000e-01 1.000000e+00
endloop
endfacet
facet normal 0 0 0
outer loop
vertex 2.500000e-01 0.000000e+00 8.125000e-01
vertex 2.500000e-01 0.000000e+00 8.750000e-01
vertex 3.125000e-01 0.000000e+00 8.750000e-01
endloop
endfacet
facet normal 0 0 0
outer loop
vertex 2.500000e-01 0.000000e+00 8.750000e-01
vertex 2.500000e-01 0.000000e+00 8.125000e-01
vertex 1.875000e-01 0.000000e+00 8.125000e-01
endloop
endfacet
facet normal 0 0 0
outer loop
vertex 5.625000e-01 0.000000e+00 6.250000e-02
vertex 5.000000e-01 0.000000e+00 6.250000e-02
vertex 5.625000e-01 0.000000e+00 1.250000e-01
endloop
endfacet
facet normal 0 0 0
outer loop
vertex 1.875000e-01 0.000000e+00 7.500000e-01
vertex 2.500000e-01 0.000000e+00 8.125000e-01
vertex 2.500000e-01 0.000000e+00 7.500000e-01
endloop
endfacet
facet normal 0 0 0
outer loop
vertex 1.875000e-01 0.000000e+00 8.125000e-01
vertex 2.500000e-01 0.000000e+00 8.125000e-01
vertex 1.875000e-01 0.000000e+00 7.500000e-01
endloop
endfacet
facet normal 0 0 0
outer loop
vertex 4.375000e-01 1.875000e-01 1.000000e+00
vertex 4.375000e-01 2.500000e-01 1.000000e+00
vertex 5.000000e-01 2.500000e-01 1.000000e+00
endloop
endfacet
facet normal 0 0 0
outer loop
vertex 5.000000e-01 0.000000e+00 8.750000e-01
vertex 5.000000e-01 0.000000e+00 9.375000e-01
vertex 5.625000e-01 0.000000e+00 9.375000e-01
endloop
endfacet
facet normal 0 0 0
outer loop
vertex 5.000000e-01 6.250000e-02 1.000000e+00
vertex 5.000000e-01 1.250000e-01 1.000000e+00
vertex 5.625000e-01 1.250000e-01 1.000000e+00
endloop
endfacet
facet normal 0 0 0
outer loop
vertex 3.750000e-01 0.000000e+00 7.500000e-01
vertex 3.750000e-01 0.000000e+00 6.875000e-01
vertex 3.125000e-01 0.000000e+00 6.875000e-01
endloop
endfacet
facet normal 0 0 0
outer loop
vertex 3.125000e-01 0.000000e+00 6.875000e-01
vertex 3.125000e-01 0.000000e+00 7.500000e-01
vertex 3.750000e-01 0.000000e+00 7.500000e-01
endloop
endfacet
facet normal 0 0 0
outer loop
vertex 3.750000e-01 1.875000e-01 1.000000e+00
vertex 3.750000e-01 2.500000e-01 1.000000e+00
vertex 4.375000e-01 2.500000e-01 1.000000e+00
endloop
endfacet
facet normal 0 0 0
outer loop
vertex 3.125000e-01 1.875000e-01 1.000000e+00
vertex 3.125000e-01 2.500000e-01 1.000000e+00
vertex 3.750000e-01 2.500000e-01 1.000000e+00
endloop
endfacet
facet normal 0 0 0
outer loop
vertex 2.500000e-01 1.250000e-01 1.000000e+00
vertex 2.500000e-01 1.875000e-01 1.000000e+00
vertex 3.125000e-01 1.875000e-01 1.000000e+00
endloop
endfacet
facet normal 0 0 0
outer loop
vertex 5.625000e-01 0.000000e+00 8.125000e-01
vertex 5.000000e-01 0.000000e+00 8.125000e-01
vertex 5.625000e-01 0.000000e+00 8.750000e-01
endloop
endfacet
facet normal 0 0 0
outer loop
vertex 3.125000e-01 6.250000e-02 1.000000e+00
vertex 2.500000e-01 6.250000e-02 1.000000e+00
vertex 3.125000e-01 1.250000e-01 1.000000e+00
endloop
endfacet
facet normal 0 0 0
outer loop
vertex 2.500000e-01 0.000000e+00 8.750000e-01
vertex 3.125000e-01 0.000000e+00 9.375000e-01
vertex 3.125000e-01 0.000000e+00 8.750000e-01
endloop
endfacet
facet normal 0 0 0
outer loop
vertex 1.250000e-01 5.625000e-01 0.000000e+00
vertex 6.250000e-02 5.000000e-01 0.000000e+00
vertex 1.250000e-01 5.000000e-01 0.000000e+00
endloop
endfacet
facet normal 0 0 0
outer loop
vertex 5.000000e-01 0.000000e+00 9.375000e-01
vertex 4.375000e-01 0.000000e+00 8.750000e-01
vertex 4.375000e-01 0.000000e+00 9.375000e-01
endloop
endfacet
facet normal 0 0 0
outer loop
vertex 5.000000e-01 0.000000e+00 8.750000e-01
vertex 4.375000e-01 0.000000e+00 8.750000e-01
vertex 5.000000e-01 0.000000e+00 9.375000e-01
endloop
endfacet
facet normal 0 0 0
outer loop
vertex 2.500000e-01 0.000000e+00 9.375000e-01
vertex 2.500000e-01 0.000000e+00 8.750000e-01
vertex 1.875000e-01 0.000000e+00 8.750000e-01
endloop
endfacet
facet normal 0 0 0
outer loop
vertex 5.000000e-01 6.250000e-02 1.000000e+00
vertex 5.625000e-01 1.250000e-01 1.000000e+00
vertex 5.625000e-01 6.250000e-02 1.000000e+00
endloop
endfacet
facet normal 0 0 0
outer loop
vertex 0.000000e+00 3.125000e-01 6.875000e-01
vertex 0.000000e+00 2.500000e-01 6.875000e-01
vertex 0.000000e+00 2.500000e-01 6.250000e-01
endloop
endfacet
facet normal 0 0 0
outer loop
vertex 3.750000e-01 0.000000e+00 9.375000e-01
vertex 4.375000e-01 0.000000e+00 1.000000e+00
vertex 4.375000e-01 0.000000e+00 9.375000e-01
endloop
endfacet
facet normal 0 0 0
outer loop
vertex 6.250000e-02 6.250000e-02 1.000000e+00
vertex 0.000000e+00 0.000000e+00 1.000000e+00
vertex 0.000000e+00 6.250000e-02 1.000000e+00
endloop
endfacet
facet normal 0 0 0
outer loop
vertex 0.000000e+00 0.000000e+00 1.000000e+00
vertex 0.000000e+00 0.000000e+00 9.375000e-01
vertex 0.000000e+00 6.250000e-02 1.000000e+00
endloop
endfacet
facet normal 0 0 0
outer loop
vertex 3.750000e-01 0.000000e+00 9.375000e-01
vertex 3.750000e-01 0.000000e+00 1.000000e+00
vertex 4.375000e-01 0.000000e+00 1.000000e+00
endloop
endfacet
facet normal 0 0 0
outer loop
vertex 4.375000e-01 0.000000e+00 1.000000e+00
vertex 3.750000e-01 0.000000e+00 1.000000e+00
vertex 4.375000e-01 6.250000e-02 1.000000e+00
endloop
endfacet
facet normal 0 0 0
outer loop
vertex 0.000000e+00 1.875000e-01 7.500000e-01
vertex 0.000000e+00 2.500000e-01 7.500000e-01
vertex 0.000000e+00 2.500000e-01 8.125000e-01
endloop
endfacet
facet normal 0 0 0
outer loop
vertex 2.500000e-01 6.250000e-02 1.000000e+00
vertex 1.875000e-01 6.250000e-02 1.000000e+00
vertex 2.500000e-01 1.250000e-01 1.000000e+00
endloop
endfacet
facet normal 0 0 0
outer loop
vertex 3.750000e-01 0.000000e+00 1.000000e+00
vertex 3.750000e-01 6.250000e-02 1.000000e+00
vertex 4.375000e-01 6.250000e-02 1.000000e+00
endloop
endfacet
facet normal 0 0 0
outer loop
vertex 5.000000e-01 0.000000e+00 9.375000e-01
vertex 5.000000e-01 0.000000e+00 1.000000e+00
vertex 5.625000e-01 0.000000e+00 1.000000e+00
endloop
endfacet
facet normal 0 0 0
outer loop
vertex 5.625000e-01 0.000000e+00 1.000000e+00
vertex 5.000000e-01 0.000000e+00 1.000000e+00
vertex 5.625000e-01 6.250000e-02 1.000000e+00
endloop
endfacet
facet normal 0 0 0
outer loop
vertex 5.625000e-01 1.875000e-01 1.000000e+00
vertex 5.000000e-01 1.250000e-01 1.000000e+00
vertex 5.000000e-01 1.875000e-01 1.000000e+00
endloop
endfacet
facet normal 0 0 0
outer loop
vertex 6.250000e-02 1.000000e+00 8.125000e-01
vertex 0.000000e+00 1.000000e+00 7.500000e-01
vertex 6.250000e-02 1.000000e+00 7.500000e-01
endloop
endfacet
facet normal 0 0 0
outer loop
vertex 3.125000e-01 0.000000e+00 9.375000e-01
vertex 2.500000e-01 0.000000e+00 9.375000e-01
vertex 3.125000e-01 0.000000e+00 1.000000e+00
endloop
endfacet
facet normal 0 0 0
outer loop
vertex 2.500000e-01 6.250000e-02 1.000000e+00
vertex 3.125000e-01 6.250000e-02 1.000000e+00
vertex 2.500000e-01 0.000000e+00 1.000000e+00
endloop
endfacet
facet normal 0 0 0
outer loop
vertex 1.250000e-01 6.250000e-02 1.000000e+00
vertex 1.250000e-01 1.250000e-01 1.000000e+00
vertex 1.875000e-01 1.250000e-01 1.000000e+00
endloop
endfacet
facet normal 0 0 0
outer loop
vertex 2.500000e-01 0.000000e+00 1.000000e+00
vertex 1.875000e-01 0.000000e+00 9.375000e-01
vertex 1.875000e-01 0.000000e+00 1.000000e+00
endloop
endfacet
facet normal 0 0 0
outer loop
vertex 1.875000e-01 0.000000e+00 1.000000e+00
vertex 2.500000e-01 6.250000e-02 1.000000e+00
vertex 2.500000e-01 0.000000e+00 1.000000e+00
endloop
endfacet
facet normal 0 0 0
outer loop
vertex 4.375000e-01 0.000000e+00 8.125000e-01
vertex 3.750000e-01 0.000000e+00 7.500000e-01
vertex 3.750000e-01 0.000000e+00 8.125000e-01
endloop
endfacet
facet normal 0 0 0
outer loop
vertex 1.875000e-01 6.250000e-02 1.000000e+00
vertex 1.875000e-01 1.250000e-01 1.000000e+00
vertex 2.500000e-01 1.250000e-01 1.000000e+00
endloop
endfacet
facet normal 0 0 0
outer loop
vertex 5.625000e-01 3.125000e-01 1.000000e+00
vertex 5.000000e-01 3.125000e-01 1.000000e+00
vertex 5.625000e-01 3.750000e-01 1.000000e+00
endloop
endfacet
facet normal 0 0 0
outer loop
vertex 3.750000e-01 3.750000e-01 1.000000e+00
vertex 3.750000e-01 3.125000e-01 1.000000e+00
vertex 3.125000e-01 3.125000e-01 1.000000e+00
endloop
endfacet
facet normal 0 0 0
outer loop
vertex 0.000000e+00 0.000000e+00 3.750000e-01
vertex 6.250000e-02 0.000000e+00 4.375000e-01
vertex 6.250000e-02 0.000000e+00 3.750000e-01
endloop
endfacet
facet normal 0 0 0
outer loop
vertex 1.875000e-01 0.000000e+00 9.375000e-01
vertex 2.500000e-01 0.000000e+00 9.375000e-01
vertex 1.875000e-01 0.000000e+00 8.750000e-01
endloop
endfacet
facet normal 0 0 0
outer loop
vertex 1.250000e-01 0.000000e+00 1.000000e+00
vertex 1.250000e-01 6.250000e-02 1.000000e+00
vertex 1.875000e-01 6.250000e-02 1.000000e+00
endloop
endfacet
facet normal 0 0 0
outer loop
vertex 3.750000e-01 3.750000e-01 1.000000e+00
vertex 3.125000e-01 3.125000e-01 1.000000e+00
vertex 3.125000e-01 3.750000e-01 1.000000e+00
endloop
endfacet
facet normal 0 0 0
outer loop
vertex 2.500000e-01 2.500000e-01 1.000000e+00
vertex 1.875000e-01 1.875000e-01 1.000000e+00
vertex 1.875000e-01 2.500000e-01 1.000000e+00
endloop
endfacet
facet normal 0 0 0
outer loop
vertex 4.375000e-01 0.000000e+00 6.875000e-01
vertex 3.750000e-01 0.000000e+00 6.875000e-01
vertex 4.375000e-01 0.000000e+00 7.500000e-01
endloop
endfacet
facet normal 0 0 0
outer loop
vertex 0.000000e+00 1.875000e-01 5.625000e-01
vertex 0.000000e+00 2.500000e-01 5.625000e-01
vertex 0.000000e+00 2.500000e-01 6.250000e-01
endloop
endfacet
facet normal 0 0 0
outer loop
vertex 1.875000e-01 6.250000e-02 1.000000e+00
vertex 2.500000e-01 6.250000e-02 1.000000e+00
vertex 1.875000e-01 0.000000e+00 1.000000e+00
endloop
endfacet
facet normal 0 0 0
outer loop
vertex 0.000000e+00 3.750000e-01 8.125000e-01
vertex 0.000000e+00 3.750000e-01 7.500000e-01
vertex 0.000000e+00 4.375000e-01 8.125000e-01
endloop
endfacet
facet normal 0 0 0
outer loop
vertex 2.500000e-01 0.000000e+00 9.375000e-01
vertex 1.875000e-01 0.000000e+00 9.375000e-01
vertex 2.500000e-01 0.000000e+00 1.000000e+00
endloop
endfacet
facet normal 0 0 0
outer loop
vertex 4.375000e-01 0.000000e+00 7.500000e-01
vertex 3.750000e-01 0.000000e+00 6.875000e-01
vertex 3.750000e-01 0.000000e+00 7.500000e-01
endloop
endfacet
facet normal 0 0 0
outer loop
vertex 3.125000e-01 6.250000e-02 1.000000e+00
vertex 3.750000e-01 6.250000e-02 1.000000e+00
vertex 3.125000e-01 0.000000e+00 1.000000e+00
endloop
endfacet
facet normal 0 0 0
outer loop
vertex 5.000000e-01 1.875000e-01 1.000000e+00
vertex 4.375000e-01 1.875000e-01 1.000000e+00
vertex 5.000000e-01 2.500000e-01 1.000000e+00
endloop
endfacet
facet normal 0 0 0
outer loop
vertex 4.375000e-01 1.250000e-01 1.000000e+00
vertex 4.375000e-01 1.875000e-01 1.000000e+00
vertex 5.000000e-01 1.875000e-01 1.000000e+00
endloop
endfacet
facet normal 0 0 0
outer loop
vertex 5.000000e-01 3.125000e-01 1.000000e+00
vertex 5.625000e-01 3.125000e-01 1.000000e+00
vertex 5.000000e-01 2.500000e-01 1.000000e+00
endloop
endfacet
facet normal 0 0 0
outer loop
vertex 3.750000e-01 5.625000e-01 1.000000e+00
vertex 3.750000e-01 5.000000e-01 1.000000e+00
vertex 3.125000e-01 5.000000e-01 1.000000e+00
endloop
endfacet
facet normal 0 0 0
outer loop
vertex 3.125000e-01 6.250000e-01 1.000000e+00
vertex 2.500000e-01 6.250000e-01 1.000000e+00
vertex 3.125000e-01 6.875000e-01 1.000000e+00
endloop
endfacet
facet normal 0 0 0
outer loop
vertex 3.125000e-01 1.875000e-01 1.000000e+00
vertex 3.750000e-01 2.500000e-01 1.000000e+00
vertex 3.750000e-01 1.875000e-01 1.000000e+00
endloop
endfacet
facet normal 0 0 0
outer loop
vertex 0.000000e+00 2.500000e-01 5.625000e-01
vertex 0.000000e+00 3.125000e-01 5.625000e-01
vertex 0.000000e+00 3.125000e-01 6.250000e-01
endloop
endfacet
facet normal 0 0 0
outer loop
vertex 0.000000e+00 3.125000e-01 6.875000e-01
vertex 0.000000e+00 3.750000e-01 6.875000e-01
vertex 0.000000e+00 3.750000e-01 7.500000e-01
endloop
endfacet
facet normal 0 0 0
outer loop
vertex 1.875000e-01 3.125000e-01 1.000000e+00
vertex 2.500000e-01 3.750000e-01 1.000000e+00
vertex 2.500000e-01 3.125000e-01 1.000000e+00
endloop
endfacet
facet normal 0 0 0
outer loop
vertex 3.125000e-01 9.375000e-01 1.000000e+00
vertex 2.500000e-01 8.750000e-01 1.000000e+00
vertex 2.500000e-01 9.375000e-01 1.000000e+00
endloop
endfacet
facet normal 0 0 0
outer loop
vertex 3.125000e-01 8.125000e-01 1.000000e+00
vertex 3.125000e-01 7.500000e-01 1.000000e+00
vertex 2.500000e-01 7.500000e-01 1.000000e+00
endloop
endfacet
facet normal 0 0 0
outer loop
vertex 1.875000e-01 3.750000e-01 1.000000e+00
vertex 2.500000e-01 3.750000e-01 1.000000e+00
vertex 1.875000e-01 3.125000e-01 1.000000e+00
endloop
endfacet
facet normal 0 0 0
outer loop
vertex 2.500000e-01 3.125000e-01 1.000000e+00
vertex 2.500000e-01 3.750000e-01 1.000000e+00
vertex 3.125000e-01 3.750000e-01 1.000000e+00
endloop
endfacet
facet normal 0 0 0
outer loop
vertex 0.000000e+00 1.875000e-01 6.250000e-01
vertex 0.000000e+00 1.250000e-01 6.250000e-01
vertex 0.000000e+00 1.250000e-01 5.625000e-01
endloop
endfacet
facet normal 0 0 0
outer loop
vertex 4.375000e-01 5.000000e-01 1.000000e+00
vertex 5.000000e-01 5.000000e-01 1.000000e+00
vertex 4.375000e-01 4.375000e-01 1.000000e+00
endloop
endfacet
facet normal 0 0 0
outer loop
vertex 0.000000e+00 3.750000e-01 9.375000e-01
vertex 0.000000e+00 3.125000e-01 9.375000e-01
vertex 0.000000e+00 3.125000e-01 8.750000e-01
endloop
endfacet
facet normal 0 0 0
outer loop
vertex 6.250000e-02 2.500000e-01 1.000000e+00
vertex 0.000000e+00 1.875000e-01 1.000000e+00
vertex 0.000000e+00 2.500000e-01 1.000000e+00
endloop
endfacet
facet normal 0 0 0
outer loop
vertex 0.000000e+00 1.875000e-01 1.000000e+00
vertex 0.000000e+00 1.875000e-01 9.375000e-01
vertex 0.000000e+00 2.500000e-01 1.000000e+00
endloop
endfacet
facet normal 0 0 0
outer loop
vertex 0.000000e+00 4.375000e-01 8.750000e-01
vertex 0.000000e+00 5.000000e-01 8.750000e-01
vertex 0.000000e+00 5.000000e-01 9.375000e-01
endloop
endfacet
facet normal 0 0 0
outer loop
vertex 0.000000e+00 3.750000e-01 1.000000e+00
vertex 6.250000e-02 4.375000e-01 1.000000e+00
vertex 6.250000e-02 3.750000e-01 1.000000e+00
endloop
endfacet
facet normal 0 0 0
outer loop
vertex 0.000000e+00 0.000000e+00 9.375000e-01
vertex 0.000000e+00 0.000000e+00 8.750000e-01
vertex 0.000000e+00 6.250000e-02 9.375000e-01
endloop
endfacet
facet normal 0 0 0
outer loop
vertex 0.000000e+00 0.000000e+00 8.750000e-01
vertex 0.000000e+00 0.000000e+00 9.375000e-01
vertex 6.250000e-02 0.000000e+00 9.375000e-01
endloop
endfacet
facet normal 0 0 0
outer loop
vertex 1.875000e-01 1.875000e-01 1.000000e+00
vertex 2.500000e-01 2.500000e-01 1.000000e+00
vertex 2.500000e-01 1.875000e-01 1.000000e+00
endloop
endfacet
facet normal 0 0 0
outer loop
vertex 0.000000e+00 5.625000e-01 6.875000e-01
vertex 0.000000e+00 6.250000e-01 7.500000e-01
vertex 0.000000e+00 5.625000e-01 7.500000e-01
endloop
endfacet
facet normal 0 0 0
outer loop
vertex 5.000000e-01 4.375000e-01 1.000000e+00
vertex 5.000000e-01 5.000000e-01 1.000000e+00
vertex 5.625000e-01 5.000000e-01 1.000000e+00
endloop
endfacet
facet normal 0 0 0
outer loop
vertex 1.250000e-01 2.500000e-01 1.000000e+00
vertex 6.250000e-02 1.875000e-01 1.000000e+00
vertex 6.250000e-02 2.500000e-01 1.000000e+00
endloop
endfacet
facet normal 0 0 0
outer loop
vertex 3.750000e-01 0.000000e+00 4.375000e-01
vertex 3.125000e-01 0.000000e+00 3.750000e-01
vertex 3.125000e-01 0.000000e+00 4.375000e-01
endloop
endfacet
facet normal 0 0 0
outer loop
vertex 3.125000e-01 2.500000e-01 1.000000e+00
vertex 3.750000e-01 3.125000e-01 1.000000e+00
vertex 3.750000e-01 2.500000e-01 1.000000e+00
endloop
endfacet
facet normal 0 0 0
outer loop
vertex 2.500000e-01 1.000000e+00 1.000000e+00
vertex 3.125000e-01 1.000000e+00 1.000000e+00
vertex 2.500000e-01 9.375000e-01 1.000000e+00
endloop
endfacet
facet normal 0 0 0
outer loop
vertex 3.125000e-01 1.000000e+00 1.000000e+00
vertex 2.500000e-01 1.000000e+00 1.000000e+00
vertex 2.500000e-01 1.000000e+00 9.375000e-01
endloop
endfacet
facet normal 0 0 0
outer loop
vertex 5.000000e-01 6.250000e-01 1.000000e+00
vertex 4.375000e-01 5.625000e-01 1.000000e+00
vertex 4.375000e-01 6.250000e-01 1.000000e+00
endloop
endfacet
facet normal 0 0 0
outer loop
vertex 0.000000e+00 5.000000e-01 9.375000e-01
vertex 0.000000e+00 5.000000e-01 1.000000e+00
vertex 0.000000e+00 4.375000e-01 9.375000e-01
endloop
endfacet
facet normal 0 0 0
outer loop
vertex 5.000000e-01 6.875000e-01 1.000000e+00
vertex 4.375000e-01 6.250000e-01 1.000000e+00
vertex 4.375000e-01 6.875000e-01 1.000000e+00
endloop
endfacet
facet normal 0 0 0
outer loop
vertex 2.500000e-01 3.750000e-01 1.000000e+00
vertex 3.125000e-01 4.375000e-01 1.000000e+00
vertex 3.125000e-01 3.750000e-01 1.000000e+00
endloop
endfacet
facet normal 0 0 0
outer loop
vertex 1.875000e-01 8.125000e-01 1.000000e+00
vertex 1.250000e-01 8.125000e-01 1.000000e+00
vertex 1.875000e-01 8.750000e-01 1.000000e+00
endloop
endfacet
facet normal 0 0 0
outer loop
vertex 5.000000e-01 4.375000e-01 1.000000e+00
vertex 5.000000e-01 3.750000e-01 1.000000e+00
vertex 4.375000e-01 3.750000e-01 1.000000e+00
endloop
endfacet
facet normal 0 0 0
outer loop
vertex 1.875000e-01 8.750000e-01 1.000000e+00
vertex 1.250000e-01 8.750000e-01 1.000000e+00
vertex 1.875000e-01 9.375000e-01 1.000000e+00
endloop
endfacet
facet normal 0 0 0
outer loop
vertex 3.750000e-01 6.250000e-01 1.000000e+00
vertex 4.375000e-01 6.875000e-01 1.000000e+00
vertex 4.375000e-01 6.250000e-01 1.000000e+00
endloop
endfacet
facet normal 0 0 0
outer loop
vertex 1.875000e-01 4.375000e-01 1.000000e+00
vertex 2.500000e-01 4.375000e-01 1.000000e+00
vertex 1.875000e-01 3.750000e-01 1.000000e+00
endloop
endfacet
facet normal 0 0 0
outer loop
vertex 2.500000e-01 4.375000e-01 1.000000e+00
vertex 2.500000e-01 3.750000e-01 1.000000e+00
vertex 1.875000e-01 3.750000e-01 1.000000e+00
endloop
endfacet
facet normal 0 0 0
outer loop
vertex 5.625000e-01 6.250000e-01 1.000000e+00
vertex 5.000000e-01 6.250000e-01 1.000000e+00
vertex 5.625000e-01 6.875000e-01 1.000000e+00
endloop
endfacet
facet normal 0 0 0
outer loop
vertex 1.875000e-01 0.000000e+00 1.875000e-01
vertex 1.250000e-01 0.000000e+00 1.875000e-01
vertex 1.875000e-01 0.000000e+00 2.500000e-01
endloop
endfacet
facet normal 0 0 0
outer loop
vertex 5.000000e-01 4.375000e-01 1.000000e+00
vertex 5.625000e-01 5.000000e-01 1.000000e+00
vertex 5.625000e-01 4.375000e-01 1.000000e+00
endloop
endfacet
facet normal 0 0 0
outer loop
vertex 5.000000e-01 5.000000e-01 1.000000e+00
vertex 5.000000e-01 4.375000e-01 1.000000e+00
vertex 4.375000e-01 4.375000e-01 1.000000e+00
endloop
endfacet
facet normal 0 0 0
outer loop
vertex 0.000000e+00 3.125000e-01 7.500000e-01
vertex 0.000000e+00 3.125000e-01 6.875000e-01
vertex 0.000000e+00 3.750000e-01 7.500000e-01
endloop
endfacet
facet normal 0 0 0
outer loop
vertex 2.500000e-01 3.125000e-01 1.000000e+00
vertex 2.500000e-01 2.500000e-01 1.000000e+00
vertex 1.875000e-01 2.500000e-01 1.000000e+00
endloop
endfacet
facet normal 0 0 0
outer loop
vertex 3.125000e-01 3.750000e-01 1.000000e+00
vertex 3.125000e-01 3.125000e-01 1.000000e+00
vertex 2.500000e-01 3.125000e-01 1.000000e+00
endloop
endfacet
facet normal 0 0 0
outer loop
vertex 3.750000e-01 3.750000e-01 1.000000e+00
vertex 4.375000e-01 3.750000e-01 1.000000e+00
vertex 3.750000e-01 3.125000e-01 1.000000e+00
endloop
endfacet
facet normal 0 0 0
outer loop
vertex 3.750000e-01 3.125000e-01 1.000000e+00
vertex 4.375000e-01 3.750000e-01 1.000000e+00
vertex 4.375000e-01 3.125000e-01 1.000000e+00
endloop
endfacet
facet normal 0 0 0
outer loop
vertex 6.250000e-02 5.625000e-01 1.000000e+00
vertex 0.000000e+00 5.625000e-01 1.000000e+00
vertex 6.250000e-02 6.250000e-01 1.000000e+00
endloop
endfacet
facet normal 0 0 0
outer loop
vertex 0.000000e+00 8.125000e-01 5.625000e-01
vertex 0.000000e+00 7.500000e-01 5.625000e-01
vertex 0.000000e+00 7.500000e-01 5.000000e-01
endloop
endfacet
facet normal 0 0 0
outer loop
vertex 5.625000e-01 5.625000e-01 1.000000e+00
vertex 5.000000e-01 5.625000e-01 1.000000e+00
vertex 5.625000e-01 6.250000e-01 1.000000e+00
endloop
endfacet
facet normal 0 0 0
outer loop
vertex 4.375000e-01 0.000000e+00 6.250000e-01
vertex 3.750000e-01 0.000000e+00 6.250000e-01
vertex 4.375000e-01 0.000000e+00 6.875000e-01
endloop
endfacet
facet normal 0 0 0
outer loop
vertex 0.000000e+00 5.000000e-01 1.000000e+00
vertex 0.000000e+00 4.375000e-01 1.000000e+00
vertex 0.000000e+00 4.375000e-01 9.375000e-01
endloop
endfacet
facet normal 0 0 0
outer loop
vertex 0.000000e+00 4.375000e-01 1.000000e+00
vertex 0.000000e+00 5.000000e-01 1.000000e+00
vertex 6.250000e-02 5.000000e-01 1.000000e+00
endloop
endfacet
facet normal 0 0 0
outer loop
vertex 5.000000e-01 5.625000e-01 1.000000e+00
vertex 5.000000e-01 5.000000e-01 1.000000e+00
vertex 4.375000e-01 5.000000e-01 1.000000e+00
endloop
endfacet
facet normal 0 0 0
outer loop
vertex 3.750000e-01 0.000000e+00 5.625000e-01
vertex 3.750000e-01 0.000000e+00 6.250000e-01
vertex 4.375000e-01 0.000000e+00 6.250000e-01
endloop
endfacet
facet normal 0 0 0
outer loop
vertex 5.000000e-01 0.000000e+00 5.625000e-01
vertex 4.375000e-01 0.000000e+00 5.000000e-01
vertex 4.375000e-01 0.000000e+00 5.625000e-01
endloop
endfacet
facet normal 0 0 0
outer loop
vertex 0.000000e+00 2.500000e-01 0.000000e+00
vertex 0.000000e+00 3.125000e-01 6.250000e-02
vertex 0.000000e+00 2.500000e-01 6.250000e-02
endloop
endfacet
facet normal 0 0 0
outer loop
vertex 3.125000e-01 0.000000e+00 7.500000e-01
vertex 3.125000e-01 0.000000e+00 8.125000e-01
vertex 3.750000e-01 0.000000e+00 8.125000e-01
endloop
endfacet
facet normal 0 0 0
outer loop
vertex 4.375000e-01 0.000000e+00 5.625000e-01
vertex 3.750000e-01 0.000000e+00 5.625000e-01
vertex 4.375000e-01 0.000000e+00 6.250000e-01
endloop
endfacet
facet normal 0 0 0
outer loop
vertex 2.500000e-01 3.125000e-01 1.000000e+00
vertex 3.125000e-01 3.125000e-01 1.000000e+00
vertex 2.500000e-01 2.500000e-01 1.000000e+00
endloop
endfacet
facet normal 0 0 0
outer loop
vertex 3.750000e-01 0.000000e+00 3.750000e-01
vertex 3.750000e-01 0.000000e+00 4.375000e-01
vertex 4.375000e-01 0.000000e+00 4.375000e-01
endloop
endfacet
facet normal 0 0 0
outer loop
vertex 3.750000e-01 3.125000e-01 1.000000e+00
vertex 3.125000e-01 2.500000e-01 1.000000e+00
vertex 3.125000e-01 3.125000e-01 1.000000e+00
endloop
endfacet
facet normal 0 0 0
outer loop
vertex 3.750000e-01 2.500000e-01 1.000000e+00
vertex 3.750000e-01 3.125000e-01 1.000000e+00
vertex 4.375000e-01 3.125000e-01 1.000000e+00
endloop
endfacet
facet normal 0 0 0
outer loop
vertex 4.375000e-01 0.000000e+00 6.875000e-01
vertex 3.750000e-01 0.000000e+00 6.250000e-01
vertex 3.750000e-01 0.000000e+00 6.875000e-01
endloop
endfacet
facet normal 0 0 0
outer loop
vertex 4.375000e-01 0.000000e+00 8.750000e-01
vertex 3.750000e-01 0.000000e+00 8.125000e-01
vertex 3.750000e-01 0.000000e+00 8.750000e-01
endloop
endfacet
facet normal 0 0 0
outer loop
vertex 5.000000e-01 0.000000e+00 5.000000e-01
vertex 4.375000e-01 0.000000e+00 4.375000e-01
vertex 4.375000e-01 0.000000e+00 5.000000e-01
endloop
endfacet
facet normal 0 0 0
outer loop
vertex 4.375000e-01 1.250000e-01 1.000000e+00
vertex 3.750000e-01 6.250000e-02 1.000000e+00
vertex 3.750000e-01 1.250000e-01 1.000000e+00
endloop
endfacet
facet normal 0 0 0
outer loop
vertex 3.750000e-01 1.250000e-01 1.000000e+00
vertex 3.125000e-01 1.250000e-01 1.000000e+00
vertex 3.750000e-01 1.875000e-01 1.000000e+00
endloop
endfacet
facet normal 0 0 0
outer loop
vertex 3.750000e-01 1.250000e-01 1.000000e+00
vertex 3.125000e-01 6.250000e-02 1.000000e+00
vertex 3.125000e-01 1.250000e-01 1.000000e+00
endloop
endfacet
facet normal 0 0 0
outer loop
vertex 1.875000e-01 1.250000e-01 1.000000e+00
vertex 2.500000e-01 1.875000e-01 1.000000e+00
vertex 2.500000e-01 1.250000e-01 1.000000e+00
endloop
endfacet
facet normal 0 0 0
outer loop
vertex 3.125000e-01 0.000000e+00 8.750000e-01
vertex 3.750000e-01 0.000000e+00 9.375000e-01
vertex 3.750000e-01 0.000000e+00 8.750000e-01
endloop
endfacet
facet normal 0 0 0
outer loop
vertex 3.750000e-01 0.000000e+00 9.375000e-01
vertex 4.375000e-01 0.000000e+00 9.375000e-01
vertex 3.750000e-01 0.000000e+00 8.750000e-01
endloop
endfacet
facet normal 0 0 0
outer loop
vertex 4.375000e-01 0.000000e+00 8.750000e-01
vertex 3.750000e-01 0.000000e+00 8.750000e-01
vertex 4.375000e-01 0.000000e+00 9.375000e-01
endloop
endfacet
facet normal 0 0 0
outer loop
vertex 2.500000e-01 3.125000e-01 1.000000e+00
vertex 1.875000e-01 2.500000e-01 1.000000e+00
vertex 1.875000e-01 3.125000e-01 1.000000e+00
endloop
endfacet
facet normal 0 0 0
outer loop
vertex 1.875000e-01 0.000000e+00 7.500000e-01
vertex 1.250000e-01 0.000000e+00 7.500000e-01
vertex 1.875000e-01 0.000000e+00 8.125000e-01
endloop
endfacet
facet normal 0 0 0
outer loop
vertex 1.875000e-01 1.875000e-01 1.000000e+00
vertex 2.500000e-01 1.875000e-01 1.000000e+00
vertex 1.875000e-01 1.250000e-01 1.000000e+00
endloop
endfacet
facet normal 0 0 0
outer loop
vertex 4.375000e-01 1.875000e-01 1.000000e+00
vertex 3.750000e-01 1.250000e-01 1.000000e+00
vertex 3.750000e-01 1.875000e-01 1.000000e+00
endloop
endfacet
facet normal 0 0 0
outer loop
vertex 3.750000e-01 1.250000e-01 1.000000e+00
vertex 4.375000e-01 1.875000e-01 1.000000e+00
vertex 4.375000e-01 1.250000e-01 1.000000e+00
endloop
endfacet
facet normal 0 0 0
outer loop
vertex 3.125000e-01 1.875000e-01 1.000000e+00
vertex 3.750000e-01 1.875000e-01 1.000000e+00
vertex 3.125000e-01 1.250000e-01 1.000000e+00
endloop
endfacet
facet normal 0 0 0
outer loop
vertex 3.750000e-01 6.250000e-02 1.000000e+00
vertex 3.125000e-01 6.250000e-02 1.000000e+00
vertex 3.750000e-01 1.250000e-01 1.000000e+00
endloop
endfacet
facet normal 0 0 0
outer loop
vertex 3.125000e-01 0.000000e+00 9.375000e-01
vertex 3.750000e-01 0.000000e+00 9.375000e-01
vertex 3.125000e-01 0.000000e+00 8.750000e-01
endloop
endfacet
facet normal 0 0 0
outer loop
vertex 3.750000e-01 6.250000e-02 1.000000e+00
vertex 4.375000e-01 1.250000e-01 1.000000e+00
vertex 4.375000e-01 6.250000e-02 1.000000e+00
endloop
endfacet
facet normal 0 0 0
outer loop
vertex 4.375000e-01 0.000000e+00 8.125000e-01
vertex 3.750000e-01 0.000000e+00 8.125000e-01
vertex 4.375000e-01 0.000000e+00 8.750000e-01
endloop
endfacet
facet normal 0 0 0
outer loop
vertex 3.125000e-01 0.000000e+00 8.125000e-01
vertex 3.750000e-01 0.000000e+00 8.750000e-01
vertex 3.750000e-01 0.000000e+00 8.125000e-01
endloop
endfacet
facet normal 0 0 0
outer loop
vertex 1.875000e-01 1.250000e-01 1.000000e+00
vertex 1.250000e-01 1.250000e-01 1.000000e+00
vertex 1.875000e-01 1.875000e-01 1.000000e+00
endloop
endfacet
facet normal 0 0 0
outer loop
vertex 6.250000e-02 0.000000e+00 6.875000e-01
vertex 6.250000e-02 0.000000e+00 7.500000e-01
vertex 1.250000e-01 0.000000e+00 7.500000e-01
endloop
endfacet
facet normal 0 0 0
outer loop
vertex 6.250000e-02 4.375000e-01 1.000000e+00
vertex 1.250000e-01 4.375000e-01 1.000000e+00
vertex 6.250000e-02 3.750000e-01 1.000000e+00
endloop
endfacet
facet normal 0 0 0
outer loop
vertex 3.750000e-01 3.750000e-01 0.000000e+00
vertex 4.375000e-01 4.375000e-01 0.000000e+00
vertex 3.750000e-01 4.375000e-01 0.000000e+00
endloop
endfacet
facet normal 0 0 0
outer loop
vertex 0.000000e+00 3.750000e-01 2.500000e-01
vertex 0.000000e+00 4.375000e-01 2.500000e-01
vertex 0.000000e+00 4.375000e-01 3.125000e-01
endloop
endfacet
facet normal 0 0 0
outer loop
vertex 2.500000e-01 0.000000e+00 3.750000e-01
vertex 1.875000e-01 0.000000e+00 3.125000e-01
vertex 1.875000e-01 0.000000e+00 3.750000e-01
endloop
endfacet
facet normal 0 0 0
outer loop
vertex 0.000000e+00 1.250000e-01 3.125000e-01
vertex 0.000000e+00 1.875000e-01 3.125000e-01
vertex 0.000000e+00 1.875000e-01 3.750000e-01
endloop
endfacet
facet normal 0 0 0
outer loop
vertex 0.000000e+00 4.375000e-01 4.375000e-01
vertex 0.000000e+00 5.000000e-01 5.000000e-01
vertex 0.000000e+00 4.375000e-01 5.000000e-01
endloop
endfacet
facet normal 0 0 0
outer loop
vertex 3.125000e-01 4.375000e-01 1.000000e+00
vertex 2.500000e-01 4.375000e-01 1.000000e+00
vertex 3.125000e-01 5.000000e-01 1.000000e+00
endloop
endfacet
facet normal 0 0 0
outer loop
vertex 2.500000e-01 4.375000e-01 1.000000e+00
vertex 2.500000e-01 5.000000e-01 1.000000e+00
vertex 3.125000e-01 5.000000e-01 1.000000e+00
endloop
endfacet
facet normal 0 0 0
outer loop
vertex 2.500000e-01 4.375000e-01 1.000000e+00
vertex 1.875000e-01 4.375000e-01 1.000000e+00
vertex 2.500000e-01 5.000000e-01 1.000000e+00
endloop
endfacet
facet normal 0 0 0
outer loop
vertex 1.875000e-01 4.375000e-01 1.000000e+00
vertex 1.875000e-01 5.000000e-01 1.000000e+00
vertex 2.500000e-01 5.000000e-01 1.000000e+00
endloop
endfacet
facet normal 0 0 0
outer loop
vertex 0.000000e+00 2.500000e-01 3.750000e-01
vertex 0.000000e+00 2.500000e-01 3.125000e-01
vertex 0.000000e+00 3.125000e-01 3.750000e-01
endloop
endfacet
facet normal 0 0 0
outer loop
vertex 3.125000e-01 5.000000e-01 1.000000e+00
vertex 3.750000e-01 5.000000e-01 1.000000e+00
vertex 3.125000e-01 4.375000e-01 1.000000e+00
endloop
endfacet
facet normal 0 0 0
outer loop
vertex 0.000000e+00 5.000000e-01 8.750000e-01
vertex 0.000000e+00 4.375000e-01 8.125000e-01
vertex 0.000000e+00 5.000000e-01 8.125000e-01
endloop
endfacet
facet normal 0 0 0
outer loop
vertex 0.000000e+00 2.500000e-01 6.875000e-01
vertex 0.000000e+00 1.875000e-01 6.875000e-01
vertex 0.000000e+00 1.875000e-01 6.250000e-01
endloop
endfacet
facet normal 0 0 0
outer loop
vertex 0.000000e+00 6.250000e-02 8.125000e-01
vertex 0.000000e+00 6.250000e-02 7.500000e-01
vertex 0.000000e+00 1.250000e-01 8.125000e-01
endloop
endfacet
facet normal 0 0 0
outer loop
vertex 0.000000e+00 4.375000e-01 6.250000e-01
vertex 0.000000e+00 5.000000e-01 6.250000e-01
vertex 0.000000e+00 5.000000e-01 6.875000e-01
endloop
endfacet
facet normal 0 0 0
outer loop
vertex 0.000000e+00 5.000000e-01 2.500000e-01
vertex 0.000000e+00 5.000000e-01 3.125000e-01
vertex 0.000000e+00 4.375000e-01 2.500000e-01
endloop
endfacet
facet normal 0 0 0
outer loop
vertex 0.000000e+00 4.375000e-01 6.875000e-01
vertex 0.000000e+00 5.000000e-01 6.875000e-01
vertex 0.000000e+00 5.000000e-01 7.500000e-01
endloop
endfacet
facet normal 0 0 0
outer loop
vertex 0.000000e+00 1.875000e-01 5.625000e-01
vertex 0.000000e+00 2.500000e-01 6.250000e-01
vertex 0.000000e+00 1.875000e-01 6.250000e-01
endloop
endfacet
facet normal 0 0 0
outer loop
vertex 5.000000e-01 1.000000e+00 6.875000e-01
vertex 5.000000e-01 1.000000e+00 6.250000e-01
vertex 5.625000e-01 1.000000e+00 6.875000e-01
endloop
endfacet
facet normal 0 0 0
outer loop
vertex 0.000000e+00 3.750000e-01 6.250000e-01
vertex 0.000000e+00 3.750000e-01 5.625000e-01
vertex 0.000000e+00 4.375000e-01 6.250000e-01
endloop
endfacet
facet normal 0 0 0
outer loop
vertex 6.250000e-02 0.000000e+00 6.875000e-01
vertex 0.000000e+00 0.000000e+00 6.250000e-01
vertex 0.000000e+00 0.000000e+00 6.875000e-01
endloop
endfacet
facet normal 0 0 0
outer loop
vertex 0.000000e+00 0.000000e+00 6.875000e-01
vertex 0.000000e+00 0.000000e+00 6.250000e-01
vertex 0.000000e+00 6.250000e-02 6.875000e-01
endloop
endfacet
facet normal 0 0 0
outer loop
vertex 1.875000e-01 8.125000e-01 1.000000e+00
vertex 2.500000e-01 8.125000e-01 1.000000e+00
vertex 1.875000e-01 7.500000e-01 1.000000e+00
endloop
endfacet
facet normal 0 0 0
outer loop
vertex 0.000000e+00 6.250000e-02 6.875000e-01
vertex 0.000000e+00 0.000000e+00 6.250000e-01
vertex 0.000000e+00 6.250000e-02 6.250000e-01
endloop
endfacet
facet normal 0 0 0
outer loop
vertex 0.000000e+00 1.250000e-01 5.625000e-01
vertex 0.000000e+00 1.250000e-01 6.250000e-01
vertex 0.000000e+00 6.250000e-02 5.625000e-01
endloop
endfacet
facet normal 0 0 0
outer loop
vertex 0.000000e+00 1.250000e-01 5.625000e-01
vertex 0.000000e+00 6.250000e-02 5.625000e-01
vertex 0.000000e+00 6.250000e-02 5.000000e-01
endloop
endfacet
facet normal 0 0 0
outer loop
vertex 0.000000e+00 1.875000e-01 3.125000e-01
vertex 0.000000e+00 1.875000e-01 2.500000e-01
vertex 0.000000e+00 2.500000e-01 3.125000e-01
endloop
endfacet
facet normal 0 0 0
outer loop
vertex 0.000000e+00 3.125000e-01 6.250000e-01
vertex 0.000000e+00 3.750000e-01 6.250000e-01
vertex 0.000000e+00 3.750000e-01 6.875000e-01
endloop
endfacet
facet normal 0 0 0
outer loop
vertex 2.500000e-01 1.000000e+00 6.875000e-01
vertex 3.125000e-01 1.000000e+00 7.500000e-01
vertex 2.500000e-01 1.000000e+00 7.500000e-01
endloop
endfacet
facet normal 0 0 0
outer loop
vertex 1.875000e-01 1.875000e-01 1.000000e+00
vertex 1.250000e-01 1.250000e-01 1.000000e+00
vertex 1.250000e-01 1.875000e-01 1.000000e+00
endloop
endfacet
facet normal 0 0 0
outer loop
vertex 0.000000e+00 6.250000e-02 7.500000e-01
vertex 0.000000e+00 1.250000e-01 7.500000e-01
vertex 0.000000e+00 1.250000e-01 8.125000e-01
endloop
endfacet
facet normal 0 0 0
outer loop
vertex 0.000000e+00 3.750000e-01 6.875000e-01
vertex 0.000000e+00 4.375000e-01 7.500000e-01
vertex 0.000000e+00 3.750000e-01 7.500000e-01
endloop
endfacet
facet normal 0 0 0
outer loop
vertex 0.000000e+00 2.500000e-01 8.125000e-01
vertex 0.000000e+00 2.500000e-01 7.500000e-01
vertex 0.000000e+00 3.125000e-01 8.125000e-01
endloop
endfacet
facet normal 0 0 0
outer loop
vertex 0.000000e+00 2.500000e-01 6.250000e-01
vertex 0.000000e+00 2.500000e-01 5.625000e-01
vertex 0.000000e+00 3.125000e-01 6.250000e-01
endloop
endfacet
facet normal 0 0 0
outer loop
vertex 0.000000e+00 4.375000e-01 6.250000e-01
vertex 0.000000e+00 3.750000e-01 5.625000e-01
vertex 0.000000e+00 4.375000e-01 5.625000e-01
endloop
endfacet
facet normal 0 0 0
outer loop
vertex 1.875000e-01 4.375000e-01 1.000000e+00
vertex 1.250000e-01 3.750000e-01 1.000000e+00
vertex 1.250000e-01 4.375000e-01 1.000000e+00
endloop
endfacet
facet normal 0 0 0
outer loop
vertex 0.000000e+00 2.500000e-01 7.500000e-01
vertex 0.000000e+00 3.125000e-01 7.500000e-01
vertex 0.000000e+00 3.125000e-01 8.125000e-01
endloop
endfacet
facet normal 0 0 0
outer loop
vertex 0.000000e+00 1.875000e-01 6.875000e-01
vertex 0.000000e+00 2.500000e-01 6.875000e-01
vertex 0.000000e+00 2.500000e-01 7.500000e-01
endloop
endfacet
facet normal 0 0 0
outer loop
vertex 0.000000e+00 2.500000e-01 6.875000e-01
vertex 0.000000e+00 3.125000e-01 7.500000e-01
vertex 0.000000e+00 2.500000e-01 7.500000e-01
endloop
endfacet
facet normal 0 0 0
outer loop
vertex 6.250000e-02 0.000000e+00 7.500000e-01
vertex 0.000000e+00 0.000000e+00 6.875000e-01
vertex 0.000000e+00 0.000000e+00 7.500000e-01
endloop
endfacet
facet normal 0 0 0
outer loop
vertex 0.000000e+00 0.000000e+00 7.500000e-01
vertex 0.000000e+00 0.000000e+00 6.875000e-01
vertex 0.000000e+00 6.250000e-02 7.500000e-01
endloop
endfacet
facet normal 0 0 0
outer loop
vertex 1.875000e-01 0.000000e+00 5.000000e-01
vertex 1.250000e-01 0.000000e+00 5.000000e-01
vertex 1.875000e-01 0.000000e+00 5.625000e-01
endloop
endfacet
facet normal 0 0 0
outer loop
vertex 0.000000e+00 3.750000e-01 6.250000e-01
vertex 0.000000e+00 3.125000e-01 6.250000e-01
vertex 0.000000e+00 3.125000e-01 5.625000e-01
endloop
endfacet
facet normal 0 0 0
outer loop
vertex 0.000000e+00 3.750000e-01 5.625000e-01
vertex 0.000000e+00 3.750000e-01 6.250000e-01
vertex 0.000000e+00 3.125000e-01 5.625000e-01
endloop
endfacet
facet normal 0 0 0
outer loop
vertex 0.000000e+00 5.000000e-01 6.250000e-01
vertex 0.000000e+00 5.625000e-01 6.875000e-01
vertex 0.000000e+00 5.000000e-01 6.875000e-01
endloop
endfacet
facet normal 0 0 0
outer loop
vertex 0.000000e+00 5.000000e-01 5.625000e-01
vertex 0.000000e+00 5.000000e-01 6.250000e-01
vertex 0.000000e+00 4.375000e-01 5.625000e-01
endloop
endfacet
facet normal 0 0 0
outer loop
vertex 0.000000e+00 3.125000e-01 5.000000e-01
vertex 0.000000e+00 2.500000e-01 4.375000e-01
vertex 0.000000e+00 3.125000e-01 4.375000e-01
endloop
endfacet
facet normal 0 0 0
outer loop
vertex 0.000000e+00 4.375000e-01 6.875000e-01
vertex 0.000000e+00 4.375000e-01 6.250000e-01
vertex 0.000000e+00 5.000000e-01 6.875000e-01
endloop
endfacet
facet normal 0 0 0
outer loop
vertex 0.000000e+00 3.750000e-01 3.750000e-01
vertex 0.000000e+00 3.125000e-01 3.125000e-01
vertex 0.000000e+00 3.750000e-01 3.125000e-01
endloop
endfacet
facet normal 0 0 0
outer loop
vertex 0.000000e+00 3.750000e-01 3.125000e-01
vertex 0.000000e+00 3.750000e-01 2.500000e-01
vertex 0.000000e+00 4.375000e-01 3.125000e-01
endloop
endfacet
facet normal 0 0 0
outer loop
vertex 6.250000e-02 0.000000e+00 7.500000e-01
vertex 1.250000e-01 0.000000e+00 8.125000e-01
vertex 1.250000e-01 0.000000e+00 7.500000e-01
endloop
endfacet
facet normal 0 0 0
outer loop
vertex 0.000000e+00 4.375000e-01 5.625000e-01
vertex 0.000000e+00 5.000000e-01 6.250000e-01
vertex 0.000000e+00 4.375000e-01 6.250000e-01
endloop
endfacet
facet normal 0 0 0
outer loop
vertex 0.000000e+00 0.000000e+00 3.125000e-01
vertex 0.000000e+00 6.250000e-02 3.125000e-01
vertex 0.000000e+00 6.250000e-02 3.750000e-01
endloop
endfacet
facet normal 0 0 0
outer loop
vertex 0.000000e+00 3.750000e-01 6.250000e-01
vertex 0.000000e+00 4.375000e-01 6.875000e-01
vertex 0.000000e+00 3.750000e-01 6.875000e-01
endloop
endfacet
facet normal 0 0 0
outer loop
vertex 0.000000e+00 4.375000e-01 6.875000e-01
vertex 0.000000e+00 3.750000e-01 6.250000e-01
vertex 0.000000e+00 4.375000e-01 6.250000e-01
endloop
endfacet
facet normal 0 0 0
outer loop
vertex 0.000000e+00 5.625000e-01 5.625000e-01
vertex 0.000000e+00 5.625000e-01 6.250000e-01
vertex 0.000000e+00 5.000000e-01 5.625000e-01
endloop
endfacet
facet normal 0 0 0
outer loop
vertex 0.000000e+00 3.125000e-01 6.875000e-01
vertex 0.000000e+00 3.125000e-01 6.250000e-01
vertex 0.000000e+00 3.750000e-01 6.875000e-01
endloop
endfacet
facet normal 0 0 0
outer loop
vertex 0.000000e+00 4.375000e-01 9.375000e-01
vertex 0.000000e+00 4.375000e-01 8.750000e-01
vertex 0.000000e+00 5.000000e-01 9.375000e-01
endloop
endfacet
facet normal 0 0 0
outer loop
vertex 0.000000e+00 5.625000e-01 6.875000e-01
vertex 0.000000e+00 5.625000e-01 7.500000e-01
vertex 0.000000e+00 5.000000e-01 6.875000e-01
endloop
endfacet
facet normal 0 0 0
outer loop
vertex 1.875000e-01 3.750000e-01 1.000000e+00
vertex 1.250000e-01 3.125000e-01 1.000000e+00
vertex 1.250000e-01 3.750000e-01 1.000000e+00
endloop
endfacet
facet normal 0 0 0
outer loop
vertex 0.000000e+00 5.000000e-01 8.750000e-01
vertex 0.000000e+00 4.375000e-01 8.750000e-01
vertex 0.000000e+00 4.375000e-01 8.125000e-01
endloop
endfacet
facet normal 0 0 0
outer loop
vertex 0.000000e+00 8.750000e-01 5.625000e-01
vertex 0.000000e+00 9.375000e-01 6.250000e-01
vertex 0.000000e+00 8.750000e-01 6.250000e-01
endloop
endfacet
facet normal 0 0 0
outer loop
vertex 0.000000e+00 9.375000e-01 7.500000e-01
vertex 0.000000e+00 9.375000e-01 6.875000e-01
vertex 0.000000e+00 1.000000e+00 7.500000e-01
endloop
endfacet
facet normal 0 0 0
outer loop
vertex 1.875000e-01 1.000000e+00 9.375000e-01
vertex 2.500000e-01 1.000000e+00 1.000000e+00
vertex 1.875000e-01 1.000000e+00 1.000000e+00
endloop
endfacet
facet normal 0 0 0
outer loop
vertex 1.875000e-01 1.000000e+00 1.000000e+00
vertex 2.500000e-01 1.000000e+00 1.000000e+00
vertex 1.875000e-01 9.375000e-01 1.000000e+00
endloop
endfacet
facet normal 0 0 0
outer loop
vertex 1.250000e-01 3.125000e-01 1.000000e+00
vertex 6.250000e-02 3.125000e-01 1.000000e+00
vertex 1.250000e-01 3.750000e-01 1.000000e+00
endloop
endfacet
facet normal 0 0 0
outer loop
vertex 0.000000e+00 4.375000e-01 8.750000e-01
vertex 0.000000e+00 3.750000e-01 8.125000e-01
vertex 0.000000e+00 4.375000e-01 8.125000e-01
endloop
endfacet
facet normal 0 0 0
outer loop
vertex 1.875000e-01 4.375000e-01 1.000000e+00
vertex 1.250000e-01 4.375000e-01 1.000000e+00
vertex 1.875000e-01 5.000000e-01 1.000000e+00
endloop
endfacet
facet normal 0 0 0
outer loop
vertex 0.000000e+00 6.875000e-01 8.750000e-01
vertex 0.000000e+00 6.250000e-01 8.750000e-01
vertex 0.000000e+00 6.250000e-01 8.125000e-01
endloop
endfacet
facet normal 0 0 0
outer loop
vertex 1.250000e-01 0.000000e+00 7.500000e-01
vertex 1.250000e-01 0.000000e+00 8.125000e-01
vertex 1.875000e-01 0.000000e+00 8.125000e-01
endloop
endfacet
facet normal 0 0 0
outer loop
vertex 0.000000e+00 3.750000e-01 8.750000e-01
vertex 0.000000e+00 3.125000e-01 8.750000e-01
vertex 0.000000e+00 3.125000e-01 8.125000e-01
endloop
endfacet
facet normal 0 0 0
outer loop
vertex 2.500000e-01 9.375000e-01 1.000000e+00
vertex 3.125000e-01 1.000000e+00 1.000000e+00
vertex 3.125000e-01 9.375000e-01 1.000000e+00
endloop
endfacet
facet normal 0 0 0
outer loop
vertex 0.000000e+00 6.250000e-01 8.750000e-01
vertex 0.000000e+00 5.625000e-01 8.125000e-01
vertex 0.000000e+00 6.250000e-01 8.125000e-01
endloop
endfacet
facet normal 0 0 0
outer loop
vertex 1.250000e-01 5.000000e-01 1.000000e+00
vertex 1.250000e-01 4.375000e-01 1.000000e+00
vertex 6.250000e-02 4.375000e-01 1.000000e+00
endloop
endfacet
facet normal 0 0 0
outer loop
vertex 6.250000e-02 3.125000e-01 1.000000e+00
vertex 1.250000e-01 3.125000e-01 1.000000e+00
vertex 6.250000e-02 2.500000e-01 1.000000e+00
endloop
endfacet
facet normal 0 0 0
outer loop
vertex 0.000000e+00 4.375000e-01 1.000000e+00
vertex 6.250000e-02 5.000000e-01 1.000000e+00
vertex 6.250000e-02 4.375000e-01 1.000000e+00
endloop
endfacet
facet normal 0 0 0
outer loop
vertex 0.000000e+00 4.375000e-01 9.375000e-01
vertex 0.000000e+00 4.375000e-01 1.000000e+00
vertex 0.000000e+00 3.750000e-01 9.375000e-01
endloop
endfacet
facet normal 0 0 0
outer loop
vertex 6.250000e-02 5.000000e-01 1.000000e+00
vertex 1.250000e-01 5.000000e-01 1.000000e+00
vertex 6.250000e-02 4.375000e-01 1.000000e+00
endloop
endfacet
facet normal 0 0 0
outer loop
vertex 0.000000e+00 6.250000e-01 9.375000e-01
vertex 0.000000e+00 6.250000e-01 8.750000e-01
vertex 0.000000e+00 6.875000e-01 9.375000e-01
endloop
endfacet
facet normal 0 0 0
outer loop
vertex 0.000000e+00 3.125000e-01 8.750000e-01
vertex 0.000000e+00 2.500000e-01 8.125000e-01
vertex 0.000000e+00 3.125000e-01 8.125000e-01
endloop
endfacet
facet normal 0 0 0
outer loop
vertex 1.875000e-01 3.750000e-01 1.000000e+00
vertex 1.250000e-01 3.750000e-01 1.000000e+00
vertex 1.875000e-01 4.375000e-01 1.000000e+00
endloop
endfacet
facet normal 0 0 0
outer loop
vertex 0.000000e+00 2.500000e-01 1.000000e+00
vertex 0.000000e+00 3.125000e-01 1.000000e+00
vertex 6.250000e-02 3.125000e-01 1.000000e+00
endloop
endfacet
facet normal 0 0 0
outer loop
vertex 0.000000e+00 2.500000e-01 9.375000e-01
vertex 0.000000e+00 3.125000e-01 1.000000e+00
vertex 0.000000e+00 2.500000e-01 1.000000e+00
endloop
endfacet
facet normal 0 0 0
outer loop
vertex 0.000000e+00 3.750000e-01 8.750000e-01
vertex 0.000000e+00 4.375000e-01 9.375000e-01
vertex 0.000000e+00 3.750000e-01 9.375000e-01
endloop
endfacet
facet normal 0 0 0
outer loop
vertex 3.125000e-01 9.375000e-01 1.000000e+00
vertex 3.750000e-01 9.375000e-01 1.000000e+00
vertex 3.125000e-01 8.750000e-01 1.000000e+00
endloop
endfacet
facet normal 0 0 0
outer loop
vertex 1.250000e-01 4.375000e-01 1.000000e+00
vertex 1.250000e-01 3.750000e-01 1.000000e+00
vertex 6.250000e-02 3.750000e-01 1.000000e+00
endloop
endfacet
facet normal 0 0 0
outer loop
vertex 0.000000e+00 4.375000e-01 9.375000e-01
vertex 0.000000e+00 3.750000e-01 8.750000e-01
vertex 0.000000e+00 4.375000e-01 8.750000e-01
endloop
endfacet
facet normal 0 0 0
outer loop
vertex 1.250000e-01 2.500000e-01 1.000000e+00
vertex 1.250000e-01 3.125000e-01 1.000000e+00
vertex 1.875000e-01 3.125000e-01 1.000000e+00
endloop
endfacet
facet normal 0 0 0
outer loop
vertex 0.000000e+00 3.125000e-01 9.375000e-01
vertex 0.000000e+00 2.500000e-01 9.375000e-01
vertex 0.000000e+00 2.500000e-01 8.750000e-01
endloop
endfacet
facet normal 0 0 0
outer loop
vertex 0.000000e+00 4.375000e-01 8.750000e-01
vertex 0.000000e+00 3.750000e-01 8.750000e-01
vertex 0.000000e+00 3.750000e-01 8.125000e-01
endloop
endfacet
facet normal 0 0 0
outer loop
vertex 0.000000e+00 3.125000e-01 8.750000e-01
vertex 0.000000e+00 3.750000e-01 8.750000e-01
vertex 0.000000e+00 3.750000e-01 9.375000e-01
endloop
endfacet
facet normal 0 0 0
outer loop
vertex 6.250000e-02 1.875000e-01 1.000000e+00
vertex 1.250000e-01 2.500000e-01 1.000000e+00
vertex 1.250000e-01 1.875000e-01 1.000000e+00
endloop
endfacet
facet normal 0 0 0
outer loop
vertex 1.250000e-01 0.000000e+00 9.375000e-01
vertex 6.250000e-02 0.000000e+00 9.375000e-01
vertex 1.250000e-01 0.000000e+00 1.000000e+00
endloop
endfacet
facet normal 0 0 0
outer loop
vertex 1.250000e-01 2.500000e-01 1.000000e+00
vertex 1.875000e-01 3.125000e-01 1.000000e+00
vertex 1.875000e-01 2.500000e-01 1.000000e+00
endloop
endfacet
facet normal 0 0 0
outer loop
vertex 1.250000e-01 1.875000e-01 1.000000e+00
vertex 1.250000e-01 2.500000e-01 1.000000e+00
vertex 1.875000e-01 2.500000e-01 1.000000e+00
endloop
endfacet
facet normal 0 0 0
outer loop
vertex 1.875000e-01 3.125000e-01 1.000000e+00
vertex 1.250000e-01 3.125000e-01 1.000000e+00
vertex 1.875000e-01 3.750000e-01 1.000000e+00
endloop
endfacet
facet normal 0 0 0
outer loop
vertex 1.250000e-01 0.000000e+00 8.750000e-01
vertex 6.250000e-02 0.000000e+00 8.750000e-01
vertex 1.250000e-01 0.000000e+00 9.375000e-01
endloop
endfacet
facet normal 0 0 0
outer loop
vertex 0.000000e+00 3.125000e-01 8.750000e-01
vertex 0.000000e+00 3.125000e-01 9.375000e-01
vertex 0.000000e+00 2.500000e-01 8.750000e-01
endloop
endfacet
facet normal 0 0 0
outer loop
vertex 0.000000e+00 1.875000e-01 9.375000e-01
vertex 0.000000e+00 1.875000e-01 1.000000e+00
vertex 0.000000e+00 1.250000e-01 9.375000e-01
endloop
endfacet
facet normal 0 0 0
outer loop
vertex 1.250000e-01 3.750000e-01 1.000000e+00
vertex 6.250000e-02 3.125000e-01 1.000000e+00
vertex 6.250000e-02 3.750000e-01 1.000000e+00
endloop
endfacet
facet normal 0 0 0
outer loop
vertex 0.000000e+00 1.875000e-01 9.375000e-01
vertex 0.000000e+00 2.500000e-01 9.375000e-01
vertex 0.000000e+00 2.500000e-01 1.000000e+00
endloop
endfacet
facet normal 0 0 0
outer loop
vertex 1.250000e-01 1.250000e-01 1.000000e+00
vertex 6.250000e-02 6.250000e-02 1.000000e+00
vertex 6.250000e-02 1.250000e-01 1.000000e+00
endloop
endfacet
facet normal 0 0 0
outer loop
vertex 0.000000e+00 3.750000e-01 8.750000e-01
vertex 0.000000e+00 3.125000e-01 8.125000e-01
vertex 0.000000e+00 3.750000e-01 8.125000e-01
endloop
endfacet
facet normal 0 0 0
outer loop
vertex 0.000000e+00 2.500000e-01 8.125000e-01
vertex 0.000000e+00 2.500000e-01 8.750000e-01
vertex 0.000000e+00 1.875000e-01 8.125000e-01
endloop
endfacet
facet normal 0 0 0
outer loop
vertex 6.250000e-02 3.750000e-01 1.000000e+00
vertex 0.000000e+00 3.125000e-01 1.000000e+00
vertex 0.000000e+00 3.750000e-01 1.000000e+00
endloop
endfacet
facet normal 0 0 0
outer loop
vertex 0.000000e+00 3.125000e-01 1.000000e+00
vertex 0.000000e+00 3.125000e-01 9.375000e-01
vertex 0.000000e+00 3.750000e-01 1.000000e+00
endloop
endfacet
facet normal 0 0 0
outer loop
vertex 0.000000e+00 3.750000e-01 1.000000e+00
vertex 0.000000e+00 3.125000e-01 9.375000e-01
vertex 0.000000e+00 3.750000e-01 9.375000e-01
endloop
endfacet
facet normal 0 0 0
outer loop
vertex 0.000000e+00 3.125000e-01 1.000000e+00
vertex 6.250000e-02 3.750000e-01 1.000000e+00
vertex 6.250000e-02 3.125000e-01 1.000000e+00
endloop
endfacet
facet normal 0 0 0
outer loop
vertex 6.250000e-02 0.000000e+00 8.750000e-01
vertex 0.000000e+00 0.000000e+00 8.750000e-01
vertex 6.250000e-02 0.000000e+00 9.375000e-01
endloop
endfacet
facet normal 0 0 0
outer loop
vertex 6.250000e-02 2.500000e-01 1.000000e+00
vertex 0.000000e+00 2.500000e-01 1.000000e+00
vertex 6.250000e-02 3.125000e-01 1.000000e+00
endloop
endfacet
facet normal 0 0 0
outer loop
vertex 1.250000e-01 1.875000e-01 1.000000e+00
vertex 6.250000e-02 1.250000e-01 1.000000e+00
vertex 6.250000e-02 1.875000e-01 1.000000e+00
endloop
endfacet
facet normal 0 0 0
outer loop
vertex 1.875000e-01 0.000000e+00 9.375000e-01
vertex 1.250000e-01 0.000000e+00 9.375000e-01
vertex 1.875000e-01 0.000000e+00 1.000000e+00
endloop
endfacet
facet normal 0 0 0
outer loop
vertex 1.875000e-01 0.000000e+00 6.250000e-01
vertex 1.250000e-01 0.000000e+00 5.625000e-01
vertex 1.250000e-01 0.000000e+00 6.250000e-01
endloop
endfacet
facet normal 0 0 0
outer loop
vertex 0.000000e+00 0.000000e+00 8.750000e-01
vertex 0.000000e+00 0.000000e+00 8.125000e-01
vertex 0.000000e+00 6.250000e-02 8.750000e-01
endloop
endfacet
facet normal 0 0 0
outer loop
vertex 0.000000e+00 0.000000e+00 8.125000e-01
vertex 0.000000e+00 0.000000e+00 8.750000e-01
vertex 6.250000e-02 0.000000e+00 8.750000e-01
endloop
endfacet
facet normal 0 0 0
outer loop
vertex 0.000000e+00 2.500000e-01 9.375000e-01
vertex 0.000000e+00 1.875000e-01 8.750000e-01
vertex 0.000000e+00 2.500000e-01 8.750000e-01
endloop
endfacet
facet normal 0 0 0
outer loop
vertex 0.000000e+00 1.875000e-01 8.750000e-01
vertex 0.000000e+00 2.500000e-01 9.375000e-01
vertex 0.000000e+00 1.875000e-01 9.375000e-01
endloop
endfacet
facet normal 0 0 0
outer loop
vertex 0.000000e+00 2.500000e-01 8.750000e-01
vertex 0.000000e+00 1.875000e-01 8.750000e-01
vertex 0.000000e+00 1.875000e-01 8.125000e-01
endloop
endfacet
facet normal 0 0 0
outer loop
vertex 0.000000e+00 6.250000e-02 1.000000e+00
vertex 0.000000e+00 1.250000e-01 1.000000e+00
vertex 6.250000e-02 1.250000e-01 1.000000e+00
endloop
endfacet
facet normal 0 0 0
outer loop
vertex 0.000000e+00 1.250000e-01 1.000000e+00
vertex 0.000000e+00 6.250000e-02 1.000000e+00
vertex 0.000000e+00 6.250000e-02 9.375000e-01
endloop
endfacet
facet normal 0 0 0
outer loop
vertex 1.250000e-01 6.250000e-02 1.000000e+00
vertex 1.875000e-01 1.250000e-01 1.000000e+00
vertex 1.875000e-01 6.250000e-02 1.000000e+00
endloop
endfacet
facet normal 0 0 0
outer loop
vertex 1.250000e-01 0.000000e+00 7.500000e-01
vertex 1.250000e-01 0.000000e+00 6.875000e-01
vertex 6.250000e-02 0.000000e+00 6.875000e-01
endloop
endfacet
facet normal 0 0 0
outer loop
vertex 0.000000e+00 0.000000e+00 8.750000e-01
vertex 0.000000e+00 6.250000e-02 8.750000e-01
vertex 0.000000e+00 6.250000e-02 9.375000e-01
endloop
endfacet
facet normal 0 0 0
outer loop
vertex 0.000000e+00 1.875000e-01 1.000000e+00
vertex 0.000000e+00 1.250000e-01 1.000000e+00
vertex 0.000000e+00 1.250000e-01 9.375000e-01
endloop
endfacet
facet normal 0 0 0
outer loop
vertex 0.000000e+00 1.250000e-01 1.000000e+00
vertex 0.000000e+00 1.875000e-01 1.000000e+00
vertex 6.250000e-02 1.875000e-01 1.000000e+00
endloop
endfacet
facet normal 0 0 0
outer loop
vertex 0.000000e+00 1.250000e-01 8.750000e-01
vertex 0.000000e+00 1.875000e-01 8.750000e-01
vertex 0.000000e+00 1.875000e-01 9.375000e-01
endloop
endfacet
facet normal 0 0 0
outer loop
vertex 0.000000e+00 1.250000e-01 9.375000e-01
vertex 0.000000e+00 6.250000e-02 9.375000e-01
vertex 0.000000e+00 6.250000e-02 8.750000e-01
endloop
endfacet
facet normal 0 0 0
outer loop
vertex 1.250000e-01 1.875000e-01 1.000000e+00
vertex 1.250000e-01 1.250000e-01 1.000000e+00
vertex 6.250000e-02 1.250000e-01 1.000000e+00
endloop
endfacet
facet normal 0 0 0
outer loop
vertex 1.250000e-01 0.000000e+00 1.000000e+00
vertex 1.875000e-01 6.250000e-02 1.000000e+00
vertex 1.875000e-01 0.000000e+00 1.000000e+00
endloop
endfacet
facet normal 0 0 0
outer loop
vertex 1.875000e-01 0.000000e+00 1.000000e+00
vertex 1.250000e-01 0.000000e+00 9.375000e-01
vertex 1.250000e-01 0.000000e+00 1.000000e+00
endloop
endfacet
facet normal 0 0 0
outer loop
vertex 0.000000e+00 1.875000e-01 9.375000e-01
vertex 0.000000e+00 1.250000e-01 9.375000e-01
vertex 0.000000e+00 1.250000e-01 8.750000e-01
endloop
endfacet
facet normal 0 0 0
outer loop
vertex 1.250000e-01 6.250000e-02 1.000000e+00
vertex 6.250000e-02 6.250000e-02 1.000000e+00
vertex 1.250000e-01 1.250000e-01 1.000000e+00
endloop
endfacet
facet normal 0 0 0
outer loop
vertex 0.000000e+00 1.250000e-01 3.125000e-01
vertex 0.000000e+00 6.250000e-02 3.125000e-01
vertex 0.000000e+00 6.250000e-02 2.500000e-01
endloop
endfacet
facet normal 0 0 0
outer loop
vertex 6.250000e-02 1.250000e-01 1.000000e+00
vertex 6.250000e-02 6.250000e-02 1.000000e+00
vertex 0.000000e+00 6.250000e-02 1.000000e+00
endloop
endfacet
facet normal 0 0 0
outer loop
vertex 6.250000e-02 0.000000e+00 8.125000e-01
vertex 6.250000e-02 0.000000e+00 7.500000e-01
vertex 0.000000e+00 0.000000e+00 7.500000e-01
endloop
endfacet
facet normal 0 0 0
outer loop
vertex 6.250000e-02 6.250000e-02 1.000000e+00
vertex 1.250000e-01 6.250000e-02 1.000000e+00
vertex 6.250000e-02 0.000000e+00 1.000000e+00
endloop
endfacet
facet normal 0 0 0
outer loop
vertex 0.000000e+00 0.000000e+00 1.000000e+00
vertex 6.250000e-02 6.250000e-02 1.000000e+00
vertex 6.250000e-02 0.000000e+00 1.000000e+00
endloop
endfacet
facet normal 0 0 0
outer loop
vertex 6.250000e-02 0.000000e+00 1.000000e+00
vertex 0.000000e+00 0.000000e+00 9.375000e-01
vertex 0.000000e+00 0.000000e+00 1.000000e+00
endloop
endfacet
facet normal 0 0 0
outer loop
vertex 1.250000e-01 0.000000e+00 9.375000e-01
vertex 6.250000e-02 0.000000e+00 8.750000e-01
vertex 6.250000e-02 0.000000e+00 9.375000e-01
endloop
endfacet
facet normal 0 0 0
outer loop
vertex 6.250000e-02 0.000000e+00 8.125000e-01
vertex 6.250000e-02 0.000000e+00 8.750000e-01
vertex 1.250000e-01 0.000000e+00 8.750000e-01
endloop
endfacet
facet normal 0 0 0
outer loop
vertex 0.000000e+00 1.875000e-01 8.750000e-01
vertex 0.000000e+00 1.250000e-01 8.125000e-01
vertex 0.000000e+00 1.875000e-01 8.125000e-01
endloop
endfacet
facet normal 0 0 0
outer loop
vertex 1.875000e-01 0.000000e+00 8.750000e-01
vertex 1.250000e-01 0.000000e+00 8.750000e-01
vertex 1.875000e-01 0.000000e+00 9.375000e-01
endloop
endfacet
facet normal 0 0 0
outer loop
vertex 1.875000e-01 0.000000e+00 9.375000e-01
vertex 1.250000e-01 0.000000e+00 8.750000e-01
vertex 1.250000e-01 0.000000e+00 9.375000e-01
endloop
endfacet
facet normal 0 0 0
outer loop
vertex 0.000000e+00 6.250000e-02 8.125000e-01
vertex 0.000000e+00 1.250000e-01 8.125000e-01
vertex 0.000000e+00 1.250000e-01 8.750000e-01
endloop
endfacet
facet normal 0 0 0
outer loop
vertex 0.000000e+00 0.000000e+00 9.375000e-01
vertex 0.000000e+00 6.250000e-02 9.375000e-01
vertex 0.000000e+00 6.250000e-02 1.000000e+00
endloop
endfacet
facet normal 0 0 0
outer loop
vertex 6.250000e-02 0.000000e+00 9.375000e-01
vertex 0.000000e+00 0.000000e+00 9.375000e-01
vertex 6.250000e-02 0.000000e+00 1.000000e+00
endloop
endfacet
facet normal 0 0 0
outer loop
vertex 1.250000e-01 0.000000e+00 1.000000e+00
vertex 6.250000e-02 0.000000e+00 1.000000e+00
vertex 1.250000e-01 6.250000e-02 1.000000e+00
endloop
endfacet
facet normal 0 0 0
outer loop
vertex 6.250000e-02 0.000000e+00 9.375000e-01
vertex 6.250000e-02 0.000000e+00 1.000000e+00
vertex 1.250000e-01 0.000000e+00 1.000000e+00
endloop
endfacet
facet normal 0 0 0
outer loop
vertex 0.000000e+00 1.250000e-01 7.500000e-01
vertex 0.000000e+00 1.875000e-01 7.500000e-01
vertex 0.000000e+00 1.875000e-01 8.125000e-01
endloop
endfacet
facet normal 0 0 0
outer loop
vertex 0.000000e+00 1.875000e-01 7.500000e-01
vertex 0.000000e+00 1.875000e-01 6.875000e-01
vertex 0.000000e+00 2.500000e-01 7.500000e-01
endloop
endfacet
facet normal 0 0 0
outer loop
vertex 0.000000e+00 1.250000e-01 8.125000e-01
vertex 0.000000e+00 1.250000e-01 7.500000e-01
vertex 0.000000e+00 1.875000e-01 8.125000e-01
endloop
endfacet
facet normal 0 0 0
outer loop
vertex 0.000000e+00 1.250000e-01 8.750000e-01
vertex 0.000000e+00 1.250000e-01 8.125000e-01
vertex 0.000000e+00 1.875000e-01 8.750000e-01
endloop
endfacet
facet normal 0 0 0
outer loop
vertex 1.250000e-01 0.000000e+00 6.250000e-02
vertex 1.250000e-01 0.000000e+00 1.250000e-01
vertex 1.875000e-01 0.000000e+00 1.250000e-01
endloop
endfacet
facet normal 0 0 0
outer loop
vertex 1.250000e-01 0.000000e+00 5.000000e-01
vertex 6.250000e-02 0.000000e+00 5.000000e-01
vertex 1.250000e-01 0.000000e+00 5.625000e-01
endloop
endfacet
facet normal 0 0 0
outer loop
vertex 6.250000e-02 0.000000e+00 5.000000e-01
vertex 6.250000e-02 0.000000e+00 4.375000e-01
vertex 0.000000e+00 0.000000e+00 4.375000e-01
endloop
endfacet
facet normal 0 0 0
outer loop
vertex 0.000000e+00 1.250000e-01 6.875000e-01
vertex 0.000000e+00 1.875000e-01 7.500000e-01
vertex 0.000000e+00 1.250000e-01 7.500000e-01
endloop
endfacet
facet normal 0 0 0
outer loop
vertex 0.000000e+00 1.875000e-01 7.500000e-01
vertex 0.000000e+00 1.250000e-01 6.875000e-01
vertex 0.000000e+00 1.875000e-01 6.875000e-01
endloop
endfacet
facet normal 0 0 0
outer loop
vertex 6.250000e-02 0.000000e+00 8.750000e-01
vertex 6.250000e-02 0.000000e+00 8.125000e-01
vertex 0.000000e+00 0.000000e+00 8.125000e-01
endloop
endfacet
facet normal 0 0 0
outer loop
vertex 0.000000e+00 0.000000e+00 8.125000e-01
vertex 0.000000e+00 6.250000e-02 8.125000e-01
vertex 0.000000e+00 6.250000e-02 8.750000e-01
endloop
endfacet
facet normal 0 0 0
outer loop
vertex 0.000000e+00 0.000000e+00 8.125000e-01
vertex 6.250000e-02 0.000000e+00 8.125000e-01
vertex 0.000000e+00 0.000000e+00 7.500000e-01
endloop
endfacet
facet normal 0 0 0
outer loop
vertex 0.000000e+00 0.000000e+00 7.500000e-01
vertex 0.000000e+00 6.250000e-02 8.125000e-01
vertex 0.000000e+00 0.000000e+00 8.125000e-01
endloop
endfacet
facet normal 0 0 0
outer loop
vertex 1.875000e-01 0.000000e+00 7.500000e-01
vertex 1.250000e-01 0.000000e+00 6.875000e-01
vertex 1.250000e-01 0.000000e+00 7.500000e-01
endloop
endfacet
facet normal 0 0 0
outer loop
vertex 0.000000e+00 6.250000e-02 7.500000e-01
vertex 0.000000e+00 6.250000e-02 8.125000e-01
vertex 0.000000e+00 0.000000e+00 7.500000e-01
endloop
endfacet
facet normal 0 0 0
outer loop
vertex 0.000000e+00 6.250000e-02 6.250000e-01
vertex 0.000000e+00 0.000000e+00 6.250000e-01
vertex 0.000000e+00 0.000000e+00 5.625000e-01
endloop
endfacet
facet normal 0 0 0
outer loop
vertex 0.000000e+00 0.000000e+00 5.625000e-01
vertex 0.000000e+00 0.000000e+00 6.250000e-01
vertex 6.250000e-02 0.000000e+00 6.250000e-01
endloop
endfacet
facet normal 0 0 0
outer loop
vertex 1.250000e-01 0.000000e+00 8.125000e-01
vertex 6.250000e-02 0.000000e+00 7.500000e-01
vertex 6.250000e-02 0.000000e+00 8.125000e-01
endloop
endfacet
facet normal 0 0 0
outer loop
vertex 0.000000e+00 6.250000e-02 5.625000e-01
vertex 0.000000e+00 6.250000e-02 6.250000e-01
vertex 0.000000e+00 0.000000e+00 5.625000e-01
endloop
endfacet
facet normal 0 0 0
outer loop
vertex 0.000000e+00 1.250000e-01 6.250000e-01
vertex 0.000000e+00 1.250000e-01 6.875000e-01
vertex 0.000000e+00 6.250000e-02 6.250000e-01
endloop
endfacet
facet normal 0 0 0
outer loop
vertex 0.000000e+00 1.250000e-01 6.875000e-01
vertex 0.000000e+00 1.250000e-01 6.250000e-01
vertex 0.000000e+00 1.875000e-01 6.875000e-01
endloop
endfacet
facet normal 0 0 0
outer loop
vertex 1.250000e-01 0.000000e+00 6.250000e-01
vertex 1.250000e-01 0.000000e+00 5.625000e-01
vertex 6.250000e-02 0.000000e+00 5.625000e-01
endloop
endfacet
facet normal 0 0 0
outer loop
vertex 6.250000e-02 0.000000e+00 6.250000e-01
vertex 1.250000e-01 0.000000e+00 6.250000e-01
vertex 6.250000e-02 0.000000e+00 5.625000e-01
endloop
endfacet
facet normal 0 0 0
outer loop
vertex 0.000000e+00 6.250000e-02 5.000000e-01
vertex 0.000000e+00 0.000000e+00 5.000000e-01
vertex 0.000000e+00 0.000000e+00 4.375000e-01
endloop
endfacet
facet normal 0 0 0
outer loop
vertex 0.000000e+00 0.000000e+00 5.000000e-01
vertex 6.250000e-02 0.000000e+00 5.000000e-01
vertex 0.000000e+00 0.000000e+00 4.375000e-01
endloop
endfacet
facet normal 0 0 0
outer loop
vertex 6.250000e-02 0.000000e+00 6.250000e-01
vertex 6.250000e-02 0.000000e+00 5.625000e-01
vertex 0.000000e+00 0.000000e+00 5.625000e-01
endloop
endfacet
facet normal 0 0 0
outer loop
vertex 0.000000e+00 6.250000e-02 6.250000e-01
vertex 0.000000e+00 1.250000e-01 6.875000e-01
vertex 0.000000e+00 6.250000e-02 6.875000e-01
endloop
endfacet
facet normal 0 0 0
outer loop
vertex 1.875000e-01 0.000000e+00 6.875000e-01
vertex 1.875000e-01 0.000000e+00 6.250000e-01
vertex 1.250000e-01 0.000000e+00 6.250000e-01
endloop
endfacet
facet normal 0 0 0
outer loop
vertex 1.250000e-01 0.000000e+00 6.875000e-01
vertex 1.875000e-01 0.000000e+00 6.875000e-01
vertex 1.250000e-01 0.000000e+00 6.250000e-01
endloop
endfacet
facet normal 0 0 0
outer loop
vertex 1.250000e-01 0.000000e+00 6.250000e-01
vertex 6.250000e-02 0.000000e+00 6.250000e-01
vertex 1.250000e-01 0.000000e+00 6.875000e-01
endloop
endfacet
facet normal 0 0 0
outer loop
vertex 0.000000e+00 1.250000e-01 6.250000e-01
vertex 0.000000e+00 6.250000e-02 6.250000e-01
vertex 0.000000e+00 6.250000e-02 5.625000e-01
endloop
endfacet
facet normal 0 0 0
outer loop
vertex 1.250000e-01 0.000000e+00 6.875000e-01
vertex 6.250000e-02 0.000000e+00 6.250000e-01
vertex 6.250000e-02 0.000000e+00 6.875000e-01
endloop
endfacet
facet normal 0 0 0
outer loop
vertex 0.000000e+00 1.875000e-01 6.250000e-01
vertex 0.000000e+00 1.250000e-01 5.625000e-01
vertex 0.000000e+00 1.875000e-01 5.625000e-01
endloop
endfacet
facet normal 0 0 0
outer loop
vertex 1.250000e-01 0.000000e+00 5.625000e-01
vertex 1.875000e-01 0.000000e+00 6.250000e-01
vertex 1.875000e-01 0.000000e+00 5.625000e-01
endloop
endfacet
facet normal 0 0 0
outer loop
vertex 0.000000e+00 1.250000e-01 5.000000e-01
vertex 0.000000e+00 1.250000e-01 5.625000e-01
vertex 0.000000e+00 6.250000e-02 5.000000e-01
endloop
endfacet
facet normal 0 0 0
outer loop
vertex 6.250000e-02 0.000000e+00 5.000000e-01
vertex 6.250000e-02 0.000000e+00 5.625000e-01
vertex 1.250000e-01 0.000000e+00 5.625000e-01
endloop
endfacet
facet normal 0 0 0
outer loop
vertex 6.250000e-02 0.000000e+00 2.500000e-01
vertex 6.250000e-02 0.000000e+00 3.125000e-01
vertex 1.250000e-01 0.000000e+00 3.125000e-01
endloop
endfacet
facet normal 0 0 0
outer loop
vertex 0.000000e+00 0.000000e+00 6.875000e-01
vertex 6.250000e-02 0.000000e+00 7.500000e-01
vertex 6.250000e-02 0.000000e+00 6.875000e-01
endloop
endfacet
facet normal 0 0 0
outer loop
vertex 0.000000e+00 6.250000e-02 4.375000e-01
vertex 0.000000e+00 1.250000e-01 5.000000e-01
vertex 0.000000e+00 6.250000e-02 5.000000e-01
endloop
endfacet
facet normal 0 0 0
outer loop
vertex 6.250000e-02 0.000000e+00 3.750000e-01
vertex 0.000000e+00 0.000000e+00 3.125000e-01
vertex 0.000000e+00 0.000000e+00 3.750000e-01
endloop
endfacet
facet normal 0 0 0
outer loop
vertex 0.000000e+00 0.000000e+00 3.750000e-01
vertex 0.000000e+00 0.000000e+00 3.125000e-01
vertex 0.000000e+00 6.250000e-02 3.750000e-01
endloop
endfacet
facet normal 0 0 0
outer loop
vertex 1.250000e-01 0.000000e+00 0.000000e+00
vertex 1.250000e-01 0.000000e+00 6.250000e-02
vertex 1.875000e-01 0.000000e+00 6.250000e-02
endloop
endfacet
facet normal 0 0 0
outer loop
vertex 6.250000e-02 0.000000e+00 4.375000e-01
vertex 1.250000e-01 0.000000e+00 5.000000e-01
vertex 1.250000e-01 0.000000e+00 4.375000e-01
endloop
endfacet
facet normal 0 0 0
outer loop
vertex 1.250000e-01 0.000000e+00 4.375000e-01
vertex 1.250000e-01 0.000000e+00 5.000000e-01
vertex 1.875000e-01 0.000000e+00 5.000000e-01
endloop
endfacet
facet normal 0 0 0
outer loop
vertex 0.000000e+00 3.750000e-01 1.875000e-01
vertex 0.000000e+00 3.750000e-01 1.250000e-01
vertex 0.000000e+00 4.375000e-01 1.875000e-01
endloop
endfacet
facet normal 0 0 0
outer loop
vertex 6.250000e-02 0.000000e+00 3.750000e-01
vertex 6.250000e-02 0.000000e+00 3.125000e-01
vertex 0.000000e+00 0.000000e+00 3.125000e-01
endloop
endfacet
facet normal 0 0 0
outer loop
vertex 1.250000e-01 0.000000e+00 2.500000e-01
vertex 1.250000e-01 0.000000e+00 1.875000e-01
vertex 6.250000e-02 0.000000e+00 1.875000e-01
endloop
endfacet
facet normal 0 0 0
outer loop
vertex 1.250000e-01 0.000000e+00 4.375000e-01
vertex 1.875000e-01 0.000000e+00 5.000000e-01
vertex 1.875000e-01 0.000000e+00 4.375000e-01
endloop
endfacet
facet normal 0 0 0
outer loop
vertex 0.000000e+00 2.500000e-01 2.500000e-01
vertex 0.000000e+00 1.875000e-01 1.875000e-01
vertex 0.000000e+00 2.500000e-01 1.875000e-01
endloop
endfacet
facet normal 0 0 0
outer loop
vertex 0.000000e+00 2.500000e-01 5.625000e-01
vertex 0.000000e+00 1.875000e-01 5.000000e-01
vertex 0.000000e+00 2.500000e-01 5.000000e-01
endloop
endfacet
facet normal 0 0 0
outer loop
vertex 0.000000e+00 1.250000e-01 5.625000e-01
vertex 0.000000e+00 1.250000e-01 5.000000e-01
vertex 0.000000e+00 1.875000e-01 5.625000e-01
endloop
endfacet
facet normal 0 0 0
outer loop
vertex 0.000000e+00 2.500000e-01 4.375000e-01
vertex 0.000000e+00 3.125000e-01 5.000000e-01
vertex 0.000000e+00 2.500000e-01 5.000000e-01
endloop
endfacet
facet normal 0 0 0
outer loop
vertex 5.625000e-01 0.000000e+00 3.750000e-01
vertex 5.000000e-01 0.000000e+00 3.750000e-01
vertex 5.625000e-01 0.000000e+00 4.375000e-01
endloop
endfacet
facet normal 0 0 0
outer loop
vertex 0.000000e+00 3.750000e-01 4.375000e-01
vertex 0.000000e+00 3.750000e-01 3.750000e-01
vertex 0.000000e+00 4.375000e-01 4.375000e-01
endloop
endfacet
facet normal 0 0 0
outer loop
vertex 5.000000e-01 0.000000e+00 5.000000e-01
vertex 5.000000e-01 0.000000e+00 5.625000e-01
vertex 5.625000e-01 0.000000e+00 5.625000e-01
endloop
endfacet
facet normal 0 0 0
outer loop
vertex 0.000000e+00 1.250000e-01 4.375000e-01
vertex 0.000000e+00 1.250000e-01 5.000000e-01
vertex 0.000000e+00 6.250000e-02 4.375000e-01
endloop
endfacet
facet normal 0 0 0
outer loop
vertex 2.500000e-01 0.000000e+00 3.125000e-01
vertex 1.875000e-01 0.000000e+00 3.125000e-01
vertex 2.500000e-01 0.000000e+00 3.750000e-01
endloop
endfacet
facet normal 0 0 0
outer loop
vertex 2.500000e-01 0.000000e+00 1.875000e-01
vertex 3.125000e-01 0.000000e+00 1.875000e-01
vertex 2.500000e-01 0.000000e+00 1.250000e-01
endloop
endfacet
facet normal 0 0 0
outer loop
vertex 0.000000e+00 3.750000e-01 2.500000e-01
vertex 0.000000e+00 3.125000e-01 1.875000e-01
vertex 0.000000e+00 3.750000e-01 1.875000e-01
endloop
endfacet
facet normal 0 0 0
outer loop
vertex 3.750000e-01 1.250000e-01 0.000000e+00
vertex 3.750000e-01 1.875000e-01 0.000000e+00
vertex 3.125000e-01 1.250000e-01 0.000000e+00
endloop
endfacet
facet normal 0 0 0
outer loop
vertex 0.000000e+00 2.500000e-01 1.875000e-01
vertex 0.000000e+00 3.125000e-01 2.500000e-01
vertex 0.000000e+00 2.500000e-01 2.500000e-01
endloop
endfacet
facet normal 0 0 0
outer loop
vertex 0.000000e+00 6.250000e-02 2.500000e-01
vertex 0.000000e+00 6.250000e-02 3.125000e-01
vertex 0.000000e+00 0.000000e+00 2.500000e-01
endloop
endfacet
facet normal 0 0 0
outer loop
vertex 1.875000e-01 3.750000e-01 0.000000e+00
vertex 1.250000e-01 3.750000e-01 0.000000e+00
vertex 1.250000e-01 3.125000e-01 0.000000e+00
endloop
endfacet
facet normal 0 0 0
outer loop
vertex 6.250000e-02 0.000000e+00 3.125000e-01
vertex 6.250000e-02 0.000000e+00 2.500000e-01
vertex 0.000000e+00 0.000000e+00 2.500000e-01
endloop
endfacet
facet normal 0 0 0
outer loop
vertex 0.000000e+00 3.750000e-01 5.000000e-01
vertex 0.000000e+00 3.125000e-01 5.000000e-01
vertex 0.000000e+00 3.125000e-01 4.375000e-01
endloop
endfacet
facet normal 0 0 0
outer loop
vertex 0.000000e+00 3.125000e-01 1.250000e-01
vertex 0.000000e+00 3.125000e-01 1.875000e-01
vertex 0.000000e+00 2.500000e-01 1.250000e-01
endloop
endfacet
facet normal 0 0 0
outer loop
vertex 4.375000e-01 5.000000e-01 0.000000e+00
vertex 3.750000e-01 4.375000e-01 0.000000e+00
vertex 4.375000e-01 4.375000e-01 0.000000e+00
endloop
endfacet
facet normal 0 0 0
outer loop
vertex 3.750000e-01 3.750000e-01 0.000000e+00
vertex 3.750000e-01 4.375000e-01 0.000000e+00
vertex 3.125000e-01 3.750000e-01 0.000000e+00
endloop
endfacet
facet normal 0 0 0
outer loop
vertex 2.500000e-01 0.000000e+00 5.625000e-01
vertex 3.125000e-01 0.000000e+00 5.625000e-01
vertex 2.500000e-01 0.000000e+00 5.000000e-01
endloop
endfacet
facet normal 0 0 0
outer loop
vertex 5.000000e-01 0.000000e+00 2.500000e-01
vertex 5.625000e-01 0.000000e+00 3.125000e-01
vertex 5.625000e-01 0.000000e+00 2.500000e-01
endloop
endfacet
facet normal 0 0 0
outer loop
vertex 2.500000e-01 1.875000e-01 0.000000e+00
vertex 2.500000e-01 2.500000e-01 0.000000e+00
vertex 1.875000e-01 1.875000e-01 0.000000e+00
endloop
endfacet
facet normal 0 0 0
outer loop
vertex 0.000000e+00 3.750000e-01 1.250000e-01
vertex 0.000000e+00 3.125000e-01 1.250000e-01
vertex 0.000000e+00 3.125000e-01 6.250000e-02
endloop
endfacet
facet normal 0 0 0
outer loop
vertex 0.000000e+00 1.875000e-01 1.250000e-01
vertex 0.000000e+00 1.875000e-01 1.875000e-01
vertex 0.000000e+00 1.250000e-01 1.250000e-01
endloop
endfacet
facet normal 0 0 0
outer loop
vertex 0.000000e+00 1.875000e-01 6.250000e-02
vertex 0.000000e+00 1.875000e-01 1.250000e-01
vertex 0.000000e+00 1.250000e-01 6.250000e-02
endloop
endfacet
facet normal 0 0 0
outer loop
vertex 5.000000e-01 0.000000e+00 1.250000e-01
vertex 4.375000e-01 0.000000e+00 6.250000e-02
vertex 4.375000e-01 0.000000e+00 1.250000e-01
endloop
endfacet
facet normal 0 0 0
outer loop
vertex 3.125000e-01 0.000000e+00 1.250000e-01
vertex 2.500000e-01 0.000000e+00 6.250000e-02
vertex 2.500000e-01 0.000000e+00 1.250000e-01
endloop
endfacet
facet normal 0 0 0
outer loop
vertex 2.500000e-01 0.000000e+00 3.125000e-01
vertex 3.125000e-01 0.000000e+00 3.125000e-01
vertex 2.500000e-01 0.000000e+00 2.500000e-01
endloop
endfacet
facet normal 0 0 0
outer loop
vertex 4.375000e-01 0.000000e+00 1.875000e-01
vertex 3.750000e-01 0.000000e+00 1.875000e-01
vertex 4.375000e-01 0.000000e+00 2.500000e-01
endloop
endfacet
facet normal 0 0 0
outer loop
vertex 0.000000e+00 1.875000e-01 5.625000e-01
vertex 0.000000e+00 1.875000e-01 5.000000e-01
vertex 0.000000e+00 2.500000e-01 5.625000e-01
endloop
endfacet
facet normal 0 0 0
outer loop
vertex 0.000000e+00 2.500000e-01 5.000000e-01
vertex 0.000000e+00 3.125000e-01 5.625000e-01
vertex 0.000000e+00 2.500000e-01 5.625000e-01
endloop
endfacet
facet normal 0 0 0
outer loop
vertex 6.250000e-02 0.000000e+00 5.625000e-01
vertex 6.250000e-02 0.000000e+00 5.000000e-01
vertex 0.000000e+00 0.000000e+00 5.000000e-01
endloop
endfacet
facet normal 0 0 0
outer loop
vertex 3.125000e-01 1.250000e-01 0.000000e+00
vertex 3.125000e-01 6.250000e-02 0.000000e+00
vertex 3.750000e-01 1.250000e-01 0.000000e+00
endloop
endfacet
facet normal 0 0 0
outer loop
vertex 5.000000e-01 0.000000e+00 5.000000e-01
vertex 4.375000e-01 0.000000e+00 5.000000e-01
vertex 5.000000e-01 0.000000e+00 5.625000e-01
endloop
endfacet
facet normal 0 0 0
outer loop
vertex 4.375000e-01 0.000000e+00 4.375000e-01
vertex 3.750000e-01 0.000000e+00 4.375000e-01
vertex 4.375000e-01 0.000000e+00 5.000000e-01
endloop
endfacet
facet normal 0 0 0
outer loop
vertex 1.875000e-01 0.000000e+00 5.000000e-01
vertex 2.500000e-01 0.000000e+00 5.625000e-01
vertex 2.500000e-01 0.000000e+00 5.000000e-01
endloop
endfacet
facet normal 0 0 0
outer loop
vertex 1.875000e-01 4.375000e-01 0.000000e+00
vertex 1.250000e-01 4.375000e-01 0.000000e+00
vertex 1.250000e-01 3.750000e-01 0.000000e+00
endloop
endfacet
facet normal 0 0 0
outer loop
vertex 3.750000e-01 0.000000e+00 5.625000e-01
vertex 3.125000e-01 0.000000e+00 5.000000e-01
vertex 3.125000e-01 0.000000e+00 5.625000e-01
endloop
endfacet
facet normal 0 0 0
outer loop
vertex 1.875000e-01 0.000000e+00 5.000000e-01
vertex 2.500000e-01 0.000000e+00 5.000000e-01
vertex 1.875000e-01 0.000000e+00 4.375000e-01
endloop
endfacet
facet normal 0 0 0
outer loop
vertex 2.500000e-01 0.000000e+00 5.000000e-01
vertex 2.500000e-01 0.000000e+00 4.375000e-01
vertex 1.875000e-01 0.000000e+00 4.375000e-01
endloop
endfacet
facet normal 0 0 0
outer loop
vertex 5.625000e-01 0.000000e+00 3.125000e-01
vertex 5.000000e-01 0.000000e+00 2.500000e-01
vertex 5.000000e-01 0.000000e+00 3.125000e-01
endloop
endfacet
facet normal 0 0 0
outer loop
vertex 0.000000e+00 6.250000e-01 5.000000e-01
vertex 0.000000e+00 5.625000e-01 5.000000e-01
vertex 0.000000e+00 5.625000e-01 4.375000e-01
endloop
endfacet
facet normal 0 0 0
outer loop
vertex 0.000000e+00 1.875000e-01 4.375000e-01
vertex 0.000000e+00 2.500000e-01 4.375000e-01
vertex 0.000000e+00 2.500000e-01 5.000000e-01
endloop
endfacet
facet normal 0 0 0
outer loop
vertex 3.750000e-01 0.000000e+00 1.875000e-01
vertex 4.375000e-01 0.000000e+00 1.875000e-01
vertex 3.750000e-01 0.000000e+00 1.250000e-01
endloop
endfacet
facet normal 0 0 0
outer loop
vertex 1.875000e-01 0.000000e+00 5.625000e-01
vertex 2.500000e-01 0.000000e+00 5.625000e-01
vertex 1.875000e-01 0.000000e+00 5.000000e-01
endloop
endfacet
facet normal 0 0 0
outer loop
vertex 2.500000e-01 0.000000e+00 4.375000e-01
vertex 2.500000e-01 0.000000e+00 5.000000e-01
vertex 3.125000e-01 0.000000e+00 5.000000e-01
endloop
endfacet
facet normal 0 0 0
outer loop
vertex 3.750000e-01 0.000000e+00 5.000000e-01
vertex 3.125000e-01 0.000000e+00 4.375000e-01
vertex 3.125000e-01 0.000000e+00 5.000000e-01
endloop
endfacet
facet normal 0 0 0
outer loop
vertex 5.000000e-01 0.000000e+00 4.375000e-01
vertex 4.375000e-01 0.000000e+00 3.750000e-01
vertex 4.375000e-01 0.000000e+00 4.375000e-01
endloop
endfacet
facet normal 0 0 0
outer loop
vertex 3.750000e-01 0.000000e+00 1.875000e-01
vertex 3.750000e-01 0.000000e+00 1.250000e-01
vertex 3.125000e-01 0.000000e+00 1.250000e-01
endloop
endfacet
facet normal 0 0 0
outer loop
vertex 5.625000e-01 0.000000e+00 4.375000e-01
vertex 5.000000e-01 0.000000e+00 4.375000e-01
vertex 5.625000e-01 0.000000e+00 5.000000e-01
endloop
endfacet
facet normal 0 0 0
outer loop
vertex 5.625000e-01 0.000000e+00 5.000000e-01
vertex 5.000000e-01 0.000000e+00 4.375000e-01
vertex 5.000000e-01 0.000000e+00 5.000000e-01
endloop
endfacet
facet normal 0 0 0
outer loop
vertex 3.750000e-01 3.750000e-01 0.000000e+00
vertex 4.375000e-01 3.750000e-01 0.000000e+00
vertex 4.375000e-01 4.375000e-01 0.000000e+00
endloop
endfacet
facet normal 0 0 0
outer loop
vertex 3.750000e-01 1.250000e-01 0.000000e+00
vertex 3.750000e-01 6.250000e-02 0.000000e+00
vertex 4.375000e-01 1.250000e-01 0.000000e+00
endloop
endfacet
facet normal 0 0 0
outer loop
vertex 4.375000e-01 0.000000e+00 2.500000e-01
vertex 3.750000e-01 0.000000e+00 2.500000e-01
vertex 4.375000e-01 0.000000e+00 3.125000e-01
endloop
endfacet
facet normal 0 0 0
outer loop
vertex 4.375000e-01 0.000000e+00 1.875000e-01
vertex 4.375000e-01 0.000000e+00 1.250000e-01
vertex 3.750000e-01 0.000000e+00 1.250000e-01
endloop
endfacet
facet normal 0 0 0
outer loop
vertex 4.375000e-01 0.000000e+00 5.000000e-01
vertex 3.750000e-01 0.000000e+00 5.000000e-01
vertex 4.375000e-01 0.000000e+00 5.625000e-01
endloop
endfacet
facet normal 0 0 0
outer loop
vertex 3.750000e-01 0.000000e+00 5.000000e-01
vertex 3.750000e-01 0.000000e+00 5.625000e-01
vertex 4.375000e-01 0.000000e+00 5.625000e-01
endloop
endfacet
facet normal 0 0 0
outer loop
vertex 5.625000e-01 0.000000e+00 5.000000e-01
vertex 5.000000e-01 0.000000e+00 5.000000e-01
vertex 5.625000e-01 0.000000e+00 5.625000e-01
endloop
endfacet
facet normal 0 0 0
outer loop
vertex 5.000000e-01 0.000000e+00 1.875000e-01
vertex 5.000000e-01 0.000000e+00 2.500000e-01
vertex 5.625000e-01 0.000000e+00 2.500000e-01
endloop
endfacet
facet normal 0 0 0
outer loop
vertex 3.750000e-01 0.000000e+00 3.750000e-01
vertex 4.375000e-01 0.000000e+00 3.750000e-01
vertex 3.750000e-01 0.000000e+00 3.125000e-01
endloop
endfacet
facet normal 0 0 0
outer loop
vertex 4.375000e-01 0.000000e+00 4.375000e-01
vertex 4.375000e-01 0.000000e+00 3.750000e-01
vertex 3.750000e-01 0.000000e+00 3.750000e-01
endloop
endfacet
facet normal 0 0 0
outer loop
vertex 3.125000e-01 1.250000e-01 0.000000e+00
vertex 3.750000e-01 1.875000e-01 0.000000e+00
vertex 3.125000e-01 1.875000e-01 0.000000e+00
endloop
endfacet
facet normal 0 0 0
outer loop
vertex 5.000000e-01 0.000000e+00 1.875000e-01
vertex 5.625000e-01 0.000000e+00 1.875000e-01
vertex 5.000000e-01 0.000000e+00 1.250000e-01
endloop
endfacet
facet normal 0 0 0
outer loop
vertex 3.125000e-01 7.500000e-01 0.000000e+00
vertex 3.125000e-01 8.125000e-01 0.000000e+00
vertex 2.500000e-01 7.500000e-01 0.000000e+00
endloop
endfacet
facet normal 0 0 0
outer loop
vertex 5.000000e-01 0.000000e+00 6.250000e-02
vertex 4.375000e-01 0.000000e+00 0.000000e+00
vertex 4.375000e-01 0.000000e+00 6.250000e-02
endloop
endfacet
facet normal 0 0 0
outer loop
vertex 0.000000e+00 3.750000e-01 0.000000e+00
vertex 6.250000e-02 3.750000e-01 0.000000e+00
vertex 6.250000e-02 4.375000e-01 0.000000e+00
endloop
endfacet
facet normal 0 0 0
outer loop
vertex 5.625000e-01 6.250000e-02 0.000000e+00
vertex 5.000000e-01 6.250000e-02 0.000000e+00
vertex 5.000000e-01 0.000000e+00 0.000000e+00
endloop
endfacet
facet normal 0 0 0
outer loop
vertex 2.500000e-01 6.250000e-02 0.000000e+00
vertex 2.500000e-01 1.250000e-01 0.000000e+00
vertex 1.875000e-01 6.250000e-02 0.000000e+00
endloop
endfacet
facet normal 0 0 0
outer loop
vertex 5.625000e-01 6.250000e-02 0.000000e+00
vertex 5.000000e-01 0.000000e+00 0.000000e+00
vertex 5.625000e-01 0.000000e+00 0.000000e+00
endloop
endfacet
facet normal 0 0 0
outer loop
vertex 5.000000e-01 0.000000e+00 0.000000e+00
vertex 5.625000e-01 0.000000e+00 6.250000e-02
vertex 5.625000e-01 0.000000e+00 0.000000e+00
endloop
endfacet
facet normal 0 0 0
outer loop
vertex 3.750000e-01 0.000000e+00 3.750000e-01
vertex 3.125000e-01 0.000000e+00 3.750000e-01
vertex 3.750000e-01 0.000000e+00 4.375000e-01
endloop
endfacet
facet normal 0 0 0
outer loop
vertex 4.375000e-01 1.250000e-01 0.000000e+00
vertex 4.375000e-01 1.875000e-01 0.000000e+00
vertex 3.750000e-01 1.250000e-01 0.000000e+00
endloop
endfacet
facet normal 0 0 0
outer loop
vertex 1.875000e-01 3.125000e-01 0.000000e+00
vertex 1.250000e-01 2.500000e-01 0.000000e+00
vertex 1.875000e-01 2.500000e-01 0.000000e+00
endloop
endfacet
facet normal 0 0 0
outer loop
vertex 1.875000e-01 1.875000e-01 0.000000e+00
vertex 1.875000e-01 2.500000e-01 0.000000e+00
vertex 1.250000e-01 1.875000e-01 0.000000e+00
endloop
endfacet
facet normal 0 0 0
outer loop
vertex 0.000000e+00 2.500000e-01 1.875000e-01
vertex 0.000000e+00 1.875000e-01 1.875000e-01
vertex 0.000000e+00 1.875000e-01 1.250000e-01
endloop
endfacet
facet normal 0 0 0
outer loop
vertex 1.875000e-01 0.000000e+00 1.250000e-01
vertex 2.500000e-01 0.000000e+00 1.875000e-01
vertex 2.500000e-01 0.000000e+00 1.250000e-01
endloop
endfacet
facet normal 0 0 0
outer loop
vertex 3.125000e-01 0.000000e+00 2.500000e-01
vertex 3.125000e-01 0.000000e+00 3.125000e-01
vertex 3.750000e-01 0.000000e+00 3.125000e-01
endloop
endfacet
facet normal 0 0 0
outer loop
vertex 3.125000e-01 0.000000e+00 1.875000e-01
vertex 3.125000e-01 0.000000e+00 1.250000e-01
vertex 2.500000e-01 0.000000e+00 1.250000e-01
endloop
endfacet
facet normal 0 0 0
outer loop
vertex 1.250000e-01 0.000000e+00 2.500000e-01
vertex 1.875000e-01 0.000000e+00 3.125000e-01
vertex 1.875000e-01 0.000000e+00 2.500000e-01
endloop
endfacet
facet normal 0 0 0
outer loop
vertex 1.250000e-01 0.000000e+00 3.125000e-01
vertex 1.875000e-01 0.000000e+00 3.125000e-01
vertex 1.250000e-01 0.000000e+00 2.500000e-01
endloop
endfacet
facet normal 0 0 0
outer loop
vertex 3.750000e-01 1.250000e-01 0.000000e+00
vertex 3.125000e-01 6.250000e-02 0.000000e+00
vertex 3.750000e-01 6.250000e-02 0.000000e+00
endloop
endfacet
facet normal 0 0 0
outer loop
vertex 3.125000e-01 0.000000e+00 1.875000e-01
vertex 3.125000e-01 0.000000e+00 2.500000e-01
vertex 3.750000e-01 0.000000e+00 2.500000e-01
endloop
endfacet
facet normal 0 0 0
outer loop
vertex 4.375000e-01 1.250000e-01 0.000000e+00
vertex 4.375000e-01 6.250000e-02 0.000000e+00
vertex 5.000000e-01 1.250000e-01 0.000000e+00
endloop
endfacet
facet normal 0 0 0
outer loop
vertex 4.375000e-01 6.250000e-02 0.000000e+00
vertex 5.000000e-01 6.250000e-02 0.000000e+00
vertex 5.000000e-01 1.250000e-01 0.000000e+00
endloop
endfacet
facet normal 0 0 0
outer loop
vertex 5.625000e-01 0.000000e+00 1.250000e-01
vertex 5.000000e-01 0.000000e+00 6.250000e-02
vertex 5.000000e-01 0.000000e+00 1.250000e-01
endloop
endfacet
facet normal 0 0 0
outer loop
vertex 0.000000e+00 9.375000e-01 6.250000e-02
vertex 0.000000e+00 8.750000e-01 6.250000e-02
vertex 0.000000e+00 8.750000e-01 0.000000e+00
endloop
endfacet
facet normal 0 0 0
outer loop
vertex 4.375000e-01 0.000000e+00 6.250000e-02
vertex 3.750000e-01 0.000000e+00 6.250000e-02
vertex 4.375000e-01 0.000000e+00 1.250000e-01
endloop
endfacet
facet normal 0 0 0
outer loop
vertex 2.500000e-01 6.250000e-02 0.000000e+00
vertex 3.125000e-01 6.250000e-02 0.000000e+00
vertex 3.125000e-01 1.250000e-01 0.000000e+00
endloop
endfacet
facet normal 0 0 0
outer loop
vertex 0.000000e+00 6.250000e-01 5.000000e-01
vertex 0.000000e+00 5.625000e-01 4.375000e-01
vertex 0.000000e+00 6.250000e-01 4.375000e-01
endloop
endfacet
facet normal 0 0 0
outer loop
vertex 5.000000e-01 0.000000e+00 0.000000e+00
vertex 5.000000e-01 0.000000e+00 6.250000e-02
vertex 5.625000e-01 0.000000e+00 6.250000e-02
endloop
endfacet
facet normal 0 0 0
outer loop
vertex 5.000000e-01 0.000000e+00 1.250000e-01
vertex 4.375000e-01 0.000000e+00 1.250000e-01
vertex 5.000000e-01 0.000000e+00 1.875000e-01
endloop
endfacet
facet normal 0 0 0
outer loop
vertex 6.250000e-02 1.000000e+00 3.750000e-01
vertex 0.000000e+00 1.000000e+00 3.125000e-01
vertex 6.250000e-02 1.000000e+00 3.125000e-01
endloop
endfacet
facet normal 0 0 0
outer loop
vertex 4.375000e-01 0.000000e+00 6.250000e-02
vertex 3.750000e-01 0.000000e+00 0.000000e+00
vertex 3.750000e-01 0.000000e+00 6.250000e-02
endloop
endfacet
facet normal 0 0 0
outer loop
vertex 5.000000e-01 6.250000e-02 0.000000e+00
vertex 5.625000e-01 1.250000e-01 0.000000e+00
vertex 5.000000e-01 1.250000e-01 0.000000e+00
endloop
endfacet
facet normal 0 0 0
outer loop
vertex 5.625000e-01 1.250000e-01 0.000000e+00
vertex 5.000000e-01 6.250000e-02 0.000000e+00
vertex 5.625000e-01 6.250000e-02 0.000000e+00
endloop
endfacet
facet normal 0 0 0
outer loop
vertex 1.875000e-01 0.000000e+00 0.000000e+00
vertex 2.500000e-01 6.250000e-02 0.000000e+00
vertex 1.875000e-01 6.250000e-02 0.000000e+00
endloop
endfacet
facet normal 0 0 0
outer loop
vertex 3.750000e-01 6.250000e-02 0.000000e+00
vertex 3.125000e-01 0.000000e+00 0.000000e+00
vertex 3.750000e-01 0.000000e+00 0.000000e+00
endloop
endfacet
facet normal 0 0 0
outer loop
vertex 3.750000e-01 0.000000e+00 0.000000e+00
vertex 3.125000e-01 0.000000e+00 0.000000e+00
vertex 3.750000e-01 0.000000e+00 6.250000e-02
endloop
endfacet
facet normal 0 0 0
outer loop
vertex 3.125000e-01 0.000000e+00 0.000000e+00
vertex 3.125000e-01 0.000000e+00 6.250000e-02
vertex 3.750000e-01 0.000000e+00 6.250000e-02
endloop
endfacet
facet normal 0 0 0
outer loop
vertex 0.000000e+00 6.250000e-02 1.250000e-01
vertex 0.000000e+00 1.250000e-01 1.250000e-01
vertex 0.000000e+00 1.250000e-01 1.875000e-01
endloop
endfacet
facet normal 0 0 0
outer loop
vertex 1.875000e-01 0.000000e+00 0.000000e+00
vertex 1.250000e-01 0.000000e+00 0.000000e+00
vertex 1.875000e-01 0.000000e+00 6.250000e-02
endloop
endfacet
facet normal 0 0 0
outer loop
vertex 1.250000e-01 0.000000e+00 0.000000e+00
vertex 1.875000e-01 0.000000e+00 0.000000e+00
vertex 1.875000e-01 6.250000e-02 0.000000e+00
endloop
endfacet
facet normal 0 0 0
outer loop
vertex 1.250000e-01 3.750000e-01 0.000000e+00
vertex 6.250000e-02 3.750000e-01 0.000000e+00
vertex 6.250000e-02 3.125000e-01 0.000000e+00
endloop
endfacet
facet normal 0 0 0
outer loop
vertex 1.250000e-01 1.875000e-01 0.000000e+00
vertex 6.250000e-02 1.875000e-01 0.000000e+00
vertex 6.250000e-02 1.250000e-01 0.000000e+00
endloop
endfacet
facet normal 0 0 0
outer loop
vertex 2.500000e-01 1.250000e-01 0.000000e+00
vertex 2.500000e-01 6.250000e-02 0.000000e+00
vertex 3.125000e-01 1.250000e-01 0.000000e+00
endloop
endfacet
facet normal 0 0 0
outer loop
vertex 0.000000e+00 5.000000e-01 2.500000e-01
vertex 0.000000e+00 5.625000e-01 2.500000e-01
vertex 0.000000e+00 5.625000e-01 3.125000e-01
endloop
endfacet
facet normal 0 0 0
outer loop
vertex 6.250000e-02 0.000000e+00 1.875000e-01
vertex 0.000000e+00 0.000000e+00 1.875000e-01
vertex 6.250000e-02 0.000000e+00 2.500000e-01
endloop
endfacet
facet normal 0 0 0
outer loop
vertex 1.875000e-01 3.125000e-01 0.000000e+00
vertex 1.875000e-01 3.750000e-01 0.000000e+00
vertex 1.250000e-01 3.125000e-01 0.000000e+00
endloop
endfacet
facet normal 0 0 0
outer loop
vertex 2.500000e-01 0.000000e+00 0.000000e+00
vertex 3.125000e-01 6.250000e-02 0.000000e+00
vertex 2.500000e-01 6.250000e-02 0.000000e+00
endloop
endfacet
facet normal 0 0 0
outer loop
vertex 0.000000e+00 1.250000e-01 2.500000e-01
vertex 0.000000e+00 6.250000e-02 1.875000e-01
vertex 0.000000e+00 1.250000e-01 1.875000e-01
endloop
endfacet
facet normal 0 0 0
outer loop
vertex 1.875000e-01 6.250000e-02 0.000000e+00
vertex 1.250000e-01 6.250000e-02 0.000000e+00
vertex 1.250000e-01 0.000000e+00 0.000000e+00
endloop
endfacet
facet normal 0 0 0
outer loop
vertex 0.000000e+00 0.000000e+00 1.250000e-01
vertex 6.250000e-02 0.000000e+00 1.250000e-01
vertex 0.000000e+00 0.000000e+00 6.250000e-02
endloop
endfacet
facet normal 0 0 0
outer loop
vertex 0.000000e+00 0.000000e+00 6.250000e-02
vertex 0.000000e+00 6.250000e-02 1.250000e-01
vertex 0.000000e+00 0.000000e+00 1.250000e-01
endloop
endfacet
facet normal 0 0 0
outer loop
vertex 1.250000e-01 6.250000e-02 0.000000e+00
vertex 1.875000e-01 1.250000e-01 0.000000e+00
vertex 1.250000e-01 1.250000e-01 0.000000e+00
endloop
endfacet
facet normal 0 0 0
outer loop
vertex 0.000000e+00 6.250000e-02 6.250000e-02
vertex 0.000000e+00 1.250000e-01 1.250000e-01
vertex 0.000000e+00 6.250000e-02 1.250000e-01
endloop
endfacet
facet normal 0 0 0
outer loop
vertex 1.250000e-01 0.000000e+00 1.250000e-01
vertex 1.250000e-01 0.000000e+00 6.250000e-02
vertex 6.250000e-02 0.000000e+00 6.250000e-02
endloop
endfacet
facet normal 0 0 0
outer loop
vertex 0.000000e+00 0.000000e+00 1.250000e-01
vertex 0.000000e+00 6.250000e-02 1.250000e-01
vertex 0.000000e+00 6.250000e-02 1.875000e-01
endloop
endfacet
facet normal 0 0 0
outer loop
vertex 6.250000e-02 1.250000e-01 0.000000e+00
vertex 6.250000e-02 6.250000e-02 0.000000e+00
vertex 1.250000e-01 1.250000e-01 0.000000e+00
endloop
endfacet
facet normal 0 0 0
outer loop
vertex 3.125000e-01 2.500000e-01 0.000000e+00
vertex 3.750000e-01 3.125000e-01 0.000000e+00
vertex 3.125000e-01 3.125000e-01 0.000000e+00
endloop
endfacet
facet normal 0 0 0
outer loop
vertex 1.250000e-01 6.250000e-02 0.000000e+00
vertex 6.250000e-02 6.250000e-02 0.000000e+00
vertex 6.250000e-02 0.000000e+00 0.000000e+00
endloop
endfacet
facet normal 0 0 0
outer loop
vertex 6.250000e-02 0.000000e+00 6.250000e-02
vertex 1.250000e-01 0.000000e+00 6.250000e-02
vertex 6.250000e-02 0.000000e+00 0.000000e+00
endloop
endfacet
facet normal 0 0 0
outer loop
vertex 1.250000e-01 1.250000e-01 0.000000e+00
vertex 1.250000e-01 1.875000e-01 0.000000e+00
vertex 6.250000e-02 1.250000e-01 0.000000e+00
endloop
endfacet
facet normal 0 0 0
outer loop
vertex 1.250000e-01 0.000000e+00 6.250000e-02
vertex 1.875000e-01 0.000000e+00 1.250000e-01
vertex 1.875000e-01 0.000000e+00 6.250000e-02
endloop
endfacet
facet normal 0 0 0
outer loop
vertex 6.250000e-02 0.000000e+00 2.500000e-01
vertex 0.000000e+00 0.000000e+00 1.875000e-01
vertex 0.000000e+00 0.000000e+00 2.500000e-01
endloop
endfacet
facet normal 0 0 0
outer loop
vertex 0.000000e+00 0.000000e+00 2.500000e-01
vertex 0.000000e+00 0.000000e+00 1.875000e-01
vertex 0.000000e+00 6.250000e-02 2.500000e-01
endloop
endfacet
facet normal 0 0 0
outer loop
vertex 1.250000e-01 0.000000e+00 1.250000e-01
vertex 1.250000e-01 0.000000e+00 1.875000e-01
vertex 1.875000e-01 0.000000e+00 1.875000e-01
endloop
endfacet
facet normal 0 0 0
outer loop
vertex 1.875000e-01 0.000000e+00 1.250000e-01
vertex 1.250000e-01 0.000000e+00 1.250000e-01
vertex 1.875000e-01 0.000000e+00 1.875000e-01
endloop
endfacet
facet normal 0 0 0
outer loop
vertex 0.000000e+00 6.250000e-02 1.875000e-01
vertex 0.000000e+00 1.250000e-01 2.500000e-01
vertex 0.000000e+00 6.250000e-02 2.500000e-01
endloop
endfacet
facet normal 0 0 0
outer loop
vertex 1.875000e-01 1.250000e-01 0.000000e+00
vertex 1.250000e-01 6.250000e-02 0.000000e+00
vertex 1.875000e-01 6.250000e-02 0.000000e+00
endloop
endfacet
facet normal 0 0 0
outer loop
vertex 1.250000e-01 0.000000e+00 1.875000e-01
vertex 6.250000e-02 0.000000e+00 1.250000e-01
vertex 6.250000e-02 0.000000e+00 1.875000e-01
endloop
endfacet
facet normal 0 0 0
outer loop
vertex 1.250000e-01 0.000000e+00 1.250000e-01
vertex 6.250000e-02 0.000000e+00 1.250000e-01
vertex 1.250000e-01 0.000000e+00 1.875000e-01
endloop
endfacet
facet normal 0 0 0
outer loop
vertex 0.000000e+00 1.250000e-01 6.250000e-02
vertex 0.000000e+00 1.250000e-01 1.250000e-01
vertex 0.000000e+00 6.250000e-02 6.250000e-02
endloop
endfacet
facet normal 0 0 0
outer loop
vertex 0.000000e+00 0.000000e+00 1.250000e-01
vertex 0.000000e+00 0.000000e+00 1.875000e-01
vertex 6.250000e-02 0.000000e+00 1.875000e-01
endloop
endfacet
facet normal 0 0 0
outer loop
vertex 0.000000e+00 6.250000e-02 1.875000e-01
vertex 0.000000e+00 0.000000e+00 1.875000e-01
vertex 0.000000e+00 0.000000e+00 1.250000e-01
endloop
endfacet
facet normal 0 0 0
outer loop
vertex 0.000000e+00 0.000000e+00 0.000000e+00
vertex 0.000000e+00 0.000000e+00 6.250000e-02
vertex 6.250000e-02 0.000000e+00 6.250000e-02
endloop
endfacet
facet normal 0 0 0
outer loop
vertex 0.000000e+00 6.250000e-02 6.250000e-02
vertex 0.000000e+00 0.000000e+00 6.250000e-02
vertex 0.000000e+00 0.000000e+00 0.000000e+00
endloop
endfacet
facet normal 0 0 0
outer loop
vertex 0.000000e+00 0.000000e+00 6.250000e-02
vertex 6.250000e-02 0.000000e+00 1.250000e-01
vertex 6.250000e-02 0.000000e+00 6.250000e-02
endloop
endfacet
facet normal 0 0 0
outer loop
vertex 0.000000e+00 0.000000e+00 1.250000e-01
vertex 6.250000e-02 0.000000e+00 1.875000e-01
vertex 6.250000e-02 0.000000e+00 1.250000e-01
endloop
endfacet
facet normal 0 0 0
outer loop
vertex 0.000000e+00 6.250000e-02 6.250000e-02
vertex 0.000000e+00 6.250000e-02 1.250000e-01
vertex 0.000000e+00 0.000000e+00 6.250000e-02
endloop
endfacet
facet normal 0 0 0
outer loop
vertex 0.000000e+00 6.250000e-02 0.000000e+00
vertex 0.000000e+00 6.250000e-02 6.250000e-02
vertex 0.000000e+00 0.000000e+00 0.000000e+00
endloop
endfacet
facet normal 0 0 0
outer loop
vertex 0.000000e+00 0.000000e+00 0.000000e+00
vertex 6.250000e-02 6.250000e-02 0.000000e+00
vertex 0.000000e+00 6.250000e-02 0.000000e+00
endloop
endfacet
facet normal 0 0 0
outer loop
vertex 6.250000e-02 6.250000e-02 0.000000e+00
vertex 1.250000e-01 6.250000e-02 0.000000e+00
vertex 1.250000e-01 1.250000e-01 0.000000e+00
endloop
endfacet
facet normal 0 0 0
outer loop
vertex 6.250000e-02 0.000000e+00 0.000000e+00
vertex 1.250000e-01 0.000000e+00 6.250000e-02
vertex 1.250000e-01 0.000000e+00 0.000000e+00
endloop
endfacet
facet normal 0 0 0
outer loop
vertex 1.250000e-01 0.000000e+00 0.000000e+00
vertex 1.250000e-01 6.250000e-02 0.000000e+00
vertex 6.250000e-02 0.000000e+00 0.000000e+00
endloop
endfacet
facet normal 0 0 0
outer loop
vertex 0.000000e+00 6.250000e-02 0.000000e+00
vertex 0.000000e+00 1.250000e-01 0.000000e+00
vertex 0.000000e+00 1.250000e-01 6.250000e-02
endloop
endfacet
facet normal 0 0 0
outer loop
vertex 6.250000e-02 1.250000e-01 0.000000e+00
vertex 0.000000e+00 1.250000e-01 0.000000e+00
vertex 0.000000e+00 6.250000e-02 0.000000e+00
endloop
endfacet
facet normal 0 0 0
outer loop
vertex 0.000000e+00 0.000000e+00 0.000000e+00
vertex 6.250000e-02 0.000000e+00 6.250000e-02
vertex 6.250000e-02 0.000000e+00 0.000000e+00
endloop
endfacet
facet normal 0 0 0
outer loop
vertex 6.250000e-02 0.000000e+00 0.000000e+00
vertex 6.250000e-02 6.250000e-02 0.000000e+00
vertex 0.000000e+00 0.000000e+00 0.000000e+00
endloop
endfacet
facet normal 0 0 0
outer loop
vertex 6.250000e-02 6.250000e-02 0.000000e+00
vertex 6.250000e-02 1.250000e-01 0.000000e+00
vertex 0.000000e+00 6.250000e-02 0.000000e+00
endloop
endfacet
facet normal 0 0 0
outer loop
vertex 3.750000e-01 3.125000e-01 0.000000e+00
vertex 3.125000e-01 2.500000e-01 0.000000e+00
vertex 3.750000e-01 2.500000e-01 0.000000e+00
endloop
endfacet
facet normal 0 0 0
outer loop
vertex 0.000000e+00 2.500000e-01 3.750000e-01
vertex 0.000000e+00 3.125000e-01 3.750000e-01
vertex 0.000000e+00 3.125000e-01 4.375000e-01
endloop
endfacet
facet normal 0 0 0
outer loop
vertex 1.250000e-01 7.500000e-01 0.000000e+00
vertex 6.250000e-02 6.875000e-01 0.000000e+00
vertex 1.250000e-01 6.875000e-01 0.000000e+00
endloop
endfacet
facet normal 0 0 0
outer loop
vertex 0.000000e+00 3.125000e-01 3.125000e-01
vertex 0.000000e+00 3.750000e-01 3.750000e-01
vertex 0.000000e+00 3.125000e-01 3.750000e-01
endloop
endfacet
facet normal 0 0 0
outer loop
vertex 6.250000e-02 2.500000e-01 0.000000e+00
vertex 0.000000e+00 2.500000e-01 0.000000e+00
vertex 0.000000e+00 1.875000e-01 0.000000e+00
endloop
endfacet
facet normal 0 0 0
outer loop
vertex 0.000000e+00 2.500000e-01 0.000000e+00
vertex 0.000000e+00 2.500000e-01 6.250000e-02
vertex 0.000000e+00 1.875000e-01 0.000000e+00
endloop
endfacet
facet normal 0 0 0
outer loop
vertex 4.375000e-01 3.125000e-01 0.000000e+00
vertex 5.000000e-01 3.125000e-01 0.000000e+00
vertex 5.000000e-01 3.750000e-01 0.000000e+00
endloop
endfacet
facet normal 0 0 0
outer loop
vertex 5.000000e-01 3.750000e-01 0.000000e+00
vertex 5.000000e-01 3.125000e-01 0.000000e+00
vertex 5.625000e-01 3.750000e-01 0.000000e+00
endloop
endfacet
facet normal 0 0 0
outer loop
vertex 0.000000e+00 2.500000e-01 2.500000e-01
vertex 0.000000e+00 3.125000e-01 3.125000e-01
vertex 0.000000e+00 2.500000e-01 3.125000e-01
endloop
endfacet
facet normal 0 0 0
outer loop
vertex 0.000000e+00 3.125000e-01 6.250000e-02
vertex 0.000000e+00 2.500000e-01 0.000000e+00
vertex 0.000000e+00 3.125000e-01 0.000000e+00
endloop
endfacet
facet normal 0 0 0
outer loop
vertex 0.000000e+00 2.500000e-01 0.000000e+00
vertex 6.250000e-02 3.125000e-01 0.000000e+00
vertex 0.000000e+00 3.125000e-01 0.000000e+00
endloop
endfacet
facet normal 0 0 0
outer loop
vertex 0.000000e+00 2.500000e-01 3.125000e-01
vertex 0.000000e+00 3.125000e-01 3.125000e-01
vertex 0.000000e+00 3.125000e-01 3.750000e-01
endloop
endfacet
facet normal 0 0 0
outer loop
vertex 0.000000e+00 1.875000e-01 6.250000e-02
vertex 0.000000e+00 1.250000e-01 6.250000e-02
vertex 0.000000e+00 1.250000e-01 0.000000e+00
endloop
endfacet
facet normal 0 0 0
outer loop
vertex 0.000000e+00 3.750000e-01 6.250000e-02
vertex 0.000000e+00 3.750000e-01 0.000000e+00
vertex 0.000000e+00 4.375000e-01 6.250000e-02
endloop
endfacet
facet normal 0 0 0
outer loop
vertex 0.000000e+00 4.375000e-01 1.250000e-01
vertex 0.000000e+00 3.750000e-01 1.250000e-01
vertex 0.000000e+00 3.750000e-01 6.250000e-02
endloop
endfacet
facet normal 0 0 0
outer loop
vertex 3.750000e-01 7.500000e-01 0.000000e+00
vertex 4.375000e-01 7.500000e-01 0.000000e+00
vertex 4.375000e-01 8.125000e-01 0.000000e+00
endloop
endfacet
facet normal 0 0 0
outer loop
vertex 6.250000e-02 1.250000e-01 0.000000e+00
vertex 6.250000e-02 1.875000e-01 0.000000e+00
vertex 0.000000e+00 1.250000e-01 0.000000e+00
endloop
endfacet
facet normal 0 0 0
outer loop
vertex 0.000000e+00 1.250000e-01 0.000000e+00
vertex 6.250000e-02 1.875000e-01 0.000000e+00
vertex 0.000000e+00 1.875000e-01 0.000000e+00
endloop
endfacet
facet normal 0 0 0
outer loop
vertex 0.000000e+00 1.875000e-01 0.000000e+00
vertex 0.000000e+00 1.875000e-01 6.250000e-02
vertex 0.000000e+00 1.250000e-01 0.000000e+00
endloop
endfacet
facet normal 0 0 0
outer loop
vertex 0.000000e+00 2.500000e-01 6.250000e-02
vertex 0.000000e+00 1.875000e-01 6.250000e-02
vertex 0.000000e+00 1.875000e-01 0.000000e+00
endloop
endfacet
facet normal 0 0 0
outer loop
vertex 6.250000e-02 2.500000e-01 0.000000e+00
vertex 0.000000e+00 1.875000e-01 0.000000e+00
vertex 6.250000e-02 1.875000e-01 0.000000e+00
endloop
endfacet
facet normal 0 0 0
outer loop
vertex 1.250000e-01 1.875000e-01 0.000000e+00
vertex 1.875000e-01 2.500000e-01 0.000000e+00
vertex 1.250000e-01 2.500000e-01 0.000000e+00
endloop
endfacet
facet normal 0 0 0
outer loop
vertex 0.000000e+00 1.875000e-01 1.250000e-01
vertex 0.000000e+00 1.250000e-01 1.250000e-01
vertex 0.000000e+00 1.250000e-01 6.250000e-02
endloop
endfacet
facet normal 0 0 0
outer loop
vertex 1.875000e-01 0.000000e+00 1.875000e-01
vertex 1.875000e-01 0.000000e+00 2.500000e-01
vertex 2.500000e-01 0.000000e+00 2.500000e-01
endloop
endfacet
facet normal 0 0 0
outer loop
vertex 0.000000e+00 3.125000e-01 6.250000e-02
vertex 0.000000e+00 3.125000e-01 1.250000e-01
vertex 0.000000e+00 2.500000e-01 6.250000e-02
endloop
endfacet
facet normal 0 0 0
outer loop
vertex 0.000000e+00 5.625000e-01 0.000000e+00
vertex 6.250000e-02 6.250000e-01 0.000000e+00
vertex 0.000000e+00 6.250000e-01 0.000000e+00
endloop
endfacet
facet normal 0 0 0
outer loop
vertex 0.000000e+00 6.250000e-01 0.000000e+00
vertex 0.000000e+00 6.250000e-01 6.250000e-02
vertex 0.000000e+00 5.625000e-01 0.000000e+00
endloop
endfacet
facet normal 0 0 0
outer loop
vertex 1.250000e-01 8.125000e-01 0.000000e+00
vertex 6.250000e-02 7.500000e-01 0.000000e+00
vertex 1.250000e-01 7.500000e-01 0.000000e+00
endloop
endfacet
facet normal 0 0 0
outer loop
vertex 0.000000e+00 1.250000e-01 5.000000e-01
vertex 0.000000e+00 1.875000e-01 5.000000e-01
vertex 0.000000e+00 1.875000e-01 5.625000e-01
endloop
endfacet
facet normal 0 0 0
outer loop
vertex 3.125000e-01 3.125000e-01 0.000000e+00
vertex 2.500000e-01 3.125000e-01 0.000000e+00
vertex 2.500000e-01 2.500000e-01 0.000000e+00
endloop
endfacet
facet normal 0 0 0
outer loop
vertex 0.000000e+00 4.375000e-01 0.000000e+00
vertex 0.000000e+00 3.750000e-01 0.000000e+00
vertex 6.250000e-02 4.375000e-01 0.000000e+00
endloop
endfacet
facet normal 0 0 0
outer loop
vertex 0.000000e+00 3.750000e-01 0.000000e+00
vertex 0.000000e+00 4.375000e-01 0.000000e+00
vertex 0.000000e+00 4.375000e-01 6.250000e-02
endloop
endfacet
facet normal 0 0 0
outer loop
vertex 0.000000e+00 4.375000e-01 6.250000e-02
vertex 0.000000e+00 4.375000e-01 0.000000e+00
vertex 0.000000e+00 5.000000e-01 6.250000e-02
endloop
endfacet
facet normal 0 0 0
outer loop
vertex 0.000000e+00 4.375000e-01 0.000000e+00
vertex 6.250000e-02 4.375000e-01 0.000000e+00
vertex 6.250000e-02 5.000000e-01 0.000000e+00
endloop
endfacet
facet normal 0 0 0
outer loop
vertex 6.250000e-02 5.000000e-01 0.000000e+00
vertex 0.000000e+00 5.000000e-01 0.000000e+00
vertex 0.000000e+00 4.375000e-01 0.000000e+00
endloop
endfacet
facet normal 0 0 0
outer loop
vertex 0.000000e+00 4.375000e-01 0.000000e+00
vertex 0.000000e+00 5.000000e-01 0.000000e+00
vertex 0.000000e+00 5.000000e-01 6.250000e-02
endloop
endfacet
facet normal 0 0 0
outer loop
vertex 1.250000e-01 3.750000e-01 0.000000e+00
vertex 1.250000e-01 4.375000e-01 0.000000e+00
vertex 6.250000e-02 3.750000e-01 0.000000e+00
endloop
endfacet
facet normal 0 0 0
outer loop
vertex 0.000000e+00 9.375000e-01 6.250000e-01
vertex 0.000000e+00 9.375000e-01 6.875000e-01
vertex 0.000000e+00 8.750000e-01 6.250000e-01
endloop
endfacet
facet normal 0 0 0
outer loop
vertex 1.250000e-01 1.000000e+00 3.125000e-01
vertex 1.250000e-01 1.000000e+00 2.500000e-01
vertex 1.875000e-01 1.000000e+00 3.125000e-01
endloop
endfacet
facet normal 0 0 0
outer loop
vertex 0.000000e+00 3.125000e-01 6.250000e-02
vertex 0.000000e+00 3.125000e-01 0.000000e+00
vertex 0.000000e+00 3.750000e-01 6.250000e-02
endloop
endfacet
facet normal 0 0 0
outer loop
vertex 6.250000e-02 3.125000e-01 0.000000e+00
vertex 6.250000e-02 3.750000e-01 0.000000e+00
vertex 0.000000e+00 3.125000e-01 0.000000e+00
endloop
endfacet
facet normal 0 0 0
outer loop
vertex 1.250000e-01 3.750000e-01 0.000000e+00
vertex 6.250000e-02 3.125000e-01 0.000000e+00
vertex 1.250000e-01 3.125000e-01 0.000000e+00
endloop
endfacet
facet normal 0 0 0
outer loop
vertex 0.000000e+00 1.000000e+00 6.875000e-01
vertex 6.250000e-02 1.000000e+00 7.500000e-01
vertex 0.000000e+00 1.000000e+00 7.500000e-01
endloop
endfacet
facet normal 0 0 0
outer loop
vertex 0.000000e+00 1.000000e+00 7.500000e-01
vertex 0.000000e+00 9.375000e-01 6.875000e-01
vertex 0.000000e+00 1.000000e+00 6.875000e-01
endloop
endfacet
facet normal 0 0 0
outer loop
vertex 1.875000e-01 7.500000e-01 0.000000e+00
vertex 1.250000e-01 7.500000e-01 0.000000e+00
vertex 1.250000e-01 6.875000e-01 0.000000e+00
endloop
endfacet
facet normal 0 0 0
outer loop
vertex 1.875000e-01 3.125000e-01 0.000000e+00
vertex 2.500000e-01 3.750000e-01 0.000000e+00
vertex 1.875000e-01 3.750000e-01 0.000000e+00
endloop
endfacet
facet normal 0 0 0
outer loop
vertex 4.375000e-01 5.000000e-01 0.000000e+00
vertex 4.375000e-01 4.375000e-01 0.000000e+00
vertex 5.000000e-01 5.000000e-01 0.000000e+00
endloop
endfacet
facet normal 0 0 0
outer loop
vertex 1.875000e-01 1.875000e-01 0.000000e+00
vertex 1.250000e-01 1.875000e-01 0.000000e+00
vertex 1.250000e-01 1.250000e-01 0.000000e+00
endloop
endfacet
facet normal 0 0 0
outer loop
vertex 3.125000e-01 7.500000e-01 0.000000e+00
vertex 3.125000e-01 6.875000e-01 0.000000e+00
vertex 3.750000e-01 7.500000e-01 0.000000e+00
endloop
endfacet
facet normal 0 0 0
outer loop
vertex 5.000000e-01 5.625000e-01 0.000000e+00
vertex 5.000000e-01 5.000000e-01 0.000000e+00
vertex 5.625000e-01 5.625000e-01 0.000000e+00
endloop
endfacet
facet normal 0 0 0
outer loop
vertex 4.375000e-01 3.125000e-01 0.000000e+00
vertex 3.750000e-01 3.125000e-01 0.000000e+00
vertex 3.750000e-01 2.500000e-01 0.000000e+00
endloop
endfacet
facet normal 0 0 0
outer loop
vertex 5.000000e-01 1.875000e-01 0.000000e+00
vertex 4.375000e-01 1.875000e-01 0.000000e+00
vertex 4.375000e-01 1.250000e-01 0.000000e+00
endloop
endfacet
facet normal 0 0 0
outer loop
vertex 3.125000e-01 5.000000e-01 0.000000e+00
vertex 2.500000e-01 5.000000e-01 0.000000e+00
vertex 2.500000e-01 4.375000e-01 0.000000e+00
endloop
endfacet
facet normal 0 0 0
outer loop
vertex 0.000000e+00 6.250000e-01 1.250000e-01
vertex 0.000000e+00 6.875000e-01 1.250000e-01
vertex 0.000000e+00 6.875000e-01 1.875000e-01
endloop
endfacet
facet normal 0 0 0
outer loop
vertex 5.000000e-01 5.000000e-01 0.000000e+00
vertex 4.375000e-01 4.375000e-01 0.000000e+00
vertex 5.000000e-01 4.375000e-01 0.000000e+00
endloop
endfacet
facet normal 0 0 0
outer loop
vertex 2.500000e-01 4.375000e-01 0.000000e+00
vertex 2.500000e-01 5.000000e-01 0.000000e+00
vertex 1.875000e-01 4.375000e-01 0.000000e+00
endloop
endfacet
facet normal 0 0 0
outer loop
vertex 5.000000e-01 1.250000e-01 0.000000e+00
vertex 5.000000e-01 1.875000e-01 0.000000e+00
vertex 4.375000e-01 1.250000e-01 0.000000e+00
endloop
endfacet
facet normal 0 0 0
outer loop
vertex 3.125000e-01 3.125000e-01 0.000000e+00
vertex 3.750000e-01 3.125000e-01 0.000000e+00
vertex 3.750000e-01 3.750000e-01 0.000000e+00
endloop
endfacet
facet normal 0 0 0
outer loop
vertex 5.625000e-01 5.625000e-01 0.000000e+00
vertex 5.000000e-01 5.000000e-01 0.000000e+00
vertex 5.625000e-01 5.000000e-01 0.000000e+00
endloop
endfacet
facet normal 0 0 0
outer loop
vertex 5.000000e-01 5.000000e-01 0.000000e+00
vertex 5.000000e-01 4.375000e-01 0.000000e+00
vertex 5.625000e-01 5.000000e-01 0.000000e+00
endloop
endfacet
facet normal 0 0 0
outer loop
vertex 5.625000e-01 1.875000e-01 0.000000e+00
vertex 5.000000e-01 1.875000e-01 0.000000e+00
vertex 5.000000e-01 1.250000e-01 0.000000e+00
endloop
endfacet
facet normal 0 0 0
outer loop
vertex 5.625000e-01 4.375000e-01 0.000000e+00
vertex 5.000000e-01 4.375000e-01 0.000000e+00
vertex 5.000000e-01 3.750000e-01 0.000000e+00
endloop
endfacet
facet normal 0 0 0
outer loop
vertex 5.000000e-01 3.750000e-01 0.000000e+00
vertex 5.000000e-01 4.375000e-01 0.000000e+00
vertex 4.375000e-01 3.750000e-01 0.000000e+00
endloop
endfacet
facet normal 0 0 0
outer loop
vertex 5.625000e-01 5.000000e-01 0.000000e+00
vertex 5.000000e-01 4.375000e-01 0.000000e+00
vertex 5.625000e-01 4.375000e-01 0.000000e+00
endloop
endfacet
facet normal 0 0 0
outer loop
vertex 3.750000e-01 7.500000e-01 0.000000e+00
vertex 4.375000e-01 8.125000e-01 0.000000e+00
vertex 3.750000e-01 8.125000e-01 0.000000e+00
endloop
endfacet
facet normal 0 0 0
outer loop
vertex 4.375000e-01 3.125000e-01 0.000000e+00
vertex 4.375000e-01 3.750000e-01 0.000000e+00
vertex 3.750000e-01 3.125000e-01 0.000000e+00
endloop
endfacet
facet normal 0 0 0
outer loop
vertex 0.000000e+00 3.125000e-01 5.625000e-01
vertex 0.000000e+00 3.125000e-01 5.000000e-01
vertex 0.000000e+00 3.750000e-01 5.625000e-01
endloop
endfacet
facet normal 0 0 0
outer loop
vertex 4.375000e-01 3.125000e-01 0.000000e+00
vertex 5.000000e-01 3.750000e-01 0.000000e+00
vertex 4.375000e-01 3.750000e-01 0.000000e+00
endloop
endfacet
facet normal 0 0 0
outer loop
vertex 3.750000e-01 5.000000e-01 0.000000e+00
vertex 3.750000e-01 4.375000e-01 0.000000e+00
vertex 4.375000e-01 5.000000e-01 0.000000e+00
endloop
endfacet
facet normal 0 0 0
outer loop
vertex 2.500000e-01 6.250000e-01 0.000000e+00
vertex 1.875000e-01 5.625000e-01 0.000000e+00
vertex 2.500000e-01 5.625000e-01 0.000000e+00
endloop
endfacet
facet normal 0 0 0
outer loop
vertex 2.500000e-01 3.750000e-01 0.000000e+00
vertex 2.500000e-01 3.125000e-01 0.000000e+00
vertex 3.125000e-01 3.750000e-01 0.000000e+00
endloop
endfacet
facet normal 0 0 0
outer loop
vertex 3.125000e-01 4.375000e-01 0.000000e+00
vertex 3.125000e-01 5.000000e-01 0.000000e+00
vertex 2.500000e-01 4.375000e-01 0.000000e+00
endloop
endfacet
facet normal 0 0 0
outer loop
vertex 5.000000e-01 4.375000e-01 0.000000e+00
vertex 4.375000e-01 4.375000e-01 0.000000e+00
vertex 4.375000e-01 3.750000e-01 0.000000e+00
endloop
endfacet
facet normal 0 0 0
outer loop
vertex 3.750000e-01 1.875000e-01 0.000000e+00
vertex 4.375000e-01 2.500000e-01 0.000000e+00
vertex 3.750000e-01 2.500000e-01 0.000000e+00
endloop
endfacet
facet normal 0 0 0
outer loop
vertex 3.750000e-01 1.875000e-01 0.000000e+00
vertex 4.375000e-01 1.875000e-01 0.000000e+00
vertex 4.375000e-01 2.500000e-01 0.000000e+00
endloop
endfacet
facet normal 0 0 0
outer loop
vertex 3.125000e-01 1.875000e-01 0.000000e+00
vertex 3.750000e-01 1.875000e-01 0.000000e+00
vertex 3.750000e-01 2.500000e-01 0.000000e+00
endloop
endfacet
facet normal 0 0 0
outer loop
vertex 2.500000e-01 1.875000e-01 0.000000e+00
vertex 1.875000e-01 1.250000e-01 0.000000e+00
vertex 2.500000e-01 1.250000e-01 0.000000e+00
endloop
endfacet
facet normal 0 0 0
outer loop
vertex 3.125000e-01 1.875000e-01 0.000000e+00
vertex 2.500000e-01 1.875000e-01 0.000000e+00
vertex 2.500000e-01 1.250000e-01 0.000000e+00
endloop
endfacet
facet normal 0 0 0
outer loop
vertex 3.750000e-01 2.500000e-01 0.000000e+00
vertex 3.125000e-01 2.500000e-01 0.000000e+00
vertex 3.125000e-01 1.875000e-01 0.000000e+00
endloop
endfacet
facet normal 0 0 0
outer loop
vertex 3.125000e-01 3.750000e-01 0.000000e+00
vertex 3.750000e-01 4.375000e-01 0.000000e+00
vertex 3.125000e-01 4.375000e-01 0.000000e+00
endloop
endfacet
facet normal 0 0 0
outer loop
vertex 3.125000e-01 3.125000e-01 0.000000e+00
vertex 2.500000e-01 2.500000e-01 0.000000e+00
vertex 3.125000e-01 2.500000e-01 0.000000e+00
endloop
endfacet
facet normal 0 0 0
outer loop
vertex 5.000000e-01 8.125000e-01 1.000000e+00
vertex 5.000000e-01 7.500000e-01 1.000000e+00
vertex 4.375000e-01 7.500000e-01 1.000000e+00
endloop
endfacet
facet normal 0 0 0
outer loop
vertex 3.125000e-01 4.375000e-01 0.000000e+00
vertex 2.500000e-01 3.750000e-01 0.000000e+00
vertex 3.125000e-01 3.750000e-01 0.000000e+00
endloop
endfacet
facet normal 0 0 0
outer loop
vertex 2.500000e-01 1.875000e-01 0.000000e+00
vertex 1.875000e-01 1.875000e-01 0.000000e+00
vertex 1.875000e-01 1.250000e-01 0.000000e+00
endloop
endfacet
facet normal 0 0 0
outer loop
vertex 1.875000e-01 3.750000e-01 0.000000e+00
vertex 1.875000e-01 4.375000e-01 0.000000e+00
vertex 1.250000e-01 3.750000e-01 0.000000e+00
endloop
endfacet
facet normal 0 0 0
outer loop
vertex 3.125000e-01 1.000000e+00 1.250000e-01
vertex 3.125000e-01 1.000000e+00 6.250000e-02
vertex 3.750000e-01 1.000000e+00 1.250000e-01
endloop
endfacet
facet normal 0 0 0
outer loop
vertex 1.875000e-01 3.750000e-01 0.000000e+00
vertex 2.500000e-01 4.375000e-01 0.000000e+00
vertex 1.875000e-01 4.375000e-01 0.000000e+00
endloop
endfacet
facet normal 0 0 0
outer loop
vertex 2.500000e-01 3.750000e-01 0.000000e+00
vertex 2.500000e-01 4.375000e-01 0.000000e+00
vertex 1.875000e-01 3.750000e-01 0.000000e+00
endloop
endfacet
facet normal 0 0 0
outer loop
vertex 2.500000e-01 4.375000e-01 0.000000e+00
vertex 2.500000e-01 3.750000e-01 0.000000e+00
vertex 3.125000e-01 4.375000e-01 0.000000e+00
endloop
endfacet
facet normal 0 0 0
outer loop
vertex 1.875000e-01 4.375000e-01 0.000000e+00
vertex 1.875000e-01 5.000000e-01 0.000000e+00
vertex 1.250000e-01 4.375000e-01 0.000000e+00
endloop
endfacet
facet normal 0 0 0
outer loop
vertex 1.250000e-01 4.375000e-01 0.000000e+00
vertex 1.875000e-01 5.000000e-01 0.000000e+00
vertex 1.250000e-01 5.000000e-01 0.000000e+00
endloop
endfacet
facet normal 0 0 0
outer loop
vertex 6.250000e-02 4.375000e-01 0.000000e+00
vertex 1.250000e-01 4.375000e-01 0.000000e+00
vertex 1.250000e-01 5.000000e-01 0.000000e+00
endloop
endfacet
facet normal 0 0 0
outer loop
vertex 6.250000e-02 5.000000e-01 0.000000e+00
vertex 6.250000e-02 4.375000e-01 0.000000e+00
vertex 1.250000e-01 5.000000e-01 0.000000e+00
endloop
endfacet
facet normal 0 0 0
outer loop
vertex 0.000000e+00 3.125000e-01 1.250000e-01
vertex 0.000000e+00 2.500000e-01 1.250000e-01
vertex 0.000000e+00 2.500000e-01 6.250000e-02
endloop
endfacet
facet normal 0 0 0
outer loop
vertex 0.000000e+00 2.500000e-01 1.250000e-01
vertex 0.000000e+00 1.875000e-01 6.250000e-02
vertex 0.000000e+00 2.500000e-01 6.250000e-02
endloop
endfacet
facet normal 0 0 0
outer loop
vertex 0.000000e+00 4.375000e-01 1.875000e-01
vertex 0.000000e+00 3.750000e-01 1.250000e-01
vertex 0.000000e+00 4.375000e-01 1.250000e-01
endloop
endfacet
facet normal 0 0 0
outer loop
vertex 0.000000e+00 6.250000e-02 4.375000e-01
vertex 0.000000e+00 6.250000e-02 3.750000e-01
vertex 0.000000e+00 1.250000e-01 4.375000e-01
endloop
endfacet
facet normal 0 0 0
outer loop
vertex 3.125000e-01 3.125000e-01 0.000000e+00
vertex 3.750000e-01 3.750000e-01 0.000000e+00
vertex 3.125000e-01 3.750000e-01 0.000000e+00
endloop
endfacet
facet normal 0 0 0
outer loop
vertex 0.000000e+00 1.250000e-01 3.750000e-01
vertex 0.000000e+00 1.250000e-01 4.375000e-01
vertex 0.000000e+00 6.250000e-02 3.750000e-01
endloop
endfacet
facet normal 0 0 0
outer loop
vertex 0.000000e+00 3.750000e-01 1.250000e-01
vertex 0.000000e+00 3.750000e-01 1.875000e-01
vertex 0.000000e+00 3.125000e-01 1.250000e-01
endloop
endfacet
facet normal 0 0 0
outer loop
vertex 4.375000e-01 1.875000e-01 0.000000e+00
vertex 3.750000e-01 1.875000e-01 0.000000e+00
vertex 3.750000e-01 1.250000e-01 0.000000e+00
endloop
endfacet
facet normal 0 0 0
outer loop
vertex 0.000000e+00 1.875000e-01 2.500000e-01
vertex 0.000000e+00 1.250000e-01 2.500000e-01
vertex 0.000000e+00 1.250000e-01 1.875000e-01
endloop
endfacet
facet normal 0 0 0
outer loop
vertex 1.250000e-01 3.125000e-01 0.000000e+00
vertex 6.250000e-02 3.125000e-01 0.000000e+00
vertex 6.250000e-02 2.500000e-01 0.000000e+00
endloop
endfacet
facet normal 0 0 0
outer loop
vertex 1.250000e-01 3.125000e-01 0.000000e+00
vertex 6.250000e-02 2.500000e-01 0.000000e+00
vertex 1.250000e-01 2.500000e-01 0.000000e+00
endloop
endfacet
facet normal 0 0 0
outer loop
vertex 0.000000e+00 3.750000e-01 6.250000e-02
vertex 0.000000e+00 3.750000e-01 1.250000e-01
vertex 0.000000e+00 3.125000e-01 6.250000e-02
endloop
endfacet
facet normal 0 0 0
outer loop
vertex 0.000000e+00 1.250000e-01 4.375000e-01
vertex 0.000000e+00 1.875000e-01 4.375000e-01
vertex 0.000000e+00 1.875000e-01 5.000000e-01
endloop
endfacet
facet normal 0 0 0
outer loop
vertex 1.250000e-01 2.500000e-01 0.000000e+00
vertex 6.250000e-02 2.500000e-01 0.000000e+00
vertex 6.250000e-02 1.875000e-01 0.000000e+00
endloop
endfacet
facet normal 0 0 0
outer loop
vertex 6.250000e-02 1.875000e-01 0.000000e+00
vertex 1.250000e-01 1.875000e-01 0.000000e+00
vertex 1.250000e-01 2.500000e-01 0.000000e+00
endloop
endfacet
facet normal 0 0 0
outer loop
vertex 2.500000e-01 3.125000e-01 0.000000e+00
vertex 1.875000e-01 2.500000e-01 0.000000e+00
vertex 2.500000e-01 2.500000e-01 0.000000e+00
endloop
endfacet
facet normal 0 0 0
outer loop
vertex 2.500000e-01 3.125000e-01 0.000000e+00
vertex 1.875000e-01 3.125000e-01 0.000000e+00
vertex 1.875000e-01 2.500000e-01 0.000000e+00
endloop
endfacet
facet normal 0 0 0
outer loop
vertex 0.000000e+00 3.750000e-01 1.875000e-01
vertex 0.000000e+00 3.125000e-01 1.875000e-01
vertex 0.000000e+00 3.125000e-01 1.250000e-01
endloop
endfacet
facet normal 0 0 0
outer loop
vertex 2.500000e-01 1.875000e-01 0.000000e+00
vertex 3.125000e-01 2.500000e-01 0.000000e+00
vertex 2.500000e-01 2.500000e-01 0.000000e+00
endloop
endfacet
facet normal 0 0 0
outer loop
vertex 1.875000e-01 0.000000e+00 2.500000e-01
vertex 1.875000e-01 0.000000e+00 3.125000e-01
vertex 2.500000e-01 0.000000e+00 3.125000e-01
endloop
endfacet
facet normal 0 0 0
outer loop
vertex 2.500000e-01 0.000000e+00 2.500000e-01
vertex 3.125000e-01 0.000000e+00 3.125000e-01
vertex 3.125000e-01 0.000000e+00 2.500000e-01
endloop
endfacet
facet normal 0 0 0
outer loop
vertex 3.125000e-01 0.000000e+00 1.875000e-01
vertex 3.750000e-01 0.000000e+00 1.875000e-01
vertex 3.125000e-01 0.000000e+00 1.250000e-01
endloop
endfacet
facet normal 0 0 0
outer loop
vertex 3.125000e-01 0.000000e+00 6.250000e-02
vertex 3.125000e-01 0.000000e+00 1.250000e-01
vertex 3.750000e-01 0.000000e+00 1.250000e-01
endloop
endfacet
facet normal 0 0 0
outer loop
vertex 3.750000e-01 0.000000e+00 1.250000e-01
vertex 4.375000e-01 0.000000e+00 1.250000e-01
vertex 3.750000e-01 0.000000e+00 6.250000e-02
endloop
endfacet
facet normal 0 0 0
outer loop
vertex 3.750000e-01 0.000000e+00 1.250000e-01
vertex 3.750000e-01 0.000000e+00 6.250000e-02
vertex 3.125000e-01 0.000000e+00 6.250000e-02
endloop
endfacet
facet normal 0 0 0
outer loop
vertex 0.000000e+00 4.375000e-01 3.750000e-01
vertex 0.000000e+00 3.750000e-01 3.750000e-01
vertex 0.000000e+00 3.750000e-01 3.125000e-01
endloop
endfacet
facet normal 0 0 0
outer loop
vertex 3.125000e-01 0.000000e+00 3.750000e-01
vertex 2.500000e-01 0.000000e+00 3.125000e-01
vertex 2.500000e-01 0.000000e+00 3.750000e-01
endloop
endfacet
facet normal 0 0 0
outer loop
vertex 3.125000e-01 0.000000e+00 4.375000e-01
vertex 3.125000e-01 0.000000e+00 3.750000e-01
vertex 2.500000e-01 0.000000e+00 3.750000e-01
endloop
endfacet
facet normal 0 0 0
outer loop
vertex 2.500000e-01 0.000000e+00 3.750000e-01
vertex 2.500000e-01 0.000000e+00 4.375000e-01
vertex 3.125000e-01 0.000000e+00 4.375000e-01
endloop
endfacet
facet normal 0 0 0
outer loop
vertex 1.875000e-01 0.000000e+00 3.750000e-01
vertex 2.500000e-01 0.000000e+00 4.375000e-01
vertex 2.500000e-01 0.000000e+00 3.750000e-01
endloop
endfacet
facet normal 0 0 0
outer loop
vertex 1.875000e-01 0.000000e+00 4.375000e-01
vertex 2.500000e-01 0.000000e+00 4.375000e-01
vertex 1.875000e-01 0.000000e+00 3.750000e-01
endloop
endfacet
facet normal 0 0 0
outer loop
vertex 0.000000e+00 1.250000e-01 3.125000e-01
vertex 0.000000e+00 1.875000e-01 3.750000e-01
vertex 0.000000e+00 1.250000e-01 3.750000e-01
endloop
endfacet
facet normal 0 0 0
outer loop
vertex 0.000000e+00 3.125000e-01 5.000000e-01
vertex 0.000000e+00 3.750000e-01 5.000000e-01
vertex 0.000000e+00 3.750000e-01 5.625000e-01
endloop
endfacet
facet normal 0 0 0
outer loop
vertex 0.000000e+00 3.750000e-01 5.625000e-01
vertex 0.000000e+00 3.750000e-01 5.000000e-01
vertex 0.000000e+00 4.375000e-01 5.625000e-01
endloop
endfacet
facet normal 0 0 0
outer loop
vertex 3.125000e-01 0.000000e+00 3.125000e-01
vertex 2.500000e-01 0.000000e+00 3.125000e-01
vertex 3.125000e-01 0.000000e+00 3.750000e-01
endloop
endfacet
facet normal 0 0 0
outer loop
vertex 1.250000e-01 0.000000e+00 3.750000e-01
vertex 6.250000e-02 0.000000e+00 3.750000e-01
vertex 1.250000e-01 0.000000e+00 4.375000e-01
endloop
endfacet
facet normal 0 0 0
outer loop
vertex 0.000000e+00 6.250000e-02 3.125000e-01
vertex 0.000000e+00 1.250000e-01 3.750000e-01
vertex 0.000000e+00 6.250000e-02 3.750000e-01
endloop
endfacet
facet normal 0 0 0
outer loop
vertex 0.000000e+00 1.250000e-01 3.125000e-01
vertex 0.000000e+00 1.250000e-01 3.750000e-01
vertex 0.000000e+00 6.250000e-02 3.125000e-01
endloop
endfacet
facet normal 0 0 0
outer loop
vertex 1.875000e-01 0.000000e+00 3.750000e-01
vertex 1.250000e-01 0.000000e+00 3.125000e-01
vertex 1.250000e-01 0.000000e+00 3.750000e-01
endloop
endfacet
facet normal 0 0 0
outer loop
vertex 1.250000e-01 0.000000e+00 3.125000e-01
vertex 1.875000e-01 0.000000e+00 3.750000e-01
vertex 1.875000e-01 0.000000e+00 3.125000e-01
endloop
endfacet
facet normal 0 0 0
outer loop
vertex 1.250000e-01 0.000000e+00 3.125000e-01
vertex 6.250000e-02 0.000000e+00 3.125000e-01
vertex 1.250000e-01 0.000000e+00 3.750000e-01
endloop
endfacet
facet normal 0 0 0
outer loop
vertex 1.250000e-01 0.000000e+00 3.750000e-01
vertex 6.250000e-02 0.000000e+00 3.125000e-01
vertex 6.250000e-02 0.000000e+00 3.750000e-01
endloop
endfacet
facet normal 0 0 0
outer loop
vertex 1.250000e-01 0.000000e+00 3.750000e-01
vertex 1.875000e-01 0.000000e+00 4.375000e-01
vertex 1.875000e-01 0.000000e+00 3.750000e-01
endloop
endfacet
facet normal 0 0 0
outer loop
vertex 1.875000e-01 0.000000e+00 4.375000e-01
vertex 1.250000e-01 0.000000e+00 3.750000e-01
vertex 1.250000e-01 0.000000e+00 4.375000e-01
endloop
endfacet
facet normal 0 0 0
outer loop
vertex 0.000000e+00 4.375000e-01 3.125000e-01
vertex 0.000000e+00 4.375000e-01 3.750000e-01
vertex 0.000000e+00 3.750000e-01 3.125000e-01
endloop
endfacet
facet normal 0 0 0
outer loop
vertex 0.000000e+00 7.500000e-01 3.125000e-01
vertex 0.000000e+00 7.500000e-01 3.750000e-01
vertex 0.000000e+00 6.875000e-01 3.125000e-01
endloop
endfacet
facet normal 0 0 0
outer loop
vertex 0.000000e+00 1.875000e-01 3.750000e-01
vertex 0.000000e+00 2.500000e-01 3.750000e-01
vertex 0.000000e+00 2.500000e-01 4.375000e-01
endloop
endfacet
facet normal 0 0 0
outer loop
vertex 0.000000e+00 5.625000e-01 3.125000e-01
vertex 0.000000e+00 6.250000e-01 3.125000e-01
vertex 0.000000e+00 6.250000e-01 3.750000e-01
endloop
endfacet
facet normal 0 0 0
outer loop
vertex 0.000000e+00 5.000000e-01 2.500000e-01
vertex 0.000000e+00 5.000000e-01 1.875000e-01
vertex 0.000000e+00 5.625000e-01 2.500000e-01
endloop
endfacet
facet normal 0 0 0
outer loop
vertex 0.000000e+00 2.500000e-01 3.750000e-01
vertex 0.000000e+00 1.875000e-01 3.125000e-01
vertex 0.000000e+00 2.500000e-01 3.125000e-01
endloop
endfacet
facet normal 0 0 0
outer loop
vertex 0.000000e+00 4.375000e-01 4.375000e-01
vertex 0.000000e+00 3.750000e-01 3.750000e-01
vertex 0.000000e+00 4.375000e-01 3.750000e-01
endloop
endfacet
facet normal 0 0 0
outer loop
vertex 0.000000e+00 6.250000e-01 3.750000e-01
vertex 0.000000e+00 6.250000e-01 4.375000e-01
vertex 0.000000e+00 5.625000e-01 3.750000e-01
endloop
endfacet
facet normal 0 0 0
outer loop
vertex 0.000000e+00 6.875000e-01 4.375000e-01
vertex 0.000000e+00 7.500000e-01 5.000000e-01
vertex 0.000000e+00 6.875000e-01 5.000000e-01
endloop
endfacet
facet normal 0 0 0
outer loop
vertex 0.000000e+00 3.125000e-01 2.500000e-01
vertex 0.000000e+00 3.750000e-01 2.500000e-01
vertex 0.000000e+00 3.750000e-01 3.125000e-01
endloop
endfacet
facet normal 0 0 0
outer loop
vertex 0.000000e+00 1.875000e-01 6.250000e-02
vertex 0.000000e+00 2.500000e-01 1.250000e-01
vertex 0.000000e+00 1.875000e-01 1.250000e-01
endloop
endfacet
facet normal 0 0 0
outer loop
vertex 0.000000e+00 5.000000e-01 6.250000e-02
vertex 0.000000e+00 5.000000e-01 1.250000e-01
vertex 0.000000e+00 4.375000e-01 6.250000e-02
endloop
endfacet
facet normal 0 0 0
outer loop
vertex 0.000000e+00 4.375000e-01 2.500000e-01
vertex 0.000000e+00 3.750000e-01 1.875000e-01
vertex 0.000000e+00 4.375000e-01 1.875000e-01
endloop
endfacet
facet normal 0 0 0
outer loop
vertex 0.000000e+00 5.000000e-01 1.250000e-01
vertex 0.000000e+00 4.375000e-01 1.250000e-01
vertex 0.000000e+00 4.375000e-01 6.250000e-02
endloop
endfacet
facet normal 0 0 0
outer loop
vertex 0.000000e+00 5.000000e-01 1.875000e-01
vertex 0.000000e+00 4.375000e-01 1.875000e-01
vertex 0.000000e+00 4.375000e-01 1.250000e-01
endloop
endfacet
facet normal 0 0 0
outer loop
vertex 0.000000e+00 2.500000e-01 1.250000e-01
vertex 0.000000e+00 2.500000e-01 1.875000e-01
vertex 0.000000e+00 1.875000e-01 1.250000e-01
endloop
endfacet
facet normal 0 0 0
outer loop
vertex 0.000000e+00 3.125000e-01 3.125000e-01
vertex 0.000000e+00 3.125000e-01 2.500000e-01
vertex 0.000000e+00 3.750000e-01 3.125000e-01
endloop
endfacet
facet normal 0 0 0
outer loop
vertex 0.000000e+00 2.500000e-01 2.500000e-01
vertex 0.000000e+00 3.125000e-01 2.500000e-01
vertex 0.000000e+00 3.125000e-01 3.125000e-01
endloop
endfacet
facet normal 0 0 0
outer loop
vertex 0.000000e+00 2.500000e-01 2.500000e-01
vertex 0.000000e+00 1.875000e-01 2.500000e-01
vertex 0.000000e+00 1.875000e-01 1.875000e-01
endloop
endfacet
facet normal 0 0 0
outer loop
vertex 0.000000e+00 2.500000e-01 3.125000e-01
vertex 0.000000e+00 1.875000e-01 2.500000e-01
vertex 0.000000e+00 2.500000e-01 2.500000e-01
endloop
endfacet
facet normal 0 0 0
outer loop
vertex 0.000000e+00 1.875000e-01 1.875000e-01
vertex 0.000000e+00 1.875000e-01 2.500000e-01
vertex 0.000000e+00 1.250000e-01 1.875000e-01
endloop
endfacet
facet normal 0 0 0
outer loop
vertex 0.000000e+00 1.875000e-01 5.000000e-01
vertex 0.000000e+00 1.875000e-01 4.375000e-01
vertex 0.000000e+00 2.500000e-01 5.000000e-01
endloop
endfacet
facet normal 0 0 0
outer loop
vertex 0.000000e+00 1.250000e-01 4.375000e-01
vertex 0.000000e+00 1.875000e-01 5.000000e-01
vertex 0.000000e+00 1.250000e-01 5.000000e-01
endloop
endfacet
facet normal 0 0 0
outer loop
vertex 0.000000e+00 3.750000e-01 1.875000e-01
vertex 0.000000e+00 4.375000e-01 2.500000e-01
vertex 0.000000e+00 3.750000e-01 2.500000e-01
endloop
endfacet
facet normal 0 0 0
outer loop
vertex 0.000000e+00 1.875000e-01 4.375000e-01
vertex 0.000000e+00 1.875000e-01 3.750000e-01
vertex 0.000000e+00 2.500000e-01 4.375000e-01
endloop
endfacet
facet normal 0 0 0
outer loop
vertex 0.000000e+00 1.875000e-01 3.125000e-01
vertex 0.000000e+00 1.250000e-01 3.125000e-01
vertex 0.000000e+00 1.250000e-01 2.500000e-01
endloop
endfacet
facet normal 0 0 0
outer loop
vertex 0.000000e+00 1.875000e-01 4.375000e-01
vertex 0.000000e+00 1.250000e-01 4.375000e-01
vertex 0.000000e+00 1.250000e-01 3.750000e-01
endloop
endfacet
facet normal 0 0 0
outer loop
vertex 0.000000e+00 1.875000e-01 3.750000e-01
vertex 0.000000e+00 1.875000e-01 4.375000e-01
vertex 0.000000e+00 1.250000e-01 3.750000e-01
endloop
endfacet
facet normal 0 0 0
outer loop
vertex 0.000000e+00 1.875000e-01 2.500000e-01
vertex 0.000000e+00 1.875000e-01 3.125000e-01
vertex 0.000000e+00 1.250000e-01 2.500000e-01
endloop
endfacet
facet normal 0 0 0
outer loop
vertex 0.000000e+00 3.750000e-01 4.375000e-01
vertex 0.000000e+00 4.375000e-01 5.000000e-01
vertex 0.000000e+00 3.750000e-01 5.000000e-01
endloop
endfacet
facet normal 0 0 0
outer loop
vertex 0.000000e+00 5.625000e-01 6.875000e-01
vertex 0.000000e+00 5.625000e-01 6.250000e-01
vertex 0.000000e+00 6.250000e-01 6.875000e-01
endloop
endfacet
facet normal 0 0 0
outer loop
vertex 0.000000e+00 5.000000e-01 6.250000e-02
vertex 0.000000e+00 5.625000e-01 1.250000e-01
vertex 0.000000e+00 5.000000e-01 1.250000e-01
endloop
endfacet
facet normal 0 0 0
outer loop
vertex 2.500000e-01 1.000000e+00 4.375000e-01
vertex 1.875000e-01 1.000000e+00 3.750000e-01
vertex 2.500000e-01 1.000000e+00 3.750000e-01
endloop
endfacet
facet normal 0 0 0
outer loop
vertex 1.250000e-01 6.875000e-01 0.000000e+00
vertex 6.250000e-02 6.250000e-01 0.000000e+00
vertex 1.250000e-01 6.250000e-01 0.000000e+00
endloop
endfacet
facet normal 0 0 0
outer loop
vertex 0.000000e+00 3.125000e-01 1.875000e-01
vertex 0.000000e+00 3.125000e-01 2.500000e-01
vertex 0.000000e+00 2.500000e-01 1.875000e-01
endloop
endfacet
facet normal 0 0 0
outer loop
vertex 0.000000e+00 6.250000e-01 4.375000e-01
vertex 0.000000e+00 5.625000e-01 4.375000e-01
vertex 0.000000e+00 5.625000e-01 3.750000e-01
endloop
endfacet
facet normal 0 0 0
outer loop
vertex 0.000000e+00 6.250000e-01 6.250000e-02
vertex 0.000000e+00 5.625000e-01 6.250000e-02
vertex 0.000000e+00 5.625000e-01 0.000000e+00
endloop
endfacet
facet normal 0 0 0
outer loop
vertex 0.000000e+00 6.875000e-01 3.125000e-01
vertex 0.000000e+00 6.250000e-01 2.500000e-01
vertex 0.000000e+00 6.875000e-01 2.500000e-01
endloop
endfacet
facet normal 0 0 0
outer loop
vertex 0.000000e+00 3.750000e-01 5.000000e-01
vertex 0.000000e+00 4.375000e-01 5.000000e-01
vertex 0.000000e+00 4.375000e-01 5.625000e-01
endloop
endfacet
facet normal 0 0 0
outer loop
vertex 0.000000e+00 4.375000e-01 3.750000e-01
vertex 0.000000e+00 5.000000e-01 3.750000e-01
vertex 0.000000e+00 5.000000e-01 4.375000e-01
endloop
endfacet
facet normal 0 0 0
outer loop
vertex 0.000000e+00 8.750000e-01 8.750000e-01
vertex 0.000000e+00 8.125000e-01 8.125000e-01
vertex 0.000000e+00 8.750000e-01 8.125000e-01
endloop
endfacet
facet normal 0 0 0
outer loop
vertex 0.000000e+00 6.875000e-01 4.375000e-01
vertex 0.000000e+00 7.500000e-01 4.375000e-01
vertex 0.000000e+00 7.500000e-01 5.000000e-01
endloop
endfacet
facet normal 0 0 0
outer loop
vertex 0.000000e+00 5.625000e-01 3.750000e-01
vertex 0.000000e+00 5.625000e-01 4.375000e-01
vertex 0.000000e+00 5.000000e-01 3.750000e-01
endloop
endfacet
facet normal 0 0 0
outer loop
vertex 0.000000e+00 9.375000e-01 1.875000e-01
vertex 0.000000e+00 8.750000e-01 1.875000e-01
vertex 0.000000e+00 8.750000e-01 1.250000e-01
endloop
endfacet
facet normal 0 0 0
outer loop
vertex 0.000000e+00 8.125000e-01 3.750000e-01
vertex 0.000000e+00 7.500000e-01 3.125000e-01
vertex 0.000000e+00 8.125000e-01 3.125000e-01
endloop
endfacet
facet normal 0 0 0
outer loop
vertex 0.000000e+00 8.125000e-01 5.625000e-01
vertex 0.000000e+00 7.500000e-01 5.000000e-01
vertex 0.000000e+00 8.125000e-01 5.000000e-01
endloop
endfacet
facet normal 0 0 0
outer loop
vertex 0.000000e+00 7.500000e-01 2.500000e-01
vertex 0.000000e+00 7.500000e-01 1.875000e-01
vertex 0.000000e+00 8.125000e-01 2.500000e-01
endloop
endfacet
facet normal 0 0 0
outer loop
vertex 0.000000e+00 7.500000e-01 3.750000e-01
vertex 0.000000e+00 8.125000e-01 4.375000e-01
vertex 0.000000e+00 7.500000e-01 4.375000e-01
endloop
endfacet
facet normal 0 0 0
outer loop
vertex 3.750000e-01 1.000000e+00 3.125000e-01
vertex 4.375000e-01 1.000000e+00 3.125000e-01
vertex 4.375000e-01 1.000000e+00 3.750000e-01
endloop
endfacet
facet normal 0 0 0
outer loop
vertex 0.000000e+00 7.500000e-01 3.125000e-01
vertex 0.000000e+00 8.125000e-01 3.750000e-01
vertex 0.000000e+00 7.500000e-01 3.750000e-01
endloop
endfacet
facet normal 0 0 0
outer loop
vertex 0.000000e+00 6.875000e-01 1.000000e+00
vertex 0.000000e+00 6.250000e-01 9.375000e-01
vertex 0.000000e+00 6.875000e-01 9.375000e-01
endloop
endfacet
facet normal 0 0 0
outer loop
vertex 3.125000e-01 8.125000e-01 0.000000e+00
vertex 2.500000e-01 8.125000e-01 0.000000e+00
vertex 2.500000e-01 7.500000e-01 0.000000e+00
endloop
endfacet
facet normal 0 0 0
outer loop
vertex 0.000000e+00 7.500000e-01 3.750000e-01
vertex 0.000000e+00 8.125000e-01 3.750000e-01
vertex 0.000000e+00 8.125000e-01 4.375000e-01
endloop
endfacet
facet normal 0 0 0
outer loop
vertex 0.000000e+00 7.500000e-01 3.750000e-01
vertex 0.000000e+00 6.875000e-01 3.750000e-01
vertex 0.000000e+00 6.875000e-01 3.125000e-01
endloop
endfacet
facet normal 0 0 0
outer loop
vertex 0.000000e+00 6.250000e-01 1.875000e-01
vertex 0.000000e+00 6.875000e-01 1.875000e-01
vertex 0.000000e+00 6.875000e-01 2.500000e-01
endloop
endfacet
facet normal 0 0 0
outer loop
vertex 2.500000e-01 7.500000e-01 0.000000e+00
vertex 1.875000e-01 6.875000e-01 0.000000e+00
vertex 2.500000e-01 6.875000e-01 0.000000e+00
endloop
endfacet
facet normal 0 0 0
outer loop
vertex 2.500000e-01 5.625000e-01 0.000000e+00
vertex 1.875000e-01 5.625000e-01 0.000000e+00
vertex 1.875000e-01 5.000000e-01 0.000000e+00
endloop
endfacet
facet normal 0 0 0
outer loop
vertex 1.875000e-01 1.000000e+00 5.000000e-01
vertex 1.250000e-01 1.000000e+00 4.375000e-01
vertex 1.875000e-01 1.000000e+00 4.375000e-01
endloop
endfacet
facet normal 0 0 0
outer loop
vertex 3.125000e-01 1.000000e+00 6.875000e-01
vertex 3.750000e-01 1.000000e+00 7.500000e-01
vertex 3.125000e-01 1.000000e+00 7.500000e-01
endloop
endfacet
facet normal 0 0 0
outer loop
vertex 0.000000e+00 6.250000e-01 1.250000e-01
vertex 0.000000e+00 6.250000e-01 1.875000e-01
vertex 0.000000e+00 5.625000e-01 1.250000e-01
endloop
endfacet
facet normal 0 0 0
outer loop
vertex 6.250000e-02 6.250000e-01 0.000000e+00
vertex 6.250000e-02 5.625000e-01 0.000000e+00
vertex 1.250000e-01 6.250000e-01 0.000000e+00
endloop
endfacet
facet normal 0 0 0
outer loop
vertex 0.000000e+00 4.375000e-01 1.875000e-01
vertex 0.000000e+00 5.000000e-01 1.875000e-01
vertex 0.000000e+00 5.000000e-01 2.500000e-01
endloop
endfacet
facet normal 0 0 0
outer loop
vertex 0.000000e+00 6.250000e-01 1.875000e-01
vertex 0.000000e+00 6.250000e-01 1.250000e-01
vertex 0.000000e+00 6.875000e-01 1.875000e-01
endloop
endfacet
facet normal 0 0 0
outer loop
vertex 0.000000e+00 5.000000e-01 1.250000e-01
vertex 0.000000e+00 5.625000e-01 1.875000e-01
vertex 0.000000e+00 5.000000e-01 1.875000e-01
endloop
endfacet
facet normal 0 0 0
outer loop
vertex 5.000000e-01 1.000000e+00 1.875000e-01
vertex 4.375000e-01 1.000000e+00 1.875000e-01
vertex 4.375000e-01 1.000000e+00 1.250000e-01
endloop
endfacet
facet normal 0 0 0
outer loop
vertex 0.000000e+00 5.625000e-01 1.250000e-01
vertex 0.000000e+00 5.625000e-01 1.875000e-01
vertex 0.000000e+00 5.000000e-01 1.250000e-01
endloop
endfacet
facet normal 0 0 0
outer loop
vertex 0.000000e+00 6.250000e-01 1.875000e-01
vertex 0.000000e+00 5.625000e-01 1.875000e-01
vertex 0.000000e+00 5.625000e-01 1.250000e-01
endloop
endfacet
facet normal 0 0 0
outer loop
vertex 6.250000e-02 1.000000e+00 2.500000e-01
vertex 0.000000e+00 1.000000e+00 2.500000e-01
vertex 0.000000e+00 1.000000e+00 1.875000e-01
endloop
endfacet
facet normal 0 0 0
outer loop
vertex 0.000000e+00 1.000000e+00 1.875000e-01
vertex 0.000000e+00 1.000000e+00 2.500000e-01
vertex 0.000000e+00 9.375000e-01 1.875000e-01
endloop
endfacet
facet normal 0 0 0
outer loop
vertex 0.000000e+00 7.500000e-01 4.375000e-01
vertex 0.000000e+00 6.875000e-01 4.375000e-01
vertex 0.000000e+00 6.875000e-01 3.750000e-01
endloop
endfacet
facet normal 0 0 0
outer loop
vertex 0.000000e+00 5.000000e-01 4.375000e-01
vertex 0.000000e+00 4.375000e-01 4.375000e-01
vertex 0.000000e+00 4.375000e-01 3.750000e-01
endloop
endfacet
facet normal 0 0 0
outer loop
vertex 0.000000e+00 6.250000e-01 2.500000e-01
vertex 0.000000e+00 5.625000e-01 1.875000e-01
vertex 0.000000e+00 6.250000e-01 1.875000e-01
endloop
endfacet
facet normal 0 0 0
outer loop
vertex 5.000000e-01 1.000000e+00 5.000000e-01
vertex 5.625000e-01 1.000000e+00 5.625000e-01
vertex 5.000000e-01 1.000000e+00 5.625000e-01
endloop
endfacet
facet normal 0 0 0
outer loop
vertex 2.500000e-01 6.250000e-01 0.000000e+00
vertex 1.875000e-01 6.250000e-01 0.000000e+00
vertex 1.875000e-01 5.625000e-01 0.000000e+00
endloop
endfacet
facet normal 0 0 0
outer loop
vertex 0.000000e+00 6.875000e-01 3.750000e-01
vertex 0.000000e+00 6.250000e-01 3.125000e-01
vertex 0.000000e+00 6.875000e-01 3.125000e-01
endloop
endfacet
facet normal 0 0 0
outer loop
vertex 0.000000e+00 5.625000e-01 3.750000e-01
vertex 0.000000e+00 5.000000e-01 3.750000e-01
vertex 0.000000e+00 5.000000e-01 3.125000e-01
endloop
endfacet
facet normal 0 0 0
outer loop
vertex 0.000000e+00 6.875000e-01 5.625000e-01
vertex 0.000000e+00 6.875000e-01 6.250000e-01
vertex 0.000000e+00 6.250000e-01 5.625000e-01
endloop
endfacet
facet normal 0 0 0
outer loop
vertex 0.000000e+00 5.000000e-01 3.750000e-01
vertex 0.000000e+00 4.375000e-01 3.125000e-01
vertex 0.000000e+00 5.000000e-01 3.125000e-01
endloop
endfacet
facet normal 0 0 0
outer loop
vertex 5.000000e-01 8.125000e-01 0.000000e+00
vertex 4.375000e-01 7.500000e-01 0.000000e+00
vertex 5.000000e-01 7.500000e-01 0.000000e+00
endloop
endfacet
facet normal 0 0 0
outer loop
vertex 0.000000e+00 5.000000e-01 2.500000e-01
vertex 0.000000e+00 5.625000e-01 3.125000e-01
vertex 0.000000e+00 5.000000e-01 3.125000e-01
endloop
endfacet
facet normal 0 0 0
outer loop
vertex 3.750000e-01 1.000000e+00 2.500000e-01
vertex 3.125000e-01 1.000000e+00 2.500000e-01
vertex 3.125000e-01 1.000000e+00 1.875000e-01
endloop
endfacet
facet normal 0 0 0
outer loop
vertex 3.750000e-01 5.625000e-01 0.000000e+00
vertex 3.750000e-01 6.250000e-01 0.000000e+00
vertex 3.125000e-01 5.625000e-01 0.000000e+00
endloop
endfacet
facet normal 0 0 0
outer loop
vertex 0.000000e+00 4.375000e-01 3.125000e-01
vertex 0.000000e+00 5.000000e-01 3.750000e-01
vertex 0.000000e+00 4.375000e-01 3.750000e-01
endloop
endfacet
facet normal 0 0 0
outer loop
vertex 0.000000e+00 5.000000e-01 3.750000e-01
vertex 0.000000e+00 5.625000e-01 4.375000e-01
vertex 0.000000e+00 5.000000e-01 4.375000e-01
endloop
endfacet
facet normal 0 0 0
outer loop
vertex 0.000000e+00 6.250000e-01 3.750000e-01
vertex 0.000000e+00 6.250000e-01 3.125000e-01
vertex 0.000000e+00 6.875000e-01 3.750000e-01
endloop
endfacet
facet normal 0 0 0
outer loop
vertex 0.000000e+00 6.250000e-01 3.750000e-01
vertex 0.000000e+00 6.875000e-01 3.750000e-01
vertex 0.000000e+00 6.875000e-01 4.375000e-01
endloop
endfacet
facet normal 0 0 0
outer loop
vertex 0.000000e+00 6.250000e-01 3.750000e-01
vertex 0.000000e+00 5.625000e-01 3.750000e-01
vertex 0.000000e+00 5.625000e-01 3.125000e-01
endloop
endfacet
facet normal 0 0 0
outer loop
vertex 0.000000e+00 6.250000e-01 4.375000e-01
vertex 0.000000e+00 6.250000e-01 3.750000e-01
vertex 0.000000e+00 6.875000e-01 4.375000e-01
endloop
endfacet
facet normal 0 0 0
outer loop
vertex 0.000000e+00 8.125000e-01 1.250000e-01
vertex 0.000000e+00 8.125000e-01 1.875000e-01
vertex 0.000000e+00 7.500000e-01 1.250000e-01
endloop
endfacet
facet normal 0 0 0
outer loop
vertex 5.000000e-01 1.000000e+00 3.750000e-01
vertex 5.625000e-01 1.000000e+00 3.750000e-01
vertex 5.625000e-01 1.000000e+00 4.375000e-01
endloop
endfacet
facet normal 0 0 0
outer loop
vertex 0.000000e+00 9.375000e-01 6.250000e-02
vertex 0.000000e+00 1.000000e+00 1.250000e-01
vertex 0.000000e+00 9.375000e-01 1.250000e-01
endloop
endfacet
facet normal 0 0 0
outer loop
vertex 6.250000e-02 6.875000e-01 0.000000e+00
vertex 6.250000e-02 7.500000e-01 0.000000e+00
vertex 0.000000e+00 6.875000e-01 0.000000e+00
endloop
endfacet
facet normal 0 0 0
outer loop
vertex 2.500000e-01 6.250000e-01 0.000000e+00
vertex 3.125000e-01 6.875000e-01 0.000000e+00
vertex 2.500000e-01 6.875000e-01 0.000000e+00
endloop
endfacet
facet normal 0 0 0
outer loop
vertex 3.750000e-01 5.000000e-01 0.000000e+00
vertex 3.125000e-01 4.375000e-01 0.000000e+00
vertex 3.750000e-01 4.375000e-01 0.000000e+00
endloop
endfacet
facet normal 0 0 0
outer loop
vertex 2.500000e-01 5.000000e-01 0.000000e+00
vertex 3.125000e-01 5.625000e-01 0.000000e+00
vertex 2.500000e-01 5.625000e-01 0.000000e+00
endloop
endfacet
facet normal 0 0 0
outer loop
vertex 3.750000e-01 5.000000e-01 0.000000e+00
vertex 3.125000e-01 5.000000e-01 0.000000e+00
vertex 3.125000e-01 4.375000e-01 0.000000e+00
endloop
endfacet
facet normal 0 0 0
outer loop
vertex 5.000000e-01 6.250000e-01 0.000000e+00
vertex 5.625000e-01 6.250000e-01 0.000000e+00
vertex 5.625000e-01 6.875000e-01 0.000000e+00
endloop
endfacet
facet normal 0 0 0
outer loop
vertex 3.750000e-01 5.625000e-01 0.000000e+00
vertex 3.125000e-01 5.625000e-01 0.000000e+00
vertex 3.125000e-01 5.000000e-01 0.000000e+00
endloop
endfacet
facet normal 0 0 0
outer loop
vertex 3.125000e-01 5.000000e-01 0.000000e+00
vertex 3.125000e-01 5.625000e-01 0.000000e+00
vertex 2.500000e-01 5.000000e-01 0.000000e+00
endloop
endfacet
facet normal 0 0 0
outer loop
vertex 4.375000e-01 6.250000e-01 0.000000e+00
vertex 3.750000e-01 5.625000e-01 0.000000e+00
vertex 4.375000e-01 5.625000e-01 0.000000e+00
endloop
endfacet
facet normal 0 0 0
outer loop
vertex 4.375000e-01 6.250000e-01 0.000000e+00
vertex 3.750000e-01 6.250000e-01 0.000000e+00
vertex 3.750000e-01 5.625000e-01 0.000000e+00
endloop
endfacet
facet normal 0 0 0
outer loop
vertex 4.375000e-01 1.000000e+00 1.875000e-01
vertex 3.750000e-01 1.000000e+00 1.875000e-01
vertex 3.750000e-01 1.000000e+00 1.250000e-01
endloop
endfacet
facet normal 0 0 0
outer loop
vertex 5.625000e-01 1.000000e+00 1.250000e-01
vertex 5.000000e-01 1.000000e+00 6.250000e-02
vertex 5.625000e-01 1.000000e+00 6.250000e-02
endloop
endfacet
facet normal 0 0 0
outer loop
vertex 1.875000e-01 5.625000e-01 0.000000e+00
vertex 1.250000e-01 5.000000e-01 0.000000e+00
vertex 1.875000e-01 5.000000e-01 0.000000e+00
endloop
endfacet
facet normal 0 0 0
outer loop
vertex 0.000000e+00 5.625000e-01 1.875000e-01
vertex 0.000000e+00 5.625000e-01 2.500000e-01
vertex 0.000000e+00 5.000000e-01 1.875000e-01
endloop
endfacet
facet normal 0 0 0
outer loop
vertex 4.375000e-01 5.625000e-01 0.000000e+00
vertex 3.750000e-01 5.625000e-01 0.000000e+00
vertex 3.750000e-01 5.000000e-01 0.000000e+00
endloop
endfacet
facet normal 0 0 0
outer loop
vertex 2.500000e-01 6.875000e-01 0.000000e+00
vertex 1.875000e-01 6.875000e-01 0.000000e+00
vertex 1.875000e-01 6.250000e-01 0.000000e+00
endloop
endfacet
facet normal 0 0 0
outer loop
vertex 0.000000e+00 7.500000e-01 1.875000e-01
vertex 0.000000e+00 7.500000e-01 2.500000e-01
vertex 0.000000e+00 6.875000e-01 1.875000e-01
endloop
endfacet
facet normal 0 0 0
outer loop
vertex 0.000000e+00 6.875000e-01 1.875000e-01
vertex 0.000000e+00 7.500000e-01 2.500000e-01
vertex 0.000000e+00 6.875000e-01 2.500000e-01
endloop
endfacet
facet normal 0 0 0
outer loop
vertex 0.000000e+00 6.875000e-01 6.250000e-02
vertex 0.000000e+00 6.250000e-01 6.250000e-02
vertex 0.000000e+00 6.250000e-01 0.000000e+00
endloop
endfacet
facet normal 0 0 0
outer loop
vertex 5.000000e-01 8.125000e-01 0.000000e+00
vertex 5.625000e-01 8.125000e-01 0.000000e+00
vertex 5.625000e-01 8.750000e-01 0.000000e+00
endloop
endfacet
facet normal 0 0 0
outer loop
vertex 0.000000e+00 7.500000e-01 2.500000e-01
vertex 0.000000e+00 7.500000e-01 3.125000e-01
vertex 0.000000e+00 6.875000e-01 2.500000e-01
endloop
endfacet
facet normal 0 0 0
outer loop
vertex 0.000000e+00 7.500000e-01 3.125000e-01
vertex 0.000000e+00 6.875000e-01 3.125000e-01
vertex 0.000000e+00 6.875000e-01 2.500000e-01
endloop
endfacet
facet normal 0 0 0
outer loop
vertex 0.000000e+00 6.250000e-01 2.500000e-01
vertex 0.000000e+00 6.250000e-01 3.125000e-01
vertex 0.000000e+00 5.625000e-01 2.500000e-01
endloop
endfacet
facet normal 0 0 0
outer loop
vertex 1.875000e-01 5.625000e-01 0.000000e+00
vertex 1.250000e-01 5.625000e-01 0.000000e+00
vertex 1.250000e-01 5.000000e-01 0.000000e+00
endloop
endfacet
facet normal 0 0 0
outer loop
vertex 0.000000e+00 6.250000e-01 2.500000e-01
vertex 0.000000e+00 5.625000e-01 2.500000e-01
vertex 0.000000e+00 5.625000e-01 1.875000e-01
endloop
endfacet
facet normal 0 0 0
outer loop
vertex 0.000000e+00 4.375000e-01 3.125000e-01
vertex 0.000000e+00 4.375000e-01 2.500000e-01
vertex 0.000000e+00 5.000000e-01 3.125000e-01
endloop
endfacet
facet normal 0 0 0
outer loop
vertex 3.125000e-01 6.875000e-01 0.000000e+00
vertex 3.125000e-01 7.500000e-01 0.000000e+00
vertex 2.500000e-01 6.875000e-01 0.000000e+00
endloop
endfacet
facet normal 0 0 0
outer loop
vertex 2.500000e-01 6.250000e-01 0.000000e+00
vertex 2.500000e-01 6.875000e-01 0.000000e+00
vertex 1.875000e-01 6.250000e-01 0.000000e+00
endloop
endfacet
facet normal 0 0 0
outer loop
vertex 5.000000e-01 6.250000e-01 0.000000e+00
vertex 4.375000e-01 6.250000e-01 0.000000e+00
vertex 4.375000e-01 5.625000e-01 0.000000e+00
endloop
endfacet
facet normal 0 0 0
outer loop
vertex 2.500000e-01 8.125000e-01 0.000000e+00
vertex 1.875000e-01 8.125000e-01 0.000000e+00
vertex 1.875000e-01 7.500000e-01 0.000000e+00
endloop
endfacet
facet normal 0 0 0
outer loop
vertex 1.250000e-01 6.250000e-01 0.000000e+00
vertex 1.875000e-01 6.875000e-01 0.000000e+00
vertex 1.250000e-01 6.875000e-01 0.000000e+00
endloop
endfacet
facet normal 0 0 0
outer loop
vertex 1.875000e-01 6.250000e-01 0.000000e+00
vertex 1.875000e-01 6.875000e-01 0.000000e+00
vertex 1.250000e-01 6.250000e-01 0.000000e+00
endloop
endfacet
facet normal 0 0 0
outer loop
vertex 1.250000e-01 6.875000e-01 0.000000e+00
vertex 1.875000e-01 6.875000e-01 0.000000e+00
vertex 1.875000e-01 7.500000e-01 0.000000e+00
endloop
endfacet
facet normal 0 0 0
outer loop
vertex 3.750000e-01 6.250000e-01 0.000000e+00
vertex 3.125000e-01 6.250000e-01 0.000000e+00
vertex 3.125000e-01 5.625000e-01 0.000000e+00
endloop
endfacet
facet normal 0 0 0
outer loop
vertex 3.125000e-01 7.500000e-01 0.000000e+00
vertex 2.500000e-01 7.500000e-01 0.000000e+00
vertex 2.500000e-01 6.875000e-01 0.000000e+00
endloop
endfacet
facet normal 0 0 0
outer loop
vertex 5.000000e-01 5.625000e-01 0.000000e+00
vertex 5.000000e-01 6.250000e-01 0.000000e+00
vertex 4.375000e-01 5.625000e-01 0.000000e+00
endloop
endfacet
facet normal 0 0 0
outer loop
vertex 5.000000e-01 7.500000e-01 0.000000e+00
vertex 4.375000e-01 7.500000e-01 0.000000e+00
vertex 4.375000e-01 6.875000e-01 0.000000e+00
endloop
endfacet
facet normal 0 0 0
outer loop
vertex 3.125000e-01 5.625000e-01 0.000000e+00
vertex 3.125000e-01 6.250000e-01 0.000000e+00
vertex 2.500000e-01 5.625000e-01 0.000000e+00
endloop
endfacet
facet normal 0 0 0
outer loop
vertex 4.375000e-01 8.125000e-01 0.000000e+00
vertex 4.375000e-01 7.500000e-01 0.000000e+00
vertex 5.000000e-01 8.125000e-01 0.000000e+00
endloop
endfacet
facet normal 0 0 0
outer loop
vertex 3.125000e-01 6.250000e-01 0.000000e+00
vertex 2.500000e-01 6.250000e-01 0.000000e+00
vertex 2.500000e-01 5.625000e-01 0.000000e+00
endloop
endfacet
facet normal 0 0 0
outer loop
vertex 3.125000e-01 6.250000e-01 0.000000e+00
vertex 3.750000e-01 6.250000e-01 0.000000e+00
vertex 3.750000e-01 6.875000e-01 0.000000e+00
endloop
endfacet
facet normal 0 0 0
outer loop
vertex 4.375000e-01 5.625000e-01 0.000000e+00
vertex 4.375000e-01 5.000000e-01 0.000000e+00
vertex 5.000000e-01 5.625000e-01 0.000000e+00
endloop
endfacet
facet normal 0 0 0
outer loop
vertex 4.375000e-01 5.625000e-01 0.000000e+00
vertex 3.750000e-01 5.000000e-01 0.000000e+00
vertex 4.375000e-01 5.000000e-01 0.000000e+00
endloop
endfacet
facet normal 0 0 0
outer loop
vertex 3.125000e-01 6.250000e-01 0.000000e+00
vertex 3.750000e-01 6.875000e-01 0.000000e+00
vertex 3.125000e-01 6.875000e-01 0.000000e+00
endloop
endfacet
facet normal 0 0 0
outer loop
vertex 5.000000e-01 6.875000e-01 0.000000e+00
vertex 4.375000e-01 6.250000e-01 0.000000e+00
vertex 5.000000e-01 6.250000e-01 0.000000e+00
endloop
endfacet
facet normal 0 0 0
outer loop
vertex 5.000000e-01 6.875000e-01 0.000000e+00
vertex 5.000000e-01 6.250000e-01 0.000000e+00
vertex 5.625000e-01 6.875000e-01 0.000000e+00
endloop
endfacet
facet normal 0 0 0
outer loop
vertex 5.625000e-01 7.500000e-01 0.000000e+00
vertex 5.000000e-01 6.875000e-01 0.000000e+00
vertex 5.625000e-01 6.875000e-01 0.000000e+00
endloop
endfacet
facet normal 0 0 0
outer loop
vertex 5.000000e-01 7.500000e-01 0.000000e+00
vertex 4.375000e-01 6.875000e-01 0.000000e+00
vertex 5.000000e-01 6.875000e-01 0.000000e+00
endloop
endfacet
facet normal 0 0 0
outer loop
vertex 5.625000e-01 8.125000e-01 0.000000e+00
vertex 5.000000e-01 7.500000e-01 0.000000e+00
vertex 5.625000e-01 7.500000e-01 0.000000e+00
endloop
endfacet
facet normal 0 0 0
outer loop
vertex 3.125000e-01 6.250000e-01 0.000000e+00
vertex 3.125000e-01 6.875000e-01 0.000000e+00
vertex 2.500000e-01 6.250000e-01 0.000000e+00
endloop
endfacet
facet normal 0 0 0
outer loop
vertex 2.500000e-01 1.000000e+00 2.500000e-01
vertex 2.500000e-01 1.000000e+00 3.125000e-01
vertex 1.875000e-01 1.000000e+00 2.500000e-01
endloop
endfacet
facet normal 0 0 0
outer loop
vertex 5.000000e-01 7.500000e-01 0.000000e+00
vertex 5.000000e-01 6.875000e-01 0.000000e+00
vertex 5.625000e-01 7.500000e-01 0.000000e+00
endloop
endfacet
facet normal 0 0 0
outer loop
vertex 5.000000e-01 9.375000e-01 0.000000e+00
vertex 5.000000e-01 8.750000e-01 0.000000e+00
vertex 5.625000e-01 9.375000e-01 0.000000e+00
endloop
endfacet
facet normal 0 0 0
outer loop
vertex 3.125000e-01 6.875000e-01 0.000000e+00
vertex 3.750000e-01 6.875000e-01 0.000000e+00
vertex 3.750000e-01 7.500000e-01 0.000000e+00
endloop
endfacet
facet normal 0 0 0
outer loop
vertex 4.375000e-01 7.500000e-01 0.000000e+00
vertex 3.750000e-01 6.875000e-01 0.000000e+00
vertex 4.375000e-01 6.875000e-01 0.000000e+00
endloop
endfacet
facet normal 0 0 0
outer loop
vertex 3.750000e-01 6.875000e-01 0.000000e+00
vertex 4.375000e-01 7.500000e-01 0.000000e+00
vertex 3.750000e-01 7.500000e-01 0.000000e+00
endloop
endfacet
facet normal 0 0 0
outer loop
vertex 4.375000e-01 1.000000e+00 6.250000e-02
vertex 4.375000e-01 1.000000e+00 1.250000e-01
vertex 3.750000e-01 1.000000e+00 6.250000e-02
endloop
endfacet
facet normal 0 0 0
outer loop
vertex 3.750000e-01 8.125000e-01 0.000000e+00
vertex 3.750000e-01 8.750000e-01 0.000000e+00
vertex 3.125000e-01 8.125000e-01 0.000000e+00
endloop
endfacet
facet normal 0 0 0
outer loop
vertex 5.000000e-01 1.000000e+00 1.250000e-01
vertex 5.000000e-01 1.000000e+00 6.250000e-02
vertex 5.625000e-01 1.000000e+00 1.250000e-01
endloop
endfacet
facet normal 0 0 0
outer loop
vertex 3.750000e-01 6.875000e-01 0.000000e+00
vertex 3.750000e-01 6.250000e-01 0.000000e+00
vertex 4.375000e-01 6.875000e-01 0.000000e+00
endloop
endfacet
facet normal 0 0 0
outer loop
vertex 3.750000e-01 6.250000e-01 0.000000e+00
vertex 4.375000e-01 6.250000e-01 0.000000e+00
vertex 4.375000e-01 6.875000e-01 0.000000e+00
endloop
endfacet
facet normal 0 0 0
outer loop
vertex 0.000000e+00 5.625000e-01 6.250000e-02
vertex 0.000000e+00 6.250000e-01 6.250000e-02
vertex 0.000000e+00 6.250000e-01 1.250000e-01
endloop
endfacet
facet normal 0 0 0
outer loop
vertex 0.000000e+00 7.500000e-01 6.250000e-02
vertex 0.000000e+00 8.125000e-01 6.250000e-02
vertex 0.000000e+00 8.125000e-01 1.250000e-01
endloop
endfacet
facet normal 0 0 0
outer loop
vertex 0.000000e+00 7.500000e-01 6.250000e-02
vertex 0.000000e+00 8.125000e-01 1.250000e-01
vertex 0.000000e+00 7.500000e-01 1.250000e-01
endloop
endfacet
facet normal 0 0 0
outer loop
vertex 0.000000e+00 5.625000e-01 6.250000e-02
vertex 0.000000e+00 5.000000e-01 0.000000e+00
vertex 0.000000e+00 5.625000e-01 0.000000e+00
endloop
endfacet
facet normal 0 0 0
outer loop
vertex 0.000000e+00 5.000000e-01 0.000000e+00
vertex 6.250000e-02 5.625000e-01 0.000000e+00
vertex 0.000000e+00 5.625000e-01 0.000000e+00
endloop
endfacet
facet normal 0 0 0
outer loop
vertex 6.250000e-02 5.000000e-01 0.000000e+00
vertex 6.250000e-02 5.625000e-01 0.000000e+00
vertex 0.000000e+00 5.000000e-01 0.000000e+00
endloop
endfacet
facet normal 0 0 0
outer loop
vertex 0.000000e+00 6.250000e-01 6.250000e-02
vertex 0.000000e+00 6.875000e-01 1.250000e-01
vertex 0.000000e+00 6.250000e-01 1.250000e-01
endloop
endfacet
facet normal 0 0 0
outer loop
vertex 0.000000e+00 5.625000e-01 6.250000e-02
vertex 0.000000e+00 6.250000e-01 1.250000e-01
vertex 0.000000e+00 5.625000e-01 1.250000e-01
endloop
endfacet
facet normal 0 0 0
outer loop
vertex 6.250000e-02 1.000000e+00 0.000000e+00
vertex 1.250000e-01 1.000000e+00 0.000000e+00
vertex 1.250000e-01 1.000000e+00 6.250000e-02
endloop
endfacet
facet normal 0 0 0
outer loop
vertex 1.250000e-01 1.000000e+00 0.000000e+00
vertex 6.250000e-02 1.000000e+00 0.000000e+00
vertex 6.250000e-02 9.375000e-01 0.000000e+00
endloop
endfacet
facet normal 0 0 0
outer loop
vertex 0.000000e+00 5.000000e-01 0.000000e+00
vertex 0.000000e+00 5.625000e-01 6.250000e-02
vertex 0.000000e+00 5.000000e-01 6.250000e-02
endloop
endfacet
facet normal 0 0 0
outer loop
vertex 0.000000e+00 5.000000e-01 6.250000e-02
vertex 0.000000e+00 5.625000e-01 6.250000e-02
vertex 0.000000e+00 5.625000e-01 1.250000e-01
endloop
endfacet
facet normal 0 0 0
outer loop
vertex 0.000000e+00 6.875000e-01 1.250000e-01
vertex 0.000000e+00 7.500000e-01 1.875000e-01
vertex 0.000000e+00 6.875000e-01 1.875000e-01
endloop
endfacet
facet normal 0 0 0
outer loop
vertex 6.250000e-02 5.625000e-01 0.000000e+00
vertex 6.250000e-02 6.250000e-01 0.000000e+00
vertex 0.000000e+00 5.625000e-01 0.000000e+00
endloop
endfacet
facet normal 0 0 0
outer loop
vertex 1.250000e-01 5.625000e-01 0.000000e+00
vertex 6.250000e-02 5.625000e-01 0.000000e+00
vertex 6.250000e-02 5.000000e-01 0.000000e+00
endloop
endfacet
facet normal 0 0 0
outer loop
vertex 6.250000e-02 5.625000e-01 0.000000e+00
vertex 1.250000e-01 5.625000e-01 0.000000e+00
vertex 1.250000e-01 6.250000e-01 0.000000e+00
endloop
endfacet
facet normal 0 0 0
outer loop
vertex 0.000000e+00 6.875000e-01 0.000000e+00
vertex 0.000000e+00 6.250000e-01 0.000000e+00
vertex 6.250000e-02 6.875000e-01 0.000000e+00
endloop
endfacet
facet normal 0 0 0
outer loop
vertex 0.000000e+00 6.875000e-01 6.250000e-02
vertex 0.000000e+00 6.250000e-01 0.000000e+00
vertex 0.000000e+00 6.875000e-01 0.000000e+00
endloop
endfacet
facet normal 0 0 0
outer loop
vertex 0.000000e+00 6.250000e-01 0.000000e+00
vertex 6.250000e-02 6.250000e-01 0.000000e+00
vertex 6.250000e-02 6.875000e-01 0.000000e+00
endloop
endfacet
facet normal 0 0 0
outer loop
vertex 0.000000e+00 6.875000e-01 6.250000e-02
vertex 0.000000e+00 7.500000e-01 6.250000e-02
vertex 0.000000e+00 7.500000e-01 1.250000e-01
endloop
endfacet
facet normal 0 0 0
outer loop
vertex 0.000000e+00 6.875000e-01 6.250000e-02
vertex 0.000000e+00 6.875000e-01 0.000000e+00
vertex 0.000000e+00 7.500000e-01 6.250000e-02
endloop
endfacet
facet normal 0 0 0
outer loop
vertex 0.000000e+00 6.875000e-01 6.250000e-02
vertex 0.000000e+00 6.875000e-01 1.250000e-01
vertex 0.000000e+00 6.250000e-01 6.250000e-02
endloop
endfacet
facet normal 0 0 0
outer loop
vertex 6.250000e-02 1.000000e+00 1.875000e-01
vertex 6.250000e-02 1.000000e+00 1.250000e-01
vertex 1.250000e-01 1.000000e+00 1.875000e-01
endloop
endfacet
facet normal 0 0 0
outer loop
vertex 3.125000e-01 9.375000e-01 0.000000e+00
vertex 3.750000e-01 1.000000e+00 0.000000e+00
vertex 3.125000e-01 1.000000e+00 0.000000e+00
endloop
endfacet
facet normal 0 0 0
outer loop
vertex 3.750000e-01 1.000000e+00 0.000000e+00
vertex 3.750000e-01 1.000000e+00 6.250000e-02
vertex 3.125000e-01 1.000000e+00 0.000000e+00
endloop
endfacet
facet normal 0 0 0
outer loop
vertex 1.250000e-01 8.750000e-01 0.000000e+00
vertex 6.250000e-02 8.750000e-01 0.000000e+00
vertex 6.250000e-02 8.125000e-01 0.000000e+00
endloop
endfacet
facet normal 0 0 0
outer loop
vertex 0.000000e+00 7.500000e-01 0.000000e+00
vertex 6.250000e-02 7.500000e-01 0.000000e+00
vertex 6.250000e-02 8.125000e-01 0.000000e+00
endloop
endfacet
facet normal 0 0 0
outer loop
vertex 6.250000e-02 8.125000e-01 0.000000e+00
vertex 6.250000e-02 8.750000e-01 0.000000e+00
vertex 0.000000e+00 8.125000e-01 0.000000e+00
endloop
endfacet
facet normal 0 0 0
outer loop
vertex 0.000000e+00 7.500000e-01 0.000000e+00
vertex 0.000000e+00 8.125000e-01 0.000000e+00
vertex 0.000000e+00 8.125000e-01 6.250000e-02
endloop
endfacet
facet normal 0 0 0
outer loop
vertex 0.000000e+00 8.125000e-01 0.000000e+00
vertex 0.000000e+00 7.500000e-01 0.000000e+00
vertex 6.250000e-02 8.125000e-01 0.000000e+00
endloop
endfacet
facet normal 0 0 0
outer loop
vertex 1.250000e-01 8.125000e-01 0.000000e+00
vertex 1.250000e-01 7.500000e-01 0.000000e+00
vertex 1.875000e-01 8.125000e-01 0.000000e+00
endloop
endfacet
facet normal 0 0 0
outer loop
vertex 1.875000e-01 8.125000e-01 0.000000e+00
vertex 1.250000e-01 7.500000e-01 0.000000e+00
vertex 1.875000e-01 7.500000e-01 0.000000e+00
endloop
endfacet
facet normal 0 0 0
outer loop
vertex 1.250000e-01 7.500000e-01 0.000000e+00
vertex 6.250000e-02 7.500000e-01 0.000000e+00
vertex 6.250000e-02 6.875000e-01 0.000000e+00
endloop
endfacet
facet normal 0 0 0
outer loop
vertex 0.000000e+00 1.000000e+00 4.375000e-01
vertex 6.250000e-02 1.000000e+00 4.375000e-01
vertex 6.250000e-02 1.000000e+00 5.000000e-01
endloop
endfacet
facet normal 0 0 0
outer loop
vertex 0.000000e+00 8.125000e-01 0.000000e+00
vertex 0.000000e+00 8.750000e-01 6.250000e-02
vertex 0.000000e+00 8.125000e-01 6.250000e-02
endloop
endfacet
facet normal 0 0 0
outer loop
vertex 0.000000e+00 7.500000e-01 0.000000e+00
vertex 0.000000e+00 7.500000e-01 6.250000e-02
vertex 0.000000e+00 6.875000e-01 0.000000e+00
endloop
endfacet
facet normal 0 0 0
outer loop
vertex 0.000000e+00 6.875000e-01 0.000000e+00
vertex 6.250000e-02 7.500000e-01 0.000000e+00
vertex 0.000000e+00 7.500000e-01 0.000000e+00
endloop
endfacet
facet normal 0 0 0
outer loop
vertex 1.250000e-01 8.125000e-01 0.000000e+00
vertex 1.250000e-01 8.750000e-01 0.000000e+00
vertex 6.250000e-02 8.125000e-01 0.000000e+00
endloop
endfacet
facet normal 0 0 0
outer loop
vertex 0.000000e+00 8.750000e-01 3.125000e-01
vertex 0.000000e+00 8.750000e-01 3.750000e-01
vertex 0.000000e+00 8.125000e-01 3.125000e-01
endloop
endfacet
facet normal 0 0 0
outer loop
vertex 6.250000e-02 8.750000e-01 0.000000e+00
vertex 1.250000e-01 9.375000e-01 0.000000e+00
vertex 6.250000e-02 9.375000e-01 0.000000e+00
endloop
endfacet
facet normal 0 0 0
outer loop
vertex 1.250000e-01 9.375000e-01 0.000000e+00
vertex 6.250000e-02 8.750000e-01 0.000000e+00
vertex 1.250000e-01 8.750000e-01 0.000000e+00
endloop
endfacet
facet normal 0 0 0
outer loop
vertex 1.875000e-01 8.750000e-01 0.000000e+00
vertex 1.250000e-01 8.750000e-01 0.000000e+00
vertex 1.250000e-01 8.125000e-01 0.000000e+00
endloop
endfacet
facet normal 0 0 0
outer loop
vertex 6.250000e-02 8.750000e-01 0.000000e+00
vertex 6.250000e-02 9.375000e-01 0.000000e+00
vertex 0.000000e+00 8.750000e-01 0.000000e+00
endloop
endfacet
facet normal 0 0 0
outer loop
vertex 1.875000e-01 8.750000e-01 0.000000e+00
vertex 1.250000e-01 8.125000e-01 0.000000e+00
vertex 1.875000e-01 8.125000e-01 0.000000e+00
endloop
endfacet
facet normal 0 0 0
outer loop
vertex 0.000000e+00 9.375000e-01 0.000000e+00
vertex 0.000000e+00 8.750000e-01 0.000000e+00
vertex 6.250000e-02 9.375000e-01 0.000000e+00
endloop
endfacet
facet normal 0 0 0
outer loop
vertex 0.000000e+00 9.375000e-01 6.250000e-02
vertex 0.000000e+00 8.750000e-01 0.000000e+00
vertex 0.000000e+00 9.375000e-01 0.000000e+00
endloop
endfacet
facet normal 0 0 0
outer loop
vertex 2.500000e-01 8.750000e-01 0.000000e+00
vertex 2.500000e-01 9.375000e-01 0.000000e+00
vertex 1.875000e-01 8.750000e-01 0.000000e+00
endloop
endfacet
facet normal 0 0 0
outer loop
vertex 6.250000e-02 1.000000e+00 1.875000e-01
vertex 0.000000e+00 1.000000e+00 1.250000e-01
vertex 6.250000e-02 1.000000e+00 1.250000e-01
endloop
endfacet
facet normal 0 0 0
outer loop
vertex 0.000000e+00 9.375000e-01 1.250000e-01
vertex 0.000000e+00 8.750000e-01 6.250000e-02
vertex 0.000000e+00 9.375000e-01 6.250000e-02
endloop
endfacet
facet normal 0 0 0
outer loop
vertex 6.250000e-02 8.750000e-01 0.000000e+00
vertex 0.000000e+00 8.750000e-01 0.000000e+00
vertex 0.000000e+00 8.125000e-01 0.000000e+00
endloop
endfacet
facet normal 0 0 0
outer loop
vertex 0.000000e+00 8.750000e-01 0.000000e+00
vertex 0.000000e+00 8.750000e-01 6.250000e-02
vertex 0.000000e+00 8.125000e-01 0.000000e+00
endloop
endfacet
facet normal 0 0 0
outer loop
vertex 1.875000e-01 1.000000e+00 3.750000e-01
vertex 1.250000e-01 1.000000e+00 3.125000e-01
vertex 1.875000e-01 1.000000e+00 3.125000e-01
endloop
endfacet
facet normal 0 0 0
outer loop
vertex 0.000000e+00 8.750000e-01 6.250000e-02
vertex 0.000000e+00 8.750000e-01 1.250000e-01
vertex 0.000000e+00 8.125000e-01 6.250000e-02
endloop
endfacet
facet normal 0 0 0
outer loop
vertex 1.250000e-01 5.000000e-01 1.000000e+00
vertex 1.875000e-01 5.625000e-01 1.000000e+00
vertex 1.875000e-01 5.000000e-01 1.000000e+00
endloop
endfacet
facet normal 0 0 0
outer loop
vertex 1.875000e-01 1.000000e+00 0.000000e+00
vertex 2.500000e-01 1.000000e+00 0.000000e+00
vertex 2.500000e-01 1.000000e+00 6.250000e-02
endloop
endfacet
facet normal 0 0 0
outer loop
vertex 1.875000e-01 9.375000e-01 0.000000e+00
vertex 2.500000e-01 1.000000e+00 0.000000e+00
vertex 1.875000e-01 1.000000e+00 0.000000e+00
endloop
endfacet
facet normal 0 0 0
outer loop
vertex 3.125000e-01 8.750000e-01 0.000000e+00
vertex 2.500000e-01 8.750000e-01 0.000000e+00
vertex 2.500000e-01 8.125000e-01 0.000000e+00
endloop
endfacet
facet normal 0 0 0
outer loop
vertex 2.500000e-01 8.125000e-01 0.000000e+00
vertex 2.500000e-01 8.750000e-01 0.000000e+00
vertex 1.875000e-01 8.125000e-01 0.000000e+00
endloop
endfacet
facet normal 0 0 0
outer loop
vertex 0.000000e+00 8.750000e-01 1.875000e-01
vertex 0.000000e+00 8.750000e-01 2.500000e-01
vertex 0.000000e+00 8.125000e-01 1.875000e-01
endloop
endfacet
facet normal 0 0 0
outer loop
vertex 0.000000e+00 8.750000e-01 1.250000e-01
vertex 0.000000e+00 8.750000e-01 6.250000e-02
vertex 0.000000e+00 9.375000e-01 1.250000e-01
endloop
endfacet
facet normal 0 0 0
outer loop
vertex 0.000000e+00 8.125000e-01 6.250000e-02
vertex 0.000000e+00 8.750000e-01 1.250000e-01
vertex 0.000000e+00 8.125000e-01 1.250000e-01
endloop
endfacet
facet normal 0 0 0
outer loop
vertex 2.500000e-01 1.000000e+00 0.000000e+00
vertex 1.875000e-01 9.375000e-01 0.000000e+00
vertex 2.500000e-01 9.375000e-01 0.000000e+00
endloop
endfacet
facet normal 0 0 0
outer loop
vertex 1.250000e-01 1.000000e+00 1.250000e-01
vertex 1.250000e-01 1.000000e+00 6.250000e-02
vertex 1.875000e-01 1.000000e+00 1.250000e-01
endloop
endfacet
facet normal 0 0 0
outer loop
vertex 3.125000e-01 8.750000e-01 0.000000e+00
vertex 3.125000e-01 9.375000e-01 0.000000e+00
vertex 2.500000e-01 8.750000e-01 0.000000e+00
endloop
endfacet
facet normal 0 0 0
outer loop
vertex 1.250000e-01 1.000000e+00 6.250000e-02
vertex 1.875000e-01 1.000000e+00 6.250000e-02
vertex 1.875000e-01 1.000000e+00 1.250000e-01
endloop
endfacet
facet normal 0 0 0
outer loop
vertex 6.250000e-02 1.000000e+00 1.250000e-01
vertex 1.250000e-01 1.000000e+00 1.250000e-01
vertex 1.250000e-01 1.000000e+00 1.875000e-01
endloop
endfacet
facet normal 0 0 0
outer loop
vertex 1.875000e-01 1.000000e+00 0.000000e+00
vertex 1.250000e-01 9.375000e-01 0.000000e+00
vertex 1.875000e-01 9.375000e-01 0.000000e+00
endloop
endfacet
facet normal 0 0 0
outer loop
vertex 1.250000e-01 1.000000e+00 0.000000e+00
vertex 1.875000e-01 1.000000e+00 6.250000e-02
vertex 1.250000e-01 1.000000e+00 6.250000e-02
endloop
endfacet
facet normal 0 0 0
outer loop
vertex 6.250000e-02 1.000000e+00 6.250000e-02
vertex 1.250000e-01 1.000000e+00 1.250000e-01
vertex 6.250000e-02 1.000000e+00 1.250000e-01
endloop
endfacet
facet normal 0 0 0
outer loop
vertex 5.000000e-01 1.000000e+00 2.500000e-01
vertex 5.000000e-01 1.000000e+00 1.875000e-01
vertex 5.625000e-01 1.000000e+00 2.500000e-01
endloop
endfacet
facet normal 0 0 0
outer loop
vertex 3.750000e-01 1.000000e+00 1.875000e-01
vertex 3.750000e-01 1.000000e+00 2.500000e-01
vertex 3.125000e-01 1.000000e+00 1.875000e-01
endloop
endfacet
facet normal 0 0 0
outer loop
vertex 4.375000e-01 1.000000e+00 1.250000e-01
vertex 4.375000e-01 1.000000e+00 6.250000e-02
vertex 5.000000e-01 1.000000e+00 1.250000e-01
endloop
endfacet
facet normal 0 0 0
outer loop
vertex 5.000000e-01 1.000000e+00 0.000000e+00
vertex 4.375000e-01 1.000000e+00 0.000000e+00
vertex 4.375000e-01 9.375000e-01 0.000000e+00
endloop
endfacet
facet normal 0 0 0
outer loop
vertex 5.000000e-01 1.000000e+00 6.250000e-02
vertex 4.375000e-01 1.000000e+00 0.000000e+00
vertex 5.000000e-01 1.000000e+00 0.000000e+00
endloop
endfacet
facet normal 0 0 0
outer loop
vertex 1.875000e-01 1.000000e+00 6.250000e-02
vertex 2.500000e-01 1.000000e+00 1.250000e-01
vertex 1.875000e-01 1.000000e+00 1.250000e-01
endloop
endfacet
facet normal 0 0 0
outer loop
vertex 1.250000e-01 1.000000e+00 1.250000e-01
vertex 6.250000e-02 1.000000e+00 6.250000e-02
vertex 1.250000e-01 1.000000e+00 6.250000e-02
endloop
endfacet
facet normal 0 0 0
outer loop
vertex 6.250000e-02 9.375000e-01 0.000000e+00
vertex 6.250000e-02 1.000000e+00 0.000000e+00
vertex 0.000000e+00 9.375000e-01 0.000000e+00
endloop
endfacet
facet normal 0 0 0
outer loop
vertex 6.250000e-02 1.000000e+00 6.250000e-02
vertex 6.250000e-02 1.000000e+00 0.000000e+00
vertex 1.250000e-01 1.000000e+00 6.250000e-02
endloop
endfacet
facet normal 0 0 0
outer loop
vertex 3.125000e-01 1.000000e+00 1.250000e-01
vertex 2.500000e-01 1.000000e+00 1.250000e-01
vertex 2.500000e-01 1.000000e+00 6.250000e-02
endloop
endfacet
facet normal 0 0 0
outer loop
vertex 2.500000e-01 1.000000e+00 3.125000e-01
vertex 3.125000e-01 1.000000e+00 3.750000e-01
vertex 2.500000e-01 1.000000e+00 3.750000e-01
endloop
endfacet
facet normal 0 0 0
outer loop
vertex 0.000000e+00 1.000000e+00 6.250000e-02
vertex 0.000000e+00 9.375000e-01 6.250000e-02
vertex 0.000000e+00 9.375000e-01 0.000000e+00
endloop
endfacet
facet normal 0 0 0
outer loop
vertex 0.000000e+00 9.375000e-01 0.000000e+00
vertex 0.000000e+00 1.000000e+00 0.000000e+00
vertex 0.000000e+00 1.000000e+00 6.250000e-02
endloop
endfacet
facet normal 0 0 0
outer loop
vertex 0.000000e+00 1.000000e+00 0.000000e+00
vertex 6.250000e-02 1.000000e+00 6.250000e-02
vertex 0.000000e+00 1.000000e+00 6.250000e-02
endloop
endfacet
facet normal 0 0 0
outer loop
vertex 0.000000e+00 1.000000e+00 0.000000e+00
vertex 0.000000e+00 9.375000e-01 0.000000e+00
vertex 6.250000e-02 1.000000e+00 0.000000e+00
endloop
endfacet
facet normal 0 0 0
outer loop
vertex 6.250000e-02 1.000000e+00 0.000000e+00
vertex 6.250000e-02 1.000000e+00 6.250000e-02
vertex 0.000000e+00 1.000000e+00 0.000000e+00
endloop
endfacet
facet normal 0 0 0
outer loop
vertex 0.000000e+00 1.000000e+00 6.250000e-02
vertex 6.250000e-02 1.000000e+00 6.250000e-02
vertex 6.250000e-02 1.000000e+00 1.250000e-01
endloop
endfacet
facet normal 0 0 0
outer loop
vertex 4.375000e-01 1.000000e+00 1.875000e-01
vertex 5.000000e-01 1.000000e+00 1.875000e-01
vertex 5.000000e-01 1.000000e+00 2.500000e-01
endloop
endfacet
facet normal 0 0 0
outer loop
vertex 3.125000e-01 8.750000e-01 0.000000e+00
vertex 2.500000e-01 8.125000e-01 0.000000e+00
vertex 3.125000e-01 8.125000e-01 0.000000e+00
endloop
endfacet
facet normal 0 0 0
outer loop
vertex 1.875000e-01 1.000000e+00 6.250000e-02
vertex 1.875000e-01 1.000000e+00 0.000000e+00
vertex 2.500000e-01 1.000000e+00 6.250000e-02
endloop
endfacet
facet normal 0 0 0
outer loop
vertex 5.000000e-01 8.750000e-01 0.000000e+00
vertex 4.375000e-01 8.125000e-01 0.000000e+00
vertex 5.000000e-01 8.125000e-01 0.000000e+00
endloop
endfacet
facet normal 0 0 0
outer loop
vertex 2.500000e-01 8.750000e-01 0.000000e+00
vertex 3.125000e-01 9.375000e-01 0.000000e+00
vertex 2.500000e-01 9.375000e-01 0.000000e+00
endloop
endfacet
facet normal 0 0 0
outer loop
vertex 3.750000e-01 8.125000e-01 0.000000e+00
vertex 4.375000e-01 8.750000e-01 0.000000e+00
vertex 3.750000e-01 8.750000e-01 0.000000e+00
endloop
endfacet
facet normal 0 0 0
outer loop
vertex 3.125000e-01 1.000000e+00 1.250000e-01
vertex 3.125000e-01 1.000000e+00 1.875000e-01
vertex 2.500000e-01 1.000000e+00 1.250000e-01
endloop
endfacet
facet normal 0 0 0
outer loop
vertex 1.875000e-01 8.125000e-01 0.000000e+00
vertex 2.500000e-01 8.750000e-01 0.000000e+00
vertex 1.875000e-01 8.750000e-01 0.000000e+00
endloop
endfacet
facet normal 0 0 0
outer loop
vertex 2.500000e-01 9.375000e-01 0.000000e+00
vertex 3.125000e-01 9.375000e-01 0.000000e+00
vertex 3.125000e-01 1.000000e+00 0.000000e+00
endloop
endfacet
facet normal 0 0 0
outer loop
vertex 4.375000e-01 8.125000e-01 0.000000e+00
vertex 4.375000e-01 8.750000e-01 0.000000e+00
vertex 3.750000e-01 8.125000e-01 0.000000e+00
endloop
endfacet
facet normal 0 0 0
outer loop
vertex 5.000000e-01 8.750000e-01 0.000000e+00
vertex 4.375000e-01 8.750000e-01 0.000000e+00
vertex 4.375000e-01 8.125000e-01 0.000000e+00
endloop
endfacet
facet normal 0 0 0
outer loop
vertex 5.000000e-01 8.750000e-01 0.000000e+00
vertex 5.000000e-01 8.125000e-01 0.000000e+00
vertex 5.625000e-01 8.750000e-01 0.000000e+00
endloop
endfacet
facet normal 0 0 0
outer loop
vertex 5.625000e-01 9.375000e-01 0.000000e+00
vertex 5.000000e-01 8.750000e-01 0.000000e+00
vertex 5.625000e-01 8.750000e-01 0.000000e+00
endloop
endfacet
facet normal 0 0 0
outer loop
vertex 3.750000e-01 9.375000e-01 0.000000e+00
vertex 3.125000e-01 9.375000e-01 0.000000e+00
vertex 3.125000e-01 8.750000e-01 0.000000e+00
endloop
endfacet
facet normal 0 0 0
outer loop
vertex 3.125000e-01 8.125000e-01 0.000000e+00
vertex 3.750000e-01 8.750000e-01 0.000000e+00
vertex 3.125000e-01 8.750000e-01 0.000000e+00
endloop
endfacet
facet normal 0 0 0
outer loop
vertex 3.750000e-01 8.750000e-01 0.000000e+00
vertex 3.750000e-01 9.375000e-01 0.000000e+00
vertex 3.125000e-01 8.750000e-01 0.000000e+00
endloop
endfacet
facet normal 0 0 0
outer loop
vertex 1.875000e-01 1.000000e+00 1.875000e-01
vertex 2.500000e-01 1.000000e+00 1.875000e-01
vertex 2.500000e-01 1.000000e+00 2.500000e-01
endloop
endfacet
facet normal 0 0 0
outer loop
vertex 3.750000e-01 9.375000e-01 0.000000e+00
vertex 3.750000e-01 1.000000e+00 0.000000e+00
vertex 3.125000e-01 9.375000e-01 0.000000e+00
endloop
endfacet
facet normal 0 0 0
outer loop
vertex 1.250000e-01 1.000000e+00 2.500000e-01
vertex 6.250000e-02 1.000000e+00 2.500000e-01
vertex 6.250000e-02 1.000000e+00 1.875000e-01
endloop
endfacet
facet normal 0 0 0
outer loop
vertex 3.750000e-01 9.375000e-01 0.000000e+00
vertex 4.375000e-01 1.000000e+00 0.000000e+00
vertex 3.750000e-01 1.000000e+00 0.000000e+00
endloop
endfacet
facet normal 0 0 0
outer loop
vertex 4.375000e-01 1.000000e+00 0.000000e+00
vertex 4.375000e-01 1.000000e+00 6.250000e-02
vertex 3.750000e-01 1.000000e+00 0.000000e+00
endloop
endfacet
facet normal 0 0 0
outer loop
vertex 5.000000e-01 1.000000e+00 0.000000e+00
vertex 4.375000e-01 9.375000e-01 0.000000e+00
vertex 5.000000e-01 9.375000e-01 0.000000e+00
endloop
endfacet
facet normal 0 0 0
outer loop
vertex 3.750000e-01 1.000000e+00 1.875000e-01
vertex 3.125000e-01 1.000000e+00 1.250000e-01
vertex 3.750000e-01 1.000000e+00 1.250000e-01
endloop
endfacet
facet normal 0 0 0
outer loop
vertex 4.375000e-01 1.000000e+00 6.250000e-02
vertex 3.750000e-01 1.000000e+00 6.250000e-02
vertex 3.750000e-01 1.000000e+00 0.000000e+00
endloop
endfacet
facet normal 0 0 0
outer loop
vertex 1.875000e-01 8.750000e-01 0.000000e+00
vertex 1.875000e-01 9.375000e-01 0.000000e+00
vertex 1.250000e-01 8.750000e-01 0.000000e+00
endloop
endfacet
facet normal 0 0 0
outer loop
vertex 1.875000e-01 1.000000e+00 1.875000e-01
vertex 1.250000e-01 1.000000e+00 1.250000e-01
vertex 1.875000e-01 1.000000e+00 1.250000e-01
endloop
endfacet
facet normal 0 0 0
outer loop
vertex 1.250000e-01 1.000000e+00 1.250000e-01
vertex 1.875000e-01 1.000000e+00 1.875000e-01
vertex 1.250000e-01 1.000000e+00 1.875000e-01
endloop
endfacet
facet normal 0 0 0
outer loop
vertex 4.375000e-01 1.000000e+00 1.250000e-01
vertex 3.750000e-01 1.000000e+00 1.250000e-01
vertex 3.750000e-01 1.000000e+00 6.250000e-02
endloop
endfacet
facet normal 0 0 0
outer loop
vertex 3.750000e-01 1.000000e+00 6.250000e-02
vertex 3.125000e-01 1.000000e+00 6.250000e-02
vertex 3.125000e-01 1.000000e+00 0.000000e+00
endloop
endfacet
facet normal 0 0 0
outer loop
vertex 2.500000e-01 1.000000e+00 0.000000e+00
vertex 3.125000e-01 1.000000e+00 6.250000e-02
vertex 2.500000e-01 1.000000e+00 6.250000e-02
endloop
endfacet
facet normal 0 0 0
outer loop
vertex 3.750000e-01 9.375000e-01 0.000000e+00
vertex 4.375000e-01 9.375000e-01 0.000000e+00
vertex 4.375000e-01 1.000000e+00 0.000000e+00
endloop
endfacet
facet normal 0 0 0
outer loop
vertex 4.375000e-01 1.000000e+00 2.500000e-01
vertex 4.375000e-01 1.000000e+00 1.875000e-01
vertex 5.000000e-01 1.000000e+00 2.500000e-01
endloop
endfacet
facet normal 0 0 0
outer loop
vertex 5.000000e-01 1.000000e+00 1.250000e-01
vertex 5.625000e-01 1.000000e+00 1.250000e-01
vertex 5.625000e-01 1.000000e+00 1.875000e-01
endloop
endfacet
facet normal 0 0 0
outer loop
vertex 1.875000e-01 1.000000e+00 0.000000e+00
vertex 1.250000e-01 1.000000e+00 0.000000e+00
vertex 1.250000e-01 9.375000e-01 0.000000e+00
endloop
endfacet
facet normal 0 0 0
outer loop
vertex 1.875000e-01 1.000000e+00 6.250000e-02
vertex 1.250000e-01 1.000000e+00 0.000000e+00
vertex 1.875000e-01 1.000000e+00 0.000000e+00
endloop
endfacet
facet normal 0 0 0
outer loop
vertex 5.000000e-01 1.000000e+00 6.250000e-02
vertex 4.375000e-01 1.000000e+00 6.250000e-02
vertex 4.375000e-01 1.000000e+00 0.000000e+00
endloop
endfacet
facet normal 0 0 0
outer loop
vertex 2.500000e-01 1.000000e+00 1.250000e-01
vertex 1.875000e-01 1.000000e+00 6.250000e-02
vertex 2.500000e-01 1.000000e+00 6.250000e-02
endloop
endfacet
facet normal 0 0 0
outer loop
vertex 3.125000e-01 1.000000e+00 6.250000e-02
vertex 3.125000e-01 1.000000e+00 1.250000e-01
vertex 2.500000e-01 1.000000e+00 6.250000e-02
endloop
endfacet
facet normal 0 0 0
outer loop
vertex 1.250000e-01 8.750000e-01 0.000000e+00
vertex 1.875000e-01 9.375000e-01 0.000000e+00
vertex 1.250000e-01 9.375000e-01 0.000000e+00
endloop
endfacet
facet normal 0 0 0
outer loop
vertex 2.500000e-01 1.000000e+00 1.875000e-01
vertex 3.125000e-01 1.000000e+00 2.500000e-01
vertex 2.500000e-01 1.000000e+00 2.500000e-01
endloop
endfacet
facet normal 0 0 0
outer loop
vertex 2.500000e-01 9.375000e-01 0.000000e+00
vertex 1.875000e-01 9.375000e-01 0.000000e+00
vertex 1.875000e-01 8.750000e-01 0.000000e+00
endloop
endfacet
facet normal 0 0 0
outer loop
vertex 3.750000e-01 1.000000e+00 1.250000e-01
vertex 3.125000e-01 1.000000e+00 6.250000e-02
vertex 3.750000e-01 1.000000e+00 6.250000e-02
endloop
endfacet
facet normal 0 0 0
outer loop
vertex 2.500000e-01 1.000000e+00 1.875000e-01
vertex 3.125000e-01 1.000000e+00 1.875000e-01
vertex 3.125000e-01 1.000000e+00 2.500000e-01
endloop
endfacet
facet normal 0 0 0
outer loop
vertex 0.000000e+00 9.375000e-01 6.875000e-01
vertex 0.000000e+00 9.375000e-01 6.250000e-01
vertex 0.000000e+00 1.000000e+00 6.875000e-01
endloop
endfacet
facet normal 0 0 0
outer loop
vertex 5.000000e-01 1.000000e+00 3.125000e-01
vertex 5.000000e-01 1.000000e+00 3.750000e-01
vertex 4.375000e-01 1.000000e+00 3.125000e-01
endloop
endfacet
facet normal 0 0 0
outer loop
vertex 3.750000e-01 1.000000e+00 1.875000e-01
vertex 4.375000e-01 1.000000e+00 1.875000e-01
vertex 4.375000e-01 1.000000e+00 2.500000e-01
endloop
endfacet
facet normal 0 0 0
outer loop
vertex 4.375000e-01 1.000000e+00 2.500000e-01
vertex 5.000000e-01 1.000000e+00 3.125000e-01
vertex 4.375000e-01 1.000000e+00 3.125000e-01
endloop
endfacet
facet normal 0 0 0
outer loop
vertex 2.500000e-01 1.000000e+00 3.750000e-01
vertex 1.875000e-01 1.000000e+00 3.125000e-01
vertex 2.500000e-01 1.000000e+00 3.125000e-01
endloop
endfacet
facet normal 0 0 0
outer loop
vertex 0.000000e+00 9.375000e-01 3.750000e-01
vertex 0.000000e+00 8.750000e-01 3.125000e-01
vertex 0.000000e+00 9.375000e-01 3.125000e-01
endloop
endfacet
facet normal 0 0 0
outer loop
vertex 3.125000e-01 1.000000e+00 1.875000e-01
vertex 2.500000e-01 1.000000e+00 1.875000e-01
vertex 2.500000e-01 1.000000e+00 1.250000e-01
endloop
endfacet
facet normal 0 0 0
outer loop
vertex 2.500000e-01 1.000000e+00 1.250000e-01
vertex 2.500000e-01 1.000000e+00 1.875000e-01
vertex 1.875000e-01 1.000000e+00 1.250000e-01
endloop
endfacet
facet normal 0 0 0
outer loop
vertex 2.500000e-01 1.000000e+00 1.875000e-01
vertex 1.875000e-01 1.000000e+00 1.875000e-01
vertex 1.875000e-01 1.000000e+00 1.250000e-01
endloop
endfacet
facet normal 0 0 0
outer loop
vertex 1.875000e-01 1.000000e+00 2.500000e-01
vertex 1.875000e-01 1.000000e+00 1.875000e-01
vertex 2.500000e-01 1.000000e+00 2.500000e-01
endloop
endfacet
facet normal 0 0 0
outer loop
vertex 5.000000e-01 1.000000e+00 3.750000e-01
vertex 5.000000e-01 1.000000e+00 3.125000e-01
vertex 5.625000e-01 1.000000e+00 3.750000e-01
endloop
endfacet
facet normal 0 0 0
outer loop
vertex 3.750000e-01 1.000000e+00 3.125000e-01
vertex 3.750000e-01 1.000000e+00 2.500000e-01
vertex 4.375000e-01 1.000000e+00 3.125000e-01
endloop
endfacet
facet normal 0 0 0
outer loop
vertex 1.875000e-01 1.000000e+00 1.875000e-01
vertex 1.875000e-01 1.000000e+00 2.500000e-01
vertex 1.250000e-01 1.000000e+00 1.875000e-01
endloop
endfacet
facet normal 0 0 0
outer loop
vertex 3.125000e-01 1.000000e+00 2.500000e-01
vertex 3.125000e-01 1.000000e+00 3.125000e-01
vertex 2.500000e-01 1.000000e+00 2.500000e-01
endloop
endfacet
facet normal 0 0 0
outer loop
vertex 5.000000e-01 1.000000e+00 4.375000e-01
vertex 4.375000e-01 1.000000e+00 4.375000e-01
vertex 4.375000e-01 1.000000e+00 3.750000e-01
endloop
endfacet
facet normal 0 0 0
outer loop
vertex 3.750000e-01 1.000000e+00 6.250000e-01
vertex 4.375000e-01 1.000000e+00 6.875000e-01
vertex 3.750000e-01 1.000000e+00 6.875000e-01
endloop
endfacet
facet normal 0 0 0
outer loop
vertex 3.125000e-01 1.000000e+00 3.125000e-01
vertex 2.500000e-01 1.000000e+00 3.125000e-01
vertex 2.500000e-01 1.000000e+00 2.500000e-01
endloop
endfacet
facet normal 0 0 0
outer loop
vertex 4.375000e-01 1.000000e+00 3.125000e-01
vertex 5.000000e-01 1.000000e+00 3.750000e-01
vertex 4.375000e-01 1.000000e+00 3.750000e-01
endloop
endfacet
facet normal 0 0 0
outer loop
vertex 5.000000e-01 1.000000e+00 3.125000e-01
vertex 4.375000e-01 1.000000e+00 2.500000e-01
vertex 5.000000e-01 1.000000e+00 2.500000e-01
endloop
endfacet
facet normal 0 0 0
outer loop
vertex 3.750000e-01 1.000000e+00 1.875000e-01
vertex 3.125000e-01 1.000000e+00 1.875000e-01
vertex 3.125000e-01 1.000000e+00 1.250000e-01
endloop
endfacet
facet normal 0 0 0
outer loop
vertex 5.625000e-01 1.000000e+00 2.500000e-01
vertex 5.000000e-01 1.000000e+00 1.875000e-01
vertex 5.625000e-01 1.000000e+00 1.875000e-01
endloop
endfacet
facet normal 0 0 0
outer loop
vertex 3.125000e-01 1.000000e+00 2.500000e-01
vertex 3.750000e-01 1.000000e+00 3.125000e-01
vertex 3.125000e-01 1.000000e+00 3.125000e-01
endloop
endfacet
facet normal 0 0 0
outer loop
vertex 5.000000e-01 1.000000e+00 3.125000e-01
vertex 5.625000e-01 1.000000e+00 3.125000e-01
vertex 5.625000e-01 1.000000e+00 3.750000e-01
endloop
endfacet
facet normal 0 0 0
outer loop
vertex 3.125000e-01 1.000000e+00 2.500000e-01
vertex 3.750000e-01 1.000000e+00 2.500000e-01
vertex 3.750000e-01 1.000000e+00 3.125000e-01
endloop
endfacet
facet normal 0 0 0
outer loop
vertex 5.000000e-01 1.000000e+00 3.125000e-01
vertex 5.000000e-01 1.000000e+00 2.500000e-01
vertex 5.625000e-01 1.000000e+00 3.125000e-01
endloop
endfacet
facet normal 0 0 0
outer loop
vertex 5.000000e-01 1.000000e+00 4.375000e-01
vertex 5.000000e-01 1.000000e+00 3.750000e-01
vertex 5.625000e-01 1.000000e+00 4.375000e-01
endloop
endfacet
facet normal 0 0 0
outer loop
vertex 0.000000e+00 8.750000e-01 3.125000e-01
vertex 0.000000e+00 8.750000e-01 2.500000e-01
vertex 0.000000e+00 9.375000e-01 3.125000e-01
endloop
endfacet
facet normal 0 0 0
outer loop
vertex 6.250000e-02 1.000000e+00 4.375000e-01
vertex 0.000000e+00 1.000000e+00 3.750000e-01
vertex 6.250000e-02 1.000000e+00 3.750000e-01
endloop
endfacet
facet normal 0 0 0
outer loop
vertex 1.875000e-01 1.000000e+00 3.125000e-01
vertex 1.250000e-01 1.000000e+00 2.500000e-01
vertex 1.875000e-01 1.000000e+00 2.500000e-01
endloop
endfacet
facet normal 0 0 0
outer loop
vertex 5.000000e-01 1.000000e+00 5.000000e-01
vertex 5.000000e-01 1.000000e+00 5.625000e-01
vertex 4.375000e-01 1.000000e+00 5.000000e-01
endloop
endfacet
facet normal 0 0 0
outer loop
vertex 4.375000e-01 1.000000e+00 4.375000e-01
vertex 5.000000e-01 1.000000e+00 5.000000e-01
vertex 4.375000e-01 1.000000e+00 5.000000e-01
endloop
endfacet
facet normal 0 0 0
outer loop
vertex 5.625000e-01 1.000000e+00 5.000000e-01
vertex 5.000000e-01 1.000000e+00 4.375000e-01
vertex 5.625000e-01 1.000000e+00 4.375000e-01
endloop
endfacet
facet normal 0 0 0
outer loop
vertex 4.375000e-01 1.000000e+00 4.375000e-01
vertex 3.750000e-01 1.000000e+00 3.750000e-01
vertex 4.375000e-01 1.000000e+00 3.750000e-01
endloop
endfacet
facet normal 0 0 0
outer loop
vertex 3.750000e-01 1.000000e+00 3.750000e-01
vertex 4.375000e-01 1.000000e+00 4.375000e-01
vertex 3.750000e-01 1.000000e+00 4.375000e-01
endloop
endfacet
facet normal 0 0 0
outer loop
vertex 3.125000e-01 1.000000e+00 3.125000e-01
vertex 3.125000e-01 1.000000e+00 3.750000e-01
vertex 2.500000e-01 1.000000e+00 3.125000e-01
endloop
endfacet
facet normal 0 0 0
outer loop
vertex 3.750000e-01 1.000000e+00 5.625000e-01
vertex 3.750000e-01 1.000000e+00 6.250000e-01
vertex 3.125000e-01 1.000000e+00 5.625000e-01
endloop
endfacet
facet normal 0 0 0
outer loop
vertex 2.500000e-01 1.000000e+00 9.375000e-01
vertex 1.875000e-01 1.000000e+00 8.750000e-01
vertex 2.500000e-01 1.000000e+00 8.750000e-01
endloop
endfacet
facet normal 0 0 0
outer loop
vertex 1.250000e-01 1.000000e+00 8.125000e-01
vertex 6.250000e-02 1.000000e+00 7.500000e-01
vertex 1.250000e-01 1.000000e+00 7.500000e-01
endloop
endfacet
facet normal 0 0 0
outer loop
vertex 4.375000e-01 1.000000e+00 5.000000e-01
vertex 4.375000e-01 1.000000e+00 5.625000e-01
vertex 3.750000e-01 1.000000e+00 5.000000e-01
endloop
endfacet
facet normal 0 0 0
outer loop
vertex 0.000000e+00 9.375000e-01 4.375000e-01
vertex 0.000000e+00 8.750000e-01 4.375000e-01
vertex 0.000000e+00 8.750000e-01 3.750000e-01
endloop
endfacet
facet normal 0 0 0
outer loop
vertex 2.500000e-01 8.750000e-01 1.000000e+00
vertex 1.875000e-01 8.125000e-01 1.000000e+00
vertex 1.875000e-01 8.750000e-01 1.000000e+00
endloop
endfacet
facet normal 0 0 0
outer loop
vertex 3.125000e-01 1.000000e+00 4.375000e-01
vertex 2.500000e-01 1.000000e+00 4.375000e-01
vertex 2.500000e-01 1.000000e+00 3.750000e-01
endloop
endfacet
facet normal 0 0 0
outer loop
vertex 3.125000e-01 1.000000e+00 4.375000e-01
vertex 3.125000e-01 1.000000e+00 3.750000e-01
vertex 3.750000e-01 1.000000e+00 4.375000e-01
endloop
endfacet
facet normal 0 0 0
outer loop
vertex 1.250000e-01 1.000000e+00 2.500000e-01
vertex 6.250000e-02 1.000000e+00 1.875000e-01
vertex 1.250000e-01 1.000000e+00 1.875000e-01
endloop
endfacet
facet normal 0 0 0
outer loop
vertex 4.375000e-01 1.000000e+00 6.250000e-01
vertex 3.750000e-01 1.000000e+00 5.625000e-01
vertex 4.375000e-01 1.000000e+00 5.625000e-01
endloop
endfacet
facet normal 0 0 0
outer loop
vertex 1.250000e-01 1.000000e+00 3.750000e-01
vertex 1.250000e-01 1.000000e+00 3.125000e-01
vertex 1.875000e-01 1.000000e+00 3.750000e-01
endloop
endfacet
facet normal 0 0 0
outer loop
vertex 3.750000e-01 1.000000e+00 3.750000e-01
vertex 3.125000e-01 1.000000e+00 3.750000e-01
vertex 3.125000e-01 1.000000e+00 3.125000e-01
endloop
endfacet
facet normal 0 0 0
outer loop
vertex 3.125000e-01 1.000000e+00 3.750000e-01
vertex 3.750000e-01 1.000000e+00 3.750000e-01
vertex 3.750000e-01 1.000000e+00 4.375000e-01
endloop
endfacet
facet normal 0 0 0
outer loop
vertex 1.875000e-01 1.000000e+00 3.750000e-01
vertex 1.875000e-01 1.000000e+00 3.125000e-01
vertex 2.500000e-01 1.000000e+00 3.750000e-01
endloop
endfacet
facet normal 0 0 0
outer loop
vertex 2.500000e-01 1.000000e+00 4.375000e-01
vertex 1.875000e-01 1.000000e+00 4.375000e-01
vertex 1.875000e-01 1.000000e+00 3.750000e-01
endloop
endfacet
facet normal 0 0 0
outer loop
vertex 0.000000e+00 9.375000e-01 1.875000e-01
vertex 0.000000e+00 1.000000e+00 2.500000e-01
vertex 0.000000e+00 9.375000e-01 2.500000e-01
endloop
endfacet
facet normal 0 0 0
outer loop
vertex 6.250000e-02 1.000000e+00 5.625000e-01
vertex 1.250000e-01 1.000000e+00 6.250000e-01
vertex 6.250000e-02 1.000000e+00 6.250000e-01
endloop
endfacet
facet normal 0 0 0
outer loop
vertex 6.250000e-02 1.000000e+00 4.375000e-01
vertex 6.250000e-02 1.000000e+00 3.750000e-01
vertex 1.250000e-01 1.000000e+00 4.375000e-01
endloop
endfacet
facet normal 0 0 0
outer loop
vertex 6.250000e-02 1.000000e+00 3.125000e-01
vertex 0.000000e+00 1.000000e+00 3.125000e-01
vertex 0.000000e+00 1.000000e+00 2.500000e-01
endloop
endfacet
facet normal 0 0 0
outer loop
vertex 0.000000e+00 1.000000e+00 2.500000e-01
vertex 0.000000e+00 1.000000e+00 3.125000e-01
vertex 0.000000e+00 9.375000e-01 2.500000e-01
endloop
endfacet
facet normal 0 0 0
outer loop
vertex 1.875000e-01 1.000000e+00 4.375000e-01
vertex 1.250000e-01 1.000000e+00 3.750000e-01
vertex 1.875000e-01 1.000000e+00 3.750000e-01
endloop
endfacet
facet normal 0 0 0
outer loop
vertex 2.500000e-01 1.000000e+00 3.125000e-01
vertex 1.875000e-01 1.000000e+00 3.125000e-01
vertex 1.875000e-01 1.000000e+00 2.500000e-01
endloop
endfacet
facet normal 0 0 0
outer loop
vertex 0.000000e+00 1.000000e+00 4.375000e-01
vertex 0.000000e+00 1.000000e+00 5.000000e-01
vertex 0.000000e+00 9.375000e-01 4.375000e-01
endloop
endfacet
facet normal 0 0 0
outer loop
vertex 0.000000e+00 1.000000e+00 5.000000e-01
vertex 0.000000e+00 1.000000e+00 4.375000e-01
vertex 6.250000e-02 1.000000e+00 5.000000e-01
endloop
endfacet
facet normal 0 0 0
outer loop
vertex 0.000000e+00 8.750000e-01 3.750000e-01
vertex 0.000000e+00 8.125000e-01 3.750000e-01
vertex 0.000000e+00 8.125000e-01 3.125000e-01
endloop
endfacet
facet normal 0 0 0
outer loop
vertex 1.250000e-01 1.000000e+00 4.375000e-01
vertex 1.250000e-01 1.000000e+00 3.750000e-01
vertex 1.875000e-01 1.000000e+00 4.375000e-01
endloop
endfacet
facet normal 0 0 0
outer loop
vertex 0.000000e+00 8.750000e-01 1.875000e-01
vertex 0.000000e+00 8.125000e-01 1.875000e-01
vertex 0.000000e+00 8.125000e-01 1.250000e-01
endloop
endfacet
facet normal 0 0 0
outer loop
vertex 0.000000e+00 1.000000e+00 1.250000e-01
vertex 0.000000e+00 1.000000e+00 1.875000e-01
vertex 0.000000e+00 9.375000e-01 1.250000e-01
endloop
endfacet
facet normal 0 0 0
outer loop
vertex 0.000000e+00 1.000000e+00 1.875000e-01
vertex 0.000000e+00 1.000000e+00 1.250000e-01
vertex 6.250000e-02 1.000000e+00 1.875000e-01
endloop
endfacet
facet normal 0 0 0
outer loop
vertex 1.250000e-01 1.000000e+00 3.125000e-01
vertex 6.250000e-02 1.000000e+00 2.500000e-01
vertex 1.250000e-01 1.000000e+00 2.500000e-01
endloop
endfacet
facet normal 0 0 0
outer loop
vertex 6.250000e-02 1.000000e+00 2.500000e-01
vertex 1.250000e-01 1.000000e+00 3.125000e-01
vertex 6.250000e-02 1.000000e+00 3.125000e-01
endloop
endfacet
facet normal 0 0 0
outer loop
vertex 0.000000e+00 8.750000e-01 2.500000e-01
vertex 0.000000e+00 8.750000e-01 3.125000e-01
vertex 0.000000e+00 8.125000e-01 2.500000e-01
endloop
endfacet
facet normal 0 0 0
outer loop
vertex 0.000000e+00 8.125000e-01 2.500000e-01
vertex 0.000000e+00 8.750000e-01 3.125000e-01
vertex 0.000000e+00 8.125000e-01 3.125000e-01
endloop
endfacet
facet normal 0 0 0
outer loop
vertex 0.000000e+00 8.750000e-01 1.250000e-01
vertex 0.000000e+00 8.750000e-01 1.875000e-01
vertex 0.000000e+00 8.125000e-01 1.250000e-01
endloop
endfacet
facet normal 0 0 0
outer loop
vertex 0.000000e+00 1.000000e+00 4.375000e-01
vertex 0.000000e+00 9.375000e-01 4.375000e-01
vertex 0.000000e+00 9.375000e-01 3.750000e-01
endloop
endfacet
facet normal 0 0 0
outer loop
vertex 0.000000e+00 9.375000e-01 3.750000e-01
vertex 0.000000e+00 9.375000e-01 4.375000e-01
vertex 0.000000e+00 8.750000e-01 3.750000e-01
endloop
endfacet
facet normal 0 0 0
outer loop
vertex 0.000000e+00 1.000000e+00 3.750000e-01
vertex 0.000000e+00 9.375000e-01 3.750000e-01
vertex 0.000000e+00 9.375000e-01 3.125000e-01
endloop
endfacet
facet normal 0 0 0
outer loop
vertex 0.000000e+00 1.000000e+00 1.875000e-01
vertex 6.250000e-02 1.000000e+00 1.875000e-01
vertex 6.250000e-02 1.000000e+00 2.500000e-01
endloop
endfacet
facet normal 0 0 0
outer loop
vertex 1.250000e-01 1.000000e+00 4.375000e-01
vertex 6.250000e-02 1.000000e+00 3.750000e-01
vertex 1.250000e-01 1.000000e+00 3.750000e-01
endloop
endfacet
facet normal 0 0 0
outer loop
vertex 1.250000e-01 1.000000e+00 4.375000e-01
vertex 1.875000e-01 1.000000e+00 5.000000e-01
vertex 1.250000e-01 1.000000e+00 5.000000e-01
endloop
endfacet
facet normal 0 0 0
outer loop
vertex 0.000000e+00 8.125000e-01 3.750000e-01
vertex 0.000000e+00 8.750000e-01 4.375000e-01
vertex 0.000000e+00 8.125000e-01 4.375000e-01
endloop
endfacet
facet normal 0 0 0
outer loop
vertex 0.000000e+00 8.750000e-01 3.750000e-01
vertex 0.000000e+00 8.750000e-01 4.375000e-01
vertex 0.000000e+00 8.125000e-01 3.750000e-01
endloop
endfacet
facet normal 0 0 0
outer loop
vertex 5.000000e-01 1.000000e+00 7.500000e-01
vertex 4.375000e-01 1.000000e+00 7.500000e-01
vertex 4.375000e-01 1.000000e+00 6.875000e-01
endloop
endfacet
facet normal 0 0 0
outer loop
vertex 0.000000e+00 9.375000e-01 1.875000e-01
vertex 0.000000e+00 9.375000e-01 2.500000e-01
vertex 0.000000e+00 8.750000e-01 1.875000e-01
endloop
endfacet
facet normal 0 0 0
outer loop
vertex 0.000000e+00 7.500000e-01 7.500000e-01
vertex 0.000000e+00 7.500000e-01 6.875000e-01
vertex 0.000000e+00 8.125000e-01 7.500000e-01
endloop
endfacet
facet normal 0 0 0
outer loop
vertex 0.000000e+00 8.750000e-01 1.875000e-01
vertex 0.000000e+00 9.375000e-01 2.500000e-01
vertex 0.000000e+00 8.750000e-01 2.500000e-01
endloop
endfacet
facet normal 0 0 0
outer loop
vertex 0.000000e+00 8.750000e-01 2.500000e-01
vertex 0.000000e+00 9.375000e-01 2.500000e-01
vertex 0.000000e+00 9.375000e-01 3.125000e-01
endloop
endfacet
facet normal 0 0 0
outer loop
vertex 0.000000e+00 9.375000e-01 2.500000e-01
vertex 0.000000e+00 1.000000e+00 3.125000e-01
vertex 0.000000e+00 9.375000e-01 3.125000e-01
endloop
endfacet
facet normal 0 0 0
outer loop
vertex 0.000000e+00 1.000000e+00 5.000000e-01
vertex 0.000000e+00 1.000000e+00 5.625000e-01
vertex 0.000000e+00 9.375000e-01 5.000000e-01
endloop
endfacet
facet normal 0 0 0
outer loop
vertex 6.250000e-02 1.000000e+00 5.625000e-01
vertex 0.000000e+00 1.000000e+00 5.625000e-01
vertex 0.000000e+00 1.000000e+00 5.000000e-01
endloop
endfacet
facet normal 0 0 0
outer loop
vertex 0.000000e+00 1.000000e+00 1.875000e-01
vertex 0.000000e+00 9.375000e-01 1.875000e-01
vertex 0.000000e+00 9.375000e-01 1.250000e-01
endloop
endfacet
facet normal 0 0 0
outer loop
vertex 6.250000e-02 1.000000e+00 3.125000e-01
vertex 0.000000e+00 1.000000e+00 2.500000e-01
vertex 6.250000e-02 1.000000e+00 2.500000e-01
endloop
endfacet
facet normal 0 0 0
outer loop
vertex 4.375000e-01 1.000000e+00 8.125000e-01
vertex 3.750000e-01 1.000000e+00 7.500000e-01
vertex 4.375000e-01 1.000000e+00 7.500000e-01
endloop
endfacet
facet normal 0 0 0
outer loop
vertex 0.000000e+00 1.000000e+00 5.000000e-01
vertex 0.000000e+00 9.375000e-01 5.000000e-01
vertex 0.000000e+00 9.375000e-01 4.375000e-01
endloop
endfacet
facet normal 0 0 0
outer loop
vertex 0.000000e+00 9.375000e-01 3.125000e-01
vertex 0.000000e+00 1.000000e+00 3.125000e-01
vertex 0.000000e+00 1.000000e+00 3.750000e-01
endloop
endfacet
facet normal 0 0 0
outer loop
vertex 0.000000e+00 1.000000e+00 3.125000e-01
vertex 6.250000e-02 1.000000e+00 3.750000e-01
vertex 0.000000e+00 1.000000e+00 3.750000e-01
endloop
endfacet
facet normal 0 0 0
outer loop
vertex 6.250000e-02 1.000000e+00 5.000000e-01
vertex 6.250000e-02 1.000000e+00 5.625000e-01
vertex 0.000000e+00 1.000000e+00 5.000000e-01
endloop
endfacet
facet normal 0 0 0
outer loop
vertex 6.250000e-02 1.000000e+00 7.500000e-01
vertex 0.000000e+00 1.000000e+00 6.875000e-01
vertex 6.250000e-02 1.000000e+00 6.875000e-01
endloop
endfacet
facet normal 0 0 0
outer loop
vertex 2.500000e-01 8.750000e-01 1.000000e+00
vertex 3.125000e-01 9.375000e-01 1.000000e+00
vertex 3.125000e-01 8.750000e-01 1.000000e+00
endloop
endfacet
facet normal 0 0 0
outer loop
vertex 0.000000e+00 6.250000e-01 5.625000e-01
vertex 0.000000e+00 5.625000e-01 5.625000e-01
vertex 0.000000e+00 5.625000e-01 5.000000e-01
endloop
endfacet
facet normal 0 0 0
outer loop
vertex 0.000000e+00 8.125000e-01 8.125000e-01
vertex 0.000000e+00 8.125000e-01 7.500000e-01
vertex 0.000000e+00 8.750000e-01 8.125000e-01
endloop
endfacet
facet normal 0 0 0
outer loop
vertex 1.875000e-01 8.750000e-01 1.000000e+00
vertex 1.875000e-01 9.375000e-01 1.000000e+00
vertex 2.500000e-01 9.375000e-01 1.000000e+00
endloop
endfacet
facet normal 0 0 0
outer loop
vertex 3.125000e-01 1.000000e+00 8.125000e-01
vertex 2.500000e-01 1.000000e+00 8.125000e-01
vertex 2.500000e-01 1.000000e+00 7.500000e-01
endloop
endfacet
facet normal 0 0 0
outer loop
vertex 0.000000e+00 9.375000e-01 8.125000e-01
vertex 0.000000e+00 8.750000e-01 7.500000e-01
vertex 0.000000e+00 9.375000e-01 7.500000e-01
endloop
endfacet
facet normal 0 0 0
outer loop
vertex 2.500000e-01 1.000000e+00 4.375000e-01
vertex 3.125000e-01 1.000000e+00 4.375000e-01
vertex 3.125000e-01 1.000000e+00 5.000000e-01
endloop
endfacet
facet normal 0 0 0
outer loop
vertex 3.125000e-01 1.000000e+00 6.250000e-01
vertex 3.750000e-01 1.000000e+00 6.250000e-01
vertex 3.750000e-01 1.000000e+00 6.875000e-01
endloop
endfacet
facet normal 0 0 0
outer loop
vertex 4.375000e-01 1.000000e+00 7.500000e-01
vertex 3.750000e-01 1.000000e+00 7.500000e-01
vertex 3.750000e-01 1.000000e+00 6.875000e-01
endloop
endfacet
facet normal 0 0 0
outer loop
vertex 0.000000e+00 8.750000e-01 8.750000e-01
vertex 0.000000e+00 8.125000e-01 8.750000e-01
vertex 0.000000e+00 8.125000e-01 8.125000e-01
endloop
endfacet
facet normal 0 0 0
outer loop
vertex 1.250000e-01 6.250000e-01 1.000000e+00
vertex 6.250000e-02 5.625000e-01 1.000000e+00
vertex 6.250000e-02 6.250000e-01 1.000000e+00
endloop
endfacet
facet normal 0 0 0
outer loop
vertex 6.250000e-02 1.000000e+00 6.250000e-01
vertex 6.250000e-02 1.000000e+00 6.875000e-01
vertex 0.000000e+00 1.000000e+00 6.250000e-01
endloop
endfacet
facet normal 0 0 0
outer loop
vertex 6.250000e-02 1.000000e+00 6.875000e-01
vertex 0.000000e+00 1.000000e+00 6.875000e-01
vertex 0.000000e+00 1.000000e+00 6.250000e-01
endloop
endfacet
facet normal 0 0 0
outer loop
vertex 0.000000e+00 1.000000e+00 6.875000e-01
vertex 0.000000e+00 9.375000e-01 6.250000e-01
vertex 0.000000e+00 1.000000e+00 6.250000e-01
endloop
endfacet
facet normal 0 0 0
outer loop
vertex 0.000000e+00 9.375000e-01 5.625000e-01
vertex 0.000000e+00 8.750000e-01 5.000000e-01
vertex 0.000000e+00 9.375000e-01 5.000000e-01
endloop
endfacet
facet normal 0 0 0
outer loop
vertex 0.000000e+00 7.500000e-01 8.125000e-01
vertex 0.000000e+00 7.500000e-01 7.500000e-01
vertex 0.000000e+00 8.125000e-01 8.125000e-01
endloop
endfacet
facet normal 0 0 0
outer loop
vertex 5.625000e-01 9.375000e-01 1.000000e+00
vertex 5.000000e-01 8.750000e-01 1.000000e+00
vertex 5.000000e-01 9.375000e-01 1.000000e+00
endloop
endfacet
facet normal 0 0 0
outer loop
vertex 6.250000e-02 7.500000e-01 1.000000e+00
vertex 1.250000e-01 7.500000e-01 1.000000e+00
vertex 6.250000e-02 6.875000e-01 1.000000e+00
endloop
endfacet
facet normal 0 0 0
outer loop
vertex 0.000000e+00 1.000000e+00 8.125000e-01
vertex 0.000000e+00 9.375000e-01 7.500000e-01
vertex 0.000000e+00 1.000000e+00 7.500000e-01
endloop
endfacet
facet normal 0 0 0
outer loop
vertex 0.000000e+00 1.000000e+00 7.500000e-01
vertex 6.250000e-02 1.000000e+00 8.125000e-01
vertex 0.000000e+00 1.000000e+00 8.125000e-01
endloop
endfacet
facet normal 0 0 0
outer loop
vertex 0.000000e+00 1.000000e+00 5.625000e-01
vertex 6.250000e-02 1.000000e+00 5.625000e-01
vertex 6.250000e-02 1.000000e+00 6.250000e-01
endloop
endfacet
facet normal 0 0 0
outer loop
vertex 6.250000e-02 9.375000e-01 1.000000e+00
vertex 6.250000e-02 1.000000e+00 1.000000e+00
vertex 1.250000e-01 1.000000e+00 1.000000e+00
endloop
endfacet
facet normal 0 0 0
outer loop
vertex 1.250000e-01 1.000000e+00 1.000000e+00
vertex 6.250000e-02 1.000000e+00 1.000000e+00
vertex 6.250000e-02 1.000000e+00 9.375000e-01
endloop
endfacet
facet normal 0 0 0
outer loop
vertex 0.000000e+00 8.125000e-01 7.500000e-01
vertex 0.000000e+00 8.125000e-01 6.875000e-01
vertex 0.000000e+00 8.750000e-01 7.500000e-01
endloop
endfacet
facet normal 0 0 0
outer loop
vertex 0.000000e+00 8.750000e-01 7.500000e-01
vertex 0.000000e+00 8.750000e-01 8.125000e-01
vertex 0.000000e+00 8.125000e-01 7.500000e-01
endloop
endfacet
facet normal 0 0 0
outer loop
vertex 0.000000e+00 9.375000e-01 5.625000e-01
vertex 0.000000e+00 9.375000e-01 5.000000e-01
vertex 0.000000e+00 1.000000e+00 5.625000e-01
endloop
endfacet
facet normal 0 0 0
outer loop
vertex 0.000000e+00 9.375000e-01 1.000000e+00
vertex 6.250000e-02 1.000000e+00 1.000000e+00
vertex 6.250000e-02 9.375000e-01 1.000000e+00
endloop
endfacet
facet normal 0 0 0
outer loop
vertex 0.000000e+00 6.875000e-01 8.750000e-01
vertex 0.000000e+00 6.250000e-01 8.125000e-01
vertex 0.000000e+00 6.875000e-01 8.125000e-01
endloop
endfacet
facet normal 0 0 0
outer loop
vertex 1.875000e-01 1.000000e+00 6.875000e-01
vertex 2.500000e-01 1.000000e+00 6.875000e-01
vertex 2.500000e-01 1.000000e+00 7.500000e-01
endloop
endfacet
facet normal 0 0 0
outer loop
vertex 5.000000e-01 1.000000e+00 8.750000e-01
vertex 5.000000e-01 1.000000e+00 8.125000e-01
vertex 5.625000e-01 1.000000e+00 8.750000e-01
endloop
endfacet
facet normal 0 0 0
outer loop
vertex 0.000000e+00 8.750000e-01 6.875000e-01
vertex 0.000000e+00 8.750000e-01 6.250000e-01
vertex 0.000000e+00 9.375000e-01 6.875000e-01
endloop
endfacet
facet normal 0 0 0
outer loop
vertex 0.000000e+00 5.625000e-01 6.250000e-01
vertex 0.000000e+00 5.000000e-01 6.250000e-01
vertex 0.000000e+00 5.000000e-01 5.625000e-01
endloop
endfacet
facet normal 0 0 0
outer loop
vertex 0.000000e+00 8.750000e-01 6.875000e-01
vertex 0.000000e+00 8.750000e-01 7.500000e-01
vertex 0.000000e+00 8.125000e-01 6.875000e-01
endloop
endfacet
facet normal 0 0 0
outer loop
vertex 0.000000e+00 6.875000e-01 7.500000e-01
vertex 0.000000e+00 7.500000e-01 8.125000e-01
vertex 0.000000e+00 6.875000e-01 8.125000e-01
endloop
endfacet
facet normal 0 0 0
outer loop
vertex 6.250000e-02 1.000000e+00 6.250000e-01
vertex 0.000000e+00 1.000000e+00 6.250000e-01
vertex 0.000000e+00 1.000000e+00 5.625000e-01
endloop
endfacet
facet normal 0 0 0
outer loop
vertex 0.000000e+00 1.000000e+00 6.250000e-01
vertex 0.000000e+00 9.375000e-01 5.625000e-01
vertex 0.000000e+00 1.000000e+00 5.625000e-01
endloop
endfacet
facet normal 0 0 0
outer loop
vertex 0.000000e+00 9.375000e-01 6.250000e-01
vertex 0.000000e+00 9.375000e-01 5.625000e-01
vertex 0.000000e+00 1.000000e+00 6.250000e-01
endloop
endfacet
facet normal 0 0 0
outer loop
vertex 3.750000e-01 1.000000e+00 8.750000e-01
vertex 4.375000e-01 1.000000e+00 9.375000e-01
vertex 3.750000e-01 1.000000e+00 9.375000e-01
endloop
endfacet
facet normal 0 0 0
outer loop
vertex 4.375000e-01 5.625000e-01 1.000000e+00
vertex 4.375000e-01 5.000000e-01 1.000000e+00
vertex 3.750000e-01 5.000000e-01 1.000000e+00
endloop
endfacet
facet normal 0 0 0
outer loop
vertex 0.000000e+00 8.750000e-01 5.000000e-01
vertex 0.000000e+00 8.125000e-01 5.000000e-01
vertex 0.000000e+00 8.125000e-01 4.375000e-01
endloop
endfacet
facet normal 0 0 0
outer loop
vertex 0.000000e+00 9.375000e-01 5.000000e-01
vertex 0.000000e+00 8.750000e-01 5.000000e-01
vertex 0.000000e+00 8.750000e-01 4.375000e-01
endloop
endfacet
facet normal 0 0 0
outer loop
vertex 2.500000e-01 1.000000e+00 6.875000e-01
vertex 1.875000e-01 1.000000e+00 6.250000e-01
vertex 2.500000e-01 1.000000e+00 6.250000e-01
endloop
endfacet
facet normal 0 0 0
outer loop
vertex 6.250000e-02 5.000000e-01 1.000000e+00
vertex 1.250000e-01 5.625000e-01 1.000000e+00
vertex 1.250000e-01 5.000000e-01 1.000000e+00
endloop
endfacet
facet normal 0 0 0
outer loop
vertex 0.000000e+00 8.125000e-01 6.875000e-01
vertex 0.000000e+00 7.500000e-01 6.250000e-01
vertex 0.000000e+00 8.125000e-01 6.250000e-01
endloop
endfacet
facet normal 0 0 0
outer loop
vertex 0.000000e+00 6.875000e-01 9.375000e-01
vertex 0.000000e+00 6.875000e-01 8.750000e-01
vertex 0.000000e+00 7.500000e-01 9.375000e-01
endloop
endfacet
facet normal 0 0 0
outer loop
vertex 0.000000e+00 9.375000e-01 9.375000e-01
vertex 0.000000e+00 1.000000e+00 1.000000e+00
vertex 0.000000e+00 9.375000e-01 1.000000e+00
endloop
endfacet
facet normal 0 0 0
outer loop
vertex 0.000000e+00 1.000000e+00 1.000000e+00
vertex 6.250000e-02 1.000000e+00 1.000000e+00
vertex 0.000000e+00 9.375000e-01 1.000000e+00
endloop
endfacet
facet normal 0 0 0
outer loop
vertex 0.000000e+00 8.750000e-01 8.750000e-01
vertex 0.000000e+00 9.375000e-01 8.750000e-01
vertex 0.000000e+00 9.375000e-01 9.375000e-01
endloop
endfacet
facet normal 0 0 0
outer loop
vertex 0.000000e+00 8.750000e-01 6.250000e-01
vertex 0.000000e+00 8.125000e-01 6.250000e-01
vertex 0.000000e+00 8.125000e-01 5.625000e-01
endloop
endfacet
facet normal 0 0 0
outer loop
vertex 0.000000e+00 7.500000e-01 5.625000e-01
vertex 0.000000e+00 7.500000e-01 6.250000e-01
vertex 0.000000e+00 6.875000e-01 5.625000e-01
endloop
endfacet
facet normal 0 0 0
outer loop
vertex 0.000000e+00 5.625000e-01 7.500000e-01
vertex 0.000000e+00 5.625000e-01 8.125000e-01
vertex 0.000000e+00 5.000000e-01 7.500000e-01
endloop
endfacet
facet normal 0 0 0
outer loop
vertex 0.000000e+00 6.250000e-01 1.000000e+00
vertex 0.000000e+00 6.875000e-01 1.000000e+00
vertex 6.250000e-02 6.875000e-01 1.000000e+00
endloop
endfacet
facet normal 0 0 0
outer loop
vertex 0.000000e+00 6.875000e-01 1.000000e+00
vertex 0.000000e+00 6.250000e-01 1.000000e+00
vertex 0.000000e+00 6.250000e-01 9.375000e-01
endloop
endfacet
facet normal 0 0 0
outer loop
vertex 0.000000e+00 8.125000e-01 8.125000e-01
vertex 0.000000e+00 7.500000e-01 7.500000e-01
vertex 0.000000e+00 8.125000e-01 7.500000e-01
endloop
endfacet
facet normal 0 0 0
outer loop
vertex 0.000000e+00 8.125000e-01 6.250000e-01
vertex 0.000000e+00 8.750000e-01 6.250000e-01
vertex 0.000000e+00 8.750000e-01 6.875000e-01
endloop
endfacet
facet normal 0 0 0
outer loop
vertex 0.000000e+00 5.625000e-01 6.250000e-01
vertex 0.000000e+00 5.625000e-01 6.875000e-01
vertex 0.000000e+00 5.000000e-01 6.250000e-01
endloop
endfacet
facet normal 0 0 0
outer loop
vertex 0.000000e+00 5.000000e-01 6.875000e-01
vertex 0.000000e+00 5.625000e-01 7.500000e-01
vertex 0.000000e+00 5.000000e-01 7.500000e-01
endloop
endfacet
facet normal 0 0 0
outer loop
vertex 0.000000e+00 6.250000e-01 6.250000e-01
vertex 0.000000e+00 5.625000e-01 6.250000e-01
vertex 0.000000e+00 5.625000e-01 5.625000e-01
endloop
endfacet
facet normal 0 0 0
outer loop
vertex 0.000000e+00 8.125000e-01 4.375000e-01
vertex 0.000000e+00 8.125000e-01 5.000000e-01
vertex 0.000000e+00 7.500000e-01 4.375000e-01
endloop
endfacet
facet normal 0 0 0
outer loop
vertex 0.000000e+00 6.250000e-01 6.250000e-01
vertex 0.000000e+00 6.250000e-01 6.875000e-01
vertex 0.000000e+00 5.625000e-01 6.250000e-01
endloop
endfacet
facet normal 0 0 0
outer loop
vertex 0.000000e+00 6.875000e-01 6.250000e-01
vertex 0.000000e+00 7.500000e-01 6.875000e-01
vertex 0.000000e+00 6.875000e-01 6.875000e-01
endloop
endfacet
facet normal 0 0 0
outer loop
vertex 0.000000e+00 7.500000e-01 6.250000e-01
vertex 0.000000e+00 7.500000e-01 5.625000e-01
vertex 0.000000e+00 8.125000e-01 6.250000e-01
endloop
endfacet
facet normal 0 0 0
outer loop
vertex 0.000000e+00 7.500000e-01 6.250000e-01
vertex 0.000000e+00 7.500000e-01 6.875000e-01
vertex 0.000000e+00 6.875000e-01 6.250000e-01
endloop
endfacet
facet normal 0 0 0
outer loop
vertex 0.000000e+00 7.500000e-01 6.250000e-01
vertex 0.000000e+00 8.125000e-01 6.875000e-01
vertex 0.000000e+00 7.500000e-01 6.875000e-01
endloop
endfacet
facet normal 0 0 0
outer loop
vertex 0.000000e+00 7.500000e-01 6.250000e-01
vertex 0.000000e+00 6.875000e-01 6.250000e-01
vertex 0.000000e+00 6.875000e-01 5.625000e-01
endloop
endfacet
facet normal 0 0 0
outer loop
vertex 0.000000e+00 7.500000e-01 5.625000e-01
vertex 0.000000e+00 8.125000e-01 5.625000e-01
vertex 0.000000e+00 8.125000e-01 6.250000e-01
endloop
endfacet
facet normal 0 0 0
outer loop
vertex 2.500000e-01 1.000000e+00 8.125000e-01
vertex 1.875000e-01 1.000000e+00 8.125000e-01
vertex 1.875000e-01 1.000000e+00 7.500000e-01
endloop
endfacet
facet normal 0 0 0
outer loop
vertex 0.000000e+00 9.375000e-01 7.500000e-01
vertex 0.000000e+00 8.750000e-01 6.875000e-01
vertex 0.000000e+00 9.375000e-01 6.875000e-01
endloop
endfacet
facet normal 0 0 0
outer loop
vertex 0.000000e+00 7.500000e-01 7.500000e-01
vertex 0.000000e+00 7.500000e-01 8.125000e-01
vertex 0.000000e+00 6.875000e-01 7.500000e-01
endloop
endfacet
facet normal 0 0 0
outer loop
vertex 0.000000e+00 8.750000e-01 6.250000e-01
vertex 0.000000e+00 8.125000e-01 5.625000e-01
vertex 0.000000e+00 8.750000e-01 5.625000e-01
endloop
endfacet
facet normal 0 0 0
outer loop
vertex 1.875000e-01 1.000000e+00 5.000000e-01
vertex 1.875000e-01 1.000000e+00 5.625000e-01
vertex 1.250000e-01 1.000000e+00 5.000000e-01
endloop
endfacet
facet normal 0 0 0
outer loop
vertex 0.000000e+00 8.750000e-01 4.375000e-01
vertex 0.000000e+00 8.750000e-01 5.000000e-01
vertex 0.000000e+00 8.125000e-01 4.375000e-01
endloop
endfacet
facet normal 0 0 0
outer loop
vertex 0.000000e+00 8.750000e-01 6.875000e-01
vertex 0.000000e+00 8.125000e-01 6.875000e-01
vertex 0.000000e+00 8.125000e-01 6.250000e-01
endloop
endfacet
facet normal 0 0 0
outer loop
vertex 0.000000e+00 8.125000e-01 5.625000e-01
vertex 0.000000e+00 8.125000e-01 5.000000e-01
vertex 0.000000e+00 8.750000e-01 5.625000e-01
endloop
endfacet
facet normal 0 0 0
outer loop
vertex 0.000000e+00 8.750000e-01 5.625000e-01
vertex 0.000000e+00 8.125000e-01 5.000000e-01
vertex 0.000000e+00 8.750000e-01 5.000000e-01
endloop
endfacet
facet normal 0 0 0
outer loop
vertex 0.000000e+00 8.750000e-01 7.500000e-01
vertex 0.000000e+00 8.750000e-01 6.875000e-01
vertex 0.000000e+00 9.375000e-01 7.500000e-01
endloop
endfacet
facet normal 0 0 0
outer loop
vertex 3.750000e-01 1.000000e+00 5.000000e-01
vertex 3.125000e-01 1.000000e+00 4.375000e-01
vertex 3.750000e-01 1.000000e+00 4.375000e-01
endloop
endfacet
facet normal 0 0 0
outer loop
vertex 1.250000e-01 1.000000e+00 5.000000e-01
vertex 6.250000e-02 1.000000e+00 4.375000e-01
vertex 1.250000e-01 1.000000e+00 4.375000e-01
endloop
endfacet
facet normal 0 0 0
outer loop
vertex 6.250000e-02 1.000000e+00 4.375000e-01
vertex 1.250000e-01 1.000000e+00 5.000000e-01
vertex 6.250000e-02 1.000000e+00 5.000000e-01
endloop
endfacet
facet normal 0 0 0
outer loop
vertex 0.000000e+00 9.375000e-01 4.375000e-01
vertex 0.000000e+00 9.375000e-01 5.000000e-01
vertex 0.000000e+00 8.750000e-01 4.375000e-01
endloop
endfacet
facet normal 0 0 0
outer loop
vertex 1.875000e-01 1.000000e+00 5.625000e-01
vertex 1.250000e-01 1.000000e+00 5.625000e-01
vertex 1.250000e-01 1.000000e+00 5.000000e-01
endloop
endfacet
facet normal 0 0 0
outer loop
vertex 5.000000e-01 1.000000e+00 8.750000e-01
vertex 4.375000e-01 1.000000e+00 8.750000e-01
vertex 4.375000e-01 1.000000e+00 8.125000e-01
endloop
endfacet
facet normal 0 0 0
outer loop
vertex 1.875000e-01 1.000000e+00 8.125000e-01
vertex 1.250000e-01 1.000000e+00 8.125000e-01
vertex 1.250000e-01 1.000000e+00 7.500000e-01
endloop
endfacet
facet normal 0 0 0
outer loop
vertex 1.250000e-01 1.000000e+00 7.500000e-01
vertex 6.250000e-02 1.000000e+00 7.500000e-01
vertex 6.250000e-02 1.000000e+00 6.875000e-01
endloop
endfacet
facet normal 0 0 0
outer loop
vertex 0.000000e+00 9.375000e-01 5.625000e-01
vertex 0.000000e+00 9.375000e-01 6.250000e-01
vertex 0.000000e+00 8.750000e-01 5.625000e-01
endloop
endfacet
facet normal 0 0 0
outer loop
vertex 0.000000e+00 7.500000e-01 6.875000e-01
vertex 0.000000e+00 7.500000e-01 7.500000e-01
vertex 0.000000e+00 6.875000e-01 6.875000e-01
endloop
endfacet
facet normal 0 0 0
outer loop
vertex 0.000000e+00 6.875000e-01 7.500000e-01
vertex 0.000000e+00 6.875000e-01 6.875000e-01
vertex 0.000000e+00 7.500000e-01 7.500000e-01
endloop
endfacet
facet normal 0 0 0
outer loop
vertex 0.000000e+00 5.000000e-01 5.625000e-01
vertex 0.000000e+00 4.375000e-01 5.625000e-01
vertex 0.000000e+00 4.375000e-01 5.000000e-01
endloop
endfacet
facet normal 0 0 0
outer loop
vertex 0.000000e+00 6.250000e-01 6.875000e-01
vertex 0.000000e+00 6.250000e-01 7.500000e-01
vertex 0.000000e+00 5.625000e-01 6.875000e-01
endloop
endfacet
facet normal 0 0 0
outer loop
vertex 0.000000e+00 5.000000e-01 5.000000e-01
vertex 0.000000e+00 5.000000e-01 4.375000e-01
vertex 0.000000e+00 5.625000e-01 5.000000e-01
endloop
endfacet
facet normal 0 0 0
outer loop
vertex 0.000000e+00 5.000000e-01 5.000000e-01
vertex 0.000000e+00 5.000000e-01 5.625000e-01
vertex 0.000000e+00 4.375000e-01 5.000000e-01
endloop
endfacet
facet normal 0 0 0
outer loop
vertex 6.250000e-02 1.000000e+00 6.250000e-01
vertex 1.250000e-01 1.000000e+00 6.875000e-01
vertex 6.250000e-02 1.000000e+00 6.875000e-01
endloop
endfacet
facet normal 0 0 0
outer loop
vertex 0.000000e+00 6.250000e-01 6.875000e-01
vertex 0.000000e+00 6.875000e-01 6.875000e-01
vertex 0.000000e+00 6.875000e-01 7.500000e-01
endloop
endfacet
facet normal 0 0 0
outer loop
vertex 0.000000e+00 6.250000e-01 6.875000e-01
vertex 0.000000e+00 6.875000e-01 7.500000e-01
vertex 0.000000e+00 6.250000e-01 7.500000e-01
endloop
endfacet
facet normal 0 0 0
outer loop
vertex 0.000000e+00 6.250000e-01 7.500000e-01
vertex 0.000000e+00 6.875000e-01 7.500000e-01
vertex 0.000000e+00 6.875000e-01 8.125000e-01
endloop
endfacet
facet normal 0 0 0
outer loop
vertex 0.000000e+00 6.875000e-01 8.125000e-01
vertex 0.000000e+00 6.250000e-01 8.125000e-01
vertex 0.000000e+00 6.250000e-01 7.500000e-01
endloop
endfacet
facet normal 0 0 0
outer loop
vertex 0.000000e+00 6.250000e-01 8.125000e-01
vertex 0.000000e+00 5.625000e-01 7.500000e-01
vertex 0.000000e+00 6.250000e-01 7.500000e-01
endloop
endfacet
facet normal 0 0 0
outer loop
vertex 0.000000e+00 5.625000e-01 7.500000e-01
vertex 0.000000e+00 6.250000e-01 8.125000e-01
vertex 0.000000e+00 5.625000e-01 8.125000e-01
endloop
endfacet
facet normal 0 0 0
outer loop
vertex 0.000000e+00 7.500000e-01 5.000000e-01
vertex 0.000000e+00 7.500000e-01 5.625000e-01
vertex 0.000000e+00 6.875000e-01 5.000000e-01
endloop
endfacet
facet normal 0 0 0
outer loop
vertex 0.000000e+00 5.625000e-01 5.000000e-01
vertex 0.000000e+00 5.625000e-01 5.625000e-01
vertex 0.000000e+00 5.000000e-01 5.000000e-01
endloop
endfacet
facet normal 0 0 0
outer loop
vertex 0.000000e+00 6.875000e-01 5.000000e-01
vertex 0.000000e+00 7.500000e-01 5.625000e-01
vertex 0.000000e+00 6.875000e-01 5.625000e-01
endloop
endfacet
facet normal 0 0 0
outer loop
vertex 0.000000e+00 6.250000e-01 5.000000e-01
vertex 0.000000e+00 6.250000e-01 5.625000e-01
vertex 0.000000e+00 5.625000e-01 5.000000e-01
endloop
endfacet
facet normal 0 0 0
outer loop
vertex 0.000000e+00 6.250000e-01 5.625000e-01
vertex 0.000000e+00 6.250000e-01 5.000000e-01
vertex 0.000000e+00 6.875000e-01 5.625000e-01
endloop
endfacet
facet normal 0 0 0
outer loop
vertex 0.000000e+00 6.250000e-01 5.000000e-01
vertex 0.000000e+00 6.875000e-01 5.000000e-01
vertex 0.000000e+00 6.875000e-01 5.625000e-01
endloop
endfacet
facet normal 0 0 0
outer loop
vertex 0.000000e+00 6.875000e-01 6.250000e-01
vertex 0.000000e+00 6.250000e-01 6.250000e-01
vertex 0.000000e+00 6.250000e-01 5.625000e-01
endloop
endfacet
facet normal 0 0 0
outer loop
vertex 0.000000e+00 6.875000e-01 6.250000e-01
vertex 0.000000e+00 6.875000e-01 6.875000e-01
vertex 0.000000e+00 6.250000e-01 6.250000e-01
endloop
endfacet
facet normal 0 0 0
outer loop
vertex 5.000000e-01 1.000000e+00 8.750000e-01
vertex 5.625000e-01 1.000000e+00 8.750000e-01
vertex 5.625000e-01 1.000000e+00 9.375000e-01
endloop
endfacet
facet normal 0 0 0
outer loop
vertex 5.625000e-01 7.500000e-01 1.000000e+00
vertex 5.000000e-01 7.500000e-01 1.000000e+00
vertex 5.625000e-01 8.125000e-01 1.000000e+00
endloop
endfacet
facet normal 0 0 0
outer loop
vertex 5.000000e-01 1.000000e+00 5.625000e-01
vertex 4.375000e-01 1.000000e+00 5.625000e-01
vertex 4.375000e-01 1.000000e+00 5.000000e-01
endloop
endfacet
facet normal 0 0 0
outer loop
vertex 5.000000e-01 1.000000e+00 5.625000e-01
vertex 5.000000e-01 1.000000e+00 6.250000e-01
vertex 4.375000e-01 1.000000e+00 5.625000e-01
endloop
endfacet
facet normal 0 0 0
outer loop
vertex 5.000000e-01 1.000000e+00 6.250000e-01
vertex 5.625000e-01 1.000000e+00 6.250000e-01
vertex 5.625000e-01 1.000000e+00 6.875000e-01
endloop
endfacet
facet normal 0 0 0
outer loop
vertex 3.750000e-01 1.000000e+00 5.000000e-01
vertex 3.750000e-01 1.000000e+00 5.625000e-01
vertex 3.125000e-01 1.000000e+00 5.000000e-01
endloop
endfacet
facet normal 0 0 0
outer loop
vertex 6.250000e-02 1.000000e+00 6.875000e-01
vertex 1.250000e-01 1.000000e+00 6.875000e-01
vertex 1.250000e-01 1.000000e+00 7.500000e-01
endloop
endfacet
facet normal 0 0 0
outer loop
vertex 3.750000e-01 1.000000e+00 4.375000e-01
vertex 4.375000e-01 1.000000e+00 4.375000e-01
vertex 4.375000e-01 1.000000e+00 5.000000e-01
endloop
endfacet
facet normal 0 0 0
outer loop
vertex 3.125000e-01 1.000000e+00 5.000000e-01
vertex 3.125000e-01 1.000000e+00 4.375000e-01
vertex 3.750000e-01 1.000000e+00 5.000000e-01
endloop
endfacet
facet normal 0 0 0
outer loop
vertex 4.375000e-01 1.000000e+00 5.000000e-01
vertex 3.750000e-01 1.000000e+00 5.000000e-01
vertex 3.750000e-01 1.000000e+00 4.375000e-01
endloop
endfacet
facet normal 0 0 0
outer loop
vertex 2.500000e-01 1.000000e+00 4.375000e-01
vertex 2.500000e-01 1.000000e+00 5.000000e-01
vertex 1.875000e-01 1.000000e+00 4.375000e-01
endloop
endfacet
facet normal 0 0 0
outer loop
vertex 1.875000e-01 1.000000e+00 4.375000e-01
vertex 2.500000e-01 1.000000e+00 5.000000e-01
vertex 1.875000e-01 1.000000e+00 5.000000e-01
endloop
endfacet
facet normal 0 0 0
outer loop
vertex 2.500000e-01 1.000000e+00 5.000000e-01
vertex 2.500000e-01 1.000000e+00 5.625000e-01
vertex 1.875000e-01 1.000000e+00 5.000000e-01
endloop
endfacet
facet normal 0 0 0
outer loop
vertex 5.000000e-01 1.000000e+00 9.375000e-01
vertex 5.625000e-01 1.000000e+00 9.375000e-01
vertex 5.625000e-01 1.000000e+00 1.000000e+00
endloop
endfacet
facet normal 0 0 0
outer loop
vertex 3.125000e-01 1.000000e+00 5.000000e-01
vertex 3.125000e-01 1.000000e+00 5.625000e-01
vertex 2.500000e-01 1.000000e+00 5.000000e-01
endloop
endfacet
facet normal 0 0 0
outer loop
vertex 2.500000e-01 1.000000e+00 5.625000e-01
vertex 2.500000e-01 1.000000e+00 5.000000e-01
vertex 3.125000e-01 1.000000e+00 5.625000e-01
endloop
endfacet
facet normal 0 0 0
outer loop
vertex 2.500000e-01 1.000000e+00 5.000000e-01
vertex 2.500000e-01 1.000000e+00 4.375000e-01
vertex 3.125000e-01 1.000000e+00 5.000000e-01
endloop
endfacet
facet normal 0 0 0
outer loop
vertex 3.125000e-01 1.000000e+00 5.625000e-01
vertex 3.125000e-01 1.000000e+00 6.250000e-01
vertex 2.500000e-01 1.000000e+00 5.625000e-01
endloop
endfacet
facet normal 0 0 0
outer loop
vertex 4.375000e-01 1.000000e+00 6.250000e-01
vertex 4.375000e-01 1.000000e+00 6.875000e-01
vertex 3.750000e-01 1.000000e+00 6.250000e-01
endloop
endfacet
facet normal 0 0 0
outer loop
vertex 5.000000e-01 1.000000e+00 6.250000e-01
vertex 5.000000e-01 1.000000e+00 6.875000e-01
vertex 4.375000e-01 1.000000e+00 6.250000e-01
endloop
endfacet
facet normal 0 0 0
outer loop
vertex 3.750000e-01 1.000000e+00 6.250000e-01
vertex 3.125000e-01 1.000000e+00 6.250000e-01
vertex 3.125000e-01 1.000000e+00 5.625000e-01
endloop
endfacet
facet normal 0 0 0
outer loop
vertex 2.500000e-01 1.000000e+00 6.250000e-01
vertex 1.875000e-01 1.000000e+00 6.250000e-01
vertex 1.875000e-01 1.000000e+00 5.625000e-01
endloop
endfacet
facet normal 0 0 0
outer loop
vertex 1.250000e-01 1.000000e+00 7.500000e-01
vertex 1.250000e-01 1.000000e+00 6.875000e-01
vertex 1.875000e-01 1.000000e+00 7.500000e-01
endloop
endfacet
facet normal 0 0 0
outer loop
vertex 1.875000e-01 1.000000e+00 6.875000e-01
vertex 2.500000e-01 1.000000e+00 7.500000e-01
vertex 1.875000e-01 1.000000e+00 7.500000e-01
endloop
endfacet
facet normal 0 0 0
outer loop
vertex 3.750000e-01 1.000000e+00 5.625000e-01
vertex 4.375000e-01 1.000000e+00 6.250000e-01
vertex 3.750000e-01 1.000000e+00 6.250000e-01
endloop
endfacet
facet normal 0 0 0
outer loop
vertex 3.125000e-01 1.000000e+00 5.000000e-01
vertex 3.750000e-01 1.000000e+00 5.625000e-01
vertex 3.125000e-01 1.000000e+00 5.625000e-01
endloop
endfacet
facet normal 0 0 0
outer loop
vertex 5.000000e-01 1.000000e+00 8.125000e-01
vertex 5.000000e-01 1.000000e+00 7.500000e-01
vertex 5.625000e-01 1.000000e+00 8.125000e-01
endloop
endfacet
facet normal 0 0 0
outer loop
vertex 4.375000e-01 1.000000e+00 8.125000e-01
vertex 4.375000e-01 1.000000e+00 7.500000e-01
vertex 5.000000e-01 1.000000e+00 8.125000e-01
endloop
endfacet
facet normal 0 0 0
outer loop
vertex 4.375000e-01 1.000000e+00 5.625000e-01
vertex 3.750000e-01 1.000000e+00 5.625000e-01
vertex 3.750000e-01 1.000000e+00 5.000000e-01
endloop
endfacet
facet normal 0 0 0
outer loop
vertex 5.000000e-01 1.000000e+00 6.875000e-01
vertex 5.000000e-01 1.000000e+00 7.500000e-01
vertex 4.375000e-01 1.000000e+00 6.875000e-01
endloop
endfacet
facet normal 0 0 0
outer loop
vertex 4.375000e-01 1.000000e+00 7.500000e-01
vertex 5.000000e-01 1.000000e+00 7.500000e-01
vertex 5.000000e-01 1.000000e+00 8.125000e-01
endloop
endfacet
facet normal 0 0 0
outer loop
vertex 6.250000e-02 1.000000e+00 5.625000e-01
vertex 1.250000e-01 1.000000e+00 5.625000e-01
vertex 1.250000e-01 1.000000e+00 6.250000e-01
endloop
endfacet
facet normal 0 0 0
outer loop
vertex 6.250000e-02 1.000000e+00 5.000000e-01
vertex 1.250000e-01 1.000000e+00 5.625000e-01
vertex 6.250000e-02 1.000000e+00 5.625000e-01
endloop
endfacet
facet normal 0 0 0
outer loop
vertex 2.500000e-01 1.000000e+00 5.625000e-01
vertex 1.875000e-01 1.000000e+00 5.625000e-01
vertex 1.875000e-01 1.000000e+00 5.000000e-01
endloop
endfacet
facet normal 0 0 0
outer loop
vertex 5.000000e-01 1.000000e+00 7.500000e-01
vertex 5.625000e-01 1.000000e+00 7.500000e-01
vertex 5.625000e-01 1.000000e+00 8.125000e-01
endloop
endfacet
facet normal 0 0 0
outer loop
vertex 5.000000e-01 6.875000e-01 1.000000e+00
vertex 5.625000e-01 7.500000e-01 1.000000e+00
vertex 5.625000e-01 6.875000e-01 1.000000e+00
endloop
endfacet
facet normal 0 0 0
outer loop
vertex 1.250000e-01 1.000000e+00 5.625000e-01
vertex 1.875000e-01 1.000000e+00 6.250000e-01
vertex 1.250000e-01 1.000000e+00 6.250000e-01
endloop
endfacet
facet normal 0 0 0
outer loop
vertex 1.875000e-01 1.000000e+00 5.625000e-01
vertex 1.875000e-01 1.000000e+00 6.250000e-01
vertex 1.250000e-01 1.000000e+00 5.625000e-01
endloop
endfacet
facet normal 0 0 0
outer loop
vertex 5.000000e-01 1.000000e+00 6.875000e-01
vertex 4.375000e-01 1.000000e+00 6.875000e-01
vertex 4.375000e-01 1.000000e+00 6.250000e-01
endloop
endfacet
facet normal 0 0 0
outer loop
vertex 3.125000e-01 1.000000e+00 6.875000e-01
vertex 2.500000e-01 1.000000e+00 6.250000e-01
vertex 3.125000e-01 1.000000e+00 6.250000e-01
endloop
endfacet
facet normal 0 0 0
outer loop
vertex 3.125000e-01 1.000000e+00 7.500000e-01
vertex 3.750000e-01 1.000000e+00 7.500000e-01
vertex 3.750000e-01 1.000000e+00 8.125000e-01
endloop
endfacet
facet normal 0 0 0
outer loop
vertex 3.750000e-01 1.000000e+00 7.500000e-01
vertex 4.375000e-01 1.000000e+00 8.125000e-01
vertex 3.750000e-01 1.000000e+00 8.125000e-01
endloop
endfacet
facet normal 0 0 0
outer loop
vertex 1.250000e-01 7.500000e-01 1.000000e+00
vertex 1.250000e-01 6.875000e-01 1.000000e+00
vertex 6.250000e-02 6.875000e-01 1.000000e+00
endloop
endfacet
facet normal 0 0 0
outer loop
vertex 1.875000e-01 1.000000e+00 6.250000e-01
vertex 1.875000e-01 1.000000e+00 6.875000e-01
vertex 1.250000e-01 1.000000e+00 6.250000e-01
endloop
endfacet
facet normal 0 0 0
outer loop
vertex 1.250000e-01 1.000000e+00 6.250000e-01
vertex 1.875000e-01 1.000000e+00 6.875000e-01
vertex 1.250000e-01 1.000000e+00 6.875000e-01
endloop
endfacet
facet normal 0 0 0
outer loop
vertex 1.250000e-01 1.000000e+00 6.875000e-01
vertex 1.875000e-01 1.000000e+00 6.875000e-01
vertex 1.875000e-01 1.000000e+00 7.500000e-01
endloop
endfacet
facet normal 0 0 0
outer loop
vertex 3.125000e-01 1.000000e+00 7.500000e-01
vertex 3.125000e-01 1.000000e+00 8.125000e-01
vertex 2.500000e-01 1.000000e+00 7.500000e-01
endloop
endfacet
facet normal 0 0 0
outer loop
vertex 3.125000e-01 1.000000e+00 8.750000e-01
vertex 3.125000e-01 1.000000e+00 9.375000e-01
vertex 2.500000e-01 1.000000e+00 8.750000e-01
endloop
endfacet
facet normal 0 0 0
outer loop
vertex 3.125000e-01 1.000000e+00 6.875000e-01
vertex 2.500000e-01 1.000000e+00 6.875000e-01
vertex 2.500000e-01 1.000000e+00 6.250000e-01
endloop
endfacet
facet normal 0 0 0
outer loop
vertex 3.125000e-01 1.000000e+00 6.875000e-01
vertex 3.125000e-01 1.000000e+00 6.250000e-01
vertex 3.750000e-01 1.000000e+00 6.875000e-01
endloop
endfacet
facet normal 0 0 0
outer loop
vertex 3.125000e-01 1.000000e+00 6.875000e-01
vertex 3.125000e-01 1.000000e+00 7.500000e-01
vertex 2.500000e-01 1.000000e+00 6.875000e-01
endloop
endfacet
facet normal 0 0 0
outer loop
vertex 3.750000e-01 7.500000e-01 1.000000e+00
vertex 3.750000e-01 8.125000e-01 1.000000e+00
vertex 4.375000e-01 8.125000e-01 1.000000e+00
endloop
endfacet
facet normal 0 0 0
outer loop
vertex 3.750000e-01 1.000000e+00 8.125000e-01
vertex 3.750000e-01 1.000000e+00 8.750000e-01
vertex 3.125000e-01 1.000000e+00 8.125000e-01
endloop
endfacet
facet normal 0 0 0
outer loop
vertex 3.125000e-01 4.375000e-01 1.000000e+00
vertex 3.750000e-01 5.000000e-01 1.000000e+00
vertex 3.750000e-01 4.375000e-01 1.000000e+00
endloop
endfacet
facet normal 0 0 0
outer loop
vertex 4.375000e-01 1.000000e+00 8.125000e-01
vertex 4.375000e-01 1.000000e+00 8.750000e-01
vertex 3.750000e-01 1.000000e+00 8.125000e-01
endloop
endfacet
facet normal 0 0 0
outer loop
vertex 5.000000e-01 9.375000e-01 1.000000e+00
vertex 5.000000e-01 1.000000e+00 1.000000e+00
vertex 5.625000e-01 1.000000e+00 1.000000e+00
endloop
endfacet
facet normal 0 0 0
outer loop
vertex 5.000000e-01 1.000000e+00 1.000000e+00
vertex 5.000000e-01 1.000000e+00 9.375000e-01
vertex 5.625000e-01 1.000000e+00 1.000000e+00
endloop
endfacet
facet normal 0 0 0
outer loop
vertex 5.000000e-01 1.000000e+00 1.000000e+00
vertex 4.375000e-01 1.000000e+00 1.000000e+00
vertex 4.375000e-01 1.000000e+00 9.375000e-01
endloop
endfacet
facet normal 0 0 0
outer loop
vertex 4.375000e-01 9.375000e-01 1.000000e+00
vertex 4.375000e-01 1.000000e+00 1.000000e+00
vertex 5.000000e-01 1.000000e+00 1.000000e+00
endloop
endfacet
facet normal 0 0 0
outer loop
vertex 2.500000e-01 1.000000e+00 1.000000e+00
vertex 1.875000e-01 1.000000e+00 9.375000e-01
vertex 2.500000e-01 1.000000e+00 9.375000e-01
endloop
endfacet
facet normal 0 0 0
outer loop
vertex 5.000000e-01 1.000000e+00 9.375000e-01
vertex 5.000000e-01 1.000000e+00 8.750000e-01
vertex 5.625000e-01 1.000000e+00 9.375000e-01
endloop
endfacet
facet normal 0 0 0
outer loop
vertex 4.375000e-01 5.625000e-01 1.000000e+00
vertex 5.000000e-01 5.625000e-01 1.000000e+00
vertex 4.375000e-01 5.000000e-01 1.000000e+00
endloop
endfacet
facet normal 0 0 0
outer loop
vertex 4.375000e-01 9.375000e-01 1.000000e+00
vertex 3.750000e-01 9.375000e-01 1.000000e+00
vertex 4.375000e-01 1.000000e+00 1.000000e+00
endloop
endfacet
facet normal 0 0 0
outer loop
vertex 3.750000e-01 1.000000e+00 8.750000e-01
vertex 3.125000e-01 1.000000e+00 8.750000e-01
vertex 3.125000e-01 1.000000e+00 8.125000e-01
endloop
endfacet
facet normal 0 0 0
outer loop
vertex 2.500000e-01 1.000000e+00 8.750000e-01
vertex 3.125000e-01 1.000000e+00 9.375000e-01
vertex 2.500000e-01 1.000000e+00 9.375000e-01
endloop
endfacet
facet normal 0 0 0
outer loop
vertex 3.750000e-01 1.000000e+00 9.375000e-01
vertex 3.125000e-01 1.000000e+00 9.375000e-01
vertex 3.125000e-01 1.000000e+00 8.750000e-01
endloop
endfacet
facet normal 0 0 0
outer loop
vertex 2.500000e-01 1.000000e+00 8.750000e-01
vertex 1.875000e-01 1.000000e+00 8.750000e-01
vertex 1.875000e-01 1.000000e+00 8.125000e-01
endloop
endfacet
facet normal 0 0 0
outer loop
vertex 2.500000e-01 1.000000e+00 9.375000e-01
vertex 1.875000e-01 1.000000e+00 9.375000e-01
vertex 1.875000e-01 1.000000e+00 8.750000e-01
endloop
endfacet
facet normal 0 0 0
outer loop
vertex 3.125000e-01 7.500000e-01 1.000000e+00
vertex 2.500000e-01 6.875000e-01 1.000000e+00
vertex 2.500000e-01 7.500000e-01 1.000000e+00
endloop
endfacet
facet normal 0 0 0
outer loop
vertex 6.250000e-02 9.375000e-01 1.000000e+00
vertex 1.250000e-01 1.000000e+00 1.000000e+00
vertex 1.250000e-01 9.375000e-01 1.000000e+00
endloop
endfacet
facet normal 0 0 0
outer loop
vertex 3.750000e-01 1.000000e+00 8.750000e-01
vertex 3.750000e-01 1.000000e+00 9.375000e-01
vertex 3.125000e-01 1.000000e+00 8.750000e-01
endloop
endfacet
facet normal 0 0 0
outer loop
vertex 1.875000e-01 1.000000e+00 8.125000e-01
vertex 1.875000e-01 1.000000e+00 8.750000e-01
vertex 1.250000e-01 1.000000e+00 8.125000e-01
endloop
endfacet
facet normal 0 0 0
outer loop
vertex 1.875000e-01 1.000000e+00 8.125000e-01
vertex 2.500000e-01 1.000000e+00 8.125000e-01
vertex 2.500000e-01 1.000000e+00 8.750000e-01
endloop
endfacet
facet normal 0 0 0
outer loop
vertex 3.125000e-01 1.000000e+00 8.750000e-01
vertex 2.500000e-01 1.000000e+00 8.750000e-01
vertex 2.500000e-01 1.000000e+00 8.125000e-01
endloop
endfacet
facet normal 0 0 0
outer loop
vertex 2.500000e-01 1.000000e+00 8.125000e-01
vertex 3.125000e-01 1.000000e+00 8.125000e-01
vertex 3.125000e-01 1.000000e+00 8.750000e-01
endloop
endfacet
facet normal 0 0 0
outer loop
vertex 5.000000e-01 8.750000e-01 1.000000e+00
vertex 4.375000e-01 8.125000e-01 1.000000e+00
vertex 4.375000e-01 8.750000e-01 1.000000e+00
endloop
endfacet
facet normal 0 0 0
outer loop
vertex 5.000000e-01 7.500000e-01 1.000000e+00
vertex 4.375000e-01 6.875000e-01 1.000000e+00
vertex 4.375000e-01 7.500000e-01 1.000000e+00
endloop
endfacet
facet normal 0 0 0
outer loop
vertex 2.500000e-01 1.000000e+00 1.000000e+00
vertex 2.500000e-01 9.375000e-01 1.000000e+00
vertex 1.875000e-01 9.375000e-01 1.000000e+00
endloop
endfacet
facet normal 0 0 0
outer loop
vertex 5.625000e-01 8.750000e-01 1.000000e+00
vertex 5.000000e-01 8.750000e-01 1.000000e+00
vertex 5.625000e-01 9.375000e-01 1.000000e+00
endloop
endfacet
facet normal 0 0 0
outer loop
vertex 5.000000e-01 9.375000e-01 1.000000e+00
vertex 4.375000e-01 9.375000e-01 1.000000e+00
vertex 5.000000e-01 1.000000e+00 1.000000e+00
endloop
endfacet
facet normal 0 0 0
outer loop
vertex 1.250000e-01 1.000000e+00 9.375000e-01
vertex 1.250000e-01 1.000000e+00 8.750000e-01
vertex 1.875000e-01 1.000000e+00 9.375000e-01
endloop
endfacet
facet normal 0 0 0
outer loop
vertex 3.750000e-01 1.000000e+00 9.375000e-01
vertex 3.750000e-01 1.000000e+00 1.000000e+00
vertex 3.125000e-01 1.000000e+00 9.375000e-01
endloop
endfacet
facet normal 0 0 0
outer loop
vertex 4.375000e-01 1.000000e+00 9.375000e-01
vertex 4.375000e-01 1.000000e+00 1.000000e+00
vertex 3.750000e-01 1.000000e+00 9.375000e-01
endloop
endfacet
facet normal 0 0 0
outer loop
vertex 3.125000e-01 1.000000e+00 9.375000e-01
vertex 3.750000e-01 1.000000e+00 1.000000e+00
vertex 3.125000e-01 1.000000e+00 1.000000e+00
endloop
endfacet
facet normal 0 0 0
outer loop
vertex 3.125000e-01 1.000000e+00 1.000000e+00
vertex 3.750000e-01 1.000000e+00 1.000000e+00
vertex 3.125000e-01 9.375000e-01 1.000000e+00
endloop
endfacet
facet normal 0 0 0
outer loop
vertex 0.000000e+00 5.625000e-01 8.750000e-01
vertex 0.000000e+00 5.625000e-01 9.375000e-01
vertex 0.000000e+00 5.000000e-01 8.750000e-01
endloop
endfacet
facet normal 0 0 0
outer loop
vertex 3.125000e-01 5.625000e-01 1.000000e+00
vertex 3.125000e-01 5.000000e-01 1.000000e+00
vertex 2.500000e-01 5.000000e-01 1.000000e+00
endloop
endfacet
facet normal 0 0 0
outer loop
vertex 4.375000e-01 9.375000e-01 1.000000e+00
vertex 5.000000e-01 9.375000e-01 1.000000e+00
vertex 4.375000e-01 8.750000e-01 1.000000e+00
endloop
endfacet
facet normal 0 0 0
outer loop
vertex 3.125000e-01 5.625000e-01 1.000000e+00
vertex 3.750000e-01 6.250000e-01 1.000000e+00
vertex 3.750000e-01 5.625000e-01 1.000000e+00
endloop
endfacet
facet normal 0 0 0
outer loop
vertex 5.000000e-01 9.375000e-01 1.000000e+00
vertex 5.000000e-01 8.750000e-01 1.000000e+00
vertex 4.375000e-01 8.750000e-01 1.000000e+00
endloop
endfacet
facet normal 0 0 0
outer loop
vertex 5.000000e-01 1.000000e+00 9.375000e-01
vertex 5.000000e-01 1.000000e+00 1.000000e+00
vertex 4.375000e-01 1.000000e+00 9.375000e-01
endloop
endfacet
facet normal 0 0 0
outer loop
vertex 5.000000e-01 8.125000e-01 1.000000e+00
vertex 4.375000e-01 8.125000e-01 1.000000e+00
vertex 5.000000e-01 8.750000e-01 1.000000e+00
endloop
endfacet
facet normal 0 0 0
outer loop
vertex 3.750000e-01 9.375000e-01 1.000000e+00
vertex 3.750000e-01 8.750000e-01 1.000000e+00
vertex 3.125000e-01 8.750000e-01 1.000000e+00
endloop
endfacet
facet normal 0 0 0
outer loop
vertex 3.750000e-01 8.750000e-01 1.000000e+00
vertex 3.750000e-01 9.375000e-01 1.000000e+00
vertex 4.375000e-01 9.375000e-01 1.000000e+00
endloop
endfacet
facet normal 0 0 0
outer loop
vertex 3.750000e-01 8.750000e-01 1.000000e+00
vertex 4.375000e-01 9.375000e-01 1.000000e+00
vertex 4.375000e-01 8.750000e-01 1.000000e+00
endloop
endfacet
facet normal 0 0 0
outer loop
vertex 4.375000e-01 8.125000e-01 1.000000e+00
vertex 5.000000e-01 8.125000e-01 1.000000e+00
vertex 4.375000e-01 7.500000e-01 1.000000e+00
endloop
endfacet
facet normal 0 0 0
outer loop
vertex 5.000000e-01 7.500000e-01 1.000000e+00
vertex 5.000000e-01 6.875000e-01 1.000000e+00
vertex 4.375000e-01 6.875000e-01 1.000000e+00
endloop
endfacet
facet normal 0 0 0
outer loop
vertex 3.750000e-01 6.250000e-01 1.000000e+00
vertex 3.125000e-01 6.250000e-01 1.000000e+00
vertex 3.750000e-01 6.875000e-01 1.000000e+00
endloop
endfacet
facet normal 0 0 0
outer loop
vertex 4.375000e-01 5.625000e-01 1.000000e+00
vertex 5.000000e-01 6.250000e-01 1.000000e+00
vertex 5.000000e-01 5.625000e-01 1.000000e+00
endloop
endfacet
facet normal 0 0 0
outer loop
vertex 5.000000e-01 8.125000e-01 1.000000e+00
vertex 5.625000e-01 8.750000e-01 1.000000e+00
vertex 5.625000e-01 8.125000e-01 1.000000e+00
endloop
endfacet
facet normal 0 0 0
outer loop
vertex 0.000000e+00 5.000000e-01 9.375000e-01
vertex 0.000000e+00 5.625000e-01 1.000000e+00
vertex 0.000000e+00 5.000000e-01 1.000000e+00
endloop
endfacet
facet normal 0 0 0
outer loop
vertex 0.000000e+00 5.625000e-01 1.000000e+00
vertex 6.250000e-02 5.625000e-01 1.000000e+00
vertex 0.000000e+00 5.000000e-01 1.000000e+00
endloop
endfacet
facet normal 0 0 0
outer loop
vertex 2.500000e-01 8.125000e-01 1.000000e+00
vertex 1.875000e-01 8.125000e-01 1.000000e+00
vertex 2.500000e-01 8.750000e-01 1.000000e+00
endloop
endfacet
facet normal 0 0 0
outer loop
vertex 4.375000e-01 7.500000e-01 1.000000e+00
vertex 4.375000e-01 6.875000e-01 1.000000e+00
vertex 3.750000e-01 6.875000e-01 1.000000e+00
endloop
endfacet
facet normal 0 0 0
outer loop
vertex 3.125000e-01 6.875000e-01 1.000000e+00
vertex 3.750000e-01 7.500000e-01 1.000000e+00
vertex 3.750000e-01 6.875000e-01 1.000000e+00
endloop
endfacet
facet normal 0 0 0
outer loop
vertex 3.750000e-01 7.500000e-01 1.000000e+00
vertex 4.375000e-01 7.500000e-01 1.000000e+00
vertex 3.750000e-01 6.875000e-01 1.000000e+00
endloop
endfacet
facet normal 0 0 0
outer loop
vertex 3.750000e-01 7.500000e-01 1.000000e+00
vertex 4.375000e-01 8.125000e-01 1.000000e+00
vertex 4.375000e-01 7.500000e-01 1.000000e+00
endloop
endfacet
facet normal 0 0 0
outer loop
vertex 3.750000e-01 8.750000e-01 1.000000e+00
vertex 3.125000e-01 8.125000e-01 1.000000e+00
vertex 3.125000e-01 8.750000e-01 1.000000e+00
endloop
endfacet
facet normal 0 0 0
outer loop
vertex 5.000000e-01 6.875000e-01 1.000000e+00
vertex 5.000000e-01 6.250000e-01 1.000000e+00
vertex 4.375000e-01 6.250000e-01 1.000000e+00
endloop
endfacet
facet normal 0 0 0
outer loop
vertex 5.000000e-01 5.625000e-01 1.000000e+00
vertex 5.000000e-01 6.250000e-01 1.000000e+00
vertex 5.625000e-01 6.250000e-01 1.000000e+00
endloop
endfacet
facet normal 0 0 0
outer loop
vertex 3.750000e-01 5.000000e-01 1.000000e+00
vertex 3.750000e-01 5.625000e-01 1.000000e+00
vertex 4.375000e-01 5.625000e-01 1.000000e+00
endloop
endfacet
facet normal 0 0 0
outer loop
vertex 1.875000e-01 6.250000e-01 1.000000e+00
vertex 2.500000e-01 6.875000e-01 1.000000e+00
vertex 2.500000e-01 6.250000e-01 1.000000e+00
endloop
endfacet
facet normal 0 0 0
outer loop
vertex 4.375000e-01 8.125000e-01 1.000000e+00
vertex 3.750000e-01 8.125000e-01 1.000000e+00
vertex 4.375000e-01 8.750000e-01 1.000000e+00
endloop
endfacet
facet normal 0 0 0
outer loop
vertex 5.000000e-01 6.250000e-01 1.000000e+00
vertex 5.000000e-01 6.875000e-01 1.000000e+00
vertex 5.625000e-01 6.875000e-01 1.000000e+00
endloop
endfacet
facet normal 0 0 0
outer loop
vertex 4.375000e-01 6.875000e-01 1.000000e+00
vertex 3.750000e-01 6.250000e-01 1.000000e+00
vertex 3.750000e-01 6.875000e-01 1.000000e+00
endloop
endfacet
facet normal 0 0 0
outer loop
vertex 3.125000e-01 6.250000e-01 1.000000e+00
vertex 3.125000e-01 6.875000e-01 1.000000e+00
vertex 3.750000e-01 6.875000e-01 1.000000e+00
endloop
endfacet
facet normal 0 0 0
outer loop
vertex 3.125000e-01 7.500000e-01 1.000000e+00
vertex 3.125000e-01 8.125000e-01 1.000000e+00
vertex 3.750000e-01 8.125000e-01 1.000000e+00
endloop
endfacet
facet normal 0 0 0
outer loop
vertex 4.375000e-01 5.625000e-01 1.000000e+00
vertex 3.750000e-01 5.625000e-01 1.000000e+00
vertex 4.375000e-01 6.250000e-01 1.000000e+00
endloop
endfacet
facet normal 0 0 0
outer loop
vertex 1.875000e-01 5.625000e-01 1.000000e+00
vertex 2.500000e-01 5.625000e-01 1.000000e+00
vertex 1.875000e-01 5.000000e-01 1.000000e+00
endloop
endfacet
facet normal 0 0 0
outer loop
vertex 2.500000e-01 5.625000e-01 1.000000e+00
vertex 2.500000e-01 6.250000e-01 1.000000e+00
vertex 3.125000e-01 6.250000e-01 1.000000e+00
endloop
endfacet
facet normal 0 0 0
outer loop
vertex 2.500000e-01 8.125000e-01 1.000000e+00
vertex 2.500000e-01 8.750000e-01 1.000000e+00
vertex 3.125000e-01 8.750000e-01 1.000000e+00
endloop
endfacet
facet normal 0 0 0
outer loop
vertex 3.750000e-01 7.500000e-01 1.000000e+00
vertex 3.125000e-01 7.500000e-01 1.000000e+00
vertex 3.750000e-01 8.125000e-01 1.000000e+00
endloop
endfacet
facet normal 0 0 0
outer loop
vertex 1.875000e-01 7.500000e-01 1.000000e+00
vertex 2.500000e-01 8.125000e-01 1.000000e+00
vertex 2.500000e-01 7.500000e-01 1.000000e+00
endloop
endfacet
facet normal 0 0 0
outer loop
vertex 3.125000e-01 5.000000e-01 1.000000e+00
vertex 3.125000e-01 5.625000e-01 1.000000e+00
vertex 3.750000e-01 5.625000e-01 1.000000e+00
endloop
endfacet
facet normal 0 0 0
outer loop
vertex 3.125000e-01 5.625000e-01 1.000000e+00
vertex 2.500000e-01 5.625000e-01 1.000000e+00
vertex 3.125000e-01 6.250000e-01 1.000000e+00
endloop
endfacet
facet normal 0 0 0
outer loop
vertex 1.250000e-01 6.250000e-01 1.000000e+00
vertex 1.250000e-01 6.875000e-01 1.000000e+00
vertex 1.875000e-01 6.875000e-01 1.000000e+00
endloop
endfacet
facet normal 0 0 0
outer loop
vertex 3.125000e-01 8.125000e-01 1.000000e+00
vertex 2.500000e-01 8.125000e-01 1.000000e+00
vertex 3.125000e-01 8.750000e-01 1.000000e+00
endloop
endfacet
facet normal 0 0 0
outer loop
vertex 2.500000e-01 8.125000e-01 1.000000e+00
vertex 3.125000e-01 8.125000e-01 1.000000e+00
vertex 2.500000e-01 7.500000e-01 1.000000e+00
endloop
endfacet
facet normal 0 0 0
outer loop
vertex 1.875000e-01 6.250000e-01 1.000000e+00
vertex 1.875000e-01 6.875000e-01 1.000000e+00
vertex 2.500000e-01 6.875000e-01 1.000000e+00
endloop
endfacet
facet normal 0 0 0
outer loop
vertex 2.500000e-01 6.875000e-01 1.000000e+00
vertex 1.875000e-01 6.875000e-01 1.000000e+00
vertex 2.500000e-01 7.500000e-01 1.000000e+00
endloop
endfacet
facet normal 0 0 0
outer loop
vertex 2.500000e-01 6.875000e-01 1.000000e+00
vertex 3.125000e-01 7.500000e-01 1.000000e+00
vertex 3.125000e-01 6.875000e-01 1.000000e+00
endloop
endfacet
facet normal 0 0 0
outer loop
vertex 4.375000e-01 8.750000e-01 1.000000e+00
vertex 3.750000e-01 8.125000e-01 1.000000e+00
vertex 3.750000e-01 8.750000e-01 1.000000e+00
endloop
endfacet
facet normal 0 0 0
outer loop
vertex 1.250000e-01 6.250000e-01 1.000000e+00
vertex 1.875000e-01 6.875000e-01 1.000000e+00
vertex 1.875000e-01 6.250000e-01 1.000000e+00
endloop
endfacet
facet normal 0 0 0
outer loop
vertex 1.875000e-01 6.875000e-01 1.000000e+00
vertex 1.875000e-01 7.500000e-01 1.000000e+00
vertex 2.500000e-01 7.500000e-01 1.000000e+00
endloop
endfacet
facet normal 0 0 0
outer loop
vertex 3.125000e-01 7.500000e-01 1.000000e+00
vertex 3.750000e-01 7.500000e-01 1.000000e+00
vertex 3.125000e-01 6.875000e-01 1.000000e+00
endloop
endfacet
facet normal 0 0 0
outer loop
vertex 1.875000e-01 5.625000e-01 1.000000e+00
vertex 1.250000e-01 5.625000e-01 1.000000e+00
vertex 1.875000e-01 6.250000e-01 1.000000e+00
endloop
endfacet
facet normal 0 0 0
outer loop
vertex 2.500000e-01 5.625000e-01 1.000000e+00
vertex 1.875000e-01 5.625000e-01 1.000000e+00
vertex 2.500000e-01 6.250000e-01 1.000000e+00
endloop
endfacet
facet normal 0 0 0
outer loop
vertex 1.250000e-01 1.000000e+00 8.750000e-01
vertex 6.250000e-02 1.000000e+00 8.750000e-01
vertex 6.250000e-02 1.000000e+00 8.125000e-01
endloop
endfacet
facet normal 0 0 0
outer loop
vertex 1.875000e-01 6.875000e-01 1.000000e+00
vertex 1.250000e-01 6.875000e-01 1.000000e+00
vertex 1.875000e-01 7.500000e-01 1.000000e+00
endloop
endfacet
facet normal 0 0 0
outer loop
vertex 1.250000e-01 5.625000e-01 1.000000e+00
vertex 6.250000e-02 5.625000e-01 1.000000e+00
vertex 1.250000e-01 6.250000e-01 1.000000e+00
endloop
endfacet
facet normal 0 0 0
outer loop
vertex 1.250000e-01 7.500000e-01 1.000000e+00
vertex 1.875000e-01 8.125000e-01 1.000000e+00
vertex 1.875000e-01 7.500000e-01 1.000000e+00
endloop
endfacet
facet normal 0 0 0
outer loop
vertex 1.875000e-01 8.125000e-01 1.000000e+00
vertex 1.250000e-01 7.500000e-01 1.000000e+00
vertex 1.250000e-01 8.125000e-01 1.000000e+00
endloop
endfacet
facet normal 0 0 0
outer loop
vertex 0.000000e+00 7.500000e-01 1.000000e+00
vertex 6.250000e-02 8.125000e-01 1.000000e+00
vertex 6.250000e-02 7.500000e-01 1.000000e+00
endloop
endfacet
facet normal 0 0 0
outer loop
vertex 0.000000e+00 9.375000e-01 9.375000e-01
vertex 0.000000e+00 8.750000e-01 9.375000e-01
vertex 0.000000e+00 8.750000e-01 8.750000e-01
endloop
endfacet
facet normal 0 0 0
outer loop
vertex 0.000000e+00 7.500000e-01 8.750000e-01
vertex 0.000000e+00 8.125000e-01 9.375000e-01
vertex 0.000000e+00 7.500000e-01 9.375000e-01
endloop
endfacet
facet normal 0 0 0
outer loop
vertex 6.250000e-02 1.000000e+00 9.375000e-01
vertex 0.000000e+00 1.000000e+00 9.375000e-01
vertex 0.000000e+00 1.000000e+00 8.750000e-01
endloop
endfacet
facet normal 0 0 0
outer loop
vertex 0.000000e+00 1.000000e+00 9.375000e-01
vertex 0.000000e+00 9.375000e-01 8.750000e-01
vertex 0.000000e+00 1.000000e+00 8.750000e-01
endloop
endfacet
facet normal 0 0 0
outer loop
vertex 1.250000e-01 6.875000e-01 1.000000e+00
vertex 1.250000e-01 6.250000e-01 1.000000e+00
vertex 6.250000e-02 6.250000e-01 1.000000e+00
endloop
endfacet
facet normal 0 0 0
outer loop
vertex 1.250000e-01 7.500000e-01 1.000000e+00
vertex 6.250000e-02 7.500000e-01 1.000000e+00
vertex 1.250000e-01 8.125000e-01 1.000000e+00
endloop
endfacet
facet normal 0 0 0
outer loop
vertex 2.500000e-01 6.250000e-01 1.000000e+00
vertex 1.875000e-01 5.625000e-01 1.000000e+00
vertex 1.875000e-01 6.250000e-01 1.000000e+00
endloop
endfacet
facet normal 0 0 0
outer loop
vertex 1.250000e-01 5.625000e-01 1.000000e+00
vertex 1.250000e-01 6.250000e-01 1.000000e+00
vertex 1.875000e-01 6.250000e-01 1.000000e+00
endloop
endfacet
facet normal 0 0 0
outer loop
vertex 0.000000e+00 5.625000e-01 8.750000e-01
vertex 0.000000e+00 6.250000e-01 9.375000e-01
vertex 0.000000e+00 5.625000e-01 9.375000e-01
endloop
endfacet
facet normal 0 0 0
outer loop
vertex 0.000000e+00 5.625000e-01 8.750000e-01
vertex 0.000000e+00 5.000000e-01 8.750000e-01
vertex 0.000000e+00 5.000000e-01 8.125000e-01
endloop
endfacet
facet normal 0 0 0
outer loop
vertex 0.000000e+00 5.625000e-01 8.125000e-01
vertex 0.000000e+00 5.625000e-01 8.750000e-01
vertex 0.000000e+00 5.000000e-01 8.125000e-01
endloop
endfacet
facet normal 0 0 0
outer loop
vertex 6.250000e-02 5.625000e-01 1.000000e+00
vertex 1.250000e-01 5.625000e-01 1.000000e+00
vertex 6.250000e-02 5.000000e-01 1.000000e+00
endloop
endfacet
facet normal 0 0 0
outer loop
vertex 0.000000e+00 5.625000e-01 9.375000e-01
vertex 0.000000e+00 6.250000e-01 1.000000e+00
vertex 0.000000e+00 5.625000e-01 1.000000e+00
endloop
endfacet
facet normal 0 0 0
outer loop
vertex 0.000000e+00 6.250000e-01 1.000000e+00
vertex 6.250000e-02 6.250000e-01 1.000000e+00
vertex 0.000000e+00 5.625000e-01 1.000000e+00
endloop
endfacet
facet normal 0 0 0
outer loop
vertex 0.000000e+00 8.750000e-01 8.750000e-01
vertex 0.000000e+00 8.750000e-01 9.375000e-01
vertex 0.000000e+00 8.125000e-01 8.750000e-01
endloop
endfacet
facet normal 0 0 0
outer loop
vertex 0.000000e+00 8.125000e-01 9.375000e-01
vertex 0.000000e+00 8.750000e-01 9.375000e-01
vertex 0.000000e+00 8.750000e-01 1.000000e+00
endloop
endfacet
facet normal 0 0 0
outer loop
vertex 0.000000e+00 6.250000e-01 8.750000e-01
vertex 0.000000e+00 6.250000e-01 9.375000e-01
vertex 0.000000e+00 5.625000e-01 8.750000e-01
endloop
endfacet
facet normal 0 0 0
outer loop
vertex 0.000000e+00 5.000000e-01 1.000000e+00
vertex 6.250000e-02 5.625000e-01 1.000000e+00
vertex 6.250000e-02 5.000000e-01 1.000000e+00
endloop
endfacet
facet normal 0 0 0
outer loop
vertex 0.000000e+00 7.500000e-01 9.375000e-01
vertex 0.000000e+00 7.500000e-01 1.000000e+00
vertex 0.000000e+00 6.875000e-01 9.375000e-01
endloop
endfacet
facet normal 0 0 0
outer loop
vertex 0.000000e+00 5.000000e-01 8.750000e-01
vertex 0.000000e+00 5.625000e-01 9.375000e-01
vertex 0.000000e+00 5.000000e-01 9.375000e-01
endloop
endfacet
facet normal 0 0 0
outer loop
vertex 0.000000e+00 6.250000e-01 8.750000e-01
vertex 0.000000e+00 5.625000e-01 8.750000e-01
vertex 0.000000e+00 5.625000e-01 8.125000e-01
endloop
endfacet
facet normal 0 0 0
outer loop
vertex 0.000000e+00 8.125000e-01 8.750000e-01
vertex 0.000000e+00 7.500000e-01 8.125000e-01
vertex 0.000000e+00 8.125000e-01 8.125000e-01
endloop
endfacet
facet normal 0 0 0
outer loop
vertex 0.000000e+00 6.250000e-01 8.750000e-01
vertex 0.000000e+00 6.875000e-01 8.750000e-01
vertex 0.000000e+00 6.875000e-01 9.375000e-01
endloop
endfacet
facet normal 0 0 0
outer loop
vertex 0.000000e+00 7.500000e-01 8.125000e-01
vertex 0.000000e+00 7.500000e-01 8.750000e-01
vertex 0.000000e+00 6.875000e-01 8.125000e-01
endloop
endfacet
facet normal 0 0 0
outer loop
vertex 0.000000e+00 6.875000e-01 8.125000e-01
vertex 0.000000e+00 7.500000e-01 8.750000e-01
vertex 0.000000e+00 6.875000e-01 8.750000e-01
endloop
endfacet
facet normal 0 0 0
outer loop
vertex 0.000000e+00 6.875000e-01 8.750000e-01
vertex 0.000000e+00 7.500000e-01 8.750000e-01
vertex 0.000000e+00 7.500000e-01 9.375000e-01
endloop
endfacet
facet normal 0 0 0
outer loop
vertex 0.000000e+00 9.375000e-01 8.750000e-01
vertex 0.000000e+00 1.000000e+00 9.375000e-01
vertex 0.000000e+00 9.375000e-01 9.375000e-01
endloop
endfacet
facet normal 0 0 0
outer loop
vertex 0.000000e+00 8.125000e-01 8.750000e-01
vertex 0.000000e+00 8.125000e-01 9.375000e-01
vertex 0.000000e+00 7.500000e-01 8.750000e-01
endloop
endfacet
facet normal 0 0 0
outer loop
vertex 6.250000e-02 1.000000e+00 8.750000e-01
vertex 6.250000e-02 1.000000e+00 9.375000e-01
vertex 0.000000e+00 1.000000e+00 8.750000e-01
endloop
endfacet
facet normal 0 0 0
outer loop
vertex 0.000000e+00 8.125000e-01 8.750000e-01
vertex 0.000000e+00 7.500000e-01 8.750000e-01
vertex 0.000000e+00 7.500000e-01 8.125000e-01
endloop
endfacet
facet normal 0 0 0
outer loop
vertex 6.250000e-02 1.000000e+00 1.000000e+00
vertex 0.000000e+00 1.000000e+00 1.000000e+00
vertex 0.000000e+00 1.000000e+00 9.375000e-01
endloop
endfacet
facet normal 0 0 0
outer loop
vertex 0.000000e+00 1.000000e+00 1.000000e+00
vertex 0.000000e+00 9.375000e-01 9.375000e-01
vertex 0.000000e+00 1.000000e+00 9.375000e-01
endloop
endfacet
facet normal 0 0 0
outer loop
vertex 0.000000e+00 6.250000e-01 9.375000e-01
vertex 0.000000e+00 6.250000e-01 1.000000e+00
vertex 0.000000e+00 5.625000e-01 9.375000e-01
endloop
endfacet
facet normal 0 0 0
outer loop
vertex 0.000000e+00 6.250000e-01 1.000000e+00
vertex 6.250000e-02 6.875000e-01 1.000000e+00
vertex 6.250000e-02 6.250000e-01 1.000000e+00
endloop
endfacet
facet normal 0 0 0
outer loop
vertex 6.250000e-02 6.875000e-01 1.000000e+00
vertex 0.000000e+00 6.875000e-01 1.000000e+00
vertex 6.250000e-02 7.500000e-01 1.000000e+00
endloop
endfacet
facet normal 0 0 0
outer loop
vertex 0.000000e+00 7.500000e-01 1.000000e+00
vertex 0.000000e+00 6.875000e-01 1.000000e+00
vertex 0.000000e+00 6.875000e-01 9.375000e-01
endloop
endfacet
facet normal 0 0 0
outer loop
vertex 0.000000e+00 6.875000e-01 1.000000e+00
vertex 0.000000e+00 7.500000e-01 1.000000e+00
vertex 6.250000e-02 7.500000e-01 1.000000e+00
endloop
endfacet
facet normal 0 0 0
outer loop
vertex 1.250000e-01 9.375000e-01 1.000000e+00
vertex 1.875000e-01 1.000000e+00 1.000000e+00
vertex 1.875000e-01 9.375000e-01 1.000000e+00
endloop
endfacet
facet normal 0 0 0
outer loop
vertex 6.250000e-02 1.000000e+00 8.750000e-01
vertex 1.250000e-01 1.000000e+00 9.375000e-01
vertex 6.250000e-02 1.000000e+00 9.375000e-01
endloop
endfacet
facet normal 0 0 0
outer loop
vertex 0.000000e+00 8.125000e-01 1.000000e+00
vertex 0.000000e+00 7.500000e-01 1.000000e+00
vertex 0.000000e+00 7.500000e-01 9.375000e-01
endloop
endfacet
facet normal 0 0 0
outer loop
vertex 6.250000e-02 8.125000e-01 1.000000e+00
vertex 0.000000e+00 7.500000e-01 1.000000e+00
vertex 0.000000e+00 8.125000e-01 1.000000e+00
endloop
endfacet
facet normal 0 0 0
outer loop
vertex 1.250000e-01 9.375000e-01 1.000000e+00
vertex 6.250000e-02 8.750000e-01 1.000000e+00
vertex 6.250000e-02 9.375000e-01 1.000000e+00
endloop
endfacet
facet normal 0 0 0
outer loop
vertex 1.250000e-01 9.375000e-01 1.000000e+00
vertex 1.250000e-01 8.750000e-01 1.000000e+00
vertex 6.250000e-02 8.750000e-01 1.000000e+00
endloop
endfacet
facet normal 0 0 0
outer loop
vertex 0.000000e+00 8.125000e-01 8.750000e-01
vertex 0.000000e+00 8.750000e-01 9.375000e-01
vertex 0.000000e+00 8.125000e-01 9.375000e-01
endloop
endfacet
facet normal 0 0 0
outer loop
vertex 0.000000e+00 8.125000e-01 9.375000e-01
vertex 0.000000e+00 8.750000e-01 1.000000e+00
vertex 0.000000e+00 8.125000e-01 1.000000e+00
endloop
endfacet
facet normal 0 0 0
outer loop
vertex 0.000000e+00 8.750000e-01 1.000000e+00
vertex 6.250000e-02 8.750000e-01 1.000000e+00
vertex 0.000000e+00 8.125000e-01 1.000000e+00
endloop
endfacet
facet normal 0 0 0
outer loop
vertex 0.000000e+00 9.375000e-01 8.750000e-01
vertex 0.000000e+00 9.375000e-01 8.125000e-01
vertex 0.000000e+00 1.000000e+00 8.750000e-01
endloop
endfacet
facet normal 0 0 0
outer loop
vertex 1.250000e-01 8.125000e-01 1.000000e+00
vertex 1.250000e-01 8.750000e-01 1.000000e+00
vertex 1.875000e-01 8.750000e-01 1.000000e+00
endloop
endfacet
facet normal 0 0 0
outer loop
vertex 1.250000e-01 8.750000e-01 1.000000e+00
vertex 1.250000e-01 9.375000e-01 1.000000e+00
vertex 1.875000e-01 9.375000e-01 1.000000e+00
endloop
endfacet
facet normal 0 0 0
outer loop
vertex 1.250000e-01 1.000000e+00 9.375000e-01
vertex 6.250000e-02 1.000000e+00 8.750000e-01
vertex 1.250000e-01 1.000000e+00 8.750000e-01
endloop
endfacet
facet normal 0 0 0
outer loop
vertex 1.875000e-01 1.000000e+00 9.375000e-01
vertex 1.250000e-01 1.000000e+00 8.750000e-01
vertex 1.875000e-01 1.000000e+00 8.750000e-01
endloop
endfacet
facet normal 0 0 0
outer loop
vertex 1.250000e-01 8.750000e-01 1.000000e+00
vertex 6.250000e-02 8.125000e-01 1.000000e+00
vertex 6.250000e-02 8.750000e-01 1.000000e+00
endloop
endfacet
facet normal 0 0 0
outer loop
vertex 6.250000e-02 8.125000e-01 1.000000e+00
vertex 1.250000e-01 8.750000e-01 1.000000e+00
vertex 1.250000e-01 8.125000e-01 1.000000e+00
endloop
endfacet
facet normal 0 0 0
outer loop
vertex 6.250000e-02 7.500000e-01 1.000000e+00
vertex 6.250000e-02 8.125000e-01 1.000000e+00
vertex 1.250000e-01 8.125000e-01 1.000000e+00
endloop
endfacet
facet normal 0 0 0
outer loop
vertex 6.250000e-02 8.750000e-01 1.000000e+00
vertex 6.250000e-02 8.125000e-01 1.000000e+00
vertex 0.000000e+00 8.125000e-01 1.000000e+00
endloop
endfacet
facet normal 0 0 0
outer loop
vertex 1.875000e-01 1.000000e+00 8.750000e-01
vertex 1.250000e-01 1.000000e+00 8.750000e-01
vertex 1.250000e-01 1.000000e+00 8.125000e-01
endloop
endfacet
facet normal 0 0 0
outer loop
vertex 6.250000e-02 9.375000e-01 1.000000e+00
vertex 6.250000e-02 8.750000e-01 1.000000e+00
vertex 0.000000e+00 8.750000e-01 1.000000e+00
endloop
endfacet
facet normal 0 0 0
outer loop
vertex 0.000000e+00 9.375000e-01 1.000000e+00
vertex 0.000000e+00 8.750000e-01 9.375000e-01
vertex 0.000000e+00 9.375000e-01 9.375000e-01
endloop
endfacet
facet normal 0 0 0
outer loop
vertex 0.000000e+00 8.750000e-01 1.000000e+00
vertex 0.000000e+00 9.375000e-01 1.000000e+00
vertex 6.250000e-02 9.375000e-01 1.000000e+00
endloop
endfacet
facet normal 0 0 0
outer loop
vertex 0.000000e+00 8.750000e-01 9.375000e-01
vertex 0.000000e+00 9.375000e-01 1.000000e+00
vertex 0.000000e+00 8.750000e-01 1.000000e+00
endloop
endfacet
facet normal 0 0 0
outer loop
vertex 0.000000e+00 8.750000e-01 8.125000e-01
vertex 0.000000e+00 9.375000e-01 8.750000e-01
vertex 0.000000e+00 8.750000e-01 8.750000e-01
endloop
endfacet
facet normal 0 0 0
outer loop
vertex 0.000000e+00 9.375000e-01 8.125000e-01
vertex 0.000000e+00 9.375000e-01 8.750000e-01
vertex 0.000000e+00 8.750000e-01 8.125000e-01
endloop
endfacet
facet normal 0 0 0
outer loop
vertex 6.250000e-02 1.000000e+00 8.125000e-01
vertex 6.250000e-02 1.000000e+00 8.750000e-01
vertex 0.000000e+00 1.000000e+00 8.125000e-01
endloop
endfacet
facet normal 0 0 0
outer loop
vertex 0.000000e+00 9.375000e-01 8.125000e-01
vertex 0.000000e+00 1.000000e+00 8.125000e-01
vertex 0.000000e+00 1.000000e+00 8.750000e-01
endloop
endfacet
facet normal 0 0 0
outer loop
vertex 0.000000e+00 1.000000e+00 8.125000e-01
vertex 6.250000e-02 1.000000e+00 8.750000e-01
vertex 0.000000e+00 1.000000e+00 8.750000e-01
endloop
endfacet
facet normal 0 0 0
outer loop
vertex 6.250000e-02 1.000000e+00 1.000000e+00
vertex 0.000000e+00 1.000000e+00 9.375000e-01
vertex 6.250000e-02 1.000000e+00 9.375000e-01
endloop
endfacet
endsolid __cutting.stl
